puuid,platform,match_routing
STaIv4vVi5Tq_CdoZYyIzYPrDRFc9SHDQI1nCiVfE6rKMCokv9hs8DAECjVLrAFdNp0-vUZa_KbFzQ,kr,asia
mhrDxE4BVVM9z0RKxmHfFx54DafeYKz-pfWrlWAzOd50qp09RjMyJHvibZg5zBReNksTQHXK6QRjaA,vn2,sea
kWIrjWIkvQhqOUNtFpx3iomUM8Ii45TnQA-WNSl_YzS_sktMnFMbHF9xG3KL_HBaAfwg4Ev9HwCefw,na1,americas
lRcuPAh4eydjh7KVOuAll9jpeQjaMSdT4dTiXvZLmehDntniHDFO2tux3MC7mQE3cKdPoGEf-BLlvQ,na1,americas
0EmNvMDcPROm1tz503SUKJLmohyEPltZ3ku_vbp81mCeGktnt083S-D4g47LKxnsi37nGuV-A8CctQ,vn2,sea
tgTN0Z3wxA2LkQQ9IQEmHXbuXi6-4mmDm5NSiVwRdSxzsrwJpzN629hybf-tbzNpvuMsVzYXkJAfdg,euw1,europe
OcYTRKjyBffPkEDJMXMsxCLAVJxZaGx8I1UcEBfjzH1pmEwfnVWHRkyYZVlImdPhhrC7aB4cF0F38g,na1,americas
8xYcW9riViZBG-RovxedUW6Bhikok28tbUvFfL0Xc3iHt8GZnz3YTbK36yUCdjCyeDl9muGfuGPeCA,na1,americas
BqBdJCol4gGBA-3EwuaVvVMCU5H1YUW3dGeQIwYJrK4pGQv5VxMHRLTWQE3aqhoXKk1RLd7J430Bbg,na1,americas
1dTt-6MFZ2XU9ICqL5pfrCvVpmQez8jAljq4sLqDnkQqxPm2VCw6-5A9AExofBZjzyY-6PfT4x-RRQ,vn2,sea
dGav1qes82y_8yU0oJEMBM7Wkf4ZjHAdAKv0KDHrX56G8Ef205l96YQP1m_OupnKsZ-4UDSBO4-IGQ,na1,americas
Xfsvn7cdAdmASKIXPkSVmgVM9SnyOm0gDPp0jTqRH60ITgqUrXzMMXP3IfyznVimvBVESvDq0VdVng,euw1,europe
qndO1aX_jmlb8iPQwhc80TK_NtJan09u6820DigMidfoADUZHR8Yzk2BdrI3fRNO0qdZQTYbj-GSHg,na1,americas
zDfcK-7IAMGFB5de6iHFbmGchxUNfxvedJfIwNlQX99YyTF2Oxb_i1rlw_VFJfXI7gsO9DopPyrxIQ,na1,americas
Z3cYHo4W73OgOcVRJcz1RheFgwhKwTGWnSWb0Z4-WTtKZARHP16nxBI_Qc0YyM954X2ehN8v1tclIA,kr,asia
mkTiOtSXNNVxMyTBpl7Zrl7NnEPv4vuDt_CRSJPVRsDSriUHtwwaFm5b2EufGnmGXix0jSG2DDnk0g,na1,americas
36fSr0VCsa-OgiqTNtNphKl_Ac9q9HH83MuRuh_ugZAG15yOhsRqMnpLfvDTi4mMHo14BW2Rb-wCzw,kr,asia
CXAJNpQ-rjI_UCa7bFg9P5szLAwivbJdvV4kVlINlLKp61S_1176G54-2-OTpCBNixBSS5k5jn4Iow,vn2,sea
ddn0GdmLYq-ht7lwUHh2-hpSnEMzN3kDovob3OWn293wHBhu5mbdbHRTUfkEdLndFJdYVt1nu_mytg,na1,americas
DrUqfprAoSJriDfj53GyDvQXrU7OnuZem9nfEmFHfkGQAHwRC6vRbJw9_pQ4KixPxCTUcAUnnYDGww,kr,asia
bYxUmS3bpyQGAoNxpHd6NFf4RSAjOAoqU15R9wQD8Lc3KrjnlO_BektlXd32WMehFjVSKQBOP5LBAw,vn2,sea
VNhrjxYuiUS2kptj4IhHcMlwVUpEASBNbMlSAhzWw0sl-lnyvK6Y_Q8kvJly_GOTT76nRiDFpYlvPQ,kr,asia
6wcoUfBPimoTIHcBUW4PESB3Nbn-VL6HoA-OpkGoOURs7Y05SNs0drOepuPCUSS66QTYvH7eSP3mKA,euw1,europe
WyDFQGFj-AN_efEBGxD1hlxsdU0_U2trFPphg_QTxHfb5uWBb2yAY6S5ZjjGFZ6XbMd0gkxH88fJjw,vn2,sea
7XbfhsaWZyLERXLpcjMDSKCLaN1SOfBQXa9rmVSgqUThbw2YmC1De_vxD_-6hWlL7GoV_lmu3XLvJA,vn2,sea
I4znMeZlvDwPUECWAru0vmMgsz1GJCxjNbBa47JIAcTtPoTuyiFo8-VWpCiAvhr46vs-UlNkXkpnGQ,vn2,sea
q1trEGrm8crzrr04_CDs1AlukoVcbdLDzsCgbAPWWJN_rZTYGbj2a7bpV0jwH2uLJvF_N0aT4bP9xw,vn2,sea
T9V79G9fhNtuWnpsYriwTv27jXGREdj7AnkyquS61J271mxJzsDu6O6fcpF1q5U8yoFza3PYkeAbVA,vn2,sea
XOFBB_Wzzmn8EGWvHtAcKYh15nsmTs1SqaNmGrfIIci6fOjTjYCOVHvP9K7xdDtJWnAY98QIq-GFQg,na1,americas
SuxroC-iBlmGSJpKJT5NLoYmy6dI3hTXkfqAvKvmzLSPwNW9N8GruX2of4qJUdu9hyN_jQNO7m98fQ,euw1,europe
WyC8yZ0-3tjIikd6UgqVjxE0Y5Sd7XPs3sh7AKf1fyXZYE6N7ZsEkSO_rJyMt_35YcHcO87cwFHBxg,na1,americas
agftY4yJMYwGxLNcPXDAagxuJ3iVaETp6y_UeBXm7t9-WG9bDARbh8yjggY8AmmdV80_s9HjV9B6EA,kr,asia
UI1Kczp_TB2TQ4VBCCrKxXHv5O4qOvc8qj0tpM2MRVF5g4pXUsW1LoqFpOrDGxCh3rJ-Ca_kkeVKtw,kr,asia
DwHDtsc-xHdan0XkIZttKm8YkuAWbC31JaHYo1oTv0fAcDOKTcd70-N8vxp6osiXXkJjswf1G6akjw,euw1,europe
Gav_D-MF6Zwy3PIUucUz6acMeTO39zlfUH-QNDbX7Jr_wWq2FH4e7MZdM5PsSKEAj2LMjCgXBMlgsQ,vn2,sea
KoulIeTZFo73G3tu9-xz1ZjYcBbCCdeze_EOm1tPyA9L6utt2UJmb8-QPvNGJNSF8e5QvJA5moHXYw,kr,asia
XvXGx-7_sAaraPYZ0Rjp7S2JgAtM-cQT7Zi5abjcxNNHbTYX5CKbYdoqrdOK6-NwgLmb7T6K3IR_sg,kr,asia
npPxMcT_g4agbEk_p5RDL9WRFLjuGg3D_UKgUQSl1tSflv3INey8I_MXVc9v9ASkcvt87U-j9typgw,na1,americas
kCcmPnz0zNLAcC1zye--15c8hHqTpVwKXtOBQw8NoXHRnODfibedJwz6swaiWtL_EK5ACS8j6D7pIQ,euw1,europe
xj7nrKnt4kQf9NMjaQdSW9Jyu_li7tJA0gauBflna4bXn76TWcmP3PRljqy1A7Pv-J1FvmaHcSC0ig,kr,asia
K2ETKRzx3aiRqBlEUNqyfYj2i-i9gBBmkcL1PHmTovlAoJkcof9QJTgxFELG1jcAQkSxja0zwEHpbg,euw1,europe
IcMr1wppalpa3dRLbxcCzOi_YELT-ft8gp2CqpBqxE2aZo3J7mHeYgTRKBFVs9a_dHDmIMPrGq-96A,kr,asia
BbzA_TD-j9ipKllpMSxVF-WyYq4MYHRFMs-ziHTeopfXGvs8zV_CQ_MXlJO76eO9lBVgYSu2joNPDQ,kr,asia
V8uLs1hIzsyty_sOFL1_rM9jHO2E8jG4RTqVzCzq_OdiKrYneplAVYJ9SARnMUxVX37XnJIF4jsNNw,vn2,sea
cbg1qhG-oLfxlH5670m9wmOcjcz9lJ3UDMkoDviOPn_-fQjzJtb0PXZ5o7XqHRNLAinv0ECLjjANeg,euw1,europe
gMmdLilyI20IaMWLwQK8sgpWhe39R28PL2vlu_iBVYn9ySwtdOM1D0L83AmM9fq65V95ANl9LCSA2g,na1,americas
3DrhHWzIunXxS4fiTz634_r6zrfSWohXmyB5fJuxggzTXQTXpxSV278DwAL5XoGWXklKaSPJEW2-HQ,vn2,sea
le4Os9nvojdS9zetFUUHLHZlx9qLNzXaEnR5L_FYxnYFGIQMrayNNmDgUaCuFTLUHVXvMulHN2Gu5g,kr,asia
QtrIFm2shWhEXmfqA8qk4YWHCHDpgYghNDNBRK-BkOoioA1exfSwAsP8JFzzuEG9daCkmtDxbkhmQA,vn2,sea
bJigcJGqqTTjWknKSUcV1y2vW5Dr2k28mJAiFoDJvlB0Uelo2i2VUXKD0R7ma-QFKt8VLPJZ2u_a9g,na1,americas
X4Pa3_OP5T6HUcQtVTwrNvmRgbQ_D4MGsZho6gbaPoMMNdFS-Mo7z9falm6PvC70e29JUajNOCLQWw,vn2,sea
AnNvNKsdg8-3a6F3cky7BPFSVRaK9mpXwWVaHdrNGrcZ6m6dGLB7HT7cf5vGwrcQh3nfG7t_J5pSbQ,na1,americas
arGwd6bmUcK2DvbtmQfdE8RqhtGOHqpQ-G4k3I5wLGdfbB0Y0YonEDqOck-GXymJM-ifeGx7Efog5w,kr,asia
jbGhx2FPyeas0Xxmi2WXnkO_dvAqScbfNz2btx3LxDfZ5_x3m63VMZjEiafLKwhpW_xMUXCER4SYcQ,euw1,europe
fDfPlVg2RsiAoC5PqNHThbnQdu3SBmod_jLVWZ67KN4vPFmfaNjBSf5v2vRy6M5yuyDeKrM1jDbnyw,kr,asia
4yNERlk1Kf4bJxVu5GFbk3At7J84wEvfwffj-4qdhqKOPuAZvtlgE6JTv57BJtAgntdPrrbTsGJ8Aw,euw1,europe
punBKX8bAO7bRfoBUL5WMgcpxaxyDIy28MEh13KWoVc6zVPwvR-mv-Bsks2-EqObXURB-SQb8KhW8Q,euw1,europe
fmoCkSe6qanP--YJuW3iJ-Ec3uWPvPlPXzquUoSSEAppWwIHljU-ybWkPCe2u72Ifcm8DvCXQQ7cfA,euw1,europe
bFn6AM6iBO7xQXCUC-37WNIZsoXORgTzyAX84SOelElIuDf8u_j3U_24zQgwpDg1NEXi_U5KVRKT6Q,na1,americas
iBBQCNRvwde4AIB1OVxz8-A-OPmK47a9f-pPYyK9Sdtn_5VrB0w4uSlJ7Fxk9ZqhmPD81ihE_Ie1LQ,euw1,europe
_yLTSIM023_uVS2Zt2pt7u48SdUCsIX0wb9TwdrSD0JTeztux96msHEJ7BKip_OSRki-1rUFrZHAsQ,kr,asia
4C8rqPZvAd8mfIrpVO2VHNR_CQPkgCO3I-WxpLdIWgdtnNAhQx8gRS3pV7YrIvBy7dn-EEJfSEpDOw,na1,americas
b68j6RD0-nLqWvJZslC9gENvfnIsn1s4g74V8wdqZmhdxAQebnDqmfgZm82yN3I7wocN_lBji4yKQQ,kr,asia
S18Q_pMXQDb5n2LpohwAuNQHd88yU6NubC5sRKGQ_ClAhS_0vtDMp5Zw90B1wPzhCKC8776Tz0dASA,vn2,sea
HgpinTy6GM-L5bx2qBmOoPILLw8meesIa3hEwY3j5_QQltrC8-Bby68vGXPzljG1N-8eSl--E4UnzA,vn2,sea
1suG_vRhSEtzU3UPMsN8qBAwK71N3anVAI0WJ81Kq77dhZHHHD05ocJnm0G8nf5yavASE6yH6RAbIQ,na1,americas
azaa3TeB0sKYsU9cE_2rfjNtGp28im0YHmYaeq3hMuGMme3HE2jlvttraIIBCkYQsDIKLWcYrD47iw,euw1,europe
dwgANgE3UkoH9FgZoDx-6hNf9SqtGdoUNI3rPrfovi6dTZOmvVU25G1TaD0hAUg3J7nzCRxxKF-gBA,euw1,europe
y9qPi-vWVQ6vsUEHubjhgq505qKLuzsRwdX0NYxmExKoubVoDWgrr6CT-FxPCBp0JKNk048ONyACYQ,euw1,europe
03s5aK0kjGdLXjrAgiABoUDxt9pbiwmmYrWbtOFP0dcBB8zwe292WjfSNCBJY3EyDz4X9ECK4D83KQ,kr,asia
B74SMJFnr5YBw7I01Kwt0MEJHRfRZ83cpfidp2PF1ihTcQSCurKQh7l-_uZXzVF-1NosqanjWRKnLQ,vn2,sea
USn6fPDGOIkHD2eOGol3mHml5U4kV2g8GIkBBhtcP3ADUdAei-EMecrkPZoA6CVhBrHDz-l9ydANeA,na1,americas
wfjfWy6xqVC56RYUpqPKMdyVlfi1LTPTAulTrggA6Ms0yc8776oFf9_V3_njBw6zJRNezXIz1YrRAg,euw1,europe
i_SzNdxoY7L0EnOfNBNXbQfysU86JNrmwqDUaloey75P0HwJAGXdFrM5ZV5AK8GCZPQUhKaYefumZg,euw1,europe
e0HEbXMQASvFgQA6-sty10NlD9ZPX4JuKWiEtG0MuHv18Ln0qAzwkvukIVz6gF8v8vNHYYJsBvztmw,vn2,sea
dphORQytT-HWkMOMn_jZ8Iu1pKvwAxa_1LYIHWPuu1cROTG6QSuA8l4HpdNylrejZdLziDPYIRsdzQ,vn2,sea
_6lYlEauGHB50BanC0HjrZDH-G_-GQtp9Whzb7_FSs1BPqjReXqOs3gHFjGxdH2KhInsOUO2-QdfRw,vn2,sea
bAl14AqajCMkf6DaL9RKCDuR-28Ksnpxz6fRpZY5kQ-xH7KgyXP45PGG03P5kAHH5QioxCpadefI0Q,na1,americas
Zk9jDQb4fM_A2qaeWfR3yCgrtHqu2NI60Cqcl1BE7dyhGjA6V7C8v4Ldr1TjNgB1MfB7j3JFQrMyiA,vn2,sea
2FDN-CXnuhgqrfF7tKmxH-dmZajudm0AmJN6SDBSvj4E5xgR-XSEpVV7PQyg0St1_-X4GvQoh8dk_Q,euw1,europe
Z331dHmtp6n4A3tQkBL2WjwTLcveofph5BuCpGw1DBWFXZTclEkfefilTD_KHGu1kGhE3-jR9awEnQ,kr,asia
sTr_M1511PmLsGR8Px36aBQq1UenC5X5SRNKEUHfqvPEXyx7OdO949NcsSX8cr3pHo2ffG5MlEK4mw,na1,americas
i1Vscx6WZVWe4TPvXQu1OuZ4_EyCG3jy5cYDj9MzrfyQQkNaD-QHOqeujBRO3BQaNc15fojhjlsivA,na1,americas
ny1toMhCuUgrIe7BBN87_vw8_huFAKK8H3q1sLQFBl8dNE2iE1UTS879qztG-0mW2-NpCFMJsuMnzw,kr,asia
rZeccuNZyVXmGGvF2LJxRNxk1VLsnTZBcOQyHXerxQjnhwu3zEqW1H9FvspKKwIWeLyM6H1NzRNdmA,na1,americas
EMXkLojm-4NjlAg1sgU6BRilHjyRCIQX2oEEIiHlqCZe7PSxcGJ-nv_GPyywoV8g8kunKqvZJ9REDg,euw1,europe
3xOVC444MgSi9JSiETdVKX3KkpBRDb3aaow0XeiBK5lf73_aEc20lZHDOa0rVuOoHyrECTZQQPWY1w,na1,americas
DipJjUtS0er_5j_78uqtyxZCIzbvaXT24Z6VvkYwUqDZEgO054YsmQRmNKpWT-BlbpPmfJ6Cjs_NoQ,euw1,europe
69fvD7IitLMBmb64hV9B8i7hqnpq6STfWqAaQGjw2nuN9VNCaBEUPfiTx3AieYpN5N_Du7ajq8zwDQ,kr,asia
xAO2gJXkCOqMmSY6U0_N6Wz7QQZSbOhX_dunhbKfD_QOlr2LJww_yEJ4w69OoqVuemQ28YryswnQ8Q,na1,americas
J8kppvg9LE3ss4YdyLUL-XzAIzu3g83e2p_klyczZF28rF_9KEBL14_4jtq_f0CIndHs-LtKCEJgsA,vn2,sea
_SjSy-_2TGdCBaqu7fK-sMoUSPN-Hy0akxKVDl2_ReK36LNGV_nJVr4kuoZYpmkBb7Sr8RwalQT-Bg,na1,americas
1HiBiLnaT69PeGvSRunKdVEe68Oa0snh31GiV3QSDKIVq-fngKw83__qzv873ABKqpeG_nipYDsspQ,na1,americas
TrlFTBGoueFcGReY_TMgUgGHCnHkma80Z7rc-QVGDrPk-0g-Qri8xBoXkYLGgBH7cDagqlYyEmKHPg,kr,asia
3FM2mz5M38wPz1o3KguTTyZ_Wyz_QvpBAk3CYTh79x2ju3A30ys0Dit4-uwa_HUcoSbFWqKG8qDxKg,vn2,sea
ajQ8uO2M16cjBvthSQxjsxsYgURlzMLWLahJeuxfsvYYmZQBTWaE3cSr8yNK0cgtmMGTgpuTSz_pWw,vn2,sea
aQVBmkeFP7xyFoQguQHcXNBc7BZeoC9uUzW1KLJgpr_ZtpMHMdrfFv64hXft_o8Jpg0KuTNqVsfwUA,kr,asia
gjofBCiTIRkOWxBbG-CP5donbQRgn3vyZFfli9UmwfZCMUB8MkNi3UrJIMeDwSAkOA9fSDBzi4Cr2w,euw1,europe
qGYnv2Eiy_PNHDXIJk_Ep_ideIgsupYT5hEjB6fMd5J1za0mS8-hmDNUeRF_nBYxdfVe92ZRI_nfCw,kr,asia
LAffxPxWKNYNnf_gJW0D1dWeOlsk-YJoCX9D1ZBr1oNfK1C4dl1sD-fJbVT44542wdnRKnZsWJkWTQ,kr,asia
E9TKwTtbgAM_t9iXqzoyZJ4PYSioGSlWKQEJy9q784y_xykmMxOBqsiJaBHmt5b9grR4D653Dn_f2g,euw1,europe
nmPNiBuhD52mEt-lsW9AIJrfDo8Tl3AzfnaJshlgPp6cFaYOsvI_lC43bkb-xqmxMm5RqG8mlveEAw,kr,asia
HNtZMD4s8imLDfTjkTW1uZTu3blLduJoi-0BbhCj3pdviSZ06LlksqFtXaRvH0BrMhFzn6Qwn5sTbg,kr,asia
HKCaXNFHQLTo0-pY92oAUkk-3HxKiIH3DCLXqH_rQ9ldujLFiQ9BSAJngldMsUKT1Ex5kJTPdXjU3Q,euw1,europe
yA17owFXWRBF5nSRo14FXGr5k1LBo-IxbVQucPx8_55KQUKAcacpMnLQylFbn54nUYSt51_DQxFx6Q,vn2,sea
w4nhtlwNAuwxhx87XEx1bp3MMyskZJejUR_oAos0SqWnPSxQ90KbHKLsyz5Krm7-XTztUJnKQQ5FNA,kr,asia
ut3d0JFEuEbI9-85u8_iUpjODGEFgc_YTcVCa0AFZFzQdAhzY-vvgy6dbsn_Vbpjsi96CiVmn8HUiw,na1,americas
D4vKFZNAOF9hzlQzljenxt7vWli_iShiGy72ZpNVZ4GesSZ78TDyeVj0g5-aW1mHrG1n7NJCpaR8OA,na1,americas
Sf5c2i3lrXwJTtguhQJpxPURrRemOvpQyNrdje1D_SNSQ7PI-GumcEw82xrgbge5a4Fz5sD4sHRZjQ,na1,americas
lFSqmOLnJyl6SAOSppE6DcLc1OxLbWQqzIQnF-DNToVGh5L3QRZ_LKLY68oF-R_xa94uISr31Ey4cA,na1,americas
Qk-rDg_5MYcKPkwpiNTzj7VKfs1ktwrMH-PrwuWfy-MnXRMQsy6XlVFb04gG6f1XFnEg8GDm0l8WuQ,vn2,sea
sN4n1oU2kztcIn56_lBG6HF4EwMSYpKyPjeg-6P339x8cx7XoeQj2_napnouPLJ3sIpIZ47OB7cRcQ,kr,asia
tNcgv2AQnKYNaq3jAPOcnimzOsD-e3tNWbIJmAWMbO8ebp4iCnY-78qAtRBOc2dS8dSQhNmXLjhIEQ,na1,americas
WrcdAM59_WtvAPADYRZAJirMyjJKNETwVX98gfH93gVzQtdf1yAyMqY6uHDfEsEzbrVASxW59viITA,euw1,europe
8ThqYeSOR7JPx9F8ERYNy4LZNpE_2MmLGcldjG1H1qk45tnDQ92mv68s7GNW_6uebOgKjiv0aKIBUg,na1,americas
4bNuRZx1hAnbacwwsItNi1usMym52qdGvVKNakA70rEyRPitGvGcLyyjMrvkENuRPHLICCG_wOZA7Q,kr,asia
UeDm7pp8-eJR1Dbsmj7nm5IVviNnz1UkL1UwBDIX3tCwlsa7pe_tVdqQydoIcGFyTG_zThI7yc3TlQ,vn2,sea
7sSJ2mALQGldrPXFna6WzOIaMcBEn9Bx8vzfcHuOXeFglQYA8tIxZuTOOdbZGLhxSDr3OC5IrlthVA,kr,asia
M6t7aa3xbnmJO1CW3Zqow3A720LAzH5hR25_Rf5qCrW2EQNffuZ1ejIo70dDxgHlDubO_I3elDEeyQ,vn2,sea
2SzBjv8lNOi_2z3YRpdV4LMGyWnFW-58Snasyjg-QOeBCau5QmMYc_dIu1etCLKhxc8lqFOqN_zACg,kr,asia
byst4l5eDYyg43sKD0sR6ZzCuxbliIwpfErcovGZDbUXYZBhxdmKgobe7hJqiFWUQh3LurGEfgZ53Q,na1,americas
p6XvRVTOOWlgF_h0HhyWyKvvxcb8XJZO0jH1q5f8FgmCJxNIkrNSxhr_FSUwAktWDwmaoqYB-4LLWw,vn2,sea
HSfJVEKz3KVUH4ui6qy22zrSnsuftpHCpWPySbaQsn02Cj3zI6rLq6RIHl96Jo9obOOyTjpyzeTt6g,na1,americas
Skb34LxO9IO_n-T2cU6YCgwiru_YpggVSzVJgEHACVng2MkVHM5fXcHPZ0OMZe0w8uDchh8s6BdohQ,na1,americas
TVT2MJAw-HZCouTFPP9veyoy5-JDvCpk8MczGyIrUrxD9_vlP8lDd865sFszN_wY9keIQpaEtMNklA,na1,americas
WFrVg5JMYLTvoZvExgXL0KpAoCymOYOXL4NfZv-KRSk7jkT5lOnHz_BFEprjmIjGG4gsTKscKYqTWQ,vn2,sea
Glgw5AHu2JjKElguTwqTe0EZdk2lxe1qL9OcFYQjafD_F6byTU3hk5blbzgLJmt5IabpgPP1ypQsRw,na1,americas
zrFngAt2e4NyHwjvrQOK380G_wYAP3ey-3wyA9WD7cpHZ2jj2dZcI9SbHDbsh5iAfFglIstgr9lYMQ,kr,asia
T4mU4CH2nr-hRUB-KL838lhHMfkp77e8FLRmMi-xvkC4utr5QalwhQcWhnxAzvA5UzOjUjkICj7xdQ,kr,asia
QSia4y_XcadvxCui4TQ7v0w1FdyG2XK1qTIXk8OL9xKdVTmJtr7uz7G2te8oTpnpytEbxmkIceBcRQ,kr,asia
LrAR_SwOO6JfliOe3OdS5DGpBqHcz37o33I_X165K_jMkS1dsI-OA9xOzUvFBYCBCeCsM6JPykK5aA,euw1,europe
6YsdoLWdehuB9bk65EVhWPtu7GGSOgL36q24J2P8oVaWdDhuwjO-u65xzZzRatJckPHXaYSw8BfWNw,kr,asia
W_5nIZYDyn9C-4RDCJCYeTK8QOq2mm4alDkyexbWf2rY4sZZVaM44-9fcgzcH-R07-0C0eKeLWefVA,vn2,sea
OrZsGDf8Hy2hNgLgW5-HpCgzHIasx6D4XjDd9idS8TR0KZ7SifDMZocX1znPTrPgJhEsTXFpud3DwQ,vn2,sea
N8EB_irlIQLAZYJGuXK_138-wJu5QSQsOOPS3sbpWeWIp6MufQDfSR1vWbx5FVi9HQ28VeLEmDrCIA,kr,asia
0IBwPsUh_9z8wLqxNVJ0tSkGX6TjQELv7UVonBTrRbPUXsqaH-8rLJ61aGINnqQjQRETAIwFohct2A,na1,americas
_rOx08emTASfWrO_1i1V8FBcv4YIv9q1X5M81KAH4hpiFzCoRtOr4ogfbCgVlooz4yB9RKzuDBIC0g,kr,asia
A-gBmZ9YeHZ2wJot64UNHwzQV1_Rif99uZLbpRx-0HjL7JG8egske-CTMUzRsf3WCL2ioP3yzFqYzQ,euw1,europe
0hqGlNj4mS2cZnnm0qfpPH1Sn-1O-1mKFrQ_PGesmAK8U1kwJHlr6034tZDRt9xSMFPL-KsiB1v4eQ,vn2,sea
7ltQLkbRVSkusLjPx_lYCboTU-iWlmFVYYCBBFv1FaW2bgWKbYzwo4pE1O_VrqADHDsOzlSgROOr_g,euw1,europe
mBDCHJRqYCbv8FTas1dG6MYif5ACvmLV4Tgj3STPocjeL4WJ_GAUi7Ys-6AM0HHccXr8BZfHZPL8bg,kr,asia
_y6wKQO8r2lVM-uTUnx6k3Kf0TWKhNa8EpPP1egR1qmwIIoeF-jxiivYmvsaFQT1RC4_uXK7UaxGCA,vn2,sea
8ge_qohYd_Y-vJFoKYdudb8iXpxD6A2dRMjztZdzdfb6CiiovzzoukuFAGkCWbtIl_8ypg9uZXf3cw,na1,americas
XO5oENEBnOIM7_u0o37yBlwHqu1_JitOT31n3OdoMw2LbyA7384JVlTt1jQVvqo5XN7vo5aZVCPhmA,vn2,sea
w1WlDrtoPfDuIHiINpK258RHGWI3BuTEZuHc_ol6i5ovt9H_eJ7NM8IhUhwqXr176MIFVtlqQFinLQ,euw1,europe
k4muK2y-phICev27NW_losXkK1O9Dfgbe8wrcg5pAok-3N-MTZrFKUM_LRe8QmSwFFrQNPT2Eh9N1g,na1,americas
8RsD7lg6ARywkDUOIP9FgU423hglSkyPheKhh1yyGrtVLQBE5s4jUdko9XPtYjHFNWAL_xBdEACzoA,kr,asia
EJRJifT9hHbhPmGa7kUtRZhoGcqAvCJGabYgOh1U58UbES_CLO9WgnCihxUdLYVVtkM5g39ksymXwg,vn2,sea
3qdvDlwVY6nHw3-Vb-SlfCldpKD1pXNjtLrQLON3FjNE9sLQbqg53jRymFdVH4zDRKDoxuEBf7KdTQ,vn2,sea
gEO0QMEzl4DPAMJ5I5S373D2nU0zAjjkmfZCLvF1P_58CmOBfvNffVbs2HZtl29uQUruURVPfNnLNQ,na1,americas
Y4y3whe5_dCwAd6plOYLApHxGRMRlhox0vQ9r7FZesQ7dIiz1IqbY9TP0Z0GVq3qckf3KP7Ub_LAxA,euw1,europe
Jyl0wm7YHBSx_PcbngXoM_31XvrCwWkZe76xpxXzcrqbBAmvP-eDmXEvAYGA8weXyTv-VcaQb1Ozzg,vn2,sea
x0dvJSsriig-xjBgAmsIJEVOgFtvblihHJe4sa1i6XuRbY9-_GfoSqQJ3UgonLC9_43YPUuHdCAUWg,kr,asia
yWKQLwIRuLXOea6gWpRH_y4xfJjMnjLJN9JBHnNvX3LKSX07cF0s6QGtp126islS4Lg5LMpvZKbs3Q,kr,asia
UixIqZpSUHPmUYqkc2oS3E2Oi6Nu4_GVyr0XHfq91cUCWOZOje6Ez9K3TQ-OUtDOQ7ErR7KpMTL4kg,euw1,europe
tAvFL_1c9pq4xkzgM2yinIzCaCUvyrbANi1CBpltrZxXkbPawe8PEQupjNLl1EVi0JvjQ8oz75n0Lw,vn2,sea
Wa_kYaqQZBzLTIdN5x9lUO9fAPPXmqmlKBiEMsMlxM052ZhFiNfARrDiSjgWnEto9-v2lG459ZTjOw,vn2,sea
ClhUFrv1o0qROC9j_xzrkXy1dlf8tBbbH6qwGHhilq3y9p6EP_G4Hg99iLcMPhCTjkRduON9p8pqAQ,na1,americas
ZCvs0V_6U9YgeOxRr1Nicl0u8xK9aGWfInpygHy00tsqUk0LGoZW6nYgQlSWq63yl7U44velNiA5SQ,vn2,sea
UG6GDTKJ1WU8qaVBxw5yf6-93WflYW6yMoox9aDYgFpbZJOTBaIIQN1PGXRD4OtMwPUU8NpvzcMwJw,na1,americas
aRJisZd9_JS02n4vHIJMJCS9mZdxTKn-RkQDCmzysC8-1Sd4dfFtcPIHMIc_aJFDPe84982NAFKS-A,kr,asia
YkOlgezxw49XyYwdUitOvlWPIl0yOu_4cMEqrvl1YOw_hNPKMcq1ERYMvvf1paB4pU7de_H02r-AWQ,euw1,europe
KhhgZoqd1P9jTmXm0EXg7y9SDP4z-s7EjDhpT7cRSokiyemOSCPcIkkB_vYi91ck9SHoAe_0tiCC3A,vn2,sea
GKAFnmygHmBLWEotUNjsNf9zuTtjmggMIQUSTe3HPDr24lALsuqL5tQ9EQucu3iNIB6emOhsawqrrA,kr,asia
BMHvZVeEQBoJpbDTLpjN_YqF3SdDjFMW_Naf6TjCvMuwHRiaHM0iJPlDiXsAwh5w_ZuUTxM8X_fBrw,euw1,europe
7BDDT78SuT-q2aYhD_RDpmwICsPsg8diqUWM35lwL7J-otZf9AxDf-k1qg31CQTHO0rLmu3-vNBxrg,euw1,europe
OL7ooByfJ3EDLklTHJMt9eRbJyDWlEHiu_6UnF5lULll1wYFo9it24ijOVqkN-uRd2vTMOB29b9Hbw,vn2,sea
XZhM8_x7plALPongxtsDnfuB3yAaklg2GS3kq2L6tQuHNmoLOprlvTMMC-XkDx-wvmrmvIhN4FXxAQ,na1,americas
YtU4WAnL5poLrzS8-whn5gfuMWWLPgeTPEpsr45wh41WFbP7dDrF_Ll2EVkvgRr6DtK-XNvTJdUWBQ,euw1,europe
URkkkWCXUX8oxl93Cr-WnQS3vPHE-kXFGkNr4xs11Ck2oGNk_NnwJzYR1jYWKdtHr01BBgrPhxqVcg,euw1,europe
jSacgCtDjxVYmItotNHJZotIbaG7XLj0LGCPbdJAY2bDKGjc99Lbh7sSN53Co4i212VdscK7IqL1Eg,vn2,sea
UVIl59qAGSgVcW_1ZuMkaVl0Um71Sh-rGX_0-FsBUqrUB_aWNsfs5UxpKZMT30N6Jiz5oa476siyUg,na1,americas
tdb56a0g85SZi8GQDT5vM9nUFnDZOd4HAwZ6uDqXY5idWbYxeoZVsMsKrZ4lpw2sjV0C_lLkvGnXXg,kr,asia
ui4MgR62F2JFAgP2NvBITZEurZnmaIKXnQbN9IxMO6_mbebyr4PIxVEqvTGmtxQhVQ8G64fNMjVerA,kr,asia
siTjp_G5-zxWm1rQDAD22dnGoCoIiq8oxM_M6F7pwsgXAs1uT5_biaWa9MrPlmGfoTpofECfBe80KQ,vn2,sea
NXcfqaG2Rq_6X5rDtd9w23unan4OKuKAfBG8VRjFVmLatZVcr24-20memiDP0HtyfE0EJIbVLLwi9w,na1,americas
7TyKzIUKLMD5VXdtV-jGZhNO18Ewt7BpLti-cK2RnkxU4sr1SywlF8aD7zNbbkKrbi8IL4kex17J7A,na1,americas
dIJG2KPSoQuSKjj90K7gT7XAUBPmpqul6--VJgEa3sW7N2UIllN4THoi7jooqMx7r-ZgyedURHYwWA,na1,americas
SoCR88uL77JCslI1eSK3i3FMZf-soy6STYgKAbxbEvgixCgHE_GuugsdH3iHDqJ3YMc8egx32BrI5w,vn2,sea
JvF6Ro9_IVo1-A42v0rfalfbWL4QOcpHHKHswcYNzFxiWPGNFNWhXa49iGYQPB5TACfzmWDpu4ojeA,na1,americas
e9-v3hKsAr-5LHB6AOOtSCZzj_L03yqe37KmfZdM1U2NzUnXn_p2JcZu9GusGM3k4pHuv8N48T5GyA,na1,americas
iwNAMlAazOiie_DtPAohg7EsEbO-XXQkSZRCqQI8Srm68NsHId_LDwt70uv4Rb1kCPSfBzFPTPaaag,na1,americas
-WesIRTDd-C7U9g_zU8VWozwkaQVcz9_gcoH1Qp_H_DIvysa5tEHQ_3dJUz28qmQtCRTQ2cDuzy71g,vn2,sea
rxsO14knyyEQFW0J8qQSvbD20CvAmmpb9GWjdsXXWDhFCO4RfPJl-mUHmZpfMulDTwb1uQzpPvmJ7w,euw1,europe
tuDhLal3j_n-CDa9KSSt0V7xjHvxESH0MN_nitvVtSxSgZjj4z936v9_H3VAOmA3sR-ngXaGEcoKQw,euw1,europe
DzuhurF1g3jF5l3_HGWwYlIYUlX5cojNVhLVuk4fAWwuUYPE4hEM4g0dHd6ztkpVEq2jx5lbLeJpGA,euw1,europe
0jEj1b3kZ8k5og9flHOzDaH_3PM-B5URa6Sz-aMYpSpV9gwwj_wdKM9nrygFmSybPFuzNGIv9E8guw,na1,americas
x6OXERhQCGYTmkZgl5A5OX7Qn0kFJ0PxRhtZbV85zDmkofODr2frMWW09ty4l7VuBFeDKx7HLLBTlA,vn2,sea
dTqGyBIQCP3ZJ4Wun1RfXKGr46TaYwb4kxb4hu1sg5Bfqf1VfH5f6gvAxve2ZjWgti1hAXSzwC7kzg,kr,asia
4CRzl5lT22z8zzqXDc8-14i2SGT4gL7yk2wvwCvjHFsCuGWKZGmHRxYIJA9Fqusowk5ATY3COUlNlw,na1,americas
Jop9DFfk_rTy8qE_2CewAeVwkppOG6ugphTsgG1OqT2gQo0jo0YoXpUOY5ccvYJtuwfC7N4vgH_5iQ,na1,americas
d61rszlOm1uR0s7lussJ6L1shM9Q9TWBHNKX9nIKUfX1Xr7G-kmzN_BdeJRTuKCUirI2Uvn7WGkNbQ,na1,americas
bikD7HGMKYYIrnAN-cCAveqEh-Ow85FLo5qAi4_XYpAGq20RiWbI_S7qYlwBgpkG_zJRLg4mg2XWdQ,vn2,sea
C4TkwmKumC2apbABy-yeVp-zfy1VSWi0bcke73-aEFbJJwroPgVY90lUH5mxAhCJXs_RLa2HcX6Wuw,kr,asia
BrD9q5IASP60paMBMU3UQGVYdSp1nFCLTsIXy1CaW7DycaimrhAA36FpsGqxQF4WEYkyKFNZiTPD3g,na1,americas
1mK-o-xcDrtcok7wAE5N6tYyNyrNFiZXH0KdJFh-Mi-XTVCATlYgSFmbRQ_psThNmMdg8JclV6zd4g,euw1,europe
QXwBNagswdsQXmErVei-NxoXop0lrQDmLfx4WSQb0ChPD6F1NxOCzP1wRTbYBhbw17cLZlello992Q,euw1,europe
t5f2MFEDi0EGdE3b7_dM0ZSD709RcCPuM7yVbdBekV2ovrR80dQ0TUzpEG07slfKTDuqsQI-JJo-Aw,na1,americas
UucQCorgFuqflvZ-YQ9lCs55lxMRr6vfdZLoOfCuFrGOSORdDqLV2wdKDrv6ZL9ZkSfDmraSdmWcQA,euw1,europe
yN7XhrFajw7keOdl2zwfI8MvNiAlRjoWROr5LZfVXThPW6f00ZJ4WmGhRlYzW7fIsppyNZ2Fxfk_GA,euw1,europe
4hSzBzY1O98y6VEwZOTrBA4a7utOr_dr_rpJjpDDCunGOIofAehnxl7ullGD5yYlfNfhVB3usxD9YQ,euw1,europe
oqrAJGWNXVtgJHvfZSaCVBiZ58Ja_yBQH-mcIQlJ_NgRUedF-cB6FL-jzcTiAxtyC7QqkZFYpVd4Ug,vn2,sea
TJz_IQxIjdtZYEkXbI8XUKBl9R66WTJRTp-MOMOkaGEIYUXqllEe8L80kLeHUvAAegsxsmeBQk22WA,vn2,sea
PRNgy8UlcqwoTBZGlgic2U_CNsWVJNGlmcmJWZHUyjECqjD0gK9asbaUbH5zttnvISYTs3DFiWM_pg,kr,asia
MPbqmey1v8xCOjYDaIxx05tXZfyZmR5JeriGfzEvWPCleXWTF6l6Lr8knwptyoGW2E-m7vg6wmcIKA,kr,asia
peoHHrZVyoUy0jf2imQkftgZki7mJXbKLCh2oz0Xdvy-mCKHwKC2fi5NYTi-xt0Ut6ZBdZ4BcYEjtQ,vn2,sea
N58lg87NBuiqeSGBxgeAhyMl7NVRy-fGNn_4UgxlJy_REYX4oFpOH39QsBGhrepQoJV4TnsAIjbESQ,euw1,europe
JqDH0nRV9pFwUVr1qAmofX7Zi-b6zLBej1-BIZItI5qEKigGqpltyxMIJlCC8HdFq1cIDgMwfgt3vg,kr,asia
vQjZHX_T9I_wgzJXDBcNRn88LgA9Qy14S6G4lk-cwTSZ_c6Y5sw995sLLwOG-8lxqwElnutrg2T1eg,kr,asia
AkMdiXDO2sBAGBjwMkPTbxQq3AfV6ux5KXDDOQ8CQAgJjHHPWW7Yw25DGOW0fsJKt0B-pIA6DepjqQ,na1,americas
fNnVKi51j8-CxIw6zfnpXJXVblY4gKWlLgxuUOm7JEv5iRZ4oRQTHnaXGykFwNtn8EBgBAnRLd1wJQ,euw1,europe
ZjmJWcF-OCH9sWHX2v26ThtjOkemLgTc8sQPqsGFP0bHVa3eKOxFjXg7X7cbDrLF0rqrW0DOPgeLzw,kr,asia
4C8LtfyheJDKEl6FqwNoF1ecRg2OWauRkd-bo2xECu5-akB-kX2yxeiAYSQFWCdwd1HvnNdhqTuUvA,euw1,europe
wJJghaAjGv4Kr-z1WzYYFxfvXunbuJ3tDjPORqVVcOiMz_aeSCfi6dvtphP6vliheGRTd1iX_MR9pA,euw1,europe
ZFO4yiJKsjeTopHkMyFX4HwhM99r9SEo2yWXb2DPtPL9ixkdNokFpT3gRSfoZ8Jzg8wyrPjN-POujg,na1,americas
Ou7UTYF29hbFIG-Kf7KKqQEAwI_eFE2mF0pCX40ylUHVqySoKYbqqoGyPXQLnRN70fnP5S4tF1lFYQ,vn2,sea
K0QBTgup-UFwPWon938fD1yBWfH5LXqj_tJe78QteKVw85kkrgi1bw2yHGiQT6B1Roh_deoUTsue8w,vn2,sea
2iDIrTQyZOvBrcO5aYd0YUXPYBhWGYkWrGOLMJBb5j0ZbO9YPvZUk5Io62QewwjzuLIwUZUp0sRA5g,na1,americas
lBqW3NHQxHZ_7fCH157oeRHNw5vHZS8RhAgPHBJ1IHlW7HV9bU-nECJDBSHxU_dsbCxEMXLq3Kx2iw,na1,americas
Mb7lppQI1dPJTUGn7EVNWHjVSojJW5In8dh2OjX75ANmTKpXqu1QRd6vaN3661wiGJN4WupfNEtxaA,euw1,europe
n04atWxzORMoprWBRvq_cCZJXK0l-gwGYLoQefiaODZSOZjjmLz2hFPLdaaYmmhIORv19X_INSeqxw,na1,americas
77u5CT9vEENEGrcjyrXeBEmdTree3hHf6x5PS1hfiFqFJqQ-MEv3ji6ciBBKhc-cakMJE0l9w9FAyQ,vn2,sea
4x2XmJXZgPWWUxdnqdiA-W4F2IJUsRpHmjdXbHDTov--wHHuTDX1Hb0yqIQ8la5a_6aA8kBUrtqRuQ,kr,asia
Zc0hx1SUxuMImviV24sh1JEIBqnTHMYq94YO6WQ4f9jk6u0dNp7DIxv5L6sb80L0wF9i-yzzisyg6w,kr,asia
qt_DkssvcpIeRZsDThBFgekhkIMTi9UBKEShuBw4HYIN3NHEakLStSy-SCuNg5i6cRQWtNZKV4sUHA,kr,asia
IIwFH9hIEe_-oKHiluzhCrzJMlHQCvlUHLSs4YcFUQiXcdlMcBOGOrbyNz4y-I-aESuCU1ymCCF5xA,vn2,sea
oQTecmGl0zJV7KyvEuHGaSjB3LQB69hdoLIStZ5CA4QvaWH338tK9lsVBiRgPHRKmAOWPHBPI8GCyA,kr,asia
lUlRjSelBLGPjK2PayTit0e5H3P3UrhKFOm_q9_sq-l6PzjxiG35vo_IV0Qg2kpkODcw0ap8Anop4g,vn2,sea
Vk0ae8s6Kjfm7-sLKZpivDO3YdDk6KSa5hy6lTWmgqV1IacTPTVgBHmReJZhrwMClDAzuFCGq37yHQ,euw1,europe
7miaEjXEMI77aDMqthie3h6DbGsQFcC2IxAQnIg_0uf_eamb7Q1b7Jq5ozULhUw2XhxpIuHP7Mzmcw,euw1,europe
46dHYSFkQBwLOyyN6x5Kc73u-5-gD5nEAuv32mfOdoHc-_TpdVvomg-nfxr5Yc-Geh2L9vNHAahX-w,vn2,sea
LCdrklirdoycQoD179I63rYOVyRQZACO0mue4dzLvgcyk92G2Q2WlIkccb7j6zG0sXmHXdIZ3ViQbA,kr,asia
udes-dty8m6hjxyGSDrhNIHE5bPnT1IjrXCN8XIIGcUTlq7C9UnzYol7kjgINS0Mc1pMoCWuRViVyQ,na1,americas
fdrHeF_SYWvHGYeEFk1LbgEYNcBf5NfsYIa3XXAD-q1Xd7-HnE0U6-KcIYVfghlUHiaCFJKOXgho9Q,vn2,sea
ajRT6rRzeCc9rN1cdev3G9ZAB3wll-RK9Xr7HNAeYyu549b377EAsF6iwbj5_RDnl8M7s6r_RlRYAg,kr,asia
dgK7bJNghV-1i2e6GwuORH1oDgYbdXP_chihYl6qz7zIdzKDF8VYRvA6s4wsyuwfzLqEE7YaxkWwoA,kr,asia
VrVtxq8DFlLCSLi_uYcqhkfwIyBHtf1X_vOJq8dN-0xdb6A9ZQorZmfkOw-kTWGKpuzfUdQM883pIg,na1,americas
p6-wWguVEPHindo8EOOJ8HKkUIGfQGX-I_Tk5JTxc5RdZ-5dC_yEmIDR9OFdhOFVHHTa9Kt46HrI0w,euw1,europe
3GgC6NezUAopqJShKAbe28ipBftzjIcqQDspF4WS8rmHP0IdeK9Pided9V6RPceFR5TZtivBf_iBsg,kr,asia
Ys2OAB6D3y_tQdRSUaWKPM4nTAZrjYb5x0NPVXuchvk5WW5YfyKebp-iEn58Pb1-f_s-as1uozXIEg,kr,asia
ztr1gHvXd5HtIq5cE1xlSetroNKFCzqNg3MjbpHN6C4tsJroN_6IeMtvlFKvI9uilxE0WK7cNaGdTg,na1,americas
K03yo0R-JcTw77nB-n1ti4xMgtBgrXaAAdjvrYb2pyiceJin8MTtHb9lX2EFxb2DtmzviiTnDzH69w,kr,asia
XU2A1Kv00g9pCDEMFohfj2uHP6UdbulQDYPcVCkLj2tfQ-MqApsxxdzhjKXKj7MVBJtC_SVqHG5XOA,kr,asia
nbIJuTVV5-9cEXlPd7fnfMZwP7Aj5Gw0Y52dYZ1zzsVg36PjWyC616SJqa_d2fD-9wSJQIDwGkra6Q,na1,americas
vyY1OqWPvpCwaam_5SOVWJ4kJu6U6_X8n9LNBlxRie5FpBslmfwh5omL9K_5FjYLaRX0uPY8HjpNkQ,kr,asia
JXVrxrvFyf5n4sbSj0hZcWS39sYJacr10meQ3pxLAGocWxaXbczx9f-MO-1OwEghzb4oHp4hDyYZjA,na1,americas
38ughvzK7ncz-m2j4wWk58RWtRboaNNIlOCc5cr9uoASm7PKfyfnxBRtwHJpsVspOV6v9_iF9Kajng,na1,americas
4VlQox20Xo6Idh4X7e04gyHhHQphUR4Q0OfJ9sKY3s8_ouynzo3yYCuaEKRsCcGd0vrEGSkT0Bp98w,kr,asia
QYaRLUix5Qgi_qhPPWu1Hn5-xcjXdrWmL03dLaE17qn3nD8jaCUo_lq_l_XMVjwYGpPqG3g4hfhA9g,euw1,europe
LbZtYQyKwAdOO0LSJHccEY90kifVVtWvTfNoLh6mzhmBA25wikuRBZGSfjTwgC5pQc0O0rKsNHJfyA,na1,americas
TH7FHpna4quxlM1SlhM6x-Ex0XRT36SNDCVdsA_8OqwKeDtlgXID-ww5C1h4b_U60W39L66WBRu0IQ,na1,americas
FXsLXsSwAgISSGV1uMJMckt-uk4n6ntjvt2xOvN7VNHFyXivgksR58KqaXEmDC0RC-2iq0CayAvRrA,na1,americas
jif2O8fpt9gJn9MS5pSHAo8WIlZXy4FcVENMh5HgafTjLDUnFqndp0Vxibw4p-TOlv1u0bwKzYlUBQ,vn2,sea
2qmgWT97nLkWHIlhsFUShXGupb3uHgkdUxdWMqxVLVYcoeo2pA05iE69rZy5OWaoGS2qJ8CmdC3EVw,na1,americas
yrOevsXBa297sX1KL7181GesTzgqKkrfGpdfVjeF-IRdqiP9xqz-IghVi6WyA6i4ijaYFN9gHdS4Jg,vn2,sea
Hz9nVGjb_B1Xu39oW2udgGuuVClK2zA3kGFnRCTeM-za1Gzio5yYjmmBvsHVuieP06dZ9OUBM2gSmw,vn2,sea
DYbC9ZdEyDdWTha0iDz7NIIoMXtj-eyMZWcJf9bqVAtI-1k0OXLx6NuBfVbP8dovY-C556T7sj475g,na1,americas
_bpEOQ6esT98CWwTTC159ChfdpSh3fnM3aXVNn5TGbQ6N7LhlsFUSspSEOG6U-qBQx7ZmlG6tb-Cew,na1,americas
dbghP18mlGZ58w78oH8SbhFUqJG1-gF38rEQ1FeV6ssEzmFTI1-5c7SwXJP9VDZThrl1a8TKEoZ8OQ,euw1,europe
2j4XF_lCowK-wH5AkwwDLCytvfH6z9p4GpY_YagVvvGFhv91ge7E3DsirYy9g36o_gpwtCzKJoy7dg,vn2,sea
vQG9MzDvVSWpWDnEuGczJBboeE3w3bTZVGw09BcbQrSdLZsI5Xj0bsFArDq0zX53QU9Mx8Jqco0lgQ,na1,americas
kCrowjqAafxlOqdYz2NOoI_xwXpySLPWTFe81LdlxpEAz5sAZszUVB7n0JQJ0aFNlb_sfuMlv98D6Q,vn2,sea
GEj8e9Gktkmuy3NvUxrVCFtEQ_2EMheCZguBLr4qn8a7e-PhYy869lJiAZTcuExkEFAD46_IkVr2bA,euw1,europe
QlzZ-hcjJfDz4SLpMHOCWKmrErz78w4Rgk64U8MithzrAzAoon_6VG8PbsJoE3TEcYuI_LmxbTIHOg,kr,asia
8lfzi_Cpk5-Uv2vTSHY2sOa_kuqxFIbdvug1UzsPL4kJ947nxMKmNfPUtA8XLg8X4EdeWXOmmJu9lw,euw1,europe
42tlE5QfGgbS1gghLG89zm48E3Z1BifgOwRi90UUbR5Mu_zaXcQ4GgIo5hMV3SWET-yZPlZvgVdOIQ,na1,americas
BnWvSq811allvyABo9qroA4AJKW4OLoEWehr7qDGwQTzqH36ll8Zap34-4Gsnv9KR3eO7VHQQfQAxw,kr,asia
rRWs-NA85grDA-x7mO9S6MCrz7kgdxOBbnmUfNhsgTQTAH_YudbmI3fFUdmPxXgUAN45wMF7mozehw,na1,americas
xGjv-6jo5CYiSsMik2azQn8qT2EFwLmM9g39SHurwBdgrCBCgL45nKyvrTDv5gvrNadXSqSf2a5qwA,vn2,sea
NAwtyD-6uGcdJB1Y-BG0ZbvWIhGLOCt307ZeZkbfhdJ2X88LoODrCZhsEl9OF3Nwpaad0X22GLfFBQ,na1,americas
A5ykuAhOnCObrKDislGxwW1jb09RkvXUDvIWTPG7wsA0wetiPWR71ICngcO0onDrDOBsPPZplN-yuQ,kr,asia
5FoYB1n_mx_70_3yft04PO9BB70kJlQDVikQUox-0oHdOa8SWEKDSRJu6IiZ_FYVc1CORdCWluR5ig,na1,americas
LrXT_iFzrPfxcre6z4mzQ3pEq7A0f_V_ng411pLIkTDQ1p_MLlRPOLIq9LjP3QyUD3-RYO-bFJB7LA,vn2,sea
Akp0JItWOerEl9UnRi5n2-m2XNkI1jaqt1lFm-GN2O9d--8wYZKEUddsYYzSokz8U0PLeHDgI1dfgw,na1,americas
_OswxyS9W8WdZT0n8EE2Z_GdZgbhSoW2IevqVzn7GQyZUVDReCPP1F4_9DO3jqsCH6enSf4LcDKyVA,kr,asia
2sJyu4Vb7JWmo3ywahLnejeI-tahFrMpC-o234sSKdxxSYC73UYeKu0MsgyeJvxnctG4v0zi_q1Z_g,vn2,sea
cvPMCc2BJiJ80uVns13xv5xzCgdA8_HF6CGNOHOukWIJFKqEj1-bag9ZWSLQ4_a_xj7HXX4Wsxejhg,euw1,europe
kBhhMGT0z7TAr1KHQFsO3cJammEQa3m81i8IdxopxSF3L6fCgF1SBzhexb7EH-9NBMXuEN9qlpiibg,kr,asia
Vh3IsyCkOeZdCg5_3YCCH2AIW-FwvMyoMGZqfzEIev8k1_8vRZ8RVK9vzrmGrhDk-V4zQF2RLMzqsg,euw1,europe
KGtYqeUXi9o8dm49uUUe6EvqWDIWa5WxcEkvi-ck3zXLxB1iMErsHPqQDAYCt_Un5CxHXtzwIrypJA,euw1,europe
WiwNwOyUDflYiaocmATMm-VgEYiq1_EvI-4pYFUlizigJaRgkWRwGT9MSVYHpTe9FzxfHSHS-owlMg,na1,americas
gGW48wqx4RwYZoRPasyuTPmDFLQtYwRBlLI92-dvW-5LF2mGeOigUh-cb2Ix7vYZLQR-V5R0q_JMHA,na1,americas
wwBe2IFGedQA_1uoFrzQ-C0sQxHKr5hlDemXWOg8PE6IgWrCB5eEQuZ0WxKpNUk2Sruh2yQGTj_LqQ,vn2,sea
wUwyFO8BH7IFHqZrGcgl3JVKRDzjn2-j4SioEXFTAjlJqUfWX3RsAS0gCMMgSB-yceUmD5vR4tKHnA,euw1,europe
66KtF3SWYas9wGADxUW22bHLCBtbB-VjS8Fmik8T9XR_kxx_w4CW1ZAl0MdJ1MeC8TEQpIVdRVsTng,na1,americas
7YtLZd9Dzw_LvdrRfXEQZd77jEQSVz60cg3-hx9KbsBVwH-pkYp5eLQFJaRlCMWuzQfhDYuRD6KpgQ,na1,americas
O3FU61PbY448fWR6_SS39lc-0wLsJbrr2maYzn4j2n40-8dwj8LYjfWQ-hPCA2kZU6TFjJKxVVBw8A,vn2,sea
uhSP0LYOjBYo93Xi3Jo7m_BgdA1omd_v5jQIQI_5uNrcMsfg5wegWNZiw1ECSHCxDDknwt0patoNcA,na1,americas
r9QCnyY_Es8Egf7GR8F5hO_zFcA0tiWVtQySwTVAQmEEcriwyTR1x39x1mPnMRipdayrEIq20gfUuA,vn2,sea
8gredMhDI2HJuhGQdNQyjw9eorv8Xm6kbNTUeZyH89-sj9wkZT4YnzMTjrksvSxvBiSa97AKfxJ2Cw,euw1,europe
czXxAZPlo3bvD1Y3C0VOsl72K6qZIcMz1slNxGOC72Na7w7ku8H3gSOq71f_j3VNEbq1XdL3z3KcHA,vn2,sea
EdbaztCi2Hh4px9NsY2KROWiqEj19sTg9t-yS18eJb-lYp79cX70-0TFJ5aL8zLw7Wii4ALzCd8FYQ,kr,asia
TpcqAyBDcMQqCoNmG06ys59Ax2co_1kofJwQnnhYuIO9zESSTmb825DAdQZw6G6Lg78cGDKrv8Xokg,vn2,sea
r1qv9VuoqxDLw8vWpk5JvysSic6F4Rhzb6uxDrqQP4Y_V5PL3tQOQW8NpDs5JzQi0EyhYvxHxUDD8w,kr,asia
_CDrnO7YpbPCvnRiTzsdzplM47MT4wRZCTkDaEgOE6TyF31T9uE4nYY61YI1ztmZhOAC0ugxhg-ggA,vn2,sea
0GuA5OPP988vbZgRTPlh-ZzSiiz0XchKEx1McGJoQfvO6wVBmoxTiMe4Dj8MZiVOiMX172xXq7iQdA,vn2,sea
KvJOnxFy0vL92oT4AnbFO3wIW0j69DhXfDivuWeUPyVm5PPzO84kzvfNQHcza7-b-y19q7y2oNY_Zg,euw1,europe
M5-PbrkFY8H5Aw7Vl1PXptF_zP3BmclBDCI7jZNf7zNN4d9w6Oz3nmsyxtV7NAlGmj0ATSwfsCNkWA,na1,americas
SZnWsJthDyyPGPqwwUDdbfEl0pmiBPS2c6X3CUhOg1JmH0IcMwQJPUYwQp0an42xAhKodDIHEsMYAw,na1,americas
ridJjw0ZymHZ8tGNDeZG_ro1qYV6AmXRP4kcAL8YvomTvNyhjRPJ7bAbBUM1FWtZCMWUqSSFWIw66A,vn2,sea
u66oBxmAn-DUONC7pi16m57UnLk-Q8iler-3rcWvxBVrI7KdWXeuJ1-WvKjOt5EIjdQ5BEeh3w-n1w,na1,americas
X0HnY7ZrU1adC1kTO-iZGVTjlZcat-eIlXK48PbxF9MQ54BuOtYFFB4kWmsdv4FCsCUZI_KVU_TUUw,euw1,europe
-WNKx5iEOGEY32E6xCW9acNRrY-rFYU_CG5ZfHEP8lf-UbT8Gaoqo8ZJ-xeduiG2sZnYGwGFdF-Giw,kr,asia
5MjgGJYd0H25RezB-ty9rnO-CDD6sZcrE4vv1397jMS43Ouo_CwUkA7atTBE0NQIZFjqmJuARBQRZw,euw1,europe
8BsYhkwGskblwFaTliGr58MY3O1eg-W9ti1fdUXft9rOqe2Zfg7LYlbPT6_VbPOH71-ULuQhNxpOvg,euw1,europe
1P7ewT29fU6CqWrHSXf10q0DZQOZEse4H52QJ0eqR5idaXFBgVEOVnl7nodlOMimqC5Tfyv8Q_VbAw,euw1,europe
qruSOeOvDqqjsbRIi5sE1c_LUMqzjDdWKLhRAy1rcIaLR220Aj3K0NLz4-RIKU19QQ2gSJ_OCCVsCA,euw1,europe
9GE4krnRWTOftiH3S39f1F2QC7Ne6ukUvcvor-POMC0PGuGfjAvORwlI1ES2vhTTIMdwwI-ShHchKw,kr,asia
BX1ziUGU-6PXCyF2Ge07tTYS31vdgVK00ADH-balsTYHTvDpnRhtYLXw7gkoxsXnEriiYfoCP65qWw,na1,americas
WSPAUHpC_Y6X2GKcW-QPrEUA_zp89QZym_AuMPQ2PrMhv3BEeda0XDn26LKtDMHpQgmFhX8d5PWBdA,vn2,sea
z-ZhsE2ewTMG2UZ6CpTY_EtSM8sfGx2RpcS6F-K4eYYiGzwJG4RnfQFPVy6KxO-rCk9C9_2QG8pZRg,euw1,europe
_i7ZFRZKCOkEi1-S7bycwVynuFac9NyFhqoU3--jyI2H0bm9YqMfbmwDUb4VG9fOuuHCtw_xCy-G8A,vn2,sea
EYtEkkhEcbN-oYujUadZWz911rcYG7FlmFMGgV6GeAWqqMCFCN96Gd3WqKkVnRuBshwV40QtlpsZww,na1,americas
G27bxC0AuRrOzqAS0S8U5rLuguBec283pAGZVUWPEwtX5xB_eGwLNBHQhLVRfdxxVqvuIGshpISbcg,euw1,europe
CDfXXsC_vDnM95Sa6RIa4Lf5K_vgn6ceziJEDgnLxG5aTI0vkaPNwMQ5_-gfNxgB172qQWlbMVjt_w,euw1,europe
tbvjgB0RuzurcLRSLuSWYWang4G1fPzktsEvWuXAUyDumFke2fZaympn8jLveQB8pU0-ihb0OCCWWw,euw1,europe
yMLdmN1c8HpiZlwauCv5wR3OKsU8Fh7S2PUHLtzHMAdiVK8dm6W-hm0tMrhWmCYImrbR_zCbbkTjKA,vn2,sea
X3kHfPT1GDG1bycTJmTX8Eu-amCS8H9Da3PnO5K3DnviW_pKE0JIBGiks6_enxrFyphdYPsQx4BGeA,vn2,sea
P1-CcgkyTlygII5kgEggekHU0kr7_taxY-liIdy_7Xy2XA094jzsSAoBJSK7WwqSsTOWlqoa5lIRIg,na1,americas
_wR0wDTjw0Wf5v9_eQCWz7Fy-UUx3n8Qgb73m43ZuEeyOwom9J3G7Alj8DGE6g0WRW_HuZIi3z3VwQ,kr,asia
tpLIwf-ZzUTiLdCKvATVoIPjzUJ3pEB_3xo2bMRNFVpB9Wetz_XqxYAlVvbjZD-ooLFMAfC4gNio-g,euw1,europe
eQLS3fseBGrhv4R7oiX-9vB5BJ3WmXJZuj87GzkcZ4U7p4-Z4hhT-aJkeqAL9LOlXCro7fNxb8TY1w,euw1,europe
kn34KG-FwTH3Ghgs852dHtVQk0GEUs2_7rY35m7VB_IPDYSKhzeLrdycB4y4nHeHF18rMDoB1gE7lA,na1,americas
HYgHz0bMDbgw2kCxs70ekmUG0sbHTvk0SX-lfQHUjuUFfXvUfF7vpSKJ8Kz00cMpL_g6_l_cemAh9g,euw1,europe
R2bHvc6MHjE8Apt8vNAHnXJnWgvDMUkhUgV4a1GVyOdwYtwXzyNLMOnfrRd-QkhjnNR0v_EeJR5Prg,euw1,europe
HTj9g8FU2jmlq1Z8Bclmbb6HHT4s6llCHD3tTbhSGKwPt3iC7wtifemqbW-eTH-GKhmGgFeHztJ2yA,kr,asia
ShO6-BwJiQ7kdfw_DPxtX50pVI0HrFVcXtWKv7edQxEpUG8QGAr7iJCtMTHWAyPVH-uE5S-PeYl27g,vn2,sea
1bp9kqUAEi8iekO56IyDEhsr3VS4Hk6nvnYaOJ4eY-cKUezipP5ruGhyPARlP8m3BNRq3YAwdAKU0Q,vn2,sea
lmLrqfsvcr0ywmwpDYDmkTzjz16XCDFhSaTSrB3n5uEzGlQ70o7uOEW5yEgGMRPEAyuaZLZkPZyP7A,na1,americas
5gtVyFbx-niRSgR1-Zjf5LCa0dKlAN1YiYOQpzUGuL9iggT5VUWGY7PDde94vRJg9hjGxWBEBW6AeA,vn2,sea
7QI_7NKE2JowRG1I6znwGxuZpqtywlWSBYr8xwRyGZ-rT43U2sh2DWtCRZOlt0PL02tGGOaQAS_MVA,kr,asia
H80JEqu43JeQcbPr2zH2BHLYw_6ErzTZmSbKZgXQZEG1E9pInpQ3PzRRHNVLGlxkioqJrxzrN0rzbw,vn2,sea
y4K8Vy5Q56LMCrTEnsNS3SJknp6G4a6NmqTzXuCBB6yPqaijfZpbE46uDbgtXCzj93pBjgONL3mQIw,na1,americas
boDPaKwH9t62bxVgxXQGZUOO_zE-rapEbHGN76k2oCJupRMOU680UxuCbOh8z9vypFRcuYcL6-WFug,na1,americas
rZb75otTKYI0H03L7_bcka5FqH7pR-Z-j-TeNpvjVQ9IoX79wJU_1DiHvrg-X80FAHIeuiEfAxgdZw,na1,americas
qjViyJK_Z_7xueXpgD1q8cLWVZuopszYomEuf9-py70C1YtJB1igumGi34f7ao_mAQbBsaGSUr_IqA,na1,americas
3V7UEUn-eKgJ0VtV_27_KCN_KWUWcDIFmTEX82Dk7TRdti94Q16lQ1CzlJGeuBqJvxca0UJkdfPAyg,vn2,sea
_7L-wQvwlQkMK7w7V3coEnLKHbTDRZo_4Dkrd5UOwdDgJjNyj4c3gGP-vB3TpVZB8yYGYwPohZ7lHA,na1,americas
JbI5DSGYY43lOlDxRl68wBcT53zKSBKljhjziyGzNAM6ldV9pcWeZ7p7D9Ce7YHYsJrtFv03eMfGqw,kr,asia
3bhMpN_OwFmmzuPuQBPsne5ZdnKaO6p6WODxIMAlWI06LWYYi7iJql3bLUAV3JtmfHZlNbaTvx243w,kr,asia
dWykEbTWVQVitflAJDpjahzg1IMZ_pAizwCqehZULTMUWLuFOJ51XVRWGErtxPlfLT1X23YRTJkRHA,na1,americas
v0H6RRI0fywWpJkcYAN8VyWbZ8R9xBoeodj968XmhtO-blk7QF6ABgVw_zwdzcWtpRwAsh8x-HK99w,kr,asia
sTn5Ib-a9eLuypYbr6Byq8BaSCMBhlBzx78FRWPP0aID2lKZ6o3g4Y-PO97Lw_-Gk9BbzUdfqGNySA,kr,asia
rx7dVs5-HEjPfEX6wEs93tc4qX-JwqxO-hgf1Qrj04q6qHfbMzesXud89-56SjvorDnYx4lhel5DXA,kr,asia
sSnBlEAnaBCeO-mKf3kx2ATARuAOpy4WvCxUN6oxxK12S6xwNfy35EblEFWNnwZek5-dSNVyEwg3VQ,euw1,europe
ESsrOMLBUmOoSM2iKSC00j3imk-gW1y9zf1wtKCfUuIs5qXDAlDTIdcrDVzpyVqEA9qFz6UwDCXbaw,euw1,europe
LJAExT7xFLNTU3iYNkr_LXtYLEikyIhyO1HrpWH-lar2KH7S_M017gtIIPz1H24Rf6Zq_uESocXSAQ,vn2,sea
7aTcBOiXZ9iM2iCO83RSrSZH3tht1SOPC5Fkv7kCRbTGtuqwVytrinT0ose0f0HDnKsFOyd1znhqgg,kr,asia
X-_e_PUmKBMFA5wk8-HxEN4250uUePVxN-jQZQBka08fkN2s0h96Lf2qlcGx5pVJ-8Lw_sul73Rs-g,euw1,europe
GwmswPVO89vg35VLfu-XbQSgHid2dPVdQTgVzNmKsRYdjNg0Tn41pnqb2pLOH4poH7FjfLlDGQ4T1Q,vn2,sea
KHnV9TAcxeKb_tHQpJyErVwOeKudZg7xknS4Pkexdj4Z9Qn8anai2KafXKYwAMzkbSFUErbP_PYAnQ,kr,asia
y3UJAsVpoAnOj3-MAa3MbdT35JtEWJy8DV9thZWZp4ii9fHAMtLP9PdXTKJLehzlqdzP4kmmKZCOqA,vn2,sea
nf-54U2bvVTVCh5qCB6wsgkWjSWCDbwxcQAcJiWy_HTwxv00PTm8FVnB4fe1F3LED6H5J-vv9OTW2w,vn2,sea
gk2itp-FNtpqMHQy2kdGLJphM8BLvvKNjpNvzik20WHcT-AS3IEz4JmFh_WWD3WyvHMQD-Lri8w3sQ,kr,asia
knWxjKbqQfQj1RIsbV9IecUqJsveT9anEsDOmMVHcovmjdhDb030lOO61VZ8ZJy8znKwqoO2Wlx0TQ,kr,asia
5j-O1WCrAls1Wcuv41jCZxsBOPwZhkZGlDoGh1utfAmS0z4X-meKM5k_VJGBJ4OJ2rSu7p3FY4gSCQ,euw1,europe
ECAF1rlT5uYBvPfqPojZMtSObnk8jYEMVwQRcFFws-NDfNnyBiZFIdd4qFVn_fm_sAJWknwJijPP4A,euw1,europe
51TjxAaTtiYFG7BAWfJCP1J6rx-VS0OnXWyqeB-2gq_xsjmOG0xtkvHn8LmF2iI8fZbLfhen95GhzA,euw1,europe
CtkwPqWq_4JRJFkDgV25hWasRdoUl3oW7z_TL_qBEXy490LW7L6R92ykFqpmDd8nraGNm1EB1jQ4dQ,kr,asia
MIKur0NIvqH_sS-6bi4fRqlTT9oM3jvORKo3pMkcYu2XnMImwduYrMHkCyjNz37O2D3sl7Er3sgdwQ,euw1,europe
mpppvOGhw4p6Zjgcuugc3qZDkKWLfpanUAedCVT2vnuuJP-CI8X1HM5TDoyaszw9FKJtqvLLmC7kdQ,vn2,sea
PLWIKswVh_0gypv34Elm41az5zpRKuFsWiXB_j4oHxzsFnFvB9LECPCU3Zqm7klyzkVBoD3r2yffiw,vn2,sea
rLRDTaR6SiWAxrrFlK33UT8FaCHOi8KcabO_IjTnG9P5LSeJ57VDu-TaOLmC3oqcKsCmRiATHuegpg,vn2,sea
3E5MzaEHmrHPasRkq55HsjnaYY8lv8pPKBObtm7Ze5GI6i2n2dpByDxD6ueR45JqNH1CtxanO9AFZg,na1,americas
SkqUsVuWBwSeQBnXMgJEMvS2MARz9pMHVHvja8HpD7A9KJLOwMQBETMQwLAF_uoUx7JFDR8qQBt_6A,na1,americas
mwb9FedizB_1OuO3Yn6Bihdeu4K01jHHC2S3ovydHhD0Gubeu_hatyK9ziEcMZzHjYcWWVUpN8UeWQ,euw1,europe
a2jhBUstyFOPGFJq4usmfaDo-1vfzuI_JABOK6ltLkoIrhU_cOg82O82ijpXFep0w322pgl0rXNyDQ,na1,americas
0mZVjVuDtEDZFUbfxvt7eRUauFlmKgqYGINdr7MuQDEX6R4s4kyJUp1cIRh_nK-RXOw883Wi2b-okQ,euw1,europe
jUlGPEP4pNqv4xc_Q_fT8qWuGXXjVD45kEqPxAZhfY_Plo1v30eZyBfoKeb_KhZzLSAOi7Yutf9o1w,kr,asia
LinkQKrhzv4k_qClmmRH8JUnnyeFEpRgd6ly4mjlzcJS5Thvs0bFM9xtpOSuuY0cNZXN3cXWkCQ5ig,kr,asia
bF_2-tp3foVg0vuMH9292Pr49eHHvg0-vTm3Xp1uwlEfUgiUiUSBjsvIJbAR3VKBGB0P4I0_ci4UGQ,kr,asia
6GtIjv-jl_VXZaHAa1i8bC9smctDC_JEjtvqt1NVo42uTpook3NyIwnqgokZmK1zj5_Vi0TyOEdpxQ,euw1,europe
MapyU5JtNmF65427klxguzgqVheLS4ZdOs0caFk1aHPS0FIWx4MwuJiG7CJm70I76VSkMr_6k660Nw,kr,asia
ulGFV5XZUvfvTuZiglYzV6GZ_un4-Do8f3p32hugvx5MIDHytEHYBK1hbIe3aZPx1sKxzSg4dC5vTg,na1,americas
V-uaDLufAZ9BBwhcYnf4XzOHYwewWxO6-bcaHY4TzMf2IQXkh-10WYZq7iYg3q5Tzmkxc2M2uKuruA,kr,asia
05YX4ENk2sl8G3b6spDckGBuS2i3jeA-s3u-d0TqsiVE_xdEbvGMtybBw1rWGl1zueJYhoyCT6BWlA,vn2,sea
VgYrRapQgPK3qsZD--pyYfdg_10ly1VGiOJtTV49SPxG2b2zFHlpHfncLaVg7O_fHFlDoDfh_2hr8w,euw1,europe
U0fWakpgUFVRD-uuulatFDOzbjcB33wuBXXgQRSBdkiqd3U9doWxfV4OYusX0O0vfOA_-pdU1jyc7Q,kr,asia
d-f45D_5CEtVmZe2FZx6NapOL1PV3FlyYfCuhDoqIo0iJKRMtAiyr8Zy9YifqYgxVb43PM2tECyjVg,na1,americas
65pQsmBNfQljj-aQL6swUFwC8FP24t30gDx6_zCFbvsx8Uhca5YM08bbRm7Qo_cNQD-wwEJljecB9Q,vn2,sea
Jh9oMPmrIn7YfIsQwkLt0rEvB4I-BInJkzWHfsQZFYHQQpL0q99_AN3634nkmkxj-p0e9tVXSbMnBA,kr,asia
-om6VilFQ1F-FJtvFkeL2CntLvZl7Nt8w6EC74CxIr9SHDUhkqXz9YJsElFz3e-RcPK_OUF7Qsd1HQ,kr,asia
xh6_QD0ixwvPGorL1aDeBMSeqaQVPzA-G6eAi33p8lLJenmRTAhVh8XHP970ihbB0lGaIL25MMLsdw,vn2,sea
EJ-dXtiIEG0O3lFyd4v7nHnA9x7CoQV5rQXe-g2hmmAf7OaEkhbKOQQqqS2o8ngCC4zmvlbsHnUiIw,euw1,europe
017yo-Ipvlcqco_3dq19KGP5Aj59mbEaS80FSlkL7gJANqjBvjtCp5N48qsh81C7GujwzkiP_NZnCw,kr,asia
y1EWi5AyubOEcCGJ8HqZoOsHMEyRmoWClbwYvQQu8roWZIwJk84MpdeQm3H34nKULf_r-ulvSF87ZA,na1,americas
GBsuneoPrY25ix7ZmRPa0Dc_sczlM5I9vWYBYmF0lx9ZaKrAVOUqETIxqsxFsrhmHFKu3I6JZkIzvA,kr,asia
9B-cjP5HYotXcYOakcWM1YipUBXWrJf7L2tKD6PK-_rELXZ6hJhpXhcfasAD6Bl49QfQEpAr_oGSqQ,kr,asia
hBQ-HQ6augqNqe3VgD-8D30eUxfMamdZ9xfFgvQsdSqa_v-LDRGDLK9o-RIBGpBO8nTJ4brc-pqMLw,kr,asia
oKDFZ5tOLWf7-TbRQk0pu7plHWFrbl5yk_hrvsb8-lO2JO0L7r326H7_4lI7j_Mpt-3LuLf91ojPwA,kr,asia
hh2XCZED23r7-SJUk52AwllKZ2V5wNb3kdWgS9e8gnvJ9YX6jBZV24C6KB68jPOl2Y7jZSG3hNA_rQ,kr,asia
BCDhcu7__Ic1PTAj393xZMYXnaG8Mlgw3-Qp1Y9x4FScKuzMrqYyZOXfurbdUYlxFB9Gd73m58ar9A,na1,americas
kJxWAJveDKhq53eR8ajyKhZBXUwxNRliEx-M2v1eA0sNgsQmo8UbJCgrZokhDeP-ChDLnT9Bspq7Rg,vn2,sea
Z3r-Oq_GlK7bm-2m8pCuuatvPcEQxphyWVS1BKO04C3ofCJyRpl9cNKFQUFqF0kdJv1VWXpGFyN3jg,na1,americas
4aAwtyy0idksYJRvUYs44tT8AjfSfazNBAodTGmaxxQI3zYeWuf1XUB8CU9MEALzDhWTGTmKuRzZxA,euw1,europe
eLsaVxDfkc-o8Cn08sWZXbcfxVRmmK_EyhDyV_wsisvQ_Ap09EEIpc4AgIlHr-8lT_LxNpZow3BmAg,na1,americas
rwR8S597Muh0bkxgCsKA7wPNpT-IDRvRswdXmrWumuSMjnYUJm9TJSJbzpdIIneeEUpop6kbQ7FduA,euw1,europe
ga-QMx-ZtxGKT4jjyt7-19uKGeBvHbjUOxiJVO9rcCmvHFSAbFqZZ-fFT09NDmXOCPtJdVbygKwAMg,kr,asia
fNlHlxzKcgGgdDSW3ndNwHNl0B28RP_6d8IKc0y1D-WwIerFXzX4PS07Lxdu8rdLETOfdHsTb0MO0w,na1,americas
Jy35cAQtIXf4r3swX6eBCmG1ZM0QdLuU_TWCMc5Iv7u_3lOdvHeNtKg9itNfBdd-tp4smu-xD9xBBg,kr,asia
-e7eToAJoDXnct8jK8qWqUCbI6cRD338NnA8PHIph5x0g5CafDPp4J2XuUYkfmoTKoZjuZFNFFMrMg,euw1,europe
fzAzTDIHkqw3R0RVz740yilkG2ArLU17PGG3lyXDZ6CnfwuHEoqIJCDgx26y4LM0VruEvBQfnj4ykQ,euw1,europe
IGcatBRSWVOH7Gjqtpk3EjS0b9flNQyPeskiw7vtOGvKSRe2TKnpAq4sS-A6TgZjvw9uKlo6mEo7ZQ,na1,americas
2ViqYaNP95O2hMXry-LhEnwKE7RODStVZdjPrsNvBlRO_VCJ83Rypnl_eiAUZAN4ZcY0W4UcSgOyuA,euw1,europe
VvdkUjYYndrchCOSci2ORYKAXg4bwbvMt2wMcZAER_ha9YoXvdmPy9rwGHys2jxw_CtIeVD0Z10lYw,kr,asia
as7UOYWUXFMXoI7RbNF22GwbMZd-j_oNVgeTyiQXlYvI94qAbjuczGXUdBxwmd-qnz_yvD0Qty8LeA,euw1,europe
oSHyf4-61rbb6J7mkilnZWcqS0nMxTZTsEdHM7AHC7HhZYQwFbd3WhX_V614Q4Fo1eEcepG4xwYaXQ,kr,asia
RfsDIp1CSXrBQ0AfFJzGyZjJWO7WPvxO3cAlE29eLZIg5bb2E7JSqhIKQnPSa5mevx13WxPaxubrbg,na1,americas
WN-w8m5SbyQJlqJQhYjT2a5444YxMNBZlDcxG9PFpqOeJ7Gpz7mcnE3Z9mblelCSZ35b3ICHv-P3kA,na1,americas
ItsbzXLCSd7Zkdhi6KUvc0MZ1EOSdPWBVMBv9s27UiidyPzsTs4M7upBHSeFjmStu0RJ-xmdHPM40A,vn2,sea
c0qjAefjmNBLZB7kDxKolGUyVdaFmXP-0-XIxbgEEhOerwpsFBKY8xOfHPk-6uXrAr3K5OZzHp4Exg,vn2,sea
jrm4TUgrVgqqiWEM3jiKCxRTJtjgBWOFfL1CDQ_i4cWR2iMKP_GRS0auw-oundww-Cag-EtLkj7iMQ,vn2,sea
F22vdRupF2_snS0MYakgmU_jHcohFy6ODq7rgdMHKICoBahhwiShwvwo_CPQ5FkBYphx2MpVvX2Hsg,kr,asia
Z_ywbeEt0puGFD5bz8GRymQwJ_ZpjYDTSol554lSnV43WWLQSXGqEO8fdxD8tFbnaBwSXlkI2htiOQ,kr,asia
mC3o3hUSrvyZqK6XGiUxiUBftAlK4iBRbiFkz9H8IIQnvhuBCwHdu8576bFEN4gSQcvEjuaYR8_y6w,euw1,europe
FPtz3FXdgud1Mao-9TN7gHxb59ghqWByfGVi45zAAJlSJL0EXVzedixglNVPGKarIuVyUEkn-7Aagg,na1,americas
_ntvozzA-y4lzKE82IDGOjEgGbvTtfj0ZPgh2-S0TNHh9xyoUIveqbAns6nGMd98sb7m-cXH63wHpw,kr,asia
H0WcMv4KjvNUHiX1YY0O1sXJrN8I-MfUZ1zAZ8y-xxBkqtjA9rRdjPEBGSJpCFh2-pcHpOD0JWbx9w,na1,americas
4pd4gavAPP5tqoW9FEi3IAoGAqEb6ok23v4yBL0mHJp_zAnjKeTgfzwuj_Bv-ml-oKkpQbcZjBMp2g,vn2,sea
Blq61mW84D27IQWfRWCNeSuAA6y6qVzBaousPXgpBEia5HTu-xTK1sGUWahpqG7dK8hoDjraCIzUAQ,na1,americas
rMmsZbbZT2DSL0znlM0VDVJXl-zdV8XQ9HQalj70vthtGhbffYA9yE289UP5g7AerR_Sb-ssd5FkKA,euw1,europe
_VXlptXV8XVkXWJB95zbvj9ifKPpiSeE1WdtGgHaDt-t_qhGPGprkn-0vWzhnEAyD5M4zDbe8Uzz6Q,vn2,sea
kM1ZmxUnTWQqnBppMyGllJowZ4K_ooLlWYfVBHTy08lGN9ReBUWQCovR97BxeltaK_B9pPstyfzZmQ,euw1,europe
feP6_vpyF5mvgmt8Rp5gl-A7RZwn_bunI7SwV35S7vIxXcjRmsvOYwfp3sHuZwZvvaaIbys8RI0j5g,euw1,europe
Lf5S3P2jwXTGKFj7JQJK99Q7wEoaLFdgayWhSSGbw8L87J_-769pTtuW6NKj3PBYfI2YuEQuZiweAA,vn2,sea
egayu5PYxGbOUWvBBAZoKy5XMuQ5T0GWvRK921GzgDOAOIjuchlwFOn__q3NuU-6zx_dzMfm4z2aug,na1,americas
M54dUu1Ssc2XzccIY3j6BKJBh2pqbW7lJSLaJxA0rjzkc4OR8rkIs-Ra-aRGYfVb2iq0s1RoA7Q5fQ,euw1,europe
ae9riJeFQslt6iAUi8mpG8z-pp9hzlwRoIAhI3f9IaGz6lST_Tg-3wwSX5YGo6a8vKzBItOLRN4ZwQ,kr,asia
1O-9F8wCerX_Q_EZn2fBMwbMG1EyCzvGpHl1M_e2Itryi1somzEWxAtIWvv4WExEJjqTDxngElSRDw,vn2,sea
0zo8fJCsdwrzCiNuFmegtJy_Vt8hZuq3mYyJU6wVOS3M-ZkkYjw3z9wjP75RcJ63LAeth9XMr1wXDw,na1,americas
wKSOqQZvkzoGvvvgtFn_m6gqDIYV-CsgXW1MySgwEN5jmtqX6QgoiEjAKbdI8ORJkm0YHqEI-1Xbvw,vn2,sea
uMEt78kDZDIHNfq7tZtEK_mqTyJkSxelBOKtVSX3rQRwvh-YVwlYd8KFBpLNfylJcmaolcbvR45z9g,vn2,sea
FbfcinIynrSJot4ryd0zTEb7B5QmtN8_BbLnykPCmuguZaJpHOweVYRGOzmIsd4eC1lT_WO8yFSXLA,na1,americas
CKmLfSgy9gFp6-59B0PzAwHl-p7xik2y6W4tSvy-rtc6X5BKuLolZdKv43V1rwXXFqkCHy9HNSjjjA,kr,asia
rbM4_8VIlFUqFBAZ_tQX3MULDpKcY-n_6EOko_1ID1cNzHC9-LJw0WzKRgcfTgfJ8wbmwQN2g_q5Uw,euw1,europe
C19LLUvvIJb0mV7z07YKRixagYUDX68gE5-VYGe38DgKyoFiLDs254TKNWkUxSXfc5DTMUBMO6jFyw,kr,asia
Jvb6SxPTgLzZFtWdjvXpJ_SVHIMQHlf8lPJs50bKmK9IVJFHNXuf0Jbp2AVUtnIUruVAWTtk4u74hg,euw1,europe
grnc04z_GgOigyzse3osyx1vP4LBlQ53fZpah6svAB1aLOqdwU0cwUzCKOSd_2nYC2adqiHippd1Bw,euw1,europe
zheZufM69k2GP49Z4llxWTLFZ7G8rbNJ7jrv5clBlnmOSvQ26iW4Uq8LdyUgItzZcPBq0tUnK5LXCA,euw1,europe
ScRMF1jKU6UESd7hBl70a-CBxxv0ut7YMPwD5hQm2OOYN0ROmUkj7NyKigDrX7dzPoNVVzHv3FyZwQ,na1,americas
ZweDKAzqkPk2LtohDXVXt1I6mqHZga_PTvYI7ZkuU4Xt20jqHRQCNh4C_z5zMGAN9rJ1fmNFU0T0oQ,na1,americas
dJoQXn6W3F1kiNhIWfTrv34EmJw3haTNXtCtHTNfyjSuj-BZ9oOT0sDvp7OgbfWov-Ulx7lAhRJOjA,vn2,sea
E7Fyfz27YfW4cjSUwwJtw8M0z7n6nRXqaGItXS7ynQmZUmQ022ek4wpqaYuXLuU59iF1TmDhFO4J1A,vn2,sea
ssdQLrKotBd-EqKE5DqmPXO3wxu5ZFtF3YgM4WhhKBRIPMMpHZhIYwyUjVX0Pd17wM9eZDybmhp91A,vn2,sea
DxoLvydMNNsonDWxuc9JjmWfn4-eGW7pRjplLswZOUJTnKjFOddq6e8uXXXpHKTBBu_0aRCRZ-3wPQ,kr,asia
DA9utq1pYgrtI0pDKRFMb_fNdf44JzXCzUgo5DQFTO9PxuFznn-ApXaaN3rj0fF2jY_jAyYFnygNqw,kr,asia
euWP4ai1I91NoMMp6B8F-4VOwT1VGUKA8mRonIDNsHF-IVjrpMi4jqqQl4D2GxFjoU79TugiVfKIPw,na1,americas
Ll0CC0imO2EBDWKSmFbTK_R-0lP0KTgfDYkAj8YS6b3IyiVb1w2s4ulsUXGFDLCLiej2zk9vydbXuA,euw1,europe
y7ZqtfmHfJ-Fa3rFUKeYl-sAfL8I7YQW-uvtkbMVe6-68o5WRUEmKSCCDq92ZGnIZLXOa6BULKc7nw,na1,americas
Ffnnk_gHTwkZdWEu0OBwGFJc9N702OOAsa6d2XcVsSPfDbBThvDMZHSOHWs-SeCGGkD6DjxkXx26dA,vn2,sea
epxwt-plb4WakqlR0_ZH6eaCBYbZN2DPzz44z7LIs47Hpgs4TSYejDi2QbbcOYvwgJMXvVBByO6Q1A,na1,americas
03huO86uLRFUiCqUPkGFz4ZMg5MV82vOiQWAeJtFzTT4xlmHAmtNa45YpA2JKtjVEjKtPahk7RHwtg,euw1,europe
oVJfBGDq8QcIm0M2opHmFsPUsikrreFBlCDEVsOww6LEkedAuuXRcBIc2HtTnuLwK9wZsXQY9-cLwQ,na1,americas
F1SPJAb7O5roZQGNrLmqTc811DRBIumwUL7hgU14OgnoLDQb8QBOSETbMA6bBBVhDGBFA3TNl-Cgpg,kr,asia
nk034smf7BlUuwPYfHRuOBeiWSbgP0Giu8Wy4fdnyCBogC2ZvrOFYSzqXqxqU0seDXjjMDpLhKnsvA,vn2,sea
YY7fUtP-ytOkg2CbiqbvsX_-tWtxEAIOfjOkaP_Ka33NtIlrSXabSn010-VisU1_Z3lDG_UXuZiYJg,vn2,sea
vY5xWMMPDp37KMZ3LG4VNT-OkjCQfg13CYNPuEwimp2CcMG5zyyw-GrdRo0U93Gkgs35jIxRKrsMdg,vn2,sea
C13jcM1YztVilbaP6ZcTDO81bX_eoHr-oi9wsHaRj7zeM8s6AZCFQ0no7euUKJGPmuV6AOW2M_3nIQ,kr,asia
vjOO6tfCvgiT9waAD1-CfpoiLLi4Qta1pD_qcNTI-BFIOoS7F9TURSCfZy0HnaBSTF4VNP4n0XoMMQ,na1,americas
fvxF6Vv_oJDKHFaMI0ZKsTlmPsmYxqDf40-E_hc7Zqzqw22R1U-uFH2Sebb29JjfDT8UbIbfB-r4LA,vn2,sea
tJ3u3GThWwkVoJfKAJw5k9vIRcwT3Vt_QlfiC1ZFnG5kBZat5TzogLuVFLLnt4HzSfUVNyWVhKfmcw,vn2,sea
Jvbq7FzvJIx0rA_BTRA1GJHSBnf5Tt7lBg9cK-VX2AUxn7zYPiAt3S4cxtw-HSrOEsWXw4Koox47uw,euw1,europe
9Qvir2ZVDuGuUXaB6Z41t6xizhS2aSXS1HAPqgYX1H_HWto5d5CymNW1uhJ-pVXHjG3QbpJPXU0wwg,vn2,sea
hBtw_PmilyJ8R1JQtyb7DD04z_0yjWzBPTq9a5G1-a4jfdIBWJQmwGGcwSm1Sh8Ud_LD5rXGJfzpHw,euw1,europe
dnwYCPdyeu13F_ZvuASoRhaXu4SXCTy0C69KjWp_vSgQzhOvP3S5wa17uWjP5AKgSaBeyUiL2gNHOA,euw1,europe
iBVx42qZoLmizOcwfh-9vhJ9Jq-GWl1hNOtrXzdehApS1o4zSxCEJswGlTXDhFwOXPZepTQcfpAO2w,euw1,europe
0L_oSAOGu8PdInifzZvgcGIoe9D7rtI_Uk8jlgSme7DWRFH35LiSOsUrdDa2c8mJAt24VBpxDchOTw,euw1,europe
Wf0pDQtzLApZ2b5YX2pnhFU84sDE-9sXr8xaSWofyt4nrsxVXfrhGgh2rYsMrCLpws8VnUvEtJdx1g,kr,asia
ez_zcSXraRJDbQjyXgWf1Q6NSwSugqydjmbLlKvZtG1-nZH_QnrkP5d7eeRmCcsGHERu5MH0IKCpog,kr,asia
Z0mUKl0v4ZUMkaM38ay6hxXf3iRvPKeW7PishRgYdrDxx1JvjHmU0pF-X1_nvzYzYnXx4pP2pxSXFw,kr,asia
t1n1-cblugDCgMwjHwySW2PgzcGeV97hvaz0NtRgblMHAR_TRjz3gEPX8dzfSV3CpDwq4bEtkq_LbQ,kr,asia
uUF3E-ZUDFfYIsuEL4d4925mPzCsqR1wZe8otbqxbLQAQzHqkcDandIQkJr9k_sMcPfv50IV6rcK6Q,na1,americas
Ex1ff0NMmfc3cRO6RolIQmWZsm6pheC8dIPs6oiqoFdYCC3suptgp2VndKNBYvNzlC-BTyje_cBTaA,kr,asia
p6QVgISlbEa5bEZjJ2bKGMd6zGDceYamTpPtOeR1FFqchaXcWSLOgSoWLOlMYeO3HsXYQrudpSs2qQ,vn2,sea
zA7GT9C0baL39mUJvH-Xdb7NVWINB46J-7SwWpHnBPWGfFYx-dZfyKDVT6gTh1N-fe8_FT7t1j92Qw,euw1,europe
ERWvf00Ct0-jcDNBbZ_Oij_De-Givd0ajwB85QL3moCuj5qxQkz9Ao-BWdGiH0MwkjjlD_lPwz5tOQ,vn2,sea
gnbFbWZb9k565NPWjAgX7hfRdx6cCrzXu7Bq0StfuzY8HOhPAJ-2MQbD75lOboyqqEGT2HcWVrKz9A,vn2,sea
52xJZQuak7bWC7F76ClA9EyWLmHr6CwtXQKwzs06n1BD__nvo4ULXWBS4arZS2-kpjovO9T9_sMQ6A,euw1,europe
fRjLNj5hi8bW-5DDXC82gQfN3sYPuo8CAEZYX2yK4dMUBbEQBiLPkhXbva7fjepLJQaUv0vKLX-pTw,euw1,europe
46MzsAPqRgFJ0qz4LtLH6W5qPG1ELG9uY1cr4qgSMRHhDNVaYvqf9fooddRu6mZL2nHnRMQAC-uvuw,vn2,sea
4WB2ubYOnK2pwAa3u50fhqplIIbBjKcyMDFqMjWLVydyg0hzlhTJBZdfldXNcIjmStLOXHrJy_PPtA,kr,asia
0Hx-3G4504Kbt-kEvMuqf8RY5dH9xhsUEgnbq3FVxvLgC2YrP825eZ3oKsAqmKnzwfhhZpPcsHlErg,kr,asia
pGZXnYEmNZS2EByHxbr8RZSqZk26ylJU0TxYZC3IXW_MW9PEnIsWhL6Z4mM7JExMRyksqV8EwmHIGQ,vn2,sea
LXx5kQlKXl7dvvsFdmFpYAA2uGVN9W8CZO7OCi1oOQlU0pw5KwBW1WxZ4QD1-KTdYpA13u1rEE7UFw,kr,asia
Ew3jMCzSWOqqQQbAoHi5j7Y-e4RtxtfGvL__cWSxHZuQH-DgZOfRKileME6IoxDCmy2XqPkg3CW6JA,na1,americas
VzqgDGJ6vhIKCkgUR-5ZCtZkNS6QUUISlNu4tGMXh4XrpZGfrXHwAhpYOlIL6PI7Y7b31ZZ6RkzJUA,vn2,sea
JrsA9OlRQfJkCpRFf1m8a2x8ZwakNloJZilMV_8qJSXxIs5x1C_MV3PJWrQBdp1vaWcQgG3ZsWd6EQ,euw1,europe
M4Q2CWiMxM4mvPxFQQuK9m7UsbBzIT6-eWiWJizwhmBHHTROCi0wxvSCj5WnodgKdQT-oHWm3Xh4oA,na1,americas
GdsY8Zv2wdFgeNVmROf0yUi_N6nehNL_DB22omSsL53HAczBlEMGdGFpi8_4ioc-V-lUFZPojHcVFg,euw1,europe
qtav4Qt2NwqfIyipZJgJOQuLPB_82HKiUaD9kHbq5gM4tmQ5c8I1IswCbYhERD-nrzoo6O3x9YMqqw,euw1,europe
TLcH7MbdKnutP7q_KbDsq2Hp3H2Sxw49AILuQfhJXpBEzpOJ8nZjq3oTM76dcuMujxt3PtUl87gx0g,vn2,sea
hlvcMMBr4LS4h1-KqURck--vsahC3sItcx1t8QA4E-yjdvA1jpM3p2yNrHCq7YeklmKCXpp7KMG01g,kr,asia
UxeEwuxRaRhZS9LD7DIR-kO4CqzEwaSQRwQNwPtg5Zvp1mL3EBvrgbCqi-gbqD64T6eEwmA_yewl0w,euw1,europe
sNEZ6V1tx1Hw38sv5LT6Ga6yXP277TyS31bPWsooyrlR7TB9es6Pd8EY__sV7TWtUs6f24QNP5z0bQ,na1,americas
o64ts4keQBPJngz8cSdlAMJjimoPyb0FZOBk_aaTjh2pHwPJv26ENax85VO7seMOAd9IYC0g-PssLw,vn2,sea
_cgt9ifR89i1BBoymY0dfnXPRNcCLmU5wSpO-in_VSHw-7D5aEH0sZtA33UIAtJRaByEiqUqiaSgtA,euw1,europe
UKV4ENGOQbKShaYX1M_fShdFLuPpP37wsU42uZYZwXtBqYKBUHRmqj6bv7P0GadpjmnL_KZJ28IdHg,kr,asia
nv-iReMFr3Fvk45XrEZaioAmtU3d4IlaDJaOF0tCVtLnHfSNbftmzOjEDCnQrhgPTayG9-kZwdqIlg,vn2,sea
pCqre-TQY0Y6hU8oqE5s1iyX6_1Z1VjzASb97ACdIdTtt6ZkkyrNywM1dioetR7BDpMGuKbPIHMB2w,kr,asia
jQQsdZI3mtd0BbPatxZKjGtex3iN3WxcEHrt07cVgXxyof6p_dlWTQj6PpD6Uq5yqAxAOgm495h6Jw,vn2,sea
OCMJjgXYFHma3c_ol6U4SPbnx3BtFmehVsPueezHglZgq3tf09-iHidovQfPyMqAVvb1yTBk5L-StQ,vn2,sea
Taqp7dexKp-rHhDYEWBaONvRyr4ohbuZAvFuH9q6Cm6Aer9CAbwgt-54Xj1WNJFcElRyX5N9-Urh3Q,vn2,sea
bQdzSoHyqZ6wYjzZslaX2na9iZ9f7NrEgZQwjB_LalevRB51FZ4FQsa_Qyr3pEmuS3RHh7xv7UC2cg,euw1,europe
8CqkJRHHaattpPCcivOuFagtilFy4xdRgg6mN2vFoJZb7USjOu1zXUQpJzT3GRjAxtJDwe8Qp5WJEg,euw1,europe
DRjPmNYZtycky15Immif7Glzt3yiUtV6tR8Q908YZSuKMyWrf04pl6UeZkUAQjZEpmvxn0Jp97GGVQ,vn2,sea
EvfigyZ376LnoSWRLEK3FB11GkuhEBz7flKIvrX6_wlpBNE281t3no-5jjJXJMzlG3y1hxVe__FCxQ,euw1,europe
kEXsnERx0JJVyoWff5w2jTwCvPCzvt8p8nQVcRPmgXGv68ToR3zzM6XOwe61wK0sMUVSLWL7OCqkOg,kr,asia
sDUJWF5gmlBBwyN3JreewEyofmz2WlrXQWmMdzlqmY69mvPIQJGWoRm5QlvFEmg7_T1Eb8ZFiuf8LA,vn2,sea
N0309xZ96-zouBB7uPdbBIJdX-tuekv--tJ2lriqls51R2_kEXwxBgJeD7kQcZhISvo2YpSxlFAklw,vn2,sea
ZwfczcXnHIS4cUb4MfIDbWaMIGYsL_nurjhsELoW2GFKc7kd26tnS9EzoC55zmp1j7ccdBOI9Hngvg,euw1,europe
45CsaVZWb9tDLaJb7Sh0GIIsXQZKaqqy0utcjlLYQ4D21IgT_Qu0qV98Ap_HxlrSq0VNWbmAbMLDFA,euw1,europe
5oI0p9oupSkncpg_plC9rvWFzYk2CZmeLpC8vew6WzAkJHSbi2xt9woOi51XvfrFnlyoPgOSqeE9nw,kr,asia
v_k9wFwdevCB2lg9Syevifu-DSboW5Cu5H2E6Uo9S6QsoZUkScFgt6zEvkT98HBQh-iXf048duLzkg,euw1,europe
tDmXwHvoi6VcEJZZYR2PGuKMN2l3RSMP_3BJQOR7_s9gnpqsSkhsz6bC5m_c80hRx-r5B2zMOw8H-g,na1,americas
OnZBgqjYWzOqK8tM2xOTEoiL6KmxHbwHc7SlHTWH0BbLbzu52xCA-r7w68hyqYgnZMHfZWXp5xHlVw,vn2,sea
MEeG48HccGId0b4lanBn8_t576P9nNnKnUtRoMXs9mM6rpO8jt8XObJP4eVBxCG7TOkMA_cAKecWMw,euw1,europe
nAS0cOlAXX5T25zkYn826SjsZvTPINLaCrRekoEDCk8_KzCDg13Jwg447Dgkp-Q0gWD7a8_alJIvtQ,vn2,sea
ELQ4o0yugY6IoqYVvPYv5R2L9krM3bB0D6k2V5zfsED8k1Le3PYol3CN01bE2o1tMUoUWat73ry7nQ,euw1,europe
s18xramTWm-5zP1Ecuj6WyXWtzE5IDxRNDgoKW5TG3ALVStRor4EvEZbI49E8nFBHT61lm_mhDGtPA,kr,asia
Lc-hQ-ld1jcKSfGvwJ6M3uEyq2S9pm5ftqSeY4t1bo3KVo7_RjLen4VkgW03SoAGtwiXZFy5_eYOHQ,euw1,europe
QHpnimIe_fB5wAcvbiz_mS1aMiKLwh4_O18kFKR4DqTg72RdUyheHc6tqCZO0SJ5CYMd0h3l0ZpAgA,vn2,sea
2BSBbg8fn0hSkhqObcLeuFVA5Q9njoaYjQ879gel26mrLw9bg4Lrb1bvvwBWDQSWS_-wdE9x36vxLg,vn2,sea
StN8OSc7ns1dpH03t28mhgmabEdmHrE_fnz_94LJmFsjx1t3Ir98jv80AXW7fySKlniQT7WGRfTZBQ,euw1,europe
X_ik2hsoOmrPSjnfIoskvpfDhQ_cd4oKuHMQtKOdg4P-tWRG5keqErKjSafnrYXiNkrL5SKsiGuR2w,na1,americas
UYgNv5h4Wx2xeJKMXlNUKH7E75pQM1KP_r0TM21zQPf_bK0M3YB7n_MBy_kPJU5qwRZdLTd4K9vxlQ,vn2,sea
TaeuYGxapxVmajTybUpqBhFoH8G9p-ODch3BNY88GbbeHEhJWJAIt4k_Q_bEdA-3xpRbf8R_qEsYuw,vn2,sea
6bWSzZBz4DgYe4k5b_edzLzXlZc8Q73aY6hKBSdvLHK32AEblJdFBWgOWQmjTwQX-NVMSDKd5q5nmQ,kr,asia
4H4JVMLePYrlqp3eR1I1FN-SiZYBdnrhJRAJkkFddXfxfzCzXQKu0A0mEnsowmpVXdAWsCkQjgsIsw,vn2,sea
CnKRM5anP13OTYV9twhpPtgPGERMiGE9Bd7bzkP9IyoGhVvpa9fyC8FfYiXoy3LeT0td0pYqVCC0GQ,kr,asia
G4so53wDejRrA2ZpLMqzZCZ8xPl7uzHVinBjpcKwOWpqpHwYuqnhD0OEUcE1N8pNLdNPtP5yX67yGw,kr,asia
uVC0xX5-qpCuNiqLnYPZqGW3Gx5jHYWszHHFGhsXm2qLlEbLewMj8Ub-ustG0-_jIWOHxbDqnlFuyg,vn2,sea
D_jgDFGTF1Y9_o60zKj5WOUhJC33EMb1JYa9-SJCWxknXL8NGp6AeL45Vpd11TDoRbHVugGb8ipASA,euw1,europe
7xkx36FMP0hOj5OYSYtpVrdlpogX9gqDcoPciO3HlINTFsxD6nxvmGQnKcQurkomhgDa5wxJ7l1oUA,na1,americas
c1DUJ3x_YtkIjrUoUOc3DqNYeqUPUoxYgPRfDM3DWJVE_DekZBr8RCDyhVllWqUZ2CWmUb2kDlstzg,vn2,sea
fof02cgj-5Ep8z3NlbJ6xgySgih5ufKQBmDhraP8zZd84ZBYCTMyRgx8OJLYCRs-lBjzCQxDDwELtw,na1,americas
o7SkOCOaTtG74rSJHJ-cwEDOXsNuFTm4rEkz46Z5WQ0ThUmfEWV6o8B-6liLBMu0tKWpQ2UdEsdiWw,euw1,europe
C3XMPo6WWYdEj_lqdJEUUY4d_8F_xk_66qL4JBIWLUKaMVWJ_rMqMdF58R42RMSCi3E5lr5zxQVg6g,euw1,europe
C1_UJau1gTF0Bgy_ocJ0gK55cFZJvl5EXOq6gH9AcDsJRjCpF3sTJ-2wOQqQC9567RHyTMVRz9uI3g,na1,americas
EtoXjT_PXG0CuMmtRHab60UKHsAmSIYmZS02CIvuMpeUE-MlJtHLONAeQsIaQZPxqd0gSgELFrbj7g,vn2,sea
ixxS88u14UiBfE1nfWxv1cLEO9Lng9J2grzY1wr-uJkAMBiXBEnww29DX0v8U1J4c36Pmd4W-d1eBA,kr,asia
2aTDK5DvVEfTNmIoKRwI7BWMIFJwh4meZIa0ix9gVuHrsa4zgflsvHDeI9RSSMF8UnC0fqHocehejg,vn2,sea
iSYE2Bd8qpbHYjAdOJsjjlwRn7LiunZB9wBgP2k37i_qburVCpOeTQ7q2zKuK0sjPcQQxmFJmFMrYA,na1,americas
vPHvKFb_ltlNQtL-lX9bq0pM4Ihd4Iq1zGeM5kh46_4PLyiILe7t3HL6Mq5ZRPCsBNJyFkbfGGxerQ,na1,americas
ry_a7ifgN_uBSz7NwsQcSgwNruNMmS4WvOrdEYOjWTjobcRUVCZbMKiGklp9CtCpbAFi6mIgCVFy1w,vn2,sea
h9XSnfbB770fo4g97Nepva3NoveFCqaDW15bY8eCkjRdowR1z3SAwP5JKx0WLhd_n0fMG3ySOUSaew,euw1,europe
5gxxBekS_yTDGpNJ9Doa__8Bh6HofeAAjkQHvJLgP0n9L-3cq4COuDPo_FLZVXe43JHrm5pHKebauA,euw1,europe
imrmqHhU7t-CE2qLFUyTf543z-cWZrMpRS_OA5B6-WcfZ8WvdGQ6ggKddpkPJ9T4acMtBZk0o-L5rA,na1,americas
f4Bqdq4wmdEPIbu5CpP7xuSzEQOXajK_jt9yPJNshF31VnC-chbsw7vNVMwZsMGep0Vmmr44oAmMYQ,euw1,europe
OhEF-yJKKq9xaRX29wshrrFS6RI_pp6BoC7mtyki0OADpDbDnxF4PXk6Cmid2UFvbBb6rQ-O7tC0VQ,euw1,europe
fo2nx-155Wiaa7Pa_Iv7Kcmi8TTK3NVJCBWRUd3K2e-EvTX9cm1E30kIv4fC1xOOsLcQngUkHWka_A,euw1,europe
DRBoVvALhrFD7rgX-q3u3a6-yOnKAO7zX9lsKz3R0mG1nEEOHjDcIw0-1MLECldgUjp5mCK-I2sPlQ,kr,asia
3Kb0Gvxz68FFLLkjlNbDNY_QIxFKiGK2nXYF4UCJ1-B6lsG8H8LWpn5JQo0L-McR5Tu3e-nK68M2PA,na1,americas
gfA7O_N9CQgkEc0oAbo0wZBaElrc42XDT2cPTY4xc81OQ_ZwCdXUPUIdp3wyFkyqfLzARNR-cM7ysw,kr,asia
0ynSqHabICN5-1WgB1GzO7VzFeftxNo6JXCbNZX_RHaTYwPOB32abJPCDbIehGkgJWAcm4RuyCxDzQ,na1,americas
yDEKZziZzkM3hPvt-A4r26-W_FBiOhjwV2592c47IRDtjBwZn2UdeahhWpto2fhfsmS0Ag3YAQlbpw,vn2,sea
OMfahIb3XZBoY8gJKibrrucvl9WijfYxnu-ro9ztu1akTzu_U-m5vjFa_BqVDG6kxYD_qvQ17SnS1w,na1,americas
6f45RniCbbfv1d-_mq3ig25m0oi47_A5ZYZn5_s1kBorw3a1Q3PeHL4_9yEiYPbVK5_2fslSIvHa4g,na1,americas
rBpli44P2mIE3JuBc7pPER0tFsV86XvRbKod_duuPwErY0S5zXIupfhMPTh_Oiy2lBWmWd5QAfejLg,kr,asia
fVniGVoY4l_dPtYUKNNJRqiwAqwb3wk64Ei0LXEsGuws_B2LU6HR3TeTZdnRa9aZ9HaEQMROTctTTA,na1,americas
AxtmZJy4l8Hh9rZmDsMCEc1MO3WGXs2iPiAMXo5rW1fHe6YJ_QRAa8WHRSFfbF92MgbYdD7XzA8ixw,euw1,europe
KXES1RMrIcWcU0J3kVpP7q8V9OnWdXXryDBqbIsb4BOm2najmqPC-B9J_gsfsY6QtWarxchrEqeCgA,euw1,europe
ruxjUKsVUhfeDsmLqcBahKBcbpUwfd34FUxQp7m_inaeSvG8TUdFcfcCbzPR7Tbx-MSvXGBxaaMT0Q,na1,americas
iqN92yNT0rhC2h0NtdpvcQQGZp1nKbyAUKH0uZ4mMm49QK6EP8TzDEHXYF_PnE9Qrqh9f6J4gx3dlA,na1,americas
bjjQozitwPnFwYIojKuj72xdfi7Ds_Gs81trvWk7gRUiS14Lm25u4Gjx84QB6Ux3Ny6S1o9ZOEEayA,euw1,europe
4use399Tx4j832Eibo9M8ml4XTEPUEQ2tXEJTmrkU_z17Sj8dWO5qWCsPndvHX_bDWApFwtgz5Am5g,na1,americas
KjWI7MHARCFByCMxvGB7FDzkM7ngANTJkZX1ZHghgROJYal_Wyy_StakL6-trHpzVQTTBhUDZesVBQ,kr,asia
JUn9Gl04C1Je5ju5DyEFYqAwZqKzHpPLJw_LBmvOBarzrDaGHOjOpZuPfKd5Pa1fuApCF5ZZk5RfNA,na1,americas
jX00JCkj5TcejLD57kHHWvfTPv-bP3qFHt7bgModG-V-fsEHr7MXlgaUIOjkKo0XZ6bHThL_XNpA-A,na1,americas
sBEQIQECUY_0qaBRYDDfJilAIE5iZEQXiQtkFad10ePb0bxurJAId2-U028cwh9LDyOhX1OiTLtC3g,euw1,europe
umXyvrVqRvqzrXT4IF7pHjOwZI-gOxHETTDrbuk1VDWBwcyoc-_my6pNreqzYXm8Mw3XNvnS0HDkiw,kr,asia
sArX6o-5I5QGp1SCtpKT1SXA3KMxeLbVqzMajZVkijklzuxIc4qK8G5bG1YcC_8MyAan88WZSqe_tA,euw1,europe
gNrQyN2pKPgxYsEEN6xPkD_ipkfneKWFVaQSQilUqjA7vuXrJIr_zw6Q22XWxvqK6GF0tknDQkiIfg,na1,americas
S8fAx1bGwUa_sL6DrMeugYGoRy1ATwPFfd2PMmNuI-FlqXXPZ37jNw9cQALeKAXAHgQ44MKOUK478Q,vn2,sea
m-MK0U7hMAu6J1fqKoOl6NWxiKzy42w3sSpHJqmtzhLWOBlmQE4T7k4qooJpv4YPcWyLFLp4M1W81A,euw1,europe
V4lQ3DyDQELauM2Z6uXe29XsZtHgylK7Sf6ZqeKtmSwOy_dt5Vqq-2_0arD8Y8thkq6MvV5EOuQ2kQ,na1,americas
WVqLaJJbLrfyXNvby-JE93BZUWqYTt-zRYdezxz32wYUOLj1bNfg9dYjHEi9SjAxSuUZS3y2PFAhoA,kr,asia
o3w_SXO75KNVxIqfMcMbyA0YVptU_N5F3ifXe3IH4lCqdMDctn-y1qbm4ZG0RYYABcIwpFzUT2YSDw,na1,americas
1rOADcT6dIMWHv5Me9yFe9i1V9s7RVeUrWqKxP4ZNaU3aWXMCiH_hbqDksw2g7TQo_sjFI27rmFl3g,kr,asia
u5mpLAfRj0ldVmhp9TllOw8aIzXXj_VcPoJh33fAA7noMR9QeXGH-dIQcEuPFBMP2rYk5K02FOZ0VQ,euw1,europe
RvzNGljRrAYjjszgBeq6y1CdtEardzWTubornmPENHvdP-XCuKC-dZkqDDCRW54cvwRIrYsHggDJQw,euw1,europe
tYIHaffCHI7QRDv-KcR9ziGJ_VR5rNpZUJtd7JNBGTPBjUr4JwFIt0nwmnXXb9hWsMSqvLHDD8ltMg,kr,asia
n96OzDCtSOKFNuDR8pQ_CZ8bOdXn9mygX2sXhbtah-sJyOhKw0jMcokZkSRJ19mFFLR4UZ_wZj3W8w,na1,americas
UhA8qYd9MkNmPv4EQjlBlHSJt3jl99xvBKFBzsigRqqXq_RUz8XtjUcg4H_UbdQUPPc3W4tNSYaatg,kr,asia
fi6YbSOmheWSyNfcnz1nSJee4znsYfBosQD4zfHY4DxCx4D9hkgEe-MZVnLj4x4JLkxs6LDhpCi97g,euw1,europe
nLB1KE7SyGJmdiBfh0dz1m1HqgpJGpjSPW0a7d09rkASWKmhK4LNRLurXphSrnX2iA7Ld4LpAT1g7A,na1,americas
FCcInQzEbn6dAZDIh9DcpNyMASQLWCQR_LxKFaZmnpSfgqgKyyr0R6oL5V0imYED0Gyoa6e6zo_hKg,euw1,europe
qA7revnCS-baoPok7FrFJjxOr8sVbqPCTp7yJG8NvxGjFNUGu-ZbLa3MNfc3B8Vt_E5bFNepA8sGoA,kr,asia
noGgiFF5g55oGlTQGu6fubuzgi3VgkwGfHyJbGwoYZlsJB10VoDH3Cr8qnIX-76K4UPm0J3RbD1IfQ,na1,americas
rLno-7kw0HheqwO9r_smMZl0bpssyJHfh5fmYzWQrmStGQKOUCnngbGYvHaZP5ojzMAn6o_ncDO7Fw,na1,americas
N__PvG7h1G49dN5vwS1XU6W3LryNntf_flD4OXmm6B-4FLAXSv7zK_A1Vpar-ZFhBMF2ti8Z_IYMuw,vn2,sea
UzSoFRVJage3oV7Pbh5uTU-JG2ymWiSggn_sl5FqIcJ22RFNoku-75bmtf3R-BSjUlxzaqoNlRD5Sw,euw1,europe
6qFiAXHLZH8WJY94yJi0IhLWPK40kTxdSLrTFgBzwaNb9ncnIG3JMEvgNQGKY7QlzFZ4xPAvWpKExA,na1,americas
r1-7ehxaxdVg8UjNhmvviKcOxql8XoHtstGtQTbPkePvzFLJUTb_DxEtpspiHqsOJeXyYHl3gXzWiw,euw1,europe
sEelhdKhikwxiiFBUGvz0ocs_lqjISVdGa3YvpyFD_l0uAYfp1UVzL_GsE0VyzOXX2MNDEoaugD8og,vn2,sea
y9FaK4bhTxEYPxiEvlx8lKyOShQdtbyhHs_dnJ8balIN-zvMqdDHVUPlDNd0CoCiQ6tl8MpL_wPZCg,na1,americas
sEVWh3wx9cjhIlp51z6nRzXeyiW9hogoYYfLEYbx4CA-S95owcheU0Pr0bJTZ7Vx8Fds2kHRdvv3ZA,kr,asia
i1d4oYGSHAwx9UwrPAc_VJFVNCY23Jr-jUvNlcvKDwprl1siS3mPzpYwsBhUlGiN1ZuNE-p3sZEObg,kr,asia
9q85GdRawLIbgSbOZyPr1m_u4rlLajbkTna1KF6TcOKQ12ywm50xBX40IbCnMrgzlYFaEwfsU55wBA,na1,americas
lJh6kaxcoB9_jN1P3aoNjREoPeubOIxRQJp4wakrLgSbcjmgFpKZFBBIaxb3AAJHrwD4NXgn8ewXFg,kr,asia
pKTVCgn8pon9Ofz4cROugLBSJT-B73ngL-qksPbcY-6I22Fk-gAlA2snQiQO6wKJp2JnHnyzo1QdRg,euw1,europe
QsOxtLUikUCS1tmX4Oq0UN2H1TczgyCQrXBMmNsV2MoC4DSST5c3dhdkZK118VDUZWwYANPyjYTsFg,euw1,europe
zu81azLg2hIyZqq9DQiIwtu5hGWfMl2CVayjPKIrZZEMwtgGDFcGozHwREI2tdAH3rdurxzGfp0b_Q,euw1,europe
Gy5f4z-gMrGbrD5pdRQzIvD6SD9D2kT8GwTFISlZv6bs9YTcGyqQYVolbKqSafvzYwa5tnB2eLrJcA,kr,asia
ELnJIhGdW591I7thgDhgCHm-ZvUvNrQ5KV9jrmGI19FJL1y9uXOmy3v5yPh7IGhxpVO4VQ5WB2cfnA,na1,americas
ae8EgV0qx5fkV5Qvf606mR33kH2IF4-rokMo6GD9eTYUSl88KreWaMhbZ0YsC8tqDGW8xua0X1u7Rw,na1,americas
QXTStFse3tb3Jjim3MnUTSlrIGWoAcuva5nfEcUGurBJgxxkXQYIOezHxY_chBx8MInRNZohI-6sBA,euw1,europe
jlCOarqtsli4bYId862yqmlyDLsAhDpx2FTArzU4t2SEeCekOKiiSPIgG4pqRgUPA6wgChxJjOW8WA,vn2,sea
xj9l0o6DIJjWZeCHcNBD1f7D7Uq1aTwGkN5XU3j7wMDxJDYIrDLO4GBc2uo_imy0Mmgg1x3pdIE2yQ,na1,americas
g40mNFUEnSa7WAtXa5noCvyQFKYjGx5XU1Q4tgIA5xGIPkjdHlESSb4MQhyVcc8twPVvu4ilQtnbQA,na1,americas
Rkf0cikEohte4mwFYOeKklGi-tsI1xJ9XGOmoDpSiJZfD_P_VPNuzqxDRcGnANEVjEhInvZ2GgIrBg,vn2,sea
3oJTGcvDLbf6RrYCKAsAVc3Y2w2Q_RiTkg-u6UvZRPX758k2OpxPa-d8H1DILGpQwycfUoFk_uJdJg,kr,asia
iyfg2UDKOo9-acOG5QYP68J6dHPfO8ibdnJ8u54zxD6TNBgPTCKCUTLgUm9ksHa2ZgYoBAWkMfDw3g,euw1,europe
dlKFD3Gufkvf079SyAHvd5KDalKn2F8INhlzjvFD9C_wLd1xXAixAPyzxsanFBK9jdkZXojPhbkJcA,kr,asia
wXIzxnt6gmBZnUmWpx0ialJxCj0Ec6kCMgfwVQNVC_xzkNxOQOYnwhtRlKqwXpTEEBWoyobNP5PiCA,kr,asia
zlFIEgJgKZ3ChyRVz5PvS_u2NYO75o1qIhx51zP2iaNNo8cfVKrP_YGjp3hTIBJvZDpBy5TwhqTlzQ,kr,asia
eULa7-7XUuzkCNaWOqFTa12e05njcCN4uajoxRWgaLzt_lGQgGTMoUDHnRe4X_rbXkGHQSu5wMIzug,na1,americas
5i6qhNTJmM6KSE1EmAdDdEwF1Nii6pe3w3FzvSQjptqclLvVGoso8gDZWS3Eyy0TF4lEZ8ZltB_84g,vn2,sea
L6dkveOcJFNNN4vo60Nz-nzBql354aQCb75KeMdE-Yd87RniGaNQgVpXL308-VtBZYQaCj5ejjx33Q,kr,asia
wsTMest3QuWwK6s5pfG9J4IAS2SgGO1F8BhN5ANG3aNWN15D0n1owi9urE67i7WBhYt9UihLphN_dw,na1,americas
cnqR8PB4zHPTWnmvzwyt2iDE5XCydvQXeYP3tDum8niZzUPr2IIF4YCYNP64SSf0zbiw-wyfdQEecg,kr,asia
ad69gS1wawzWUuUy-2eCpJ7aYD-MjhRBYzXXE7KBAOzZuL0QtIbyooZ6jXk1NrHGooJ7Ms7wOLsZ8g,kr,asia
9gARy-RaVkeIHY6W4CiRYxqRbbhsiPwSoJ2B6cAMZu7spCBABBn0ljWSpTOFTXPDcAGuIYylkpLHcA,na1,americas
R8jDHIFLy_FEzz5McQj_Z6letvMKNsZlDpASnnlvyncPPt_Fq9V8OGJ8kTKCpHZqXTmX9SNInzTeSg,na1,americas
sZ_uBlmKpp0DxeIsmbcOFksyoFIBJSQJPlGgkd2ZZm4PS3T3dl7gLU_T6NUMVVA3J-7-7J2rVHijoQ,na1,americas
_rQ3q5wzcRbBzBpKUIp0QUgkeocB4LxxH9naF9uUregMv1TqQ_s2PjMb_0nZV13AcL9hJEnXlS0LFA,euw1,europe
8dv6UPPuN6YJvcsy0NHrwTOfhk9Zl2tTwOAXA-cgTns87P3eXA3523x9yEbovx0pCLVA_Gj27AttfA,vn2,sea
iMyrOANb4KD9gmVSxMCfaWJFEjO2b8eAHc4lw1qOEfe-8kCyP79h_jhW5ui7HeIifvP02Ij44Q29fQ,euw1,europe
mL6fo4xMY4dpW2Xj1lw8UrBoCddrnmLINWiis4FlmJf7QlaiDpO6ubwE8IlBHDH9j_vqbmDvVoT8Ng,euw1,europe
2iafv_3UxE115YQBgjy30AFqYbnAgcaLzahAENT9R_Rtj0jdTWugeaLrDVVbTtIP0c1YtAovu2XQ7Q,na1,americas
S9qfKzSzJPX2s_It9wlFjE3-KM3ZJfEYXl3PqkVzPGjLGdA3fBJdG06V-MDvHbHCWO9Xgu8OKhr0QQ,vn2,sea
vCBaT31vadSyAX3vVrfb4iHZ5OTBzkr5YBwhXmY7ZAVX8YDUb0wYJyjQ4ecygNq3TjMJG_a3GpBmKw,vn2,sea
UyqtYUr8RgD7oTTTpof3QT20B43-L84e2OczFmyaVNROZIfd2ynSM7sLf7S4LYgXhDwiw9bt3770qw,kr,asia
3yLcZMISvzX5A98M0OHAhcJG8RZpBXk2zqy3ar8v0KNRTlVlzSFdJ1sMBkHtN9LiJwZTWNpMdwy13Q,vn2,sea
Sl1MdXGA3VXXUG-OeWRHeUgRmQWVENcpW0OUogXv5BbBkkcNdMEtwk3HkSHscoFX-fM8RiLbICHJKA,euw1,europe
I1ehlQcTgOwrAH9ljVsEHfqHuqCG9avZsTSpMGCBfPvAvzhjXMmId3Ol_xw55arq8GOJPr5954jAhw,euw1,europe
at5dXWdaB9EHRxn7LjS3DCLcKrJt3CAn9Xl-kmZZHv2Pn6NjoMLb5k02Gnpo0o__g05-GAPBdTr1UA,euw1,europe
K1dWfC0vl1npyJhrU5tbJhZrWYRkVMHvLaBSGv4NX6GMGktcIGndEovXVq-tstOy72o3gF5XKzNocQ,kr,asia
e-7q2Obxc2qdF8ImAeSmhrqLbEgANdK9QO9Ryzx9DKVsajxdsO3wVS21Vn7ZTuh4ZBm-8iL_hHGQgQ,vn2,sea
tOrqZXfbxgN8HRTf8M89tZpoJvDuaTQO7DVfjGS-wyf-wTUHjP5djLPiv__oneLDGCvn0mWaLLTXwA,kr,asia
FeX0RmRrCfcdkNXjyJrRNDH6TiImbmIuyMyvLNgX7E3c5TKOHnoeQ3hByAFBDHwIPJoPqiRY0amaag,na1,americas
HZOeKlYQo0qLILzszDpwmzSm1LAZZ3aPDmYL4XPtlfDQIi9ki0xqnvAVsAmRaVmknfk9L5aHnxfSZg,kr,asia
qd8xm4-oNZAJLVmtuhkqO1nAlhS06vjVV7RKzBOpXp_A_KMf3iqITXo7QYKg_eaPCCXjUuQp2YmO6A,na1,americas
Rte7h9eaETrZfx7QV-VxdPmPfLcj_yA1lQc3zb3EZ9XhAPrBl9mwCZqF3utLeDJ-ulh2wyXoGVRiXQ,vn2,sea
wrbYU1N3LpnucuUL9JvjTDpREmGPWS0TcOM1CC1x8fm0BYYKicVzdW1kGi1Yk4AGpDIjtdRDOnNeSg,na1,americas
xNNetnLWvI5t0CkIQiJT2RflhHmbxe6uG3kfuVAo0w1oShKTeWKumm48WHWtGuUZks__ORG1M7MXMA,vn2,sea
e38XZh1abj8zzj-wnyjwFkQ7G9Zda5cjq4Cwv2ocqPwxpf2E01JVaYzZOaDU1qLVnAR_DabMGM75vQ,na1,americas
VVbtbvqkJEsnnCBWBHPGs586ehz0YRxnkDgTdED6gBPegJmT7ybOj8DhH2sZDscv0NDG0eDM5YYofg,na1,americas
nMOKQnQwrBs0LymcKCiFA-skViaGBbfaFUBDRsl8pnMtMxRph3oY-Ba-z-TwX4RFlhi-5tPYY2kEXw,euw1,europe
w6Y4CLuDMDt-z8KCVH3jTIifVAcXhBaVHTgaKQwy0IU400DJZBufg2ghEGJx8CsEajqCeMAT5kq2MQ,vn2,sea
qbWOhOY2PxUubqikOghIwpVZrI2Gj4YyRxBnoDAPaMFS8viP95aaAMPTksAX-v-N3sg2hWLrj8utgQ,na1,americas
EhNfouqDAH3Ynu4nUff_F64gWEVEb3WiTrUafowR0jGAhWuXNmFsvdidFoEBanm2WAC8bMN6GZ82rg,euw1,europe
Q5QALpwDJh7GJtCvVsiBg1qSU2UwQLNZ5bHodj9jlStsg2N6ycBtoaXpDXZW5OMM-tNcIHdwBjz1Bw,kr,asia
HzoFHtsUDDWroM9_TM7cyHTX9_elldzNmNeaM6O1wj6Lj3qlk7r-7nuhWZoiNDSKP6rks0slCIebLQ,vn2,sea
V4sDJvUzUII-i3oa5upKlyPQqBytqBORamPweh2YUzEDYl0k37Viv8R6by_K0nVqcCX30ZjPKsD9yw,na1,americas
G-OFNkNzCoJl-1BAYzg3BoTDzG_5lccaXlkCbXrleR9dSbX_SDUOPGqE1Ce88BatGDu39hxX1JjqBg,vn2,sea
oBTNYI_9_CsmlO95cs7aUq3sxmWdr7lt3Sa7Pet9ee3e6iubDrx6Yg5UVn4I4mXknLUJgdrFMaN_UA,kr,asia
xc5idsjG5iNxNvAKt0wk3Vf0_SSzRsepIB3dEbSCNsIqJ8xrXgo5_8iF2qhAhbw72j3Nr2XJ6Lu15g,kr,asia
U28peeyGRINxXTujKvdI-kLPrjBA1zf8srUEhnTywl89XpCRfhyAm1A1TJz5KYg0U_Q0iBBJDAPsVw,vn2,sea
pNBZMJej8V_nVKHk_tzvA0-5Zn5eAKp_MH-4EccwMyIXOqBrlPcrPWfZ3J9JjUT2B1K6KiecZH4zKg,kr,asia
ND4c22XfTTvah_FypokpQJ7UJfnxzm5qgdVHr1ks8bXZOLj0QfD7ocXGyV_q4dlVFG3lxCbT0iHWVQ,na1,americas
M4HSsDx9jx1rMt7iUWeYd-9SX3L1og5BbkA4PCDQBymloNyUkD_JXmpv8CmvLP4LN30nni7l_kiNtg,kr,asia
Lk5iDtYXhkPkwg0HLFc0ngudW43B2_VmOQ6HIJj3ffCUfRZyIYsAaq43nnky8d81jwA64QvJrtKPcQ,vn2,sea
1JzDErmqqh1-JbJjDGJhEw5F7g45AjX-rVHS71qQzlWNwfwzsJO8LAxqRMySLltxNWjWB841ZeEtUQ,euw1,europe
cdFB-x--UDRE3FhsPisK2-BXCgP8XJOrfBYvMq7OnjEJ8VRdv7Midj5CnkI-P4SemdJbZgiK4eB0PA,kr,asia
M2jZC6a4kXD9q5Kk3kP47MLFZzAU7Ep3_7fIDZu-fEIVCvaM7RP9PcqI_3bN0Cv3fhfH6THpMgFVTg,euw1,europe
tVsDQNvJwMQXlXFoo4ChlfTjbjea59RGn-0-6J89b1KCLxlMYp0rCy2sxuPRWTzS1awPCTm5oCtePg,na1,americas
rrJrKAiIicwsvyJrmCGVzpBrGWGX2rQEDcAT4gqtnbjgshrrNDGpOTL0u_rAE-T6UCCRTBeTGzJcWQ,euw1,europe
iBYCyekxcdKqV_AP9_a13xcAA6_Lxzp296J81SVEABVWkdFIpEdsXY7P4OZ7OlX8Rab_T6LGEb9rQQ,euw1,europe
cdEAhvIbfsSA6zPihl0edOW1l7gaRjt5JRndHgfyRrsFujUVZpRKM0mLcdIuzDqBwvo6nqPXUcb9IQ,na1,americas
NaygxRPgdZT-deOcbYsE1j3-vUthTRebhpkcp5-1UKuOThkkvJaiWYfQP2sHH62ONZE2GAr9UAUUsg,kr,asia
wScvelOs7X_JSc6ymj6aWG_9NfT9bv4veELRgWk04_6UILKS1cEuZDNo_-AxWVU3owTVNy5nDC2qmQ,vn2,sea
v9X-8oGGrf_gxNHCfRgtJ2mT4nzuG75RJCfJhHxAF_wnCUXVz1n1biDKd02M3pMUrK-wM_uNyKvCIw,kr,asia
GouQeFWolMBjXagww-gcQnozvF4cP5qHO9MTOaDUV9qoWB2Rp32LA2r12wvgiQjCLl9qJ9RWeeqWfg,na1,americas
7xIAP4a55Qwb-juGKeX4Bndnq9f3EMY79jFQQxAU5CDPxB1FRAnA3AnLXYiAQGwaC47XLqITYPcSbg,euw1,europe
UNito16gdUi9rmcZEBE3eFBlEJDOnf_kLwqkt2RQkN6rytRh55ALdKTXPEUGDHiN1BVIy3vOYzFWmw,vn2,sea
H0_aL0mGws3C9jQlrWRAmDqVm1-30S_3UvAYAXiGZyLipEXjg7NmDGGMGn9vyr6WVzk4u6SqU1D0bw,euw1,europe
DzWMizMdVb9K59418Xh5iPbmtoPIwYzSuV8krR6gNQ5ebTdp_zLvOkugmtYqxG4JvOG6QFIfiYJTZQ,na1,americas
WGcwaqidHEsuBT2UZZInDAGnx2AR1m3oMUQPdFdIG4_Ombuk0sTx6ZMn9b_r0Td-R3Vgd1ib1n9e2w,vn2,sea
-srR1XWda-bAL38LM4fjOfc_Aw_vwG-qBfPGIajlApuaRrmExl0EZgE3GR1pM6ww87wKE6Dl9zpHTQ,euw1,europe
XOCXu4uzKauV8fCJuXAuJobV6v2jdqafPV6H7lGNQ-xsgx6jJRf4_j-mahbYzm3cKgt1UI4B0Yi6wg,kr,asia
PXuehzq349_jZFZz1XlE3CBnqgGfy7tgLBai6IaE9v2LQSDLshCCaUp4oiR_JYQDyp71Xdp6-sEq4A,kr,asia
NWsQTQkBJN6cUAdaHFCHO1BN6TUNDPQy-sOFyWnARewsKmi2H86amK3lFNGnjF-NyhviUvKYdpjVEQ,euw1,europe
GigTNfOn3jfkWLPWD7hPc0Fjkn_iIqqgoxIniEoPkTTUE-2njkY6C63l6UZIW0YbgI5em7PRAT9Y8g,vn2,sea
fHu8O-df05VhWbuR6z_plh_cxGfHmg5ENsi1Hf1fw_AhOA0-lpxavydDkGpf_0-xytbaZzrbbeFO-g,vn2,sea
bwBIVRLnXyN1w1wF0DX5YLz9raemejPU8R8y-F8xfZ8U35Qh4Sv18IERrnm8lliACtLeGdb2KTIguw,vn2,sea
mjkJticENUw-X1z2kmhFCqy8c9gEF3OmwLfBpPAAvSwjLnEGN-owbGnMzbZZA7E4RHNBhF9Mzn8zZQ,vn2,sea
_3-I8w-bzY6082e-m_k3UqYnT5tIOJ51olUhZ7KuXz6_qHOH84jJfxPIpcZtMh3FtiZyS5PfehQnVQ,na1,americas
xq2Npuiz-N89MAKYsd885g7_v3qladoQyD_R1sxqu5l961P6nUY2TwBIrkZ-dhO5m3VzY2H7-ysMQw,na1,americas
CPVmzi1Q98WOS7p6VpRQ6DKX-B7niFm0VJnNUgEvapv-ItaQ-k3lM5A6APSgVDu2LpDaI5YmsoKs-A,kr,asia
Nl0MNW1du_YsVEpxHCtPTBwqSEJ-o3EKb6_c6x3ct5YS-eJk8Sh7rtZmViAjwhznZ2X8Y4U5XLmKgQ,kr,asia
4AZdB-_i38TzgVIpAb2bNW8TXwZ67zwVgkz8gdUqgFlUCTTIcAJXCREVd0FzrZdviZVpRtvkOZW3WQ,vn2,sea
GJRDvbjF9mK8EUyplvGl79yDckbbyrfCQDQ4fyGI9bUok_6vlA-0aXLpaDLshIb5PsDYPiE2AESWhQ,vn2,sea
HxS19mO4L_KEhCyZNi0FnuS-qhw5Fq3oSqdcxm9tBYwiAcQBFJ-ZEtqMXQaevgM34UamgYU3DxKIPw,vn2,sea
7ypArIG6acDiup2aEIWwrviPIMBs3CPPvAbDcATPrkWnbmAFcNDhD4kV4jksHWib8PZGX0IgpH0Nog,vn2,sea
S3BBDSPM8Mt36BQjdm79SS0VC-RysCM9AWLwVcJixvBJ8dalcoZUsv_mxH0pkbg1I3BlwF1mWx7d6A,euw1,europe
1URee6-aXRdyB_3GCFRewCuR9uyj70F0Vbbgkr1tGo6B8Efe-Yvmf52wGibQB3kjbRwCa68nsmcpRA,na1,americas
omTzxSMwbaLuDfZpzw_bvDl23UnQx_iBMoETlq6vaHIUp2ZXA-BhjiEHsRFPVpSLjSJWzNucyYBX3g,na1,americas
DrticT9dl25iNADvQOZ5r8W-O45wkvtBecAeGqprWdXEEXBAa5f__aQi4UJm9fQxfwu56a-AHvHl-g,euw1,europe
HkA00MnI20A0MfQQ2OY0J5y4BeNUICgFh2AcKMFeBgKC9ESzAfjhchOk9kcINCxeHK-M8yn-_E5JwQ,na1,americas
O9_T3tgcjyd2ap7iupzRUKxAAHVSgEJ_nD_02FRcltzetzgjuoVs393voPco4b_oQD8F4PeA-C9lOA,vn2,sea
8pwD0USVJw6aRi2C_hkFXyjx4rmn-ofGCQ78NYFfmF76l2IE6MaA5qvdffhlCdcnhR0SVr43-mzpAQ,vn2,sea
YBK_ypkTmGhRqgRn6dMqeCD9K3u_0LShO2suHfho1iBLm0-IWCvKGO9nbDypLvbX54za0s4tmtxvtQ,kr,asia
iJ0EFLh12ouDkVrBiMf2r__bAi4eQ6AnInSlHDnxxMwP7jR54jor6lYJHOgIdoDvDWXvMpein2EhNA,kr,asia
ReYI3gttRmwfUfGdndb7FlBhDdP5B342rUX45Ay5GmqNt6gR3Pahnb192fhDzfVNVCl9d0bgQyWZoA,euw1,europe
8gQFqCjEqCgucz55Xo0FaR8__wCtjSX_uQdY62EwBqaJakrNpKXN8bil2SEOhgsnOz6G1allTpTJ_w,na1,americas
ZKVb6UabFEAQmyR1fk721dBvjdJtgUjbNwWzJk1A1HT-ZnfRxTA9NXnE1bPBzo-qTfzBh03hrNzGjw,euw1,europe
7eCheMoV0cgV-3sX3T5DGcGxAGydLHlBaLhGNs2iCduBnUFkLHvfQpo8SKmrgliuqfBqrVSzbrujNg,na1,americas
_HH6Y6wIibe7OAHNQO3v57GS4_YXJACdQ3NO3F6yeaad-qM8eu2sY98alj_LXZQ3O-uZPal9xeSZgA,na1,americas
EBIJ-CrMwwEtbA74kR392s8YexkxInRJS_8RNM2On6wCQWOO-jVLmLPWXC7Q3uor1HSdrQ-_ok9IeQ,euw1,europe
swSYS9i7MEy0FYHKE6txdtHR-H5QpBA6S7CAngifXLYc64t7sohGiu392eyVbvD4fCb7lHTMRPdDVQ,euw1,europe
qHhLiPFwN6MTpKqA0q335Ehtwhy8nbNibP0uZDWWkxNtDcX9bb5VPP5pkQ4QYtj6S2dwSJ7KX-7EZQ,euw1,europe
Ie5rwWBCjH9swlhlYnqJ_wlUMJm6nVc4oA62uKe3Tvc-XLpwDIUWbDynKYcX_gmw3ToybRSVI_bBcQ,na1,americas
MWHM7lN6N8bYjLlaZQcI9XM5iEPNSOeTB7ClRNmXNR3OEW3DNRpD7aCM5LPmA5QtRaSUg9hlp2TD5A,kr,asia
tz3BP54pFHFo3VdUNGzCj2Kmd65BLSxKDN47jmihEYYINT3nrQ4W2iA94kveOHhxHNCjPUeYrHklPA,vn2,sea
9P4bLWZtt7pzf6lNGji214JfdilaZmqzm3djW13mQ2dKpGr99-h-Z0X0BFNj4I6Fnvgg9WF6hZhsog,na1,americas
dhkZeNUYjTnHOHl0p_3bq85wLMGV99NoXtFf-fBFSrPvwwyaafQoxHKpryggCuT3PxT-p3PFY-mb-Q,vn2,sea
T0BXTW4LPw4xyhnKsyt4_NUp3aafVCY7ldl79k1Gu3v-sJlgpoThAoPeIBkJ2u_k5I5Wv8wZT-EcMA,euw1,europe
R5OkfsEmt_aTvHGy9F4qixv3rit00wD05sZNFVazPlbwwssnNtexHhjiZkLsI7RvMKlSurgjwhqQ2A,vn2,sea
XNvLgcLPl99zo3ugQk0-RDUfwU3oz0ZyVjNAX_yyQkChU0nfFOoUUExgoaSG9s-cl3Cyw1TV4QGq_g,na1,americas
zGFDHtigevYOwRgibJWSVFNQFCsMMgNSj2oRvHXFNvDRGO1ctGAzmJIQLchTXSMBKaj9X3A-Bt5jSg,euw1,europe
EiwTrxodJyiAyW6a1ZvOg4A6-ooCc9CxAyYBAtmQD-Sf0Ge1lqS9T0u2mb-RqgHtXi0pEsWVnILi6g,kr,asia
NimVroZ7w98bSg342682q42KqbksR-hqMeMzSKuiUGXShYQRvkcwFFvf5-YCnU4HeriHtyxE840GOg,na1,americas
58fM6R_JB05BcWsxtADup--8Sak6hSa4JGLQSMPuRqIms65Gn6ACVnYf4lJ59yEyT98WFPgEirpZ5Q,na1,americas
E8xGFIkNoK5ceqFTWnCKGAleF7jBWwrrOPkOGOZ8ZMbmabjB-Q1_WmhM4pQS9KU5t7PhqncsQrJ9jw,euw1,europe
vQZjFjmENo7xnebKDcpvekY-G7GMTjtC8mzsRDBa4bv8yc9oSZoTF5-G_4Ajhn63sQffDYbTBzwM-g,kr,asia
1yd4iuVM0k3UsyHECo5uLafO-uJYsjxKdnP8g90Kv5i_jxGc0YU44yIIl6Wp8pjf0R59M7rGvkmQcw,euw1,europe
w6enEL9v2yMKej_cSHxz5hG92-6QDwLs2LATLj5_afPSVCdDM45J1w8SrDDPm501VdLL0DLDczeOmw,vn2,sea
8we_vvSHIb8PL6i5kpHgXaMnIkbBUg44tgZwvbsWK-QxpGCK-MLM9wfHOuW45ERmkA_3YKTCNeDxNQ,kr,asia
CmfESyOJr-lHNEydN7dHIFSQFlDKtC64SOdS_H1V-qu8b1_1ED7901juM0rV4s8kksheOwjomVqT3g,kr,asia
tiCMUoS0rIqwjFDyUX9m0kH4Z8WruA7iplWp-F0Kd5CP03czSkMFY35LjeTaCvm0raxg6u32af7E9Q,na1,americas
hf50Bu40TvTYjIjSNYgu-IH4wG_9z-wO-8nlntZ324juXJQwTwnSKF6FY0g-kz7EarVZjldbHuJ-sg,euw1,europe
9JSj0cRq1Ys-AD8P7XEsTsP9iaIsjsGhLga7P5UuKeohMBcuT6MZJ6P3I9JspgcfNXMC-ju4f_TOFg,na1,americas
BxPH6lAKcRrEMksve2vG2knaJ9RPRD-nAd7Uf_8jHKYAJYXfeiLiwyFYhzrtxxuHqOk1NO3GAIDApw,kr,asia
TjWB-oPnNWaDXdsQWW7PDG7xeHapf_nrkAgy395d8VW4f4QS46KwClj_LepLjMKKNbg8Yo5ayLsHrg,kr,asia
qzyEwbktfWRLbbUKfTTVAkjOczNQJuFknZl0HTbh0jbLmijPaWuEsWHaazLSOyZK6CNATD5RVn60ow,na1,americas
CYz_squT55FdtI1gvG0rzzPQr59jFYH_r-j04jSbT56fF-YMANxb_zEw7RKUQ8F8gP6biRgwBjA6vw,euw1,europe
IAtSkMWMcVopPR-MuX53KqcOx6_SH5HX5BTUarwLahtD-ebo0aqQ0ia3u_SIt0lKpcGAK950AaIC5g,euw1,europe
NcyCtZNEKjnDseC9xbeiWNJn-ebeM19v6TTjVimFVmMvIIeQDLL9xRPyB57Rrv7VXTIqf5gglUQDTg,na1,americas
RtG2t7KZ0CnRScLMA2lIZtBLCA1Ttdw2jXm9PSM5rb5sAcc-8mcYXdmDXJEvrqXFWTyPxJS5j6kzKA,na1,americas
llw92JZGFspIw2R8c4bkcUUei9It7awPoEPzhHNmHwUxVklcKIHPcPmWEqsnje_RRzms4zNjJxjx4g,kr,asia
1ZMb2jcK4dKQbZOdMagzLAhoNy5CNPrZ0helzOlFbo2yvtDXL4fvSn3Qs093wSOnApYgSBRHKzMiLA,na1,americas
RcoqHqXt6Oef5KsPQP6Cq3GNnPPa9KvaT2vjjpeFX66jObzMLpzA-OnZcGPrObqChLYuXpVodu4KnA,euw1,europe
6NL7X-0Hcqk_TA5Y_-NdrQK441jIjqVSSJBJjO8E06EJk-KQsjg_t7g7S4TrUA9n-L0_awZkJishgQ,vn2,sea
53dSbz4oCrnrdz-NLX6kbRmIB8hS1s-hPAlKApnY_RlJ0zrMX4vbXmiBj22DLGcnte1G2NCMlDKZCw,vn2,sea
LaZWSIYoNFXTkSka_CQxZmWptqwGVIu0b_qLeCBx_nVZ5rTMziLDumfR9D3ajHWIYfbeyN-JJYMyqQ,vn2,sea
pTAhmlAxajnogJdWMmrXZMKvgm30-HG8GOcgDhrZvM_OllnJOwqJv884OLp9H72Xuy0JMr0RgEB8pw,na1,americas
SeA_YJkcq1xqJ5zmmfZBZZlKIivfPv9WrYLOxyhZDUiEIjbV17sHcYd8CtOJkhJhvVBbsKu9QBxq7Q,na1,americas
gyNawqpgZpGej4AwWvmN3bHet8gZTqv-DCe-CtrUgVzQqszMf3-PiqbVUxrwzbW6xmqElO3_rtlzAw,euw1,europe
3AYy-TqJOkuYuJhnqIbGDNFS5GUSLMdhWNUqytfz5WlBLKGioD5AeQIUGNQUtvcnDErzZSM5AHGIow,kr,asia
6RyrLD6Xoe4X23rV2XykNPMd4EoOP9aovxmDMR8PLwLiFNO_43FBxMmDCsfV7JOOWbwX-7ZHeAO8zQ,kr,asia
LTY13Mb3mP5941XlPl1GT7-1oSjJukLBolGpDjnz_XwO707BmZhm1zPG1r8IyfDpj-Ocu81cxc48-A,na1,americas
YR4mak3iZiSIL5qhAFNVe2LX8t8aMvVffrXSq18N88eAVDxDg5phxV_9bIq5KLAu2X-eMgbueIsC8A,na1,americas
yymGqSK5ErUsUHtHRM_VCkF6qAJwY-wUN8w5tebjDaTc0GIptc7hOM9g4sLx6k6d_WAGJ__ALyO19w,kr,asia
rk_cWQor92DWJs6oEhGC080AAhFYgkH0Uerq7fPz8bXNSiToC_aO2p5hhuNpEzd8eskDCFogLu746Q,na1,americas
dnkHdmWdJRY8abUeLhV2VQ4BGuzwtJLhzZoJfRfyvMwtVKQDxooEMY05lTXHOSlMaetNmVOjfPX-mw,kr,asia
5ALbvueIZz8xKjTzY6xngTBRRfQq2Np7gF2MX2ILWHwQbH63uJVsyHkIaHqxpddwlklG9ipTRCXWEA,euw1,europe
4zboPTN7pH1VmfqbVcP6TrvjElGTEhUQRXd2Kqtk1XxsYMg2wHYBDM5NVW7Jmw1EMXAmmWNVseLgHg,kr,asia
Dav6IY7HP6OAupHvxITXYow6le7sX35qfhPWywNYVzbmS_POjRfdRurgjYSa9yk9a0NZ-lN_GJMZGw,na1,americas
mlxmBTCf6gsB3oTE5-20wWd73P1FQc_GrSot1GsYeMv-PQKCBRh-OINkjZMKz4SSnL68dKVI4-J3cA,vn2,sea
8ny4IMyroJ-xYMl80_jPqVB1WOzNwvp1TlWf1BQwi7G0uJAe9wucsyfmvIvWGad1QtJu02W8jOnDGg,na1,americas
7K2Sx2uf5jSuFLjw-50Lyre3n8lipkjztJ3LNvm25eioLKyxyA51valxcDu_yBwdSYZ7YxqnoA-8_A,euw1,europe
DVV8r654oC3s4sE4fRJb5uGr8APX_RXXArC9C_7zZ91jm0mxgLlb8EkfR6hDsR2q4YtM_nkzfSf4Yw,vn2,sea
RXL0Drg0BdVrhnAt_r1STr4Z4sATVcpu16z1czke2rolCLVntGqQ_pkfsEJ_ssJjb-jAUunRGIpZ1Q,kr,asia
oeU-PhobMG-8nB1KOaRx0mzfPdjCr-YxKEh1WydHuFlCQNkyiqKTwVGWxYS5VOgRnraCNz1_ltn5-Q,na1,americas
fEGSehtjV91Uz-UfgLHUJoVzC8zctxattNFJVMO9x_3x17Ncrm3Use-8vAMU6C8zp587GCyC21qYug,euw1,europe
OVdPekuz29j_n1EttZ7IMW42HZQsI1tqFNO3XLl7HFmxW6SGRkyXASOhpQeyiDbP3MAJi9CqwbpnQg,na1,americas
snd_MoLAtK82FzYBdmcPi2W9x1KnVY21g9nVR05y4U9aWxfLkbokklf5-osI8W94_e-PRHIOQEj8Cg,na1,americas
B7Zeu-fp1J3n-9K0Q57jgR8M4H4e1hc8w-x9oFG0_GErDe7cDEKwghBpvm-xGBq6U80UjjLOj4ASaA,vn2,sea
gAR1htptunVBqlBsRdnnKHgiODrhS_rUbQcjApQrdLO8sD0rLFDDLR_Ndp13wBjOI4ukbUeAFTsIcw,kr,asia
IwGwQv7gv_yFI2E3i4hhdkwQr6l31fsXy-j9i96IAApZiA9hv2ohJsGTJ0h0TqIcED1qefovo6n2Hg,euw1,europe
BGfrqSDsyA_Vb4IhiaJW3Kubs7gvkDTBCGlFTv5JgOXYuYKThyPzeiZAEO-G-Fu-ClDt0OM0bJPEKg,euw1,europe
fiVDkdl9jqB07guoJ7mo066zD0gacy3NFTEJ2T--Y6gyknMI0XxtDLL8tF7GYg2jJEZmXs7VPBOmMQ,euw1,europe
qdI0bozJ0Noj7c9AZnAL4agEqJgN6cKRfybgNY7nxddGjFYT5FB1BKC6sOO3JgO0FJOeWlVCXz1Wxg,na1,americas
4jzodQq5p9x3aIy0fL8UGk2GGd6CnH2GD713BqlJY8OkRqS2Ji5cX62E-_tqmrFOKPF3V-Ps6ZZCjA,na1,americas
u0yA8X-UZx2qX42gQJjV59vndqhM-ja_Mw2PqNHTiQaBJqHFBpWK84DjdVn2TblmsS3x4NbKJoipfA,na1,americas
73lUdyZGI9fdG0NyrbGktuOBNxrRtjQPF0AqCSnWICkdSuN5C_YfW2Htd9rKjkeUp9MhMIxTFhfuBg,vn2,sea
vNexFq4ROpoamcy7RdO7HX04DlqCYY2NeGSmbKBnuuDsE5HWbuUqIHkAIB76PanHu391qQBoVVgKEQ,na1,americas
_GgBDx0Z5fdj58ALshG3GI9PEYM01GJ0epSasg7IBHHZUM0NQSpPtYYUejlrUMd6X2e8n8q8Dx2qCA,vn2,sea
zvmulb_NZubb7nPIn_Z7VyEPDM7wspjAoPVKPpNDDPZqV5--pQMRvM-hBPCLrgP8mYNX7vkv32L2fA,na1,americas
MP-7MaJ2MUDBs6wrrGfBqtqt1bRwlwaQDq3hgTTugtBria5SrhH8zFOeJAjXpdvjWmZ1jWASCEv1vQ,vn2,sea
LTVyEJ-xzFwwVs_53Q66WCBynr-imNgH-cNIeJWCn56fsYAaKFTxhkULxvF3eoQBpwsTnm5PoArlPQ,na1,americas
cxODGgMEgYd4rzfW1KEE0hUHSz5E8b-paURFQ8V6-23G37O-s_Tg0hToSBonVdmbFU9sE7lJikv_0g,euw1,europe
O3o_vCtfWcuaQA-MX592LRotFiB3P8qC-PpJZayBdQAHpMJKvAqR4XzaOlGPCcLf2Ca12fbZAq0mzA,kr,asia
RrgDXG9JCZ66743zik5wWBy7Ljnhg-sPCsg2wcnI3O41yIewpWf7yEiQCLTW8j45uHEE9OCy_jYUKw,euw1,europe
VN4tAlFX5km2keUYzXkN8oIl3SME5eey_TugzB-g9er9vy1SJuUoc7KrsaIdfn1mHOimk542YJqPSA,euw1,europe
lht5VrPirA14Z6QgyplbVQ-wx3kOMXYVGTCizNFtpRG8FaqIDNhx9BIKitibc4qrpfnWj4FL6d6tQQ,kr,asia
XepYNfVWiqMnnAwIPSpAAFQn3_BQHPXHMEs-NZ1Ro2eXi1-oA95hFY6N9uu8cDyzrJb2NpfoN67gIw,na1,americas
7DgCuL_PHHZmiMvAczUg82ZkfYN-n3tSEuqptm5J2jJAvmJgP7CaxzwoWY4EhGEn0ZV0Y_uinLLnvg,kr,asia
uPqeC8_EjqQiojogaTQx8xsHpn7uY4J6zvJ_vgxo6-A8vN9_OGt7ElvTRkIPug4elXWcWDWn7W8RBA,vn2,sea
muMPGNsBbzonda5Q_9LqR34cEexFiZoSjn_2nHKCXj05IJyj5_kaIOBd3VQVWmpHNVBW63YvLcDq4g,kr,asia
6c6Nfuf8lsHVOQijn40heOF_YUPwAyJ2ky2uJapAQwHCb3T5Hk9FsEhecSWoNlW1HEzOOgiIh329hQ,na1,americas
Is8uzseC6ZHSmiB6icgWbt-fzb1tbnTVUCwbqPxWknAdWHMLPW0987lXDXM2-K-I2IeCTgr7kZPYkw,euw1,europe
iZ8PstdeA5t8fw_Apv5V9YswASD_IeXc65HQJ1MaIQ2_1FtPXzm78Ts3Zal6Mqc4DSJjMM950yPUdg,na1,americas
gqbr_o_dJ8uMi5Rj3cLFG0-L0RP3D8t48JEQKxLq-1YCncBdoP8Uwqtzd_vhiu1raVimyBP2kjP4gg,kr,asia
-oHqGYE1KIa3yleaqpdyPEQxigLpBPr38pRwEotH7CT5GTzSPFGz4qfNpQCAp4YXv1YhwyGDGaPb_Q,euw1,europe
YWPkIPGfTPOPVQJQL4NhSGLjRj7T9puBj9TPtlVvXmqrqO15H5Xks-HXN7bnJsCPkj33UhJEm6WEmg,na1,americas
C5jc16hVWCHEQeSzqWfDRCUCTIwJ-6zZyx7ZU0N8q5vc9aqBnLi3Iq_QZzHdWnwZLQPUoYpPoEh4bg,euw1,europe
huapsLtNMdiEQpHOJQ_1c069z_XARwRO0HqDI5hmXObqg3Xff0IrwkP7PS02WWV1-P4eQQHIQ6f1KA,vn2,sea
bFl8jJk0QYID0aIoNpQ5sShCP1fg6hizdEUyxnZUXoceHhLJLVSKGNhg79hi3uC4m9OuGxiHPPnQng,kr,asia
-bSzkE6osK8uI70SfpeytvBotIFIFrLiINb9nnXpiENK3N5UXPuwv5uqcfSo3ARn3fT5h50ljqAMtA,euw1,europe
z3FXidLlPWLhYl91EjgFzm5tG7-CmshsKlvIcgAAeyyeZWPRwafSMmSDf-RAaIT-cZ9KU4bobtm81w,vn2,sea
w1KByDUYrKHigFWTJNsEdBRDZRsU5bKnI33iGCMxfS5p3Rs0ZxS1RBffUtKFsIrc7HOKthYP2WG_EA,vn2,sea
VUqxCs6FaRGfkzsfV0fJyViC5PJJuZ7K7bh1OIqrdhsoQ3gRh9PgZh002LiqwcycOoNgyRJN5NQ5Ig,vn2,sea
h-Z-p22FcRLeBWjyLN8SfM2CxhrKCyIpjBFbm15gpJxmeq1O1a88qEEKCyl5ELTlFKGybUE8YuRf-g,na1,americas
vJZis6x2-TolSaQe97jz8fZ2fWbHZT61t38pJM1M-CMxSP6yOo5PX8U9Ky4NpPUTZRoeZhr-EAtC1A,euw1,europe
EZgAYKlBbrUI7kfCXE1AsWHSF_2hHDa0hf7zpV1AScxRzwZz6u0uZCN-MEY8xpynCcBoKCedPEzsWA,na1,americas
Cf6RUAKP6VO16XigaC6P7yfmCUDhNo9IDbklVZvjqzbu6vYuDdWw5iv12YcgIhyk41e1oSGfoEhl1A,euw1,europe
_uMTb_QzE1g-XT7dcpQR0OlLx0zYtwXgtmoYtvT568odjWjcB7Iye1tOt-2dtkp8Mln5fkMdOc67xg,euw1,europe
1I21H5DXQw23REPyivtQFNDlfaiTSGky806pa2i1Hqc7qB-MpRPKvCJ247NExJUu8TOR1QX5iivRlA,vn2,sea
o6Jv9XxZuPecq3kb-FfDW9mXIweteL2LFvSKCoydupRtFF4XR2EUHxPut1BXOHafNunVxjeuF-_C0Q,euw1,europe
gXJT9CCx0e4ZEgnk0cKqWKzq0GkpzBd-QF1JPeOeHwoP-9PYKH9TlBckIplkNsgK0GUG0XUoCzg5tw,euw1,europe
80qedW45Cw4mT7BVn78y_zTBe30025BYgOa9OHG6bMl6y4wzomhGx8dyiJCHnd1yoXjtLEIVTBJimQ,vn2,sea
yrm47e5iH8MSJ_fqMIB598_0oamEAx_W6J_tmp2TFTElwXiM0XTkptoul58jNmg-aHpR4KQGiJrtiA,vn2,sea
VlCWYQSmLqoRiQn1vGGmhxDYL5FkNS1gHgt5P6XMnCwh0P9v_eGDn3BbF6lPcwvuERj99F5KhTlT7A,vn2,sea
_OYXXOu8Zjp2Tgcxh2aLExtKXNp91LRuV267GoBSH4Gw7iONZlEh1f_ypmMc02jkMJH8g7Fys9uvrQ,kr,asia
4fxpJuQ3QSzpeeY8LW0luirs6UemK5TTgInZucFdjtsmuylspW1rwxi2yKAdkR2IuPoAUvCRnvkJ-g,na1,americas
-YelaDNqZ_pWLD8p7FX1_Agnc6uJrIE3tCaOvBLsEkWEARfKO6aBO4SiVc4IIP3MxeH5L5Vmz5ueDQ,na1,americas
TtSgxuHoX7NSQZzo5kwikBQ19LgIlcSXysgkPaYjLLbMM_y2Wqu1gUEiw1Ue4pII2sJGsFQrpH7XiQ,euw1,europe
Ufo1YzVOANbUl92fG_TVArSm-pUGU0WdTcinuDsM8Ub7nZ0_wml3yCa4EJ4QWfsULZMAKO1QthT6ZA,na1,americas
5xj5T9rURCGpBw4zC35EBrfeCltQ-risHnK9qBX72Fxtp_oDY9MYX3rvV7nh-kv28Dc5yYZT4qQUyg,na1,americas
UM7X39HDZqBbt2hQ5Ph3BUJcaWmyHfzuQcsFKmbxlFAmlDIhrriRqWLCkp7ecdq7qFvk32cjptHKAA,kr,asia
3B3mWntKx3_AIqjNmn-YuHl14fISPKtl8CkmQKA4CP5QvjTtQsqTDXEkzL_5QA6aLQ_6We-bDAkXWg,euw1,europe
4mHcMmA5oHlbZuaduJ96P1E2X44TS2HZSJmfiLX4hNO7ciG4NyASwYmGw4rVFrXQb2zhi1Cbpmil0Q,euw1,europe
6c_7lPSWR9ehBl70O8yr-NJ-Hfi03V2rfrigHPIZHq-00m6VPaSHEWN-7HhiZmD4OFJMXN_iv6jKXg,vn2,sea
LAzlGkFSOSvxykOBz9iwDDLSDSpEwIFjiw8VUd-ql8ojDXy-_azTumBdI_89EtKKmQpTG-nKGhhlbQ,euw1,europe
PJ7TN5dbvq1nvHOcsyUgY4PCKnr5jv_dP0Six5cldpB-oQ87VFvlXXQCKvHwftNbQbFPPt0V4_C7ew,na1,americas
aPru5wRHx7VngRE54I5a3t9y4S2jWfEN-M5a105iYZI5OV3dZVYlEgIqjR8_08WZdpqfNa4zZIuKgQ,euw1,europe
wzSXrMysz9JncLTC8j8zkdLzkWBfhxvGJm7GRYj-usUY4X5ypk1uC6K08syYz9P926sTq5IZGoogNQ,euw1,europe
hlh8iscH2FsYFHi9REjSIPZVxE_RKUPhYcrdNeoh5K-7CKq5cClw9TBq19acB7DZoSF9QAjhlm0JUQ,na1,americas
Rd8PCbbS3rH4PYwPZQLknSjx3GU1EpstoCE-kdErzDm0xfnrh8aiEiwLytTERItJuYGPqh0gZg2mYg,euw1,europe
PKdm5nXNKlRmznlB8SrcpSDHsPLa9BbhQ-ZWsV-3cNUYrQ8YpQW30ccnLPfLyCyfdFeNUQNkkZJRjA,na1,americas
YfGMIiAzz8RxMhpuSDIOvXbJ4U2XF5ecpEAeE0eD0NS7AM049p5xu5qvitUluRv9OxzB2MLrCwRUKA,kr,asia
UsiWsehm-bJKckmSOx4vapm6kl50wm_zg-D9pFhEL1hsl96o1i4ZL2XcSuYnVEnrxnf6er1rD1AKJg,vn2,sea
iesaxw1dz1Ty6u3r1ihPFdMjqR1dw-nLAq-DYuKe6yYMd1IWpdjNVvUsf5kA1CbaZ032c877OVoprg,euw1,europe
5C4Dpr3w1p5aax2CG2tbGfdXOO3DoG2qnUoiAIpBZERiQeGgBlz_dlJ6ovnld0bw5kqvsJe85fp6nQ,kr,asia
o8sJE1tNSrC0IdDv10HbmyJshwPD1SKxE12oy17534D6W_3cYgrxkcAlg97mIjdzyVmUgyVkYsyc7A,vn2,sea
IGVr3vDkWKiCbbl8DKnJwRcz3ltXRsjdMXXF57rnBhTVJepvwuIwzwvKxMF-EcEI1qGSoRIV9ECQ6A,vn2,sea
rsg0YSUK5PAxZdLV20mwWLqja8kd6NViwKnCKfv8UKd1VGIN1ugmXPjNHeI-jE0wXY4elR4_CJmM6Q,kr,asia
3a7IUl8KaFG0X044vefmI4DyZ04CDdiknVRQOwmX1krFh5h3CzqsBWey21z0bCdNoINuwAT3XqGssw,kr,asia
d2AbbdbWbitPjTOorRPSqxUDlrlRNFVXmgYOYpWZV1G55e7FxpQjpggFOZMR4-vr9JTauU3C829ywQ,kr,asia
f61khC1B3JuEsr1R_bt7uY9QkL4VxPJHNki0Ls_trrtp--KusLMJ8AGDPDuNOBta8YARTkANxyzh4w,euw1,europe
EJgoirEKUuuNovwOBDiTdz4wvTW93DU-qO8s1-hZQlFA9jtszheLqK5r3PBBDZfSL4EL8RayLDeWcw,vn2,sea
FEvgW3KUgHSv_pJ9plUfN2-3FPE8yeU7bLXy_wWPUH6pgqC91zQ8ru6H8412kF880fMUmvl53mbfTA,euw1,europe
g2j9Dc7q7YfysO__T4Ez01zT6NN2_MbUDXTbSfs2obLyAMe2udowH7OVn5QWbH-Y9uIZwNXoCNVjpQ,kr,asia
JC59oHZZPmDKd33FVc9_8jfkUW1J4hzQYJeW4Ich9Cd8dlG9koWn0CvEoVu3-Ung48ZU0cpxNlVKEw,na1,americas
nubMXIQTtzudt-z0yylUAMzv4Ip-e8OrcCGmdnjjAVQwz3AV3tTHmdYbFbS4mG6U2jgVk6h-To_krg,na1,americas
iv2nlyJjEGsut58-P7vlBN59Ee6Ktcb_CHb6KrOsjRfZeiEtXAFOIuyt7S8Iz2VCxhNy8Cbq6mQGtw,euw1,europe
HfYlxytnw4UX5hCDHUiCyCJHqXWDS7b6tsJrDGqCw_fLPCqOnrgVbnehy3wJAaZdzYJhPt5uJb2S2g,euw1,europe
WSHdkNGrJnnZpE0o---FpuZPgWQ4AjP5FOpuvcPh7h-jyEK59V3x51waiQmaEyDixKfdcUrcjZY5lg,vn2,sea
avcmrj--L4ptmieVKkuguzhTnLhs4BZJXhv3ZUaC84cZDxrZHt1hAhN9odtYh4vMOFTNPpNmaCHCeQ,na1,americas
OcdvJVrDsiCYzR802kXVz0ac3-75mguo1PNlF0AJa_q5CindCV8HeRbWOIKXAFREvZHfmA3khQVcqQ,euw1,europe
xUd7GtcpDe3p8ExjGknzEAK4O34ruOkkybSWn_EF0zKltozZNEx8kJHhA5oga5rMZuBa8B5EKhCzgg,na1,americas
f1YylDY11_GOXy1GScOtRVQxjkJD1mHptKTWU-7ylHxijwlxeM3FHCIBUnqPtKDFSXG6ZcslKsIHXw,kr,asia
dAEt34pynoyPr4wPCrqlc6HRrwaZdr7HKxdTIVT8jqKMoAyxlRgVnOdGHnWWdN6ep9GIgNdNOtK1HA,kr,asia
f5dxUnZdOj6O3hNUarmEuvBK3WIthdJCca7kvRyS1ulVitN0A7hyn3sqkqVWn8r_QIcaSXX39NnYyg,euw1,europe
F7axiUHHkRntH8vOXm8Oz4zkQ77u2cEJ870qhwtAYmiVhe7qDvakdQsfAswS_s--36nQwaziGxbJjA,vn2,sea
-YPVmXU2R66GuTWSxHhitJDhjf9_6GRgCVRXVWAftNhGxTeBj1NJnBjab2HE2UGAgxMPjYlplhmCWg,vn2,sea
8ugPWWWRgVJKGUoqIKZjWHoyNUEzAzXOX7FLVUISExTrX8jkhLy_Ws9Mi5NyRF2wXMju6CVIYFf-iA,kr,asia
4s8AVmBa0-uNbHh_tzs7zHlnPIP-c6HYRFDPvLRJXSMgkv7eZD5MiCcf-TW198QXN6VdOeJxuXl48Q,euw1,europe
3balEEIhUwnx4H2Hjdf3o2tW48vpdNb5Fzu76G60NUUMTacAdP-7zpPieleA-Z8WdWp1cIbRiYIMsA,euw1,europe
6h-oaibT3fdXxP_zffPM7sg7Pq6g8UWO-G7EDar07i_mFL7Y4QFQYYK6I73cn6rrr1mpctH2pgWE3w,kr,asia
2BPHlzFv9JbBYbxormRN_hZnX96sNJGfSan_fiIgGjTy6ztU50CiLGrU56AV1qAMMBSEkBxpLcwaYQ,kr,asia
YRYySobdJklUdG77PqLXAGDcLYPvoX-97oBoSSnQMDDTWA1CqilcxK6mj3rTd_RvF7J7NQ54qGjKSg,na1,americas
mvIksk7Qc_CPN90JSUvv0vsPBNXYm5Fjj-3TBXidlfF6Q4uGoh8zD84sNdmN-hcI7wf6pRi7PsCoXw,kr,asia
boBcPC7MPEuQCJnRu-SKoOBA0zYCJuClTbBqlqxduyA4e7d2InHPWh7FRJi8azFBZQa-f0Woc9DOkg,kr,asia
Fe-0RRiDJ3S1ZfAjHA6P--LIMbs4y6NHF0I0-tHj6R66LHq1Y2O4MptnF8r52pAu1WgivjVYsybixg,vn2,sea
FF-9S4kFtNJwYNZQE0dTKniyeqVU4wylqFZOCr-Zyvhhsj98EA1d_q2PeVI-MVxFsvST8XByRF9bdQ,na1,americas
PvuOJGc1RxPc1UVu-irn5nB6r1A8RF6UIAakjbkNZsYhIa9DM9Q60aErR8HGYf5zvGOiqFNwZoBFXw,vn2,sea
hv4nhFIKCLrpsW38TIaRBP8lGpO6j5elhAv4Du4JErY2uIATZ5GrzfzSI80U0-QBb01F0fvEDzNhFw,na1,americas
kDVDJe0pqo3C3VV7N6NgsnuzuenbqvdLgOOLvdTWN9f8Bw1titxSZ_OVcqRhwqZHSajqE3shyqEBsw,na1,americas
ZakKTELbODNIY6_02AvpgHmRVPvHXtzOBgqRM1T8jaRSG9RrMG6xOIzxATyZnRifhdelTaTXWj_THg,na1,americas
rpDQFkdlws6uUu5k9fSHViW5ejl5tfOa2N9ncKWhvD4eLEys_9wWwZk4w8nlvw9rkF23gruiA_M7bQ,na1,americas
IDTp7qFgXq_7KBvWfE69Dk3sYP_M4cAdypLtJpas54dgAVbqXXFBzI0a7NcGbom0I0I2pLii0T6KFg,euw1,europe
Nb23o9EUGUnYGVaal0aN13xwztHELa-u2rVJWPdk74xi6u7SOmqVrleYHVZzSTSNccQq8ZdzwMNaxw,kr,asia
t-wlk1GpL-UvDiuCG5zLcue7tsrghADJieqxqcWEf00nIEGCp7xF8qNIrdgz3vFtsZkzlKSCusZr7w,kr,asia
1iM_jANV1z9DRoYnlh4xlLetePONPd0YYjPyH9rm-GXGnCVqRWcS7N8HLXSar39sydLRTPY4Sx_lHw,vn2,sea
CfY9SGK7LLiu6MIM8S8kQjobSBL7tKSk7Mpej8CKu_q0jTteGEremSvt6KoYYe8n_mVs9_E4lLOWbQ,euw1,europe
Pj8h2HhZPCqGNf84x_-iNxo7jw0Gnl40rx4ZDEKt86rsGKK0iw-A57lOJBOavA0neEq3ZbYQ-pIJrQ,vn2,sea
hQKkiNdWeDQQOfOqZfe1VFtCq7eArUHlAjGxdEd1mhw784q98stR4NhepXmMktAFTGV0EiG0WCXz7w,vn2,sea
iKgQ6BbGIEq1ZSWZUQmhSBE4Jzb2xLDdHreER8pdCMflyE5xfel0tB6Jec-qJt4dNexvktfYCmjZRQ,euw1,europe
pGnhCUKKZxce_sgjOZEyebvFCNWsO0KbGtFvbWmEqRy1-1IT4oKEH89sniA-5lem-Er7-XnKDaGqcw,kr,asia
gBmiAAvthrajKfaThHFcldT--SaiPRNnUJV8KlfD1jOetRX7eujVrQ9N0RUj94m0DujSYvIVVz6RjQ,na1,americas
h8RyAV8rBzA_TzAUYO-4tAcSsrtNYuN9twHCn2H_6zZTje8e2pDLu_MieDadf6RihSe8EjGX6TwS8A,na1,americas
MR0JCL6HvnAok3F1Zlh-DTUiimr2ubcQadVRsnuTiVXf0RQPiu4DDiNNig5PGM4jSpE5v2I06qFgUQ,na1,americas
yI5rEnk2W71JBygoHbDCdfCiuKoX8wTwjBCkaatzhSQCYIX1rhoY19VLhR3LxnyiffS6Z8wYe2vaZg,kr,asia
KNQEWOJOsvNXS8bTx7C1joQ4i1QCslrLfvECfVKVcfuiRcVgDWN8mMHsfpeoUtF3ukr9skjpwLRqoQ,euw1,europe
HN_rx2-6cSdcjwfpvy9-P_NQP0Q_m7a1XrREfJEsrzDKl1MAizpXVcNoHxy_Xp-49pABfUzqX1GqBw,na1,americas
PwW1C6BZYWuP0aN_fkCcW90FjbH28-IlocjUfRDjjG2L0nfR2RklGPe4htXNLAyoGCPaYFQPDboX8Q,na1,americas
udABKoEzNiirWgsUiLTggVsDm5Myo0A5nFv0oyY9PsRujLyT16FLKbYl9p4ohlDmHuBnFb4RyXBb8g,kr,asia
UjXR4nuW1ZTZYG7A6wnXC32JgpkeD5jYzfzz-62wlghenCIA-iMWux4afrkiG4g_nZ38_JOqiN_6lg,na1,americas
0Sj2lngvhoRkbrNerzJ40B8D8b4LhhbCLwRVnHfojQw5K4ncYQFU2Cr9gT9fuYZh0hL2-kLSd6TRvA,kr,asia
ZjQdoBpMAnYicd9CVdY25QJWKZj2kqjZqDCOiP--qA7-ilZqnP2JEvpT8K-LOMJKsCdhX0ytHvIBWg,vn2,sea
EFtf-gJOe09-B-87XYX2g6QLjRJlkJ28F6Oj6tt6Ln6GF7w3j3EN0WAgBuYC777L5Rf_YMGCXMcq_Q,na1,americas
6JgUoDgJHpRStV7_8gT5-_bNHOVkVR4qB72T7sZjXNYBtZvsxDk-FjhLVGAR1PV4WlEGKWIJsUmyhg,kr,asia
Jee9kPi50Z3qYSGzIeevPydIDHTvtP6u5dmPooi7iGnohUnvd2FSzbrxm0_A4Ji_o1B4IwrAokJ4-g,vn2,sea
-BCz6oqoHt-djUV517evdQh5g7h5qPakqo6hxXsFA7UwhQH2R20jkTv4aaxVZ42LjwQhVX-6B0bneQ,euw1,europe
er-4aqZLErRkgBx3cp8GUzT-rhd8NwDaG49HS5b8D7go9JQy7aK6NDpdDFz1V3RWCarhaIfPvAx8cQ,kr,asia
hH9O2iZMmhxfPnrPLrX2iv09iKVvmDKDf_Y8lYJWpRtFiAMpzBsQlkb2jy78mKewrf7do-3mtVc9bg,na1,americas
htH60tQNZIkLhiMOmgwZmFEKVbNcSJuW7GgYxgDiyQrQ4V0MQ916AtEXRpR43q-Fmm9XpfOjjlynWw,euw1,europe
16jbRp8OjyJN-a_vTI9Vbk1RILv36o50P8mylfpEBCkF8fC1vUCyb_p8B7jXsQwF-YsYXu3PwpCCRw,euw1,europe
huOnWFgkq5BkAsRuNJeq877GdAOx9bgvpTzqhNffoEkw337KbMJbvthLPfXUv-EIT-GyeDOg98u7PA,euw1,europe
K-4zp3PHycIJ5vkMT12S-D6wX-sgUewBGu63tuj1AQUJ1TLdrmzGhTmzuXUhCOfEzpUQMSIFnrkWLQ,vn2,sea
zwhQDOEk2V1GYKE82Tl2l3iTLBJKxdo-_yW08c7nXEWtEWH7GiC6cZqGqLeCes8K-STThUcNH6U1LQ,vn2,sea
sw6inOV0NPg99JlSKsWiFWb_YUGeYXdeQ0THIXkmQnv3XnTcpFhUc2ajzln0lDTpxYkiJX847mVZEQ,na1,americas
0wgJtir4HAdzfDdcDsthq1udWhCjevzUfeSO9r7ptjsUh8Mb2Dd9mzIuiUR0_89wwCs3ddgQIXkBXw,euw1,europe
ZP5_V8MmWQuNudfF0J5tvsF89tssOhFADAfu5SXGntppBkv4zEzoWYwpz-Y0l7n2NVLlOvr1USO7fw,euw1,europe
g-Nf2ZUC41asmaTb5PyhHlR59MjsZfjUTMo0WA4Ft_vruaQHQGy8sBPpOpbewK2YGvZjXeDmdi6gAg,kr,asia
MZf8psXgqvj3qJ8qLYPq6rzt5tAloDMWltWMTpuPsS-hOUhx-agZBn3XOEfmE4MpIQIHhbhMy3cHzA,euw1,europe
gTYMJSXfvlB_vr1C9roy7VzaJFDhPLn1qYSKQ_CpxyXDGRbgdDGNBCL7sp5_z86sbKwWWRjhZcz-9Q,kr,asia
TsMCkyYUKTKlH4YCZzchQlEI-ZPKPdhsD6XVNhMPzBMiL66Np0r4gOc-lgDCxFm8HbwAhICuIi_Dfw,na1,americas
rdUnMIXkn4Zogtc4IsNZfwhXTJWzlq0dkwfzRHhvMJLAB_guqmmoJ0V4mo-PGgEHbG8QzKHEfNDB2g,vn2,sea
EUZW06AH1qEtTE0we00qgY0LZ-t61xJYbMCe7ePmXXVTxwq6o3vm1S-zXAkdweVFRPL6Obx44KHm2A,kr,asia
xH58N59dKMrMf0pvoB562kVcolLNpIHgRfuOilP-oaJZlx-tRTYL8sR8KTCXCCC2wbXrhoDwaQEDJQ,vn2,sea
naOiJ3CARr3BEgsKVwiGy4O6tV0N7gI0iPcVoZAlwmg6i7B0poRYv4_uYEFzQX-N4Yv2fOm1BNowMA,vn2,sea
imw7dAkxQP4wRzwkriCm9RPRIFDYEvgMCc6ElZweJ1bxoUJvF_erqC0wN43UHjgUnUO8ipGI_wgIiQ,euw1,europe
lkVYxpRIQ5WMwZ738ifsppGvrmRkR2M2FLc3UZGp_KpISsyXBNOHFgBfX7e_YnIsNeb7zKYv1RMjGw,vn2,sea
kGIPbchVUNcE0Ar0FxsFy-bSnwftz8cFa4hBu0VMLx6MKklB3ysHrDEEhNvPDonl8cAEi89_Aae8Ug,na1,americas
WJmdts9uxg70tLR6Qp6kBxK_tKoLyf9gGNI8wvDyoQk9cYoUAhB-yThG7eBVHY2lUWFZTDzUXBt2rg,kr,asia
kJ1yRIRVAnQt_QLKxdhq310M6KlPXgAeT6xb1F8RjnVyUkQuVZEOOTsXaqwaO42FunSmHcWPnl1EWw,na1,americas
RSWYsTGe3k_W4b2omAEoOJCdy9rRYIKsfBVahw62kZ3nOL1olFdkBFu2Pvl4w_1P7FsAwDgrpAMMhw,kr,asia
jqmgZ5UWxgEZVoIJdkpiV0Mf_cE3O2i-XFjLOw9kY0NlhZaywpnh5ma8Sv4gIIQxV0vPopHGiZPBBQ,euw1,europe
HRp-GQhfYHvMM8fb-xhmuUV5K_yHvSO90LS9nZ9RJU1IqjNo66LeEcO6nOf2Q7h6Sd37_kT8AS2AuA,kr,asia
JIf8XQHr8wC15Ch4jyQPYBhx72Qaxc2VjuJicHnlq0bgCPWvDmvWWcQGSTtiWmjsY9703Kjr_mg1Rg,na1,americas
0I39OjGb51fB__HehlTyX8qLMvDTuAw94iFTrghmd7vZ0jx_wfMcAOTvFYoFE8cIcmbdX4ph0aY7pw,na1,americas
OUmoE_lMCeR_QZwfOVVx6ilQkv5HFl02T7q0pbFMpHUFMGFmoELBtiL4cNXkF8elbmQzHcFmXcjhrw,kr,asia
6Vgujy5kzr6XDYHZ7duEyO4AEqPatuO9JNSWPcnwXwjVBIQ16W5NoOBYsVJmiRk9VJS5ob2OeAFUIg,na1,americas
9m24DYvIz22BBehEWF5HvmSN_5PYkcwm9pYvrGUTFVaIGNciq84G8edYCP9WqNhhMWWS499tqvmS7g,na1,americas
VU7zmjwx_MHMy_NJrISTHH8coFqzhYHKj54BkOBwXS7LVq0T-fnbBf7hG7jrXzL1C1zXzpa1FKoO3A,euw1,europe
s1c1AUrTxz1ySL2cKkbevRgqkGSfpATWRD77w9BPr2o_tPyUEY187yWu4F1p66Tbw_l4zNxGyxSd-Q,na1,americas
zxeN6qQcWBF3fVKX36dJE1auiApQ4sFi9NzFWko8sVihY54UHeFsePxzJtMaabf4rPdzuaZepS8HUg,euw1,europe
Xsq3cmPIGi2wPgwsaZ5q4D7-PLz3WIMVD4Q9rY2tjX4o2xUbg4Sx6ojaDOqNFpTtu42pZ-v4siX_Bg,euw1,europe
DFBIqJJzxzfqG7S85ZUNEuZhaBTWQJtI_5BlxnaPUQVq8sNnSqa6-07iBfMo7qoi2EJDePl4icSH0g,kr,asia
U6m6caJR2dH2Usdmtama5Fz1xNpbxlD39tcp6798OaVzz1An7qG6k8oX0xyabNeWXT7BoVvMzaLEvA,euw1,europe
VMtSPQreiqhKBxDmW3iXfkOV69-jzzHJwaDG4HEfdu2HnwAHX65C6hdcywxkHxjtyEYBT77z69YE5w,na1,americas
gftm8KvF8nOQ2TeYTsIdfBFyCVSOK--Qhh69ki-HVXVr3nmydguc02zBwE7EGiIn4fLOcGj7SgWOlg,na1,americas
DXwTOQHe79dpsfCAQecpbKVTLEetNw9rFJ66XMwDgRMTixCA-QdSZsORg0PDFD5jFVqJaPjL769nTA,euw1,europe
_cincnu84fF4D_Ci_wUgldf6SfL8Ciw254AzvMwp8bEiH8KGd3urL8BK7xZ-JGHXuMb7gHyYIcQIyg,na1,americas
t5yUuyf-zlHI4zrFK8LJ7aNv3pQB8A85IOTHLgU-_i7fXw0OU9IPFq_p7Q7v3ET33YW7NzcTz2ldpw,euw1,europe
-XNZ-kFUcWL0bI2uVzPLuE0GuQDZ3UCi3l_z3NqiiI1ZPYu6FvI3GQKslJYpiF86riWkg4r_IwBW0A,vn2,sea
wr6xNIMjKRZNqjg2i7nDj-UCBtHWAAtSQyAs_Tyc2xJEy4vbqzOZuk0Kp6yf3V3fykFwq0pz42OlKg,na1,americas
CIRmWYFWFDPR_hIChFApsni8bdwv_HE62g5Wq0ft_gjcj7LMSs4eQ0pQ2BuKToxHAhubIv2Z5x74fQ,na1,americas
ybmqC4Jth6SZ_GfxyGvdrsvF_FgP5rr4KeopKdmXVjVk6rLdeOXFK5NXXZiQyDMBLGA-mHDgQ9Bgbw,na1,americas
RLQ-PHL67q83KILVA5imGDO5A5ytEmbCpMX9FYVXOI88Og1D5gO1aynjU-uKvnuDfFvWYsQ8SjDeHw,vn2,sea
uJWJBbnLEGl9754Five51vTdw4a_blPnSZQBp0IBiF3Xt8kB5uWAK4aAs0tpQooWtpyZTFQqt6LsGA,euw1,europe
mpg5CIYn3RyfMjssgruHEpG_K-agTm652zY-xlicrV68iKS7MbM_Wa5BB1kUZQ3aF0N8mkXSPhup4w,euw1,europe
8EYgGO5J4nwYcsKcBe4S3mSL8EWvp7hj0241VLOiwQmu7NBKKlB0SMCQ4zfADw81pbxMC1fEDIes3Q,vn2,sea
6EvNUsKveMl3KwGygxSxLsGuqnPZa6e_NiL8RuSyuJEnRCIbPfWbpcfiV7iC7E8sTFBrh6kO6-oV1Q,kr,asia
Daalx7JiO5c_SMRRgDbpDYgKChf19tsLF7eeCEuoMU3NAgKejuW0tcAzUWW78VTAlq7MkwbshWFtHQ,kr,asia
BFnvhMosm1bB0FbKD2AdzcpbcYmV_vAkpCj4mS_YsKQuJMCBY1kxUNDP1pe6-kMzH31Bs_MpoBwgFQ,vn2,sea
NMuASLkayQiqRYI-m4AoKDAbDsEgmdWmbw2zIePVdSdbsxU2vgI6tbvmnflRx2FPEG6XB1Jbq0MYOg,na1,americas
JUse7ZEXACOdNb24D0ZDFF0bTHR8qD7pcic8XGu1S4_yzWU4Ju1Sg2XwahfiHQhTPlv-HLI2vK7o8Q,kr,asia
BXWamXA-ZV-TDPPKac8qy3Rgzoup4aMOMoe1DLsEtjzQReIWeYq5sr19whChxRcw_ujDFJoMro-iAw,na1,americas
bbLVv7W7kyzqBKYXzABkbO2GP10Ng-qM01aOCrwNNpdPoujVsIOi0TiB16B9QK3j7_3w3HjOjbBgUA,na1,americas
gPa7xtbgQpdW5HZTrY0Ktnv20HeDx6kOw0xfDg99mEAUpXdlfaRHUuVvIzAWA4tHCLHo3W7wHI1MdA,na1,americas
0XIg_MYe8-TO0bxTiFL66VP9z6AXrOZ2KreceZMUI0IgwJVzf-Dx14LefFDkuw5z4suVfDPE9Lzf5w,kr,asia
oaUQeKss8RMJBkjdEnA_cNw3NFCgqO0sOjOLWWQ7XuTb318UX6hqXYL1T5Cf7Apb-ZNXiOTX0wL7wQ,vn2,sea
eBZP1CynyAUqyk6NlngI0qPixOrSuE3ccmBYYWmLym3eLen1KJPEogX1f9xvoL4sXnKyuvPXZzLNKg,vn2,sea
zt1hkpC7dl05G7xRWYJj7w3eGen7qFxuH-UZlmkcIt1_QlmgdwoAygoLR_GPE6ozJ2oawxwu7gx2Wg,na1,americas
A24BSDGKxRzzlAy-H38cXC0osJnano666QHR9sVNSTEz-kUB9w8bAGLvx8AEJ3ApgYWDUa0cn6IYYA,na1,americas
ZmZKdq0eyPiwRudqw7guCQ8trcnJzvSuBOpIZVpQfIHvcDvOfUNCZSzI7VQY2zDn5wwOQ7hWaiiP2A,na1,americas
i0y6h5izI46BR2D7w0Q_bHmUJk6ZDrvkNH1G3KkHo0FAba0dWNB5EQvGuzCt38lFeAwS5ZB19ndXmA,vn2,sea
SUGHRiLAZDDMwI1lz0yju_1tyUMFiy-df6Juab2l22DWUj6W2wJ85D6faJCbiH3qT8J7k6XPtIFSqA,kr,asia
S45rfdBS8veVTUu6bi1dKstgLYPIYCKJFDUVMjwXXStNN0PIoISlOakXlLqhzozb8c1E2H20TzNxcg,euw1,europe
TIt1UGObE-ptSD_EIgY2YnsLtmBtpQbPfh3HRkancSUFqQWcUO3i5vIOi0bfHFs2DBgAdMejxBaGYQ,euw1,europe
ovQuHwHZoRC9cHqa7BRW57LgLGXJoeTjhxskd4lKmSZ0y8MPsLFhMaqSlgFFz6r4DLADtXT156K9ug,na1,americas
9fAQ071H-wcsentcdbhup2Y4h5vQyUQNzDCcV49CJaCMNt3eKtk0FjWsoXE-Pw1wEgPdRLk-SIqp9g,euw1,europe
Q0V4rFUOQsqzfg77iHX3NJg1Mr-Ek9VB3qZRqDYWRASjxk4zHuD4ozEk64D1VYKqtzgbzShTEo79sA,na1,americas
ZXYR0hEaCKE5DurTr3-w84ffANKXZPMw5bnJQ_x5kd88RIDsVPe3-SXAMCtZV-mReFuTfYi-ToUxKQ,kr,asia
aJHxZrS0JOPaYMi5UxknASP94ekludHKiXbfd_vvxj0UEJdt_ULXlA1KNQ8Zzz7oTIj2LyBGvpN9bQ,euw1,europe
gXCiecD39Fid2fl5I9jAS6dUc97UJp7W67pwh6_o4RX2WwrounXi8yPWnEUFHwwOnsJtHq-YZd9KDg,kr,asia
60Ff3yG1RYJsS9JmZnp_F77zi2MJU9hLz9SN9GxHp3N9Aywbcy6WsDxgHLQUuEwCc2kzo995uVBQ6A,euw1,europe
b6XR3UOUMsl63XwanZDzWTJaPLE-6X3vaKN48cliDHVN4WOuK0KDd8o7ree-EL_ZTL-ULDzjP8oLlg,kr,asia
22AKXvIX03POMvCqXRLiI_GIMRSuBbjndIhvVE_fajU690-lo4wYdlrFpHzz-VU2BDl-zKrlp_TOdA,vn2,sea
DnnuC7C_K59sHUEL7e0PGOHQsB3OIgKaZRxD1_GmfqDxqfpWcEoOYrze0_gV4SqxgcFTwOqaGu9pbg,euw1,europe
HD6WrYbDBRhCMffJDKoloKPwzSNR8lFc10lcJwBwrLlmBS6izCBNJX8DWDYafvclOr259Jpb62OXeA,vn2,sea
Ult6yEzOO4qYxMVxiQdEkYvu3xnqKyWEMS75LurBaCClmXRKdI4Q7m8ADpaq73lAIA5dMNVvLxcOPA,na1,americas
Vc_gCN_BQyzTEMG0pN6PL7unutQaC7hJeRIOvv2GqrTUxv-0eSpKwud0KM2Ujeetb6mgA36dzMY5qg,euw1,europe
5krknj-4qu1tuK0NIwey5udjUIMBGNWMxTjGoy_-8ux17kwqVKEZbTYCceMHf7K7ppuXzhH-qeXVNw,na1,americas
HPF1o1dcI8wQh8SF1dK39EOR844KQmqHUrj8bTTy0KLD2-O9lACOLA0VvqWAYjaCT11tjtm1Tmla3g,na1,americas
GA_9lSliFYtT_B0icqyWYXT28cLhx2uqDH66UGtSiL2O5HG4H7HIGffBoV7Ax3eHnM8Ir_4WTMYV6Q,euw1,europe
hnj6JFbon-tVi0VPwv9hGj1H2c3pdjxdgm54k-9b2-wBMLceEXuhMs1HfqSIfVh4Z4hRVgTa3rg1tw,kr,asia
It_RuLiRBHpPKn3KLj_t73yL6pChTpjuqHGRUX1LAOVI5NLSJlVsJKUjYjqRnluxlqOL1gPLxxuJog,vn2,sea
gNSTDa6ymn1p9G0LJrNwzPp76LcVXZkw7Gd2J_l-GotC0POs_Qd4prvQ1GQcYzemZKKvw3e4yRMxgw,vn2,sea
4MQfB5ma0-6fGUz32lpRwtmWrF8YnadEWlE_SvHgQQKYgjuwyc5AAifGUIL8j951A8A5fjliz_VYRw,na1,americas
IjmhZDkauPoyX9L_gw7P_Qlf72QR9ToFu60QBcqlQIVuasjzmaP-0DAlrS-WXYBORHoRnxMPe9BCxg,euw1,europe
fMOVSosISr5PvvYkDspVvZQ7uYjSoaw0j6rAGk0b_EQYxXnhlU-zn_G5jb4b8m3S73-VyG98Rew55g,euw1,europe
qefqm7EimF_gSQwhceL7fd34zYF1LMJCgy-jQl9-W3vFiWEoS_VhkpDMfAJJYAtiMRuawhgGJaV_NQ,kr,asia
Xt2NqS1K6CN67P1Fqu3g-z29zI_9OAlEu8VwID0FOc8XdpeSgSuuVVuOPbRlgTiad9Ae5tdni5yO0w,kr,asia
7UvCrkQCRz8uPPDodEcLAFTF887qZ2xhznxeH15HMV6XlmgxTWDp6gbDvxaM70WtnTKwZYOvldlzBA,vn2,sea
vcvPNJpyQjlbmAJJWNPNcoxa0aen65ML4kkDmr5iJcyRr_MU4CAc-rasg758hdM-kcuYa3Onwd9-uQ,vn2,sea
rk8OSAN2ArGcoeyZHWTZouXI2brAZC6Je53OXDuVzRbl1-I_tXeYtAT0U7Qqcj-GB7FDtU2Tdaux4A,kr,asia
pJ0Lyz0YaLGrcMtbagW2R3iKnrPNOlB19uDT8pi0lp7ypP3RLSf-YxNyYTeVSB-C6z5L_KQPQt5ndA,na1,americas
y1EXFIBL4XJncSm3PorALGAXcD8Hje4nSV0Q8RKnpwlol24jsrqoAsso6q3A96Dd3YFlYlpN76KasA,na1,americas
3MNavyJRF7wrESRwEMptVBD3jpGL3NRm8auxODdZokLw9ol-pwKu2N5dSrOW7b18_5EkDXFysQ9HGw,vn2,sea
YWAd2F-J8MV6NBwk1ygP_d3ZCIU6Qy3gIf633_ytTq6L4OPRbVQ49D2WXynmtMJrupwk4H1RhXEJ1w,na1,americas
L6dQyrdPpI1vqOGcnU1OB4fQqGkxIlE_KegBH9ShNMvM9Y6k9Pp5AQ2c_MaoJFu6RjVLpWyj1BDk1g,euw1,europe
Is7tvJEjc7r4rh-KRvvOWVJtNSbYpe-eq5W9gQPXP3V6nDK7oznWZIhT5OhEvcpCsG7yJ12AbRSrpA,euw1,europe
WaYooerHmg-8ewKZaDadRuCnAnjQrZjRD8aBELRDRE_EVWEZWSjTJCyQnMHOTWMt77leiYrzEFLn2Q,kr,asia
NezWxExoXkHpe0VkbCPVeeRbA_a5SHCwW5qee9rcoX6AqXys8fWTzt42DacxrVvTwY03Z6W2YXSflA,euw1,europe
42P5iCmUBASNQCJbQAXRfR1L4oruAqFsvbtY7C6jdtLU9pW-RslU0LJeJL_dWls3Mb7MJyKpPzBf0A,kr,asia
wqkxbV9vqFCTEuZ3SOU-LcZxU78iA1QJ_Tuf7E1IlGK9udjKOF2x_pwLpIvbVc1gFmXP_7AkcbbU-w,vn2,sea
ZcFAcchfifeGs2ZOmSSeZ1uWFJIZ5SE6-nc2Wwl7MACxO80Po1hQAtsab-PBKOqJp-ZFO1BXwRxwxw,na1,americas
D1mva8juqa2KtrnqiIW_T01MCfeb7srR7irlGl5q1f0IHwQ-56QjcDBE8PePQQ1mfuKGvqobA6MExA,euw1,europe
fGosijsKiLviz4nruvnJfjsIOnKzh1eoO9m2PfzQCC0glH-poLeIYp-lJ2rnjhyz2Nrwy5ZAajdhhg,euw1,europe
3Pnveez43ZqCOVTvv4a7wIkwO9NwF6MR-MLrA1tIKxE0YXX_EjQ_t8sdRPDug-afNdOFNVl1xRpN3A,vn2,sea
_8wZSwjb8czwD0qt7IIWvh87g4aO_IRyuVQuCWHQqufZxAWE4tlZIEH0eCuTXGz-npRFnGiwVcbF6w,euw1,europe
1hofJ0SP4gVjt4J1hYbFD5cnUqbqhha4-dbVJkVexuPOzFpBbDNMTufv84b80bZvHsDT1ffknykfNQ,euw1,europe
t2fxUE5sF5u9KlmFpAaY4F9z12DXu7nFbtfD4mud-XPt8TA3Bg9DyPzkPgZhd2BpLf1g7cog9qMdPQ,na1,americas
btQPQlrkpg5T802cJyuJMLJyGOb9-fOyMfqHZFD2UX7kNLJpzRUUDBhiteDdlSpYV6yaEq3KWY23vw,vn2,sea
dPs_asMmsq18L1t74Q4QJiHayE-01QIV2D2TTrFJNBV-PDIHYqkt-e2XNsZD1kjP6n7UnGYJPIlVxQ,vn2,sea
x1b_Qc7s2BymQhTUW_KHaqh8KzH8At7VPPNvKgmfLtBttDmaZKo38U_Flhrd5HPGTJWHP0H3bsnBVQ,euw1,europe
fAFfWMRcWecaEfygPmiZmVmUGh0K7sx0_EEi6x21t58h8EpcV4Y-DmTsYJxx_TEWp_o6frVLFRSnhA,na1,americas
tZGQWg05h32LZSpMVQauASkcgHwmGZljlPpg0atM1KnXWSGH1xL15R4NakjMPQu3_Bs7xwTD-3pFQQ,vn2,sea
D9QPkImpn7_ENw_p_8_slNJi2HLc-kEfLYtHyMNCcNmyMO8kisrhxXZsepqQBjgA8m7mYXy0QWJREQ,vn2,sea
AAM4CSWnb6ZNN9OMYw8-8c4wptWcXbHcxMgvqyCcwrqZBQE8OG6v2xJLg27euttJYztwhUpJzWdPxg,na1,americas
UQd8VwFYaMyMtcgOnjEpWj5yXTG9FdCgADHe6RIyl2FHeGr6GyGKlui5YScy5ZfLe5Llff3cIP9Lnw,vn2,sea
4hacaaOzqf1NvAbkHZ5lNNsnJOJzv8ZSBk5Vvo7hBMVBlnTHRZemy08FaI7takM5sUieC95UlKGSCQ,kr,asia
ntB2BgRscnqh8giTn7kyN-HzkDDoxe1wEEy4fztzNxGWze-Tj0503_ktg5rOOgfi5m0CGJ1r48XuKw,kr,asia
Nn3-xP38pohOI3iFqDgPeuaRjFvxUmXQfyrUlyMgMVAOZLeShPL7EQEhcZ3Z9_TfW8X7q8vPYV-Obg,na1,americas
04Rw5wmGS0BqeF4bDuqzqTs1gGYFmy8HywTG04RpEgMqTpF7SorPgoj9P5Q0GW1h3XKfI2F8fLNzkw,vn2,sea
ZJ6kASME4pEvUQezPF5E5pvSF2F56g2EEJwe3v_QlZhwY0gzNmnfq149lBxbvfjXAMjof6QgShnMYA,euw1,europe
CyHxGuTGlT90lnJp_Ieq2YKln06vvMsGXIAW__aC0pIhgr5e7AARqM6A-GoYTWWHWwi_EZQMR9gDPg,kr,asia
aocAzJVRSeZi1mCGVfa_DeFHpkIv35KQDsxnWz976j0Oam4HpW9xe6QjT06_b5vMTfiuT4LYa8BZVA,euw1,europe
BBqZYTcI6R19GSidSyihT9033LBpTLLgqmCFHXOuad-AypEJ-JK_xKdB4v6NRJkBSXLSnk8LtwZcDg,na1,americas
AqzEetbqzpM58tz3CIlFvVMJYZBOR0J0lKcbsmVTV75mdFJxDUphA4Fr2KCx9LdHaBGjXfso7maluQ,kr,asia
rq_YU5xvT3vBGs07AWve81-ECR-ruVfn5F-o3z5SyFkXpU9o2DGIJq2FZaT-bij0fA8eoDHeVyWmww,vn2,sea
z7rcZ5vBSgscNpRo5MkzSyyxIc6aRNoFATyVZfggkFk_Br-Xv94xUbLDY2ZJ6c1sCgyfEIANWhvDSg,na1,americas
ayZjoxLj49Y50Ahix3cBWouwmrYBiUMRJhohpVL_c5yJfbslOWFFCAnqaoxxLzCJMFlnmbRXNsuKrw,kr,asia
AXykrfp-HCvR5-ODorMoFU4M9OtX11ilqFuaHX-Xz8MEg2f2QX2MqQWH-F5TMbvjStrdWJShPsSjKw,euw1,europe
DtVKF3-XyP7TVbhmZc5dPuD7VQPvP1rebfqrS4X8GhlXKDLfjeWKerpojHGNw9t3Ut1Gjv-DmY8ucw,na1,americas
HcMrsifwiCujN4g1VNdcnDPw2o0UMunYBNrzh_TNHDv4o9mkqspLnaYShd-CHjQfBV2_eFx84cWs6Q,euw1,europe
S3CfKyiwLXQdRZyg60SqfXDBqSLufipVacAy98BQG-4IU4g_qYEyAu75LNmzKJOClNKhLjgi1RnVKQ,euw1,europe
FI28UXg20PMUSWd1Rg5ttwyXSEvcpG_UveOuSW96YCWQD0LoBFrcswh9SdlEDn7y-riDaOJGQSeRVQ,euw1,europe
juw0ho3Fd0VxaNmy7n7U66KTOoCcTlX5Y253Y6zW7wlIYGdSOvwkX_lQuAIyRUm75b45-6Y7gj4-2Q,na1,americas
feHygvwhQnHmUiHy2rtEOvZ5LhaCgRkp_ji1YjXN7b3TPyheTLTcxKYwC7ezIL5QPX3ijSfV5hhV-g,kr,asia
HyF3o0Ft0yML81I2lwzK5nTirkTZc1YJy8EHqnHqUZoId77JAROzEiaeQYisaXQl2CqtRUObI6jTzQ,kr,asia
JabIKUVh9a3OIPu6wUUrfJUxmOGdvMDCKPgzOz_oxBKqMsqqg7BpAK1uozKPgjsQITrkKe7CkAnXMw,vn2,sea
xcGN5Hb3v-F8WXW4PlISyOEj9BsPfJlx9JB6FXqTq0UkDe0AH8WV2TxD_kGfSV8F3fJciCLOrmcEbQ,euw1,europe
o1KVejEZgIKMu8wtt8nEVEQdb9ByoGE1kdkBAUcfR4qW2QnGwgBu3hNE8z7fp9hSoazyqyZNZcdxeQ,na1,americas
xoeJLFn0oSXiwXsCfIknPA-Ag_pYxh5ZXjR86p4YtPXhv5Kh0G6W5ceSWO4cBwU4s0zkjJ5j3VL40Q,kr,asia
jlGQCv0T44_fY7QpPqNjE_i-Fi_hRzZstgHMdDSxWpYbOpM7_Yg7PNCA7OgGcTOcZSvIuKR4SmDd5Q,na1,americas
S4LBglIEXXAo3w_1BAg2-1iZeXaUtgrNB18ljm5gVjvx5Uw_euwlBRvrsJJ8TFVJrtTAG5kffMQaTw,vn2,sea
oEhngVrzcD2yzlA3Kk6PJe5mT8CWGiKIN7feJRkiyV9Bl_vIEGlH0oC_85-gzK-P7qyhw-WsvJOxjQ,na1,americas
wgtOB5dRfjqehhY6S_8hg9pimVDfjFhNaH1wPf6URvgETWtz1m5Gz4SrUT5vVLEI2Gkk923KLp8W7Q,kr,asia
Pwl-_art08M17r3T9pJf5vzvKu-ayjYfBqCP2tl4_J0_oiOHTi3hIi39BRNt8CU4VeblYN_aAWLpGw,kr,asia
qZsVIXg7oFvgN3clZNPDlAlw07HwOqN1SJV-kOyVx9fFhdm4gpc5V6pRI7YqYYPxcjLah1JFcq2EFg,na1,americas
GGT7YaM67Ghgt9UTau_dYJCZ0tBrMLzF4H5ZafJ8U9-C22-bIXv1v1nN5fD5APBJdTboueQc63YUXA,kr,asia
ebDMXTdi0GtsiKPYkUv92Tl_mDXbsSNzZT6xKFJJ3bET1lEdwNu5vuDrqXo_qK76pMEnLjkTURQ1_w,vn2,sea
-RLKfgtZ18O5sxmw5v5v5pXf5G40MsvyjWHcPUnrUmkf51VLFktPXDTlzjB4ERO_t59g0gLwz8bXZg,na1,americas
OpRGZZ0ulcLYv2gCoQ2YFZGM-jcUTLNFQE_WiDWdqcULp3oqe_mbkI66mE1dlXS5OfcimJVLuSgKJA,vn2,sea
3YT_zYIs1DPM8vxz0iFDzjPuibj1aB1vgvHaeqcmHRo8j8jeHtzWN35QdTkv8hl5GzlxTfMnnDeUKw,na1,americas
cQ0r1IcIBSC1djsJuX2LsGxBDCQZPLBgGfuZgoJHMmLLDa-Of4XaZ3Al-I-4lWvr0aVxvAUJ72vspA,kr,asia
FyHz7CtCGhPaBIfD6-_ETegUAhxW0qWPtb6fCEPkPKgcguPuE0P3_jm5KvsLASFptxhKPv0H8RBi3A,na1,americas
yr7wVKsPYDKLCrlQpk8KrTgI8ajxfUTPm2O1z_ZB1EyobaP_lmUGUMWotfsSZmlh-hg_XPsqNufAYA,euw1,europe
IH6Eym3sftALDMc9B7PyPXZB2gtgvZ-5aivvrY3-dUwYEvx_8nVY3xscdTSFXn7OC5RJenDRpGKmCw,na1,americas
kTdd-GBjIpv6VtF1z0gQZ5V1Zb_pJqjm70lkezmGfrcxhNPfl8BMTkGVs2kmbwq1OnjT8Cl894bhhw,vn2,sea
BZCzDCQK3K-1LNo7gtl49Tby5USh6hdtEbeEozeHKiGxjccyFDj3LoPAyIqQsI7okTLh7ZrGz97eXA,kr,asia
UxGNQTtUTesHObtHDSOiUhixK4eE1P_rAzpubQgJni7dK34NGNexP9B2DlMey8TOUqoOY1HEzgrLtw,kr,asia
s3ioqyu79srmWtRGgJRqbkxIgDYaCi-I4UeqC-pzQRG0ExvbwDahjVhp4XF5-o63XCUErZhTZLTV9Q,vn2,sea
wDEWykYoQcyk-3L_rWoIb1kduN8Au6AikEhgLI098KkOOQPB6GubqytcInyRsb0TyKzVa00gkn7ITQ,kr,asia
dEnbmzRB4AiJsaK09jrOShD6fG0g8OfGN6ygU7i_wHpCy5_tmapLfDBCzRFv5QQuoKCaS7Vwa4wPHQ,kr,asia
FJ_nP_qmwHCSWnuGUFueFLevL82QHBEDta7LKhItifVShObt4oER1nJUyKfShFWPywXKgkcVlbkgYg,kr,asia
A13JHJDwFa2dLQdx4sGOCwVfjaqKiAssZ5Txw5z7ljsbxf0ctAojdMLFbNHUC2JNygPb4NJsV_FjrQ,na1,americas
XD8UIJtrd0_Bxc3a5BiqM6hptZ7SolHXbH-YFBfYDxdG8rhsmp6WDNFz18xDZpnwdque3wleGKUzBA,na1,americas
rDP2RWx3laOEIg2yu3lc9Y0lH3lyFaCYqAfNZrNqM_AEMzU19QoXQQ7GNUXC7o8rzIwPEmFndFanKg,euw1,europe
Mn29BYL-D39GP99GFxMr8bzBsjRIoOnKNs-cA-mOn6OB2SleIuCqnq-o3sV9OKoVzZ2lAUqUTIcsZg,kr,asia
XVrBkyHiN0PqL_MH3-2o9MaV5qIKCsjvg2cXXmZcDTFuWDnV3mZamOllOZl4m4aqA3ANvjY5Gq_iuw,na1,americas
KTiDnjKyvs6_KDnhCKgT6mW0X0A6Gz2NbIm6KBvEdnx9m-2l6U0cx_ur5bVWNpOx2s2pZ_lR6SCnig,kr,asia
h2pj4oXMoUJGFH17V9-yw7rKU9KI36hjHPK6NyRPd_b6T7TKmueudzHjo4EqOC5NDnkKHD5lobQn6w,na1,americas
Pg_IEHxtOmwk-vJNHmAgnt8WwNUqwN1d8OFou6UTa-a5v0kmWiROxMTo6E-sPRmGxouK6j5LitvAMg,vn2,sea
eBfgf_AdM6yGTFnIQ9r8mrOtN9icqgve4o2xjAHFEUCDk0S_9Cf1Xg1Mx-zJwRBhaSCTqtcrTdn5WQ,na1,americas
-L7b230cumqZr7Oqc8ycGgxqosiTCR_fH5EI6zOBAkImcZKsiZoOO0Q2_ljPTBcGagjnWGoTHzKJoA,na1,americas
PzZ-_3Zz7GDpxRyTUXgFdxeG49H8wJne1zoH_cfY81KGOPMMTVgBzGfSKQq4lELpyIe1FZ9mk8YnJw,euw1,europe
Be1x1PpZ_xC-wTG6ilK7DYFM17VGO6zX4A1vbKDLrnS_x9-4wPTp5BqXys397fskIiLqb4GQUVrCYA,na1,americas
LRSJXW6SwM_98FjhEk5rv0LEYBwhWmWHJ_9bJwpVsjXPsOcCirjcv8jABj44HyAnYoqtH8IF14d-9A,euw1,europe
XcgyHTlVKVJP-LRq3UnQEJOIJfXM6k5U8G9Da8rwLuOrxUF62cUqpeV7cA8AXnykeDoZMxLdpcVawg,kr,asia
L6-uVk_OcjRhHT3tDCYiUkph24hFCBJxC2ZYr5ZR8XvlK6igeSStn__XCfYrQ34TOv8d9CmnTEhI0w,kr,asia
RGtqiftD8Xx7NWSkpjQe7sozLDjiy0OgmB8Qxx-z277TPLIKgTXpvu9AjEQmolc56oS-EUswKVHCDQ,euw1,europe
LK0RWkjsQmF-N42wWSRZqnPLFp1gTpTXm_lzdzvcJbfUboWrLFL4anmlUVtqbKG-8ycKV6tN2AH-FQ,kr,asia
4J6wDA3iOznu4EGiKFBXGtK-67G8JIh30tmxbSNL1O37eKphfZWyLv_o4ootl-LB8NvdpFFC5nwOJw,na1,americas
Ru7jeAiBREmHKMkkH2YX2i84YEX_TDm3vUfLzYqab3lquq5uSOS-oS__k6F8TAyCxjLXA6dnq4EUCw,kr,asia
Omz31kPizzaSqN6jZTws4zIepT1Va_ZtpYfjsP1CWtsu_Y66dhyz4QU7rLBUNWRKZRsYjoc3SsqjEw,euw1,europe
dSVdP4_yqWU46k62Y976hR-tX7MPXnQPheRN0mkRIOWydTvhYBH2PLhWRbYw48bWjd_6cqfNh2bysA,vn2,sea
3tM4N4N1D0XfwzjjAKDr1kUioZsrALvpA6tiFWgrestpaN8vOC32bwjdWOAvJwaULChVIQ1gtpmn2g,euw1,europe
ydYIYK7XaMZ7lxBgjDj_DuS-_Q1pzWPmR4BZzVwEbDFFp9TOUuH8E34RrIlAKEwsUB0Mk_z9G6Vk8w,kr,asia
LxGoaKo-3TbgvMOh1Tw7ISP5CZTo9KzRz16wDmnDk_IE7D9LlymLouiwAuGyJMuVaoK6NhTSTmT_Uw,na1,americas
KhswLy2Iz8tlzTWsuwD0EAkWwoZUQEZP9uyk_bzuPV8_YSap7wXLd7Cm0PncgYD8XHyNj9FvoLhAvA,kr,asia
ISny-A9HrlT0ctiUdWLPxaJ092F3VXTnZwnc8ec8vWXDaMQuYNqgGNE9X5O-ggjbwU2j2nPh0XcVbw,kr,asia
srTFSbDgTaa_CRrQq4P6Jfv002PVEC7Vu9QKFaG78vsxFef_42a2Xf3cK13PlTQKFqFQ-c3tN7XaDw,na1,americas
nvAWfNHiAcwHKEmQdYhggxiqvlxl9A6vQqw4Tm-Xy4ONSViaK3RH_tgW5QSxC5A1BNWVZzEo2FZPhQ,kr,asia
6eJRaYIyajxp-h4h6CL4ZOwSHm7MSrYoNPbusLiyRlZpbFhtGRbAbSvYhPsvLYhHhVbShtIaVwGsTg,kr,asia
5QlAPt9rZHlXjqJCYDHTzH2PxUovhQ5HxA202GknTGryjub045Fz_PxbnD80WoTSoxMMJdaPHiwRaw,kr,asia
TzGWY08GdCwdieKcmiMfgnHu2sNXWgVwaABZdRtsheIzwY0Zy66D-QbZP1eTT61Kcd0QBv-8Fow6zA,euw1,europe
dOPpE9Bxxrzdkprzu58rotkTBTBs38D2_nEQxohcSUaLxXJXoEVpHrQwZ2VzfUIEEcTPROog-RPRxA,vn2,sea
nlalMUJ-NUboQPLqRPGPtoFqMR7xE1j0SL0uDp2gBDhrXkcFoxS45LdQfQJg5VnXntrwT9rbBxcb_w,euw1,europe
enzZJv7YqGpl-CAafbtlfIOTPOhngaSnsf2EqJXvFmmQqFndudmiYjizAWzvCJUoycA-I0urLj79Hg,euw1,europe
pOCmsFpxwvpW_7N0444OJri0GOpEtvA_1zDomDY9B7ZS2jwd6ylwHgHLzVxLHkpKYKoJ5APAooFaFg,na1,americas
PXcTBa3fzaP9qZVieOc7avaMbxmafjv_wa0Efb8wWbKeQ28ascwZQsEWboRAcFleb9MkoP0DV17xRg,kr,asia
5s1TH47XUkOmYgAAmb9yiDY6z9f7J1GWBVhW_-HDJZg6d6kG9Qalt4nnsXLdt_hs5yKx5v0JW74RRw,kr,asia
ckSPQj0a_nCTe0-RW7fb3JYnq-nzr-LwJeDXJN7enyn117PCOHuwHa4vISPxn-BQyqeKm-MXRWzQMA,vn2,sea
s-c0tN29etsV5Vj-el8rhi4CLIk6Q14VKYcyboPZfimV4Oc7JrrX3A8Ru-sNf0n43QxPbyD1DkihFQ,na1,americas
73JGNluI-HkEx7Z9WV3a97_hf7ctKfxtWz0zF0hvvq8s1Gqy4Ou3XXEvncsnUYme7ImSnYKu7altxQ,kr,asia
pjg46CRh-Dn6xxxu_stAThfS5m07kOcvZEbp0ViC-fLfFZ0MML7BnEJ--4T77cN1d_MEV1G0rQtQNA,na1,americas
G6eIDDb2u-FMlSEjqd8M3V8FKqSxeHRR9uBhFQtqmyD1HscWqrHmU0y4jpMvQFrRNY66FiIcjD6skQ,kr,asia
DFJ3WsFYxxrgDk4kYjuBh6-hcjW_HXM2cKuJriaoZL3kbsfOcPdhKLjH0Tklhcqy-2b4Vdos4WmFhA,na1,americas
TQ_TgNcFZEJ7jV3GMCTOu3HYChjY2k6jdQGkvDGt9pAkixp-kJ_OKq423To7wv9QWq4PUnKw0UG_Tw,vn2,sea
lzX9h32SWXmeHTQkJe3KbaQbgmJv_4UEcg8rj5o9IYvkpCTH8Nk-S1f--nzpKhMD2ptXOrmX8DWEAw,euw1,europe
KR3tThWo5gRk8n6GXwuAqvAwhW0TVSNli1MsZpbC1ibVvFWIu-k_F1_ORktwMMrysGIGBkw_Nye_xg,euw1,europe
9BOEFljjSPSPtNCn3lE3s7Uw4aBT-LjU-PCRYYqjAcbK3WzLyq3d8x8pC0SUzN1MBsGFCYA5_nWuPw,na1,americas
UursEfIbwdBwfu_Pp6atB8F_9e1j9OSX9ukGb9irb_kbyBvEtKiS8eqgPos8C8PNSVRuPuCKHV3tLQ,euw1,europe
I5c3xqTH1ng__d4_9MkkvZla5mnKVF6gx4O0683eOF99TquyoTmbHjoM5KYlOVMnqKWL00kj33N37Q,euw1,europe
vuc26kU-0Gtb1irrK-k1eLIHOWeMfsNy7N2mrXfvBU9PGD7k-SfxuDgefSa8FCNkqBp7_pI7fg2iqA,na1,americas
7zaw2Q2VG5Ff2aMCMJaF3rNr50-Jw6kgI9TL4BwopSIsPde99SGIkOBBXbgNW8Fp6Zx1U4i8e_j1Gg,vn2,sea
bcFcpk0SAxPgvKNrMPDZs5sk1yIQv7-rEUarsLRIscw0eK0Sswx0pfPXzG7-NN-qXI2y1AoJJ4SKLg,vn2,sea
HuMNq0PtnK0PHRFuMbAGNQyoDUZZVyAfspYEhBvf8WZqEzawndpcINe9y8hjMtuVeITNdvppxi2bEQ,vn2,sea
kLgwkjFCDZhT_040ThLN02MjAWZerIY53B4KaGiE37E0lVYvW0yYjG6x09cGqFGkh7-mDnOm1O5yLw,euw1,europe
ckh6joyIEgj8HiBniYdOraTEIyp4wgvXsZGTzBI2ixE5OvgMlgyfGtYNUTlz_gkAgrGvzONxpfDYFQ,kr,asia
IWIa5Hcj7l2O3Fa1wNbbRrQno5hs3qpXE1AzR2ef5xY6Tfe-3y1TrDckM3BMafyZl8CUW3gUk7JcAw,na1,americas
1e5bStFXH6lTtC9GJu4GToec1udcFZdVUdeBbKMm8dyyAbclT24xGnfydpF3sogvTx8zqU7uBw3ZOQ,na1,americas
ZuSt3jjohnfY93uNJbzPcpW3N20Rgi6Lp6NIv-WTVm1795-3zgS9i7Dq1g_ctOvekDK9P4vhkfQC8w,euw1,europe
qSbTtTV9E2JvHXazISMx1qTeWdDjCxoaJ5KQ6Bn4jA2_74l3n6dMfgrCZNr0SoxHFROxy7v2OJ2q8g,euw1,europe
3eoZ_K_s1qZkxKDe0Lc2_3ElyajedxgFutNVJWU646axGwCdR7G9Bym-0B6NYsjQP4gNqYuet8HAgA,kr,asia
BRm4zBu8IBPOdOrilbPyXExsaNT9B1xsUjD3RrWoYJ7eWBbnf5Chbe6R35VHkqZBl-vfs62skexi7A,vn2,sea
eORA80_UVVVrcxaeA9uWi9DJWeqMES3bomwd2kfFmnnPgIcdh1KDSbIm-lh_bXcHBBUu3zdABV9itg,kr,asia
AS0yZKhE1j1cjv9gEk41IupAUJy102ksuEIxXciEi-2fXa8nKvkauNwEIt1M6AftPd4m_jjIyM7Rrg,vn2,sea
bWLjwF2_aHDTfD_MXrgMgHtIcF3sbnC-oJ3TKaUbvchaxCsyTNcMa5Se-BetExdP9cgoARE7IfOHvQ,kr,asia
DIsX3vbTxYBzFg4H-y-ua-rwICzBf5yh4eDi43EduwNCZ_THAfqUzRwDFHvFO3Qezbzbh8LXpmIxmQ,na1,americas
8biae04JN3SJtYIPQ-A0o19Rs2G5fbpIwSpPa004VvNhHJvk8nsf-Hsr4ANZ_oyGRsDs690LDsZpVw,euw1,europe
zc8DOu5fEqQguhsssJhV-GF6Of9iO5SHc5zbB53ZL40UJmVbnCOmCTnJb4KzVeNJxgl9pSfeVUOFlg,vn2,sea
pMvOQrFWzvLmZ3GPJdDHsdcVsALLkr9PKHvecOvSk6esd0DnrV1YR3NNzRaSXV4A983_Bk6ztAq4CQ,kr,asia
svMCkHGWc0kVsWS0qjAe3bm_JS4KZ34LC55hYt9Ichy5OaNryAPhp1DNBhWeS12RNbbL1rHu1r8qUg,na1,americas
Ds9KLmTV4rNv1tRnZzY0kOCEF9yax7BdWmC92Pq0DJP3604vHxOZ7njiMTI-GJ2XkxZ30gI5aJvGLg,vn2,sea
0ZQJuBcDIBB4lYd0cAoji4hatu65VjyXtfYxC4tZF0yE0shksRNbCEu7RguCqfatQhab0hbVSI2WNA,kr,asia
MDXC4A6p33uTT9lakNKST4QJUTAyqF5qVubvILZ-hYxYIyhZTBvQDp1BhunCpdYRE_pJkwQRkZRBkw,kr,asia
XatOX1UTpWRIfiKJry1zvLnPfLI_0hxdtFw3MoK8pSj-lZBMMJA-bCI7pW_GgeTHHy7AWSgoEGbMrw,kr,asia
_qsxRhPXgEYT0yRofBdh8FgyM98C2k4INazUMGocljsJHR2jPZZTJCjoVItDTX-29pCwSc-veATgTA,vn2,sea
JTp3uc2oIQbCirpRMt2o0DAAelKToNDui4iHtuQFsp6unk8PM9HTMb5gnyvIOVQ5y7Jx5PA4u22Y3Q,euw1,europe
UN7VynR4P6OZ3txUk9H7ULqCrbQhoHFIc7i6DocbYJmZAffv-0_8a7z2YWsfsIXMBl15_FnCXAKNHQ,euw1,europe
8MWSSk5ERlFSy47nGMbKPOdwB4tDLHf8dVxuqmKC4JaBuE1wYTI-fzGPIcqBGfk2Nd-ysk0x4UIU_g,vn2,sea
FkRm-kwbIsNLI6YxrKr42IhhIHqIjhh0aPaRBAlkhY-5U5ldFCjLKIYIPVZg_whUYvNFouNh2KolKg,euw1,europe
lS9VRDey34RLYLBxT9rKrAkVPHmIg3OOAgOQ968Cf9xv3W94UJDqxPyGOXMOwScy_YQR-s1b-gFmMQ,euw1,europe
ZsLT0hCaldZutPSBkJe0NlJYAu42nHsAY2T6pTyFLqt23kNXVDDUf_HD4L0qLz0MAbGrO-wWq40nDg,kr,asia
Ots3ryYFRh7Rw0eXYEqSj-mxFj3AspzCQtZtwRsBzwrb4z0fhLgMETs_JvyDr1kx7fkTYDx5m9WpPA,euw1,europe
ChH6zX8UcvP97tpRaJNKXvnR3WQHsWpk5zFGJFcrmgYdlFk7CiDTrsCjS8UW7TopXZcvImTOwtlQKQ,na1,americas
kEnpxfZ29D3E-NK8Biro5QisEZ5M3J-Vwc5BMVFUQGB7s9IYJ4xWcbTo23yp895mS_RgBLnZR2Fz2Q,na1,americas
TKPw9p1AAM6eOI5eL71KE7z8FfZFlxb7d9xrTyjOi9bp6CMKD1cOoZHqKe5snv5vg9QM1lrX4tyMxA,euw1,europe
ytpJOB4AQnZQTdzzNnXKvAHVYwpr3xEc9TPwv4dKbz3n8MAdQFqrcFTIQpVlCQcFYpH-jjxWOPwXaA,vn2,sea
78V4nG4Nn1W0WLt7OJCzu0FBqzofPfXH18iMOh3DqHJj3WkilKRDn4N_jNd6YDbGQpFs5-m_91mKiA,vn2,sea
UXynpskwrxnzomqu-K89amAOOfOjS5Wn9GvOsIJcdqb6k7McVPur_nO_7VCFfV02lZus1HQboMGKNA,na1,americas
jsxJtKXMGs5ZstDBL46_aXrI0xpBBAipOV5lBJEgwsZ91xJpCmQiOs2xsICWjAbi_RLTAiOWkyaklg,euw1,europe
jd6b3aXKLXeR3vvnkRDy0Y6GgpNRcLMTloNphnLQMnNcvPkIjRwfkfya-OSlfxi04T0T5nY9U0i32g,euw1,europe
-dx14tlj4Q7CidS4AyEg1WcbvWsmp3jd3_k4CECqfH5KO6UkKoB6AhOhwbwMyRn3Ihh-hUTlnhYJ2w,euw1,europe
uNoDWGSrslg8TdtpMdOPBNk7mu9j9yD85_NvYsSqMD02F0ZD2P46y97KOK-Ys_YZEerkB3LXEY6g7A,vn2,sea
KYXt1Srziwes6d2fJ7sNIhOiAObrm9ZdxFhHv7v9tvsVBDoZHC_aNB2Lpk9TeJlnMwTtiP91kypyNQ,na1,americas
amZkIwqgg5kObB0vbeeKxHDJGlxQ6torx55RGdx1In49SdIZMCoKlfqekGsfoPx4qYTHnMyhcuNfZw,na1,americas
lrWyuRHh3vcy1HbnwcZUrB8mVaZAYECzsVDf5mtoxSdDtbVlSMrGtCF68cqQe4O6NXvYGiW-mKwNhw,euw1,europe
-aZhW8NKEglSMDekAsH2e4OZalLj0DlJm58A0cCGDM0wU12qonN-RzmTVSle0wB0g8VYD2WqTJzfGg,vn2,sea
QwcuGFAodZZ4Z1nPvU3SDL-z0ffM3QOjeP5uReOw8dy8YLFO7UC2vFJNw6nmnvUmeJk0Qk-aU8M5NQ,na1,americas
ra79N2ZCoiYiEnpAbWfR82Y0EpxAteKFN_iqYnFkMEcbeC1G5fHwoX89wtKFzaOL3wPKGCsywVEntw,kr,asia
XSvHjJfiYJ_F7WYNFTQI_-JLMl8-e8LiD-yyUB9mk5_YWVuYGHTNfj5jksHqx6vFAxHRk_DM9aZzoA,vn2,sea
oRisePHRtJowZNmPXOxPC_ainbP4L53zb876tQ5qb_B2RypRelnOcP91xplMlCkOfnzmhHZxEookIQ,kr,asia
EwWvspYxW4xAVNBTWhkRY5oQSOCrMdCcRL3MSSenn-I138qkSYXZMr_QtDtpn3DwbPSy8f94MMmlBg,na1,americas
74kgsig3aqI07W_VMPY-jkJnRWNx9Vh823DX_FPC6kTZQMhqOThYsC_nrKcEwqOyWD_ljfS6rrIUhg,na1,americas
_MRBtGKzGZpS9WcnjxxDUbGG7gZzoV6kjX5Z9afKzZtMLIBkxLAXhBTE3JZxhjUe4o5zH3yz9VxoHg,na1,americas
bSLbpQdH7f3Jpy4x45Ao1o_VpYniIqNucbawEOa-IAt6i5S3wgP338SkFC9mLhgecNX7GFIkP1jEOA,vn2,sea
zDvPTKIHkrc6ee3qpesn04rLHxDnPdi9DMBZwzCxV06mYBOYWM9m25bZSXzwDQoka5u43HS1One1xQ,na1,americas
YOjGQcIbX_-Gcla14ZxB2lbaVpEhFdHbnMHEaDtUWOpCVZFKU__n1jVDtwRX89MeaLvl_YZZ_vVOAQ,euw1,europe
5-D--Jo5ThO0PyTY5m3GEzSgUmNegY6OALBTUdyMNse_D8lS7tlDSuT9oA1f63BsQH3O5J1o6JUzUQ,vn2,sea
dYkzfkH26b4nFOshlxhwD73EdWf0b80RxbBGv6YWkq5U32fP54iBD41TGw4KJk0EcXlNpbmLQGBb1g,vn2,sea
4cIhwMai2tlhDaw9Tlc6kiwzfSTBytHdVaZUuwpbfhDGX3m6uU_v7bgzLrdIbh8_vMKmwy1233xJ_A,vn2,sea
4sv36KfCqUidGFQ_Ahef3JmzwCaAXCLx9OzzhEDhw__G4FkA8OdMTHewURGtKKcuYmjkMIBtRjRbRw,euw1,europe
yHzfaP2rJO-hun7uhDIvuOFIuxR03lG9Oaud_0RSKrrvdWNA4Oo9ckZQcu5KJ8nKTIDDuBLE2EhaSQ,euw1,europe
hxlcJBwqQjN9aL47OeyUo684c6yIPFjTRn0l1u80ub0WzReAWxd-tIe6C1GBKsn7NkatNSSM3WdaMQ,kr,asia
_00Lv1woRdCh1W7wEXYw9NXfnFlCYasH04qwdnP2v3ZOTyxlvt4MUJ0tjgFIIF0OViIi2LX29ygoHA,euw1,europe
emWQg_tpnWZ15U1bpV04WTy5UQDoSyKP3JQDdewz0id2BossjcC6dlzjWzJq05rIsRnWMLbg29TzGw,na1,americas
-Ky5isFYgYGNPKZTGfPHucHeC-kdr17Uj--uZx5xLysPrwVCX8uB0iLxSF-zj4qB54wiipFoe1eOmA,na1,americas
FQ2bAVL4zxksrbXEsMPLh3_TnulT-g54AMyu7Qvmij1mL0MF-ZzW2OQ_sO--anlN9CFljDP6M3xGXw,kr,asia
1BrarOeJLlCEC4fNknbQMJElWUj1Fezwp4ZSuZ7-leGpAZi0LdtSev1yz_ie2meBn0F8LkZr0fH6JQ,euw1,europe
Ve8YraOmFNbBHyjlfmoTZUzqOdYXCJKv0wyS-UxYgU4MNBrlwXsWrsd2dzQouR_M8TjLX43NzCTWhQ,kr,asia
mGS0exGm2u2sUTctGPvgZaFtWDRN3PAubSj5CbaqQeJ3OLA4DTwQ7qsSdXfCkLvoHVCMzLky57NJiQ,kr,asia
s0YQ5JQi_SsdKqVCWxaeC4S7fEzljYOrM8P9gEcSVLLy83SX3PTS9KqFi6whZLkakdVqwEJ211vWcg,euw1,europe
F4kO1F6dbBwWbspYS5gxourX-plwXOBf0ILVWOQvOWsaB038j-l06aPv7UZTeREta0vrigdkL7lovQ,euw1,europe
pd0ntHkp656PVtD2oJhNTgQJeE3zO7nbvmRl-9K9UIhj7_2825OwgbWdcTYN8M_ipS3gkMdBOAA3Ow,kr,asia
HtH68XoB84_Q2adcZog6zUzo9N9eZ5ZLsFk9ZfN-may_SJ-mwIjpWtFR2kjoNYGHZ4CSDR8-sdsUKw,vn2,sea
ckD9b3DkPF-Mo79_mSb1jnPkCWf4ZahrBF3lJUlpbU9bEtmr_fdf_k8KoZNeO13G-qdlXgS5cUt_GA,kr,asia
ugPfhHeVnaNQphWTsCGR_PEGwRcG5trXfDYD2mZZFyvFTWQ5TJE0ZA-2ywjUsgeoONoA4BRbxQ1seQ,na1,americas
0ZI7Bm5sl6am3zE3dMZs4eP5_M6ZbMEul-a9hogdrsUnjMacemWeFkf2hSVGt2LBHQDPdRyO7K1ZQw,vn2,sea
Tk4gcASR_wRAV3Nnf1h6ZIUO71N49X_dpME9nd2h04RV0z__a_u0BBytqbQROqsTFKeNI9fCki93rQ,na1,americas
Lj7FjNydVFsENIh366Ks_v--urAcS-drqrCitBXBdw52oYSteQ6SO3FxTTnP1ZizvHI4Qmw2WrrlFg,euw1,europe
o7Dmcbq0u62KZJ-0Q-2mqB3ZTrrGcOtiYpFFcZar8WPDvLJjx9a74X037y5E8jfpoYHrXP6tHPTbMg,vn2,sea
Ev7923rLI79wz6OuSRG4b-7qq2EyQsJ9dzdSSJvIebSupdN9loX4xp8-wdbyqvR-0mHjw2BQrtZv0w,vn2,sea
K7wpZ6NoKYpdfkFWVXICjbfCQfx6lmErrgeiJE57KN3OfUTfYu2gCbR1DHknTWxvhBSEPZmAeJ6wrw,vn2,sea
6HL6n6k23pp-6vqWiVukeAjdKQwHHylhyFJLlONjfQUCt1K0BcisPjMv4XNLDmhxW6zG1DVUdyrmRw,kr,asia
ZO6xEfVbbVPFEzyoxyNgFuwsTehHFImvwSXxZkdM3QCfhfoBt8xidP3EYQ00SDdpPQZIOeDFscVHfw,euw1,europe
LBotokklJ3IFYMSwzS8nOBqNCXdMa0vK_RfnQfZ_r8M0KVg2PUflAtQSM1nFCLuLQLH7Qd1IMWYI_w,euw1,europe
TLrqxB6Ky929KMeguI4Xfi9jAqYpfw_UYVsvuyCg2wsESrNz6BTQsLN-dpdJ7B7NW01cw7zgCSxPoQ,kr,asia
VD50ztBQO3G3Rh9K69wBxfDBG4xKYwrLPmGG_kWaedrsENooMsn4yr6Q93mIykXWdhUeN3KFwxPeUA,na1,americas
oWeJkzrlbpiOpxbsG0mozcHcVbtwNiHtBJFqOLetW4dtqRafbRhHMf9ZfH9Udy2xgov4PkNQZPv2kw,kr,asia
qP8cUOb4so6AKtV0W_EVEBJ6pC3YcErJUYw_pa55vXfCKC1guzypDUvCgttL1OUtVeOznoXq8_ZOig,euw1,europe
G0PxJKNSiLkVd2Tqionw_ElT1tXRJghWEHk90O9VlmAjzv2NuGtxisAM7RPJ_GscLgHyfVuK-kb2yw,kr,asia
A6RMpwaFPhi0JctuNhF00RhYzPYuvOHw2wbmL-BR3qI0aQsRHy4BbvYHZPV17g5huTiI_R5uRMmv5w,kr,asia
DO5iJoxXp2XUngiBXdG1QXS0PXJ_a3mvdSvFWcQfqNQSAiXAsJPiAd9rnZxfzTYD1E-haUKvTwGR4w,euw1,europe
U5W6c2reG981k7lT82f6zWNf-b3Gdcb97A0zzDce8wsceCLC6Ossa2TsIeU5lL59IYRbK9w-gQ5-ow,euw1,europe
MFDFZq0Seo-1qxfEre2vICC5zrEk0KWc87lCiSScyk1IBqrOOQ3hMFWiKoUru3WMeEf3h50v9p464g,euw1,europe
xIUpPUH87G1d7FW5r4iwy_MVfJzK-KR2U6_gl8vNI1bVkQl_bh6MvBveNbio7U6cm1ELFT6i8sHqMw,vn2,sea
vbQvll-Le5zVKQsBAkGANVo9GcukIrOpfZawLPg4PsAQCHcNuURvAR6ewhILSc16trd9_zF36vWZHw,vn2,sea
eXcWH3ZqGJs84lGUwN_Zy0srclwoeQGlVXeTnWepQIKpMBsGrbiJ0DY3q1aXJZL4smkC98Fyfynsew,vn2,sea
0OHQcr7FOIse5cvjOQWFk1yU-jmrR-vyiYUd6Jl-4hyMgn2S8w64DzKsX21QAKUhisbGm2b9wjyLwA,vn2,sea
j0E2sXCl6jhlAwlcrxr71S5tDL4TTqmnGRHFcMxgNu0bUjA-yDk9tV8PheLUqvnXGqPPZGw2IfxouA,euw1,europe
AdtFSn581GxVQwznBqMqPN-EYlrKq7pEj4V37quLohFTSnwB9w47n0oha0uyv7EByXXL-Y1tguqvWg,vn2,sea
AFPjo5D3vRmvw556ZwK9WLZFV5rFOzP52D2ikZT9VzpgJ88QupyrtWo7qWO1DLhyPT-8P2UTV9kCDA,na1,americas
6bYqnOaNEYM3Dq19cm1FWIrZVpJyatAAZgaK1VaYWZHw96rsHxFj8_BxWC0LMa5H3ZDuGBJWIrNUyw,na1,americas
rW2WxqZ72AnI5GF9IwCRw4VzPtIpYEMqGhqss9pwp4jpsP4o5XR5Nr9KgPTyJ2SmHxkPvFJxGr8JBw,kr,asia
LtbBXXoc2NH1PzzZGAk5PNy_gnrUdkCVqASZ7fEIHn4U5-K9K-Rsz5WeSyOTo6uB8C9J53X-OGvUJA,na1,americas
eqqLktBEtrVgrblYxUNTzBxWPF7CAEnWpKWGJS63tT5Ng5-7U6Fo-AvOKquxFkCB2jrWC2LNSe-6VQ,euw1,europe
16KDKhFTBzmdtkNxFWB_5sQz4dfX3DnUMGkX2REvEdaH8KhT1oaI9D5p9n99GnAznurdf6fs52eX-w,kr,asia
822X-xobhNmPfK7vTi_HLc7tWaIAYO4GEHMol1b0HT4GFvGPS62UqT5vxptwamVdMNp385pQSFseog,euw1,europe
4JnGBMMDqgpiUk96UwPs0JZiU58M9rXjl2tFokR-6INFKx-KFMGsSqSsylYIJmc4QXbJO5o8WHgnGg,kr,asia
s80L008M5F2MGBm1HzS9grZT9dXgws-pFBkHsBn3AfDBwhGnzQkunus11yeggAI8IubYFYdafFWBRQ,na1,americas
mB8_r7MA6wbEaX9tZBz6bLUe1Tai6shlUqKbmkz2JEbDVxuEj43CFDujUcmuU8Yv1iOdpAzAucX_pw,na1,americas
-uXpd9zhuBeQ_BG0vAG45_RUqXOcHqfpSuARMczVMBPHB4TSQ-Utio4sbspBQlj0ChcEVXShLX7Jaw,na1,americas
l6Ge0AiBSgz-W25BP3KDaHsmQaU3okCK2dFujfgE8ZiMGz4iOyMadB3I3HzV9kVXZJpLWE2aH5ze6g,kr,asia
Sj2D80a9aWmEmU1Dg9ejeS8kKNliYifrFznDBuGXd4P_ThWIkWMFxMH9gq12UTGdUqnZ-aUSkaB3xg,na1,americas
7JCJiATAjMZ4cyoJNXCdiH_stALdA4E-MKD7jIGi9sI4DcbpLXbA1Ae9tCLGooRuV1QBLMIiiZsBmg,euw1,europe
pjnViM5gwYRB27wOR8Ju8YQ3wq5XgcTkIC7b2KcsDJDqieupYD22pBVsJ_DxS-QwSs-C-hfkPp9ImQ,na1,americas
kqzSX9oVo6kF77N91B0-7jpV1GLZssGrYwg0IGcoDQzyA0FfnTW4d9vaC-H5vcea95PyCt9GPUXpRg,vn2,sea
aoKAh3u-JsO9vRsN_n2_YjWugufKNDyQsX9NgSnlj-UpUfvuMsoNIDMaQ73WHYRW-Po-Sku4Wifwmg,na1,americas
5BGFnAKws-eqa2hTcB1p1pEQQEr6BkXDYqh1PkdUChhcBEyajuGj4eR9q14U0YUfSsuSAzUE9sMJig,na1,americas
tr4bTGi8E5oYzN14WimUXgnZFFHkUSX2boAALXviYxqf9BNZTCXVTmt1LH9UdlE3exyTFU-UKas9bw,na1,americas
C95ylTtHHTckhaITjspgdLtCDSYtChI7ANTRFL5-7eAJgyKtWp0pt_zuqMKoTY4s6peCmmJoO54mEw,kr,asia
Bmdo95erB5cM2-IIeagSm-p__VWkV3svcijFdi3OYHWDkjF-bUwbZRxw__4MPlL7VEPWxE0JJ9IjTg,kr,asia
r5pBrcLhJWlzgvv7Fb3iddqyFuAg5quHJC2eEfwgMLDwZ6whdznpUlEh3Q1TxJr1Ewx3M8JEO4ZxBw,kr,asia
vVItWPVwmndJZaeUkxfZZIGTt2ZPCrRuVmDZBVT2O8nGtl-DDDgjplbrcj55jvhPub-5TMI6ElpNPQ,na1,americas
SWbbYiY5jJE_geKCfkov_F244NfUYq9TJmQmuGkKbMH583jBIiOSVTv6w5d39D8B-FH5-MgxK4_p_Q,euw1,europe
GI-aKhv1_vLKyUeMTo-HZv8-KASdnq_b9WxGOwfkQEDEPN-BFsYr3tRam42cqJJk4pOy5ivakmux7g,kr,asia
d9bPm0as41WEoMmabRNjJl0a4dDNiWrbxAvYcaoonibtjtwxQebtnCDtix-q0T7ZEbmyymbLpb6n9w,kr,asia
ZHxjA5wm6ZHg4NcAO-7YGNZpfrtk0WmawT8rQUnDwQJhIjVaj1sekvnFEaTa_PkjqbaAcyL9ZG_R_A,kr,asia
r8eYy91n63hjrvEWPEy7C6GtbNiieC3S6EpEAbuYx9ToDmEUbnAyLFnUie3eZf0bwyV8ig0fnmQ3Aw,vn2,sea
uVlpk4hJGnUjKaSeuYekXETHJbpVOD0bSVX4BkC7_QLwfd9wzEXhZIlMp-5VTLVni6LtEWwFp0GURg,euw1,europe
WcbLGyxRsCmpcl5CXBIBUi2MhTL8W1PZz3cRosarybckQECRbDTTEF3FTtnbkMtGtODbCmV_tTFQfw,kr,asia
aNTxbp6bX2i0FVcPR1nNwUZGjeTdxcsN3IfqJl8KvBT7d2GVEkp7sgN54iBicimKys9Hr0phs-0Pxw,na1,americas
KoBoHuCJ1mc1aPNpyweyiKXvqUSrO9zO5Nx1VVkC8KjencJp-Y7vOsgPiPQm6JWsExG3GoSjkOW9dA,euw1,europe
SGKJuJGsvbPqX9Q82mP1TqclnqU2-6yd1m6uovWvlYFycgD4IExv84eXTR2YUisYaG4i4rHKXkGmzg,vn2,sea
-9qGp-dT6dtQaB0DvTPFkipdSqRhEKSXGUE1NjdKHSTbkquSlXvwZtpNIi4kTLQr3lNHBIzptMXnyA,na1,americas
yMYYMYdrkPcl-jS_fKW5UugMQgIMCEEsb5UQuF4C-bxMvqttnOc3H0alqTZJhpzsTv18DHJryhRULw,kr,asia
jZI_TbeH48b5JGxa86Py1E_Z3YSK5yOG8m81SnL2ensabaiE5zTQfJi6bR4xAMPTJhC7SLoXus3uMg,na1,americas
uqqXZboEq8wbU5HxGXwoNR7E5HbMLmDNUjaQGwivJlKo7LY3nNNWyRHAhUmcfHcXLB9_4RAHqQi-XA,na1,americas
WRwGgH2i6YzWKAiV1gaD4JHBFileuQy6fuhx4LpYe9OIUxA-cHivGicLFvlIqDx8Qa9Vs-8SQw0hcA,vn2,sea
UFIzUhrdwNgnd6sEYcu_wuR40Pm4_vYxoV9sBWYjzUVYbLiyHXan-wIDjMeUHO6989NungNpwkcReg,kr,asia
IZNOrP8EWFBh1nxANmUSeRe2w5BCliH0UtTkikxupofQDGOAGCbjUEE7K_Qd1JPYBbDHp4CWrlmdoQ,euw1,europe
joZSBe_-VGGVes_7jzUop3nvOUSWJmLAH2reHJDhzyoYVETn1zGF2gqdrNcSn4JXaLm5Oi6oWG4C6Q,kr,asia
1Z8IchfmaijvvQ0fV7pmMEdvxA61bjZxoSMy2YRII5wJM7oNHF3kyYbyea90uupbVROmtRNRl85OkA,kr,asia
DkmpKQO7qP0t4nTAPzFvJTc_yT5hxOvsVfd1QtOdSUuyEWYKkBtpnKkM7AEP4tv7c2liYuRGaj-zWw,vn2,sea
HwpPnevBsxFwki76Vp2KxmDEj_SOTLXd4_27x8CW7ik7tsbi7khlAfHaQky8hPUcsQGpF19sBOqpLw,kr,asia
9MAmANmpSwbXkIOpvjSsWG30vnYSZSahCoA_7yFuORsoc0sRk5FGCQRHvfc-cB3KfUWobiEXjlEA2g,na1,americas
yFFF-bSBGC1cPLxqH65BuwljxmldxRQhT8HLWmRBUhZGoxso6DcC9eCNDqgWY_xMkriXr6Lbm2XKTg,vn2,sea
I8zxqImjpzVqMiTkVufpX_VJmKisE3eB6rufhITWEa0GfZWb_Mv3JwCHhp6be4Av7L2f4LmvyxLTaw,kr,asia
X5FXoQIRsWWNPIP82TWDiaAxTPAm5pSrb0byKrrm0P6VCXUlx93qFWRVpmtBxtjrzkIpXk2nAxI1aw,euw1,europe
sw6emxFqvUAFwYL0x63-DPkmyZyMDbuNu8JeA8l65BCeoOOhpatIR947u6AwiQwz9-PsDZMACZNIdg,na1,americas
ZU7X_h3c2pNHLIyXoojzMdlPMX9J-fY525qNsiJ_23j2_-qGC7weAa04DNtmJZja51Q8Rb1J6MLBgw,na1,americas
WOLq2rE_SN5zRmNOe9eyez75upRgTPH6eqFUP26ftbxycyfrde63EZ2WcRQ-dY6qtCU1lzoIbJxolw,euw1,europe
L8ngFrm2p8NUjrOBIUx39_fPFOmDPSGbdJDgLZhx-pkCiwoE4fdtJhnhevpN6kvfeenRx_zfEiW98g,kr,asia
DHnMiX5y3ELXONKJBoC7pvz1lk2RlixGyRhxFBcgreW3jt9RqgdMmX6xvCNukZ0onvc1SXAcp7XQ3Q,euw1,europe
iRjlnEBoCvTUhdAdrD-M-3vkcZipfkZ5tvnxcqWXJdM_gJVFRjguaFHAczVbu5s6lzXOZjw4v8ipMA,na1,americas
0KwFZJ1_k09NcD2XjDJRhyodHAEri9WsCLdXAHaK7yuNHJHTh-RhHAIgWX1_A06U69N79rlYy3rcyw,kr,asia
JWslh8Q5_sQgVbBnFy__tcVcb6BKHyGmzJGNyS3SyagIIA-SHOerQ_N7dNppDZC1NJcLESw-LMXtrQ,kr,asia
tNEWNEEzBuMWAFBfih9XWlyVu2KhjKyL9xf8TyTw_UL0JJWCnFmY82jLRR3lwSYttj1xWbg0ad6siA,euw1,europe
R8sMWBBXNO_nWbja0FcF3wKo1sVMuS4N0nZtuFFxDhK5BDncjt82Z9ZFyA6UVU7dD9hU0oj4xLhT8g,vn2,sea
po718osf3V3RIQhSkDhzbI9IAf4dTmwTb9AGe-4W5NiNH2kYibHq9CRCz72uV6YUZKghVcyIMEJ3Kg,euw1,europe
v7C7xyNPkbWrMKQT5TgnHaSgjOqF6SzlWnAnUPvNCFtdU5zR3RAQDLMMue-d_8S5ps7UWPcNHWkMfg,vn2,sea
NdPU5QYmLJ6g4zhH0mjufOop_uJJlpKsv-1LwXo2rzMyIvykOZXTxWxku7e989SUc8hGX6_xvhn0Ow,na1,americas
1TS7xiUHqqRnNGuSxvwTI9jWWgzU4pelZJNpQfZxp_dyVxNRzSHcrCwZeNJpLvDhTR9o_u0CCxiurA,kr,asia
4O35bPXTtabZof8E_Ydb12KxuIB9irNDRS8TsRdfZbnmOzIeIbLtTH2LF5RIo8_u8z4A95qaooqSTA,kr,asia
L_HFWly0Qv2KpKK3I6qZ1OT3nLsRCcBwHeo-ezKQtrGpv-08UKYTeSjMZBglgcgTUWhnscNU4Mj7og,na1,americas
Ec-rBpa750jwitTOzNP2UQnyIMysfuvyBOPmn_wldW1kx-ELfWWbJcfblrnuWx40zwuH-hSs4BS8MA,na1,americas
fQ6LDzIBdVnOJhbMKK_jRe9c5X-nk2HvxthtuN5FKcqGM8lN3ZO7pz3d48z-PvFkWAtlqphzWeWaMQ,na1,americas
8Q_tJw8uQ5ABr7ccWrN2cr71VEVqNOLeXsGHi60AJ1FwC3qbip96BcaBVMDUoYxfNpSJEevczkrT0A,euw1,europe
kEP-ZADndVM54zCOMfLhgLW7mwtovoPY9soUiPGg96q8XuCdEHwlqJNfaJ6skwdG58UMQd9tj05Z0A,vn2,sea
SivNpg0BFCvLRa6QwjXT1byCddu32SxIjTyi9fYx8gY_m7RptpK1T-Gfly5sTV84wdB1ODFisHLHtA,euw1,europe
U6SWw2VxPtBNPew9axfzv1eddkhI-Naeyi2VodJjocSzltKxoVuWgGH3UXU1lS8H8gFE_tQ3AJxd6w,vn2,sea
_47ck4EKgomBRFI5R3TNN0s21GYrbbdI9KdW4c8ngkAE33zJoo_yJiQBpkU0dXtHFPdqpEoK5PcDEA,vn2,sea
XnyvfoBOR5Rep17S9ZdQf1hoDibIzFdhY3ngm4ynSmsr6IpcGeJ4NXMUa1-AeRS1C2uxFivBykTkXQ,euw1,europe
y0GLrxrkjN0FuhLYME-Ytqq92J6kCVD8kfOPW2ShZQ2_zP7ndk4EdQ_pqri2y0hgvwCjadkYzDpj_A,euw1,europe
hcRdKkiCyJR1wLlHdhBmiYwU8WYIe9XH0J4ZVu487_mzcEyH5mFQifCOrVBXhloV0Dd014VrGYWokw,kr,asia
mBH39QpV_ek73n48IF5DN8ZGVynf4ansp-QTDG9O4SyvM4lTibsd3ECqw3eybNAiIYvXEzVUOrJ7Mg,euw1,europe
UydaGdpRObozViWC1NPD40GHlcuVV7ExdmHqtIp0Hlecc9sGp-fHzzV6GSERx5P6peMey32LAsAVYQ,kr,asia
ZZEhp5MIgqdkfceU6M-KlYtFzVPZ64HlH6qdW8JbmqJ7eIvSvNHpyhI1xCLqLNQGXI0SVbFSzbl0aw,vn2,sea
r39p-BLm2t1JUU-bsH0nqA5sxjznONac9w4LHObOSOfLfEs3zAO_g2jP9xYKvm6Sic4ZgW5D5lD5wg,euw1,europe
k_gpisnVYiFqfqykZdZBv-JZoI9HpbrwGChw9rE-SU3HppGF6AfCGL1vaPWtmMJddFU4o-f2IAcNsA,vn2,sea
HC43zImSE5CRI__P_tD2Ion5PBS5HqNseTNS8LdaPHUTAZMeJ0_tSlrhEmvHDrqDmfoX1XicRyjJcQ,euw1,europe
E8h6H23GKm_9QRk572BiLdN19VoPMsgCYC3hw_hitI7nift3zacoU231q1mIjlCAGHDOjdw-RUik8w,kr,asia
38OWGKbcL3ZqDiQl3b-03KxlBV31XTmYIBTsH4VJy3eJ6ZC4Vdzssc3KzdQKFlvt6TKrUHTLFzk3kg,euw1,europe
Bk_BdyRf5G3W_ctJMD7Lf2AGGF4DwmMLXoihMnHlX35Z9_ifx2Mm5ZZZ9CbGu7yp05BJ2Yy5QcGmWQ,kr,asia
gB0mHc41Dw_B4FZY-ODxLUHXYKeAWG7jktnZwtRLQ2e0x90WaUC3RRm_Bpj_PqH3EM_ycqTUhkrV_A,na1,americas
Pr5R43Io9Y40XjmM6Pfw7yae86cBcLiNCafGI-qhn74Amyzb0hmVVxeH0atY4qymz0-PLbh064OfAg,na1,americas
Nx6FPSd4yMPYu8rZ6QpjShSVqeOv8pH1xvDzq4KmtjhP-DZLiVJeXCDPL1rmMPJfb8NYypkibG6uPw,euw1,europe
0hHHMofAjLTJ1HE4LNVgIvekwJtQlsvGzFJb5fH9F2CBEM76hgmqWUxKkWEy5WqhAwltzeQCfQygRA,vn2,sea
AohM2MVpMn64bimQd7s2F_HOXKLnsGSWg43XcJZS2BZaJbLwsrqr4HdBc5zjvY_MUjFHsV8r2V_2sg,na1,americas
GGs1icxZjgw8BK7Kd1Hp5oZ_NDVZdfy_5p-JoSGr3WWICOfdgDRPOpEJychhc4ObbQaLNe60CNjSYw,vn2,sea
-PsVwrZxQ5-XZJziPx9TCK-ojhG3KfDckAoYBIdbiP4jCUuev3KELSJbBG7brUTOvjPADIPJFg3mbA,vn2,sea
Imc05cUXyFvlC5DGl25mJdbpV_TYkVNpvnZpWFxsaRzp25RKLwQTjnw9nHSdwb2yffN2Z9MI5LYWAg,na1,americas
dmSL3FcfHFoeanFaUpCHZRi_wyir4ZzhzK7DfGyZEfSd4_kObJ1PL4kFOgJi8OhR0sLXZgUI6MpRNg,na1,americas
76vDYiUahKeTm-0OUcFoRhqxeqzeF1Xm2TpEjt_86uKJzKE6IRDNgHdYAwySPBNbCZjwhGpuX9K3yQ,euw1,europe
OX_I9YOFWTlI2e5nFcaxI-PDWgcFc_0iq2Ur6Tx0Ki0R7MkVkSwTfxzmfOvXd2J52FSwgnB3au02fA,na1,americas
YlU3E2fqnjIKnGWDFotmizSZA-5WS_dHYbNIkOxs_uThc6ZLS4HA44dyYS2GoEwj2z2RUIeRf9vM3g,euw1,europe
LAE4Y7gSWQcTewjRqX0GrhDwzDv5aSxfnoU18XcWw05_YMtePIQOftzzYJq7GsFf8Ovbehqud0kcZA,na1,americas
cDRbLxHfunf6RPrD98ADDoTgdTkKOasJ4rKx1WzAfAcVQc1LNt-oEfUMbuHGZygILvOR7hgOfDfr6w,vn2,sea
Y4pcQqmjMi_VI5cA-F4Zl5E-yMc_5hRagw-pyubGKDA-lP5a3kSrDSUAxtePkffz4dwfaLhAw2r1nw,euw1,europe
JHThKuI6v7_juKNAcFqWEHJ3vNYOZ-R3XNmla7ovwoK2RJtz4sSbmzmOx4MAVrKt7DpaV-FjSBkfTw,vn2,sea
pfPuTcaPp7uII-aVaXnTqU3_OM5Vk51NiYRnmP6zrH6yP0_C0r93XsKTqEC3uLACvL6gfxH4KgYrSw,kr,asia
RLjLAMurZr9BXKB3AZ4cY4_6Sk-Ms0mCMA32daf428etPEywu9mSvZNkhrpJXW4-PT7uPXo_N0mAig,euw1,europe
zD9KM5thhXbEzBMzfPlEnEyNsCf4I-Obgd5NiAnjba-V28tLuyA6p5t6yHWiLYRWoNnlgnalEfh8jg,vn2,sea
joR0dIPcJtsVSjjDmVfRsLegWxC8G_ObtSiC0DnmcWIc6zMokTVzv758lTLCZBu8qaYh9CG1CiSZ2w,vn2,sea
yduIyK3mgY2b858PCAv7bDgHVrFF-RA5n6ap0WuxCbDd4lNGDkEUg61dljJAHjDWWGAo3doXXxlrxQ,na1,americas
iRkxCEa71zFNFTLqoH8pT_XG2wcFX2leQ7AX7pATO7WgNwYD-AwL7zjV1nF3sfBAT5zVxwIYUSJqmw,vn2,sea
KFPj4DZM4YuD51cHyNbLuXrQ3WWdJbj-x7FsOdIb_6pvwefkPoUvFpBbuqMG4bGBBx_4QM3tzuzu6w,kr,asia
SkSQLZPPHBb1UUf9JnTUbgXMVsylr0OjMbq6Q7u2srKr4937hLFCwpytzV-j8XHq-ZYn2PTgiFbfsQ,na1,americas
UbPgnVTNLMXjVkWq6O2-aeSVikUVgVFlRbbsHgQSd4xzCs0cQ-MrBpbo4j0BSTDoRXGlrKsUy89qeA,euw1,europe
RRtAIEHDuuagUcPvtx9MNol-ErrKoV9oqYnYs5HRJyUsROVDPl11RLG8u6vvvtVZu4f5mQyrkgL5yg,euw1,europe
nicWgswxETNtFaZm0kcMycguwh4AeH8vGDPfREUdd5OizG0OefVrWtOIOv0HNU2tuvp05e3G1HkWSA,vn2,sea
JkB00NJljYqWJYsRN2Ql-q65-IAv1q0HfU2MJ9jxao8l5dEWfIcGDpHf0ZZqpuoL2oV3X4ibAu39wA,na1,americas
xMv9oCTYuEVzsyXeOF4BOfBzy9kKt-evR2WBX3VanITWIEcqnA6C_eyhsw9AoAX6S1OWVjwizxkq2A,vn2,sea
IYsuMwy4e0u4i19HiRjYcz6vVHdq6zESmDVN7IP3ZKcPz6m2D8ovuGrrME5-LcwWM9mXh4dor630KQ,kr,asia
9uzG92iPvEZwSXxUdbkLaAAPJLKUd2lZFGtGF9Tcb12O0INjlRok0NiskP9t_4-3DjJCLGPS60-faQ,vn2,sea
ptkik7hGeH4mGifWfEg45AgfbjD6xd5mxBLHJIsw5FyDYmwaJTTDGhtz4en_BA7C5f2zdVfDlK-jIQ,euw1,europe
_G-ihcy7YJwAszNqbwz43Y6kr8B1kY558PQH5i7A3w01wtwYzWe55igztGGcv4qBagkDu1iZgYYSvQ,vn2,sea
nWwIMZr_sONZxh0aXNqsBtuR3g4B8GU3uwZMBBVBTYdjcSGfLWbRjoba2PRRMyCMu6o27e30ivRoOg,euw1,europe
fa0IP0N50hSalkgo20YNIbZ-m5VRiLWgPTWXHHnsZY32xzKfopmS9OdRfMGOE_5IJUlxVvhjJYSx1Q,euw1,europe
s1VdJifKd-JyNnLMu_nDmFOuDhDPe0qh2-pYnhTa9-yUyi33Nx84SCDFI13KcIB9ED2a--iB06Obpg,na1,americas
7wlNDCQcPkdiUSGJMc9zX63GcNy2nYrPQGWnTRFe5xZYuDs_k7BEfswO71YOZda6mItpXXa4lVFiOw,euw1,europe
BQts0xIdDaLyX9GnVcYvxq7YIpMTAvSLctoFSomSQII5NYMtcNc373-GonNvHAXAPZ5RMY5Itz_qtQ,vn2,sea
vKnxrjWroi4ATvQrWPuBqJ4XRdFZZq7eqeyAPUxtQABEMGpzrYmLtYgyUvj6h-LSkgHQDG82yqf2uQ,euw1,europe
Thc_3r5VcEN63gZLMnCbpscxiVUrwbcviOt9eUnSNqH9vmer0q6qQLXaesmQ0LF-bfj8xrMWaloEyA,euw1,europe
-lNB1dIXi4X3XTNHkEO79S6yXSNtCX_s8jzf-jptYoHoSFEUXF_oY84rOdYvaYnjLNZ4soSJDPZMjg,vn2,sea
ozVElZGHd1EXmV38FeCrP8tmMiw3FJM7GWzBwD1kYstE0Fv1OUMxYyJMSzMYjrJG0B4OhYrY16C3Kw,kr,asia
gdf6Yq4o5o1X86MQvGpjF2dmSzh8SIEA4s-C5-dy9p1vPBiVHOWu7UlQ8rcE-Uh0TxiwVNtKS7yfhg,na1,americas
uXEZ_oq1hbhZWfbCMMYHih-ZpAfT34Vwm_l45M1lD54fg1VOSuyL4GhiDM6eJZr9VI0NKE-S-thQNw,euw1,europe
HnfSxbuQYpoOlb9KwvQHiI9x2b8jGy4F1fQrG828zT3bfxwQhhS2HvvgZxKl3RPSBfir7VGQGzh-bQ,euw1,europe
lhJk8kikRPPZkgDovkUGh_fG9PA65P3-WgP9sV5xjNGMbMoHYg0pssQbuNfq6nbgY402gnQIjU4u0g,kr,asia
9FxDkiv0HVwcqzUzwbmbe6Lb5omKV7_3FNic-a7MxSf5SMX4ayTH7pwjaP3uSwEfaeBMlOQadqAhTQ,na1,americas
kS1r9BUfl0gToNcpuBNVnOgk3SpzfFau0cGkSZYXfn4MjEjlsBuTaoG3gxW4mIgFDgbi1AuuTciKvA,kr,asia
yYdQB_LfnL_7EROE5N_H3Vwp-Az9L0n2UVCtqcuWswcM9iEhBSPZxI_hhMqKZSdI6rjN8HvRyZFt8w,na1,americas
KQ5ssHnXac1rnrlf-v9mT3-2OVsNUns5nIDfiw_K839OK0WST6KpN97-b51bs1KP3zaXj7D9fHQ10g,na1,americas
aFvZeFnNaKNZyp8nScTO6ZT5jwosR1WfP6arlqVNdbgkvm5uu-DwRsMQo-5VR5aiqDahpjZPUHLi6w,na1,americas
yHZO7OjDF8ir_YZiVlQaBsTbcb0WZGBHBufnpqijMwjB8sQEC5wSMwuXOSoF40OtQBRaTLFX0HYcJw,euw1,europe
miYAdGVS1GjBF1GP4qZHkwBbDahM9Z5a7ZBvD8HHcXePx4paWSPM6-gRIm70OJuleVizP9sS4BW2mw,na1,americas
VibrG3abbhMP4g5HlmUPgS7OmFbVFsaWNbjKnth3YSQ-sPpOZsJJEe23D6fek1lsBF6BXkp_mfxvpw,euw1,europe
BmdRHpRYvHFtjqF48X9U70pifCkx9J7uxP7Pp1LeLVs2LjPErVj5D8FgwMvVSUYdB7Ml6YwrQR0wgw,na1,americas
yi0h_mMXxAyeXrRUk4viFf3m3jlkygl3lAvU9gLLMo2mqCxzPtFkep5YpEBBN6oQgyZeFefs0rZbOQ,na1,americas
afwEZZtMsKnpIXwyNDiexM1V3CDMwBR5Mol_J1e6JIRem0_zvOm4l3nXLFWLJ7pt-J_QU1jxfI16VQ,vn2,sea
1e-5ynmIXDKoyaIv9PCWgEYjsE8gcPJ_ReId-JrczpyzdxikexxC5fBVu2r9ny5YGycHgzHvBiWKjg,na1,americas
yA7b7Kqsp5wql3JO-fR4Dpsdei8BB_YrM7Znp0ZQQugdaimHnqFHxxFDNUxejEH2SefCDhlxy_q-Fw,euw1,europe
owpY5zcgv8J21l9vjHPBJuocEoYTyBrHM4e6DemnD_Z4nI3LlsmgatCsy-O0l26BK3zXxeEoan0E3A,vn2,sea
Vl6m8T2KOp0Qzad49kadl45MXXGOX1Ue1-8LADF2BImy1PSFo0rfkkw91BKjrwZaCpXYFFPAkdiDyw,vn2,sea
CkE1Fd0IHeTJiUBnvu8A6gAL-D9NUVGkX3WqQzz968Qr_xtcUDt0yiQE_P00d9WXw8ZTM7qZqh5lag,kr,asia
z3vI4-uybqPc6H9fpkOakzAm7cb7Ni9Zm7h_fieLT63b5pW3eSuSW5e2Wh6m-m_7c_TPJFyYF_2L5g,kr,asia
qb-o_XBnvkSF95yFsYYaRFnfgjYMpFL3Fgv7u86ft-yj4Xd54x98SF7hXoVVK04G_qoE48USSc4oaw,vn2,sea
fQ9StRhsY4Tzb_Xzsh3QJkCK1nBsJxhwVPnsVtYOCXJXo9r8K04wGRgR-MP19gT4CxdApKjvehBxNg,vn2,sea
E74-2o8YXCIXM9_zcjMeJoWX8IHeDvECKciqe-R4S_O4BO3rfG_GdPDVTXE8CrpVEjFlwu3j7IqFzA,euw1,europe
FJmQ9uveVq7xjRLEkgEOWstiT44vMD47NS4ugb1A0dMf300LWZ9XvtXmC9mjPlgoB00GEr8O5je0dQ,euw1,europe
y0ELoxqLlJVkFvc0Y-LhvoCSep6JakSf3I5d1wcI7o1PWmQuQ0TcuMq1sgXv8eAyQAEgO2OYbCnQKA,kr,asia
vbkXt5vUkKBoWOiwn1rk6PKsTv5Ou7Jj7JDo6UPgie6sF-uYt0qEtbieUf9tt1lUWbZWZDJHEvG2ZA,kr,asia
SfBZrXgf_5J_Cn3ZPN4AHcj8GvQW3CsLh-XEgQ6OOTwn5g9DAB0TjGXWbHCPwYc2MRmow_TruAUVEw,kr,asia
0HG2TycKjQxqFtWPXhRPnRltZPaiUwETCT-qNqJHxUO5kcIgFIVFVNxBqNMK2cX4BV-bF3rWaO2ibw,vn2,sea
19mrVv97nqNL7-mdq_hWa7cUTV0OArumWNY1fApBQTzHZfFrDvvavZKXNUMAX_Fud1HF0aiTZoHgkw,na1,americas
mcFHUct6hw65Vv-izAn8W9yqN4LKO3A8rxjbntoWKWG8yigp9SlmH1a-xIibdIcdfZQJF04mtvKFBA,euw1,europe
09Yl2VZFT5J_ARgRaL8BjqKJX73BfsLOLUZOUS2zjHB5TALGqEtIZRXkmRQ-9mjJVR-Uh5SAra0FbQ,euw1,europe
GPmq13IqJlSbzcALQTsCy7hQqKxgcdXqWtpMrQ0nufDGewnW1gdIoEhoGPzuCD8Y4UVjPwdRd88DJA,euw1,europe
1JsMrbT2w4Y_ZfdkQ7KKgD2rLMNimPNxQGNXpDykpVguhwORLKEana5qQW90f0LN8qui2dBuBYla0Q,kr,asia
Y2_TknU7p6Cc8rZ43DQG_-WOrd72LdpRS62q2HjenFh8qQHPr1j0tW53ca_Hu0fUM-YlBnhDJng63g,na1,americas
N-Zf4Lz0G6V9M4P5HE0nrJv_PfkdYwgArKRBPjFCjFCi1KqmKIgfQ7fHDTmzfZg5qyZEDg1OkvDNmg,kr,asia
x9MM3nYKh34cV2Lp6loRk-Zq19i8cc56GOI11oN_Pb7klkqLVjowH9Wxi8RHeRhkJj2cN5Q6vrXRwg,kr,asia
y6yFTzk2K8zI_-vutcQiRhNHeRDkEcKVoHaonymHj8gTEuBSkUnpbhhqRJjbQWbym_BA-moDA3j9JQ,kr,asia
wlYxhUIP7ZrsTvSLeuqmIv_b1Y3C9Zvl_WESilgvHVLsDcCJmUITUr8tBoefA5s7xs5cZzxvwvxLxQ,na1,americas
qJ8iWIs3RS3zERck41b_jPyWrZyVd3e236k5cRiabu9uOElwloH3Zk3JAbBuo1-hFCVRAmD97FTpAg,kr,asia
C5eNaUuBaR4FOV-t46DwBFzGmnGBHpcQEIl1POXaL-Cbxmg8dGulBY6aNPC4SgymJBx_XRnEPerYtA,na1,americas
dk_J1WLpq4RuvpdkEbfYWCGLbgl9JYvyXyRFG3q0Vpj3cYtXN1aC-bCB4VJnxdhZmjqgCWcDjEr6fw,na1,americas
8Q9xrc-gAajVg0A21bTsXNVjxmKLupGB4NVs_YAyEUP2WzIWtucUh-khJsBOHLqiJccgV8vSm_cuQg,kr,asia
-ssb2NtPVpJtoHGb7jsBp65RvwbZ-v7OWXMygLzFrI8AJoMQF23gsP8DuBv48FpGdESz5W3aFGsYnA,kr,asia
hvi7gfpLjHnOKi1Kw94-2DULWdg5_ub7MhnBvRDuuDUY0muog4wvWPcO_PmEjZWfgRia0pfYdjMkEQ,kr,asia
0zScJjKpZzvo5t71VxmltEr8e571k4OFl_ZGE_1ogQi7coDG8DQTbOgDvMrDEcui-WZ3zBCEFLCdPA,na1,americas
s-3AqtAsbYTDcOxARNfR5go-VuxEqdSCmdDGuz5toFpcXYL9sXIIbWg4OsuOnzub_tFDBJ1E-8TbSw,euw1,europe
PcfDX8sBj3a_cyMzqPVBzYglRAHTMI_aIaiRgEUV_b7ys3vBUt0evtGChChC2cHF6li8k8BxKtjwcQ,euw1,europe
jcZOA_6PPEJBbZzBraXTURSRFhWP-jdAsZFELVk0z1H79l0DIcJANDWxRbIEQwDTK608QvZuFxvmcQ,vn2,sea
t46eiSXMvVmHOgxHzzY5woN9Dlm192uIfVkse7Q29uGsuhZrv5J7btwyhyaNeJ265j9bY4L_O-m3XQ,euw1,europe
Ub99fCOi53EF6QxU1fpmx8Vsb_E8u-pw9PgCx9t_E0BExDZrXK19eHeshOUjkuZn-O9PrOmkeqBhrA,vn2,sea
Ppoqp51r49ijLWwhEJpP3UOwSVJpXw43Q7Hb3PiTAHzLf8yJ32ARHVwUwydmn5Cj6HtjGHsROT2Q6g,euw1,europe
1pS5Anq-ymNztF5zNThjcKTIHkCP3u1Nul9HmLNovdGN4dUHHryOdbS-bcB66aSO1rQFvVb2fYReTg,euw1,europe
FP4RhQi-IwMe_BhBAR6Is9FNyRF8m8xDpfXUG7fpL4PQZXS63GNpSXqmB0WZgeE7I3Vqrf636GQkUw,kr,asia
UbTsyjOJ6lxblv6lAccRE_AkGcN7CClaZUhU3yef2OE91DlBZW9B5fGRKPHIrHQ0861m1FJPHSYrhg,na1,americas
LXeM0GftYNYyEqP6uwv26lzpSCLOSiKybZbMBXdHahTFjcVnEGGfegJfA2ZZX8lkkNbrnCkS3OYfmA,euw1,europe
3G721U2L4TrcuQJ5BTX6uaJ7PHJYNa4lLC9hgSfFbTP2PqcvbbQrZpgACfSJaGTbaSrYUdoaP-71Jw,vn2,sea
WuoKWnMSI68CHUUhesB9FPtEe3J9eXY7zFS3U5DPR70WpdDmvQMmZ6CfDxu3fFK1GBCTfOkIg5S8KA,kr,asia
ZGCRRnW7AA9hERdkAnEUsQHYgvKWsMfRD0-hscpKhHyEDiEon3Xz2CdQ9Ggq8D3Fg2gAChTrpdfi2w,vn2,sea
iYrx6E0F8X3B3V17fa02gz94Ewp_cIDyNWPsVpbD8JQROe8QDQje5UrQmuKN1olpm0wjbWGkJtHYJA,kr,asia
7cZgCXvjHUz-_-PiCH17ZSf3U1cbJDC6s85y6ePnpzYB4exwRR5fovsb4Zx7dWI3V5BFNssFxHUdQA,vn2,sea
lANaBvcFWStfufq3hEwZOJqKGCg5SqgPmgkd_ws0Kwrjj--8NfQ8d-OmKSulgcZ2oFKaxBQqt0bwKg,euw1,europe
oQNKFZYZqmz0W8Ne1aDJN9nk8BAcceeaLa_s4xdxYAXgPgSOVRntU86iOuMEGqY3qx8pdcmh41wHzg,euw1,europe
PMMjaNHf1a-_dyE1JIAPo7sn5Tql8HGpxj92_qkeVdyAjC9loTqUiW4Y5ftZqzwwKB_YcaEFaNf0Ww,vn2,sea
iSAK4FPns7bwW0yuzkfFO8WuG4kQjegoSfhH6bc6gEXwD7a5PuVPcpcq3HYNHbwY7HZvrRbg1_9M5Q,kr,asia
UmcIN4x8mjoPR4lSsaGbrJQByi0t_WtZ5A9VPPHxwXRf8spcAeQBn0y9IMUEFeuQRh4vyUNyZb3iBg,euw1,europe
VvOelov9w7rLO0e3HvkE1uiN76ZOkW4575D9TrIrOUCLcbptnzQQCX4LUHAcLwSNUD3JFDPkDozlMg,na1,americas
25cCakeO62TEiAkl9oTm_Q7lIBBWtbesqwXm7ldmpw8ZQpcAXyLmfhyZntpYeTXz3NvpvQ4nCzNJiw,vn2,sea
GdB-MOVmtjo6PUjUD-VpB6pFzJ7cH43D12GYBVy5QRQob9F8XBOQw9tke8ymsMI224O2jgRTi_kBwg,vn2,sea
2rpGrEWiUyR7huAlFA_lM-GpaA3CMixI1_sVtEgOLlUdNZqDHuslLKNN62bdE23k2O0HgaxAvjUvBw,euw1,europe
V6PQvzqKNAlkIYNEi4_pK3jl8v-bHMc_AwABSvALD-lA0MdrK-smy2qlxNL3vJEpTfjAw7NaSRAI7g,vn2,sea
6TMbVQ7R_TMdrmm1RqM8kLN0ddRPSmM4ivfq6TRLqL4qK03a82nJjOGzB9USU1KUq9MBA_Opicsu1A,kr,asia
Ill40PWfW9f8z3DUJehpCOgWk-7n5ULkmKgeEYSQ6OQ4rfnq8TY2XqOLKnW2AzjE2IVxrgFi6Dr75g,na1,americas
yjDsKIBFm84rKlUqJOTMdPm0_I8_6P8nxgU6B0EFsV9-tlDz0-VKlhgHrzA5FknnuIrHd4cgndY2UA,na1,americas
fvM_RaBJ9m1n5vIdrq6lRo0Sv0ibHsBwKIMzIhwrKddbO0qSFzvNy9htcA_5pJtj5MTNbCJVwQ8hWg,kr,asia
61_lo4CzB9gfJL5Cdh5tEM3YSvnj05ShwTTWK-IE0lvVgTVaQoeCR59YrLzwRS15_yfmfC-z-X5QGA,na1,americas
GOTI6IbLDxXVTdYpmH-2pMOM-0e2n_cgxCm_3HS0SLxZ6coj5KtuVKA_jgRKfHWshZprRD2YJTmUWA,na1,americas
SH1FTIp881QoB55vcu7LoGKVFkJvhOoGtdFmfP2aw3MZ39nBjdQMQBRmrUzsKdKKphsh4oAMKS2aYA,kr,asia
o5cceEjuvHy4xZ8Om1HnIvnaEHKuJ_RF2ngMJpsXUNt05AGYhhiSLytjEOncvcbtLt4dJZZoiGR0kA,euw1,europe
19bJ_KZJzv2wnp8tygDJ80GQWqL6vz9FhkqcCVqclW3TAFMzfUUncR3mdBuTR4P6etFOhYfwhsCCOw,euw1,europe
ijpuvK3D0-ljh6fT01CwdFx1R9N0DDqIsxJnryJA7ulLeu9m6XOB5U8mAjgwuGaavLK29OP3zyckKA,vn2,sea
qLdY16YjYMHw1z1Nz1UC7gkIIf4WvbA0d6Ww6SLZU_uFkKSozIOJCie2Yc9tyAVi0TAN0MaFy77fIg,na1,americas
Eg3vY4jSR-xg1x3XmmmRstgf9lxsy9cWKi_4n3TMpdAPUMHBBKRwcbwL977xfPlCmvISQYXC_uYGXg,kr,asia
dlxsHSFATkB2GRbXli0I1-kA2gSdGSMgX26PL9l88uFgFZBagibq-rSyKi7taWkH_4_vbBOSAmCXEw,kr,asia
udZeC9KC4EHNzs3SyPFR8nGFkK82ccjodstu868CzFWaOBh6i3sEmsyOx80ejUL6_A_ubUjYlmay-g,vn2,sea
apIfjx8wQPFMhW4mCL2bPvYVoelXHj-6Ot16JTmq1WNbpz0JNNEhYOd0ZXASMtwBcPK0mnvVO1yaMg,vn2,sea
Yb2q7-TAjguhvQjkJHPK8dHqJ2Putmk3W5Ve9zq55TnmGX-_U7uxY2GuMDmqnSEX1u93f_KoyEQgGQ,euw1,europe
wZDaRQV9FZdthCd0apiO5cjxlQSw315XMjj8IfwH0T5VwulmzNDEGOJlzZKoJgQntpOpHzBOz_f1Tw,euw1,europe
XuaI0Fj7peWqsOPBJA-8eu8j1_CvGBC7at0VSILerH1FcZseeF4y9Sy32Wi0j2PYn7DZaZU32fQ-Jg,euw1,europe
l7T2E65WFlWr9n0lew-VN2tZhOiI-ZeAZ-wS1jMGaeN5qO4NK9Hy19wNbhxFhg0hxH_H6XDO0yvUrw,kr,asia
Xgdyt0YtUM1a0Bcj7SiZUjBwDuo3a0khLP8EfQQbjWjR4BTxhqj1c9nk5Xo82Dlsh1Mz_1WIH4q3ew,na1,americas
dFPu-a8d4g_OEuf7FTaLnocRbgofjxYLx1-wGGJWvz55XxQ7OVZB5HxTCwSagPtj-4Azd4guskrsxQ,vn2,sea
UlD74JzpbeIjzo5AtQ3qYoM5RX84aU3b2P1Dt1MkZso-QYxS0WcjNYsG3g7UnIeTv9INeL-CRzvRNQ,vn2,sea
MX5xytEL5qiEU-H3tPuSZ_lKmNtUlkutTzJ3OEVwDy14wM8ox4cOklKPwjogMH3i7s6MAf4cWQqtiQ,vn2,sea
PnvY_a74Fe36FGZc4mOJH_dPjLHrAVM6G-dUHn84owATX-RMZxMdG9nZMeiKGVSnKfNsDX_49bISkw,vn2,sea
HOVx4USeDpTBEp_bga6Kbt-n1kSPg1NSItgIfNddxNuXqiKMT6rGciSX1ERy2Zb_NFvKsWfMUzIRpw,na1,americas
Bs2DEkVewpe5ElHhdnpqh9OGcj5CrvwYpefw8-pECLyPswZZDfCkcSKsjo1hmlBceQqFhNvXSmxhyg,na1,americas
EKiZZ8ZhGsvSg7g6oerJzSol00o-QDhfYs6nDoDfYgMX5peTXEb8RxtAFaGxbqPnNjOg5OwY9T8vXQ,kr,asia
9RM4598JDDScn31uLDerZ9BWYupRAUJzLAPJwK1kKlDQcfDFg9mC5zrg7D-H4AHjH9bvZIrtZCbuVQ,euw1,europe
hcPT7mn-p1wqREWSjRYcvWOLSUAtctXDzyDLNWVahGAj2M1TDg1-HUPD8h6qTGsqulZFGYZF_9Oi8w,na1,americas
erTCnTiRIr7M4WcOax-5ha_gThGusLnZP8SU6d3yiQ_Zn6GRROSv6zeERqmZLEtS1PIyWtKLS7_6WQ,vn2,sea
-MZETqK70-v0bGIaTet7B4FhYNx2XKPZNXXRqG9F-XB3hbdVtvcMxl4H2huRdmLtagEiTu_epZ8oIg,na1,americas
ovrO6loETSyL1UlwW7DZKWqo8s_JGfhn0nVmg8zCTCcZmMLAF4MG-IaY671Ker_vQXI4E6SGCQ59XQ,euw1,europe
FZsrb7f76uR-Mou_Jr1bMPEfsOTsaCd7S_ExwxNdLrB2zpTgMjAjPK3EHXQHl4EUyGOsfmQMmaPDTw,euw1,europe
3kYaGYgmE9qMqpZspBJGM7OlOgbJ7awfxBvxrot60sFFPPC1EKvROJuYA1lwgTlAVVDuj9ZiPaL9LA,vn2,sea
nkUXAIZ-tKuHwqiGk-yTZRhQVGV9uLL9nBikW-fjfve5WogrjSKq0p1goQi6oWOKpSBO_07Iltn6Kw,na1,americas
KX7P71c9Wsu8ClFpK9Tgd1srZ0RuqOhFdvJfH1M2Bkdg1i3BrXn-nyLg3OXIcoCZ4CbSBe__Poh7yw,na1,americas
9f7lHZLTB38S-i2H3Y8EaxatJBbEfzIQqETVbtsiyylAEF0ZinkHddaGcnWmRETqwOxU0A-ISYts4g,kr,asia
n1pU1Qt6-91SfnF7XyZxjht8-WqyAjpWS8-jUuEuyQXztT2yaoxfq_awQ9B3ZF9CMdNa5Co7VBDj-g,kr,asia
tdqQmJPIrUz6SwexdpSr7Ttj3zlXo2x9sV4sp42NPVGMhrwvCYgq5NRaiTBE8RSuxGyMWoz_htLFLA,na1,americas
mwah_FFfHhN3ucFzI4AzjF1eQqpu-ngmp0i3s0b-aPVKq52rUMTVr1p6xJO4JpXj-BHXcmejTPZrxQ,kr,asia
3Pe9QpHh3_vuJ1aAXwJ5RfrcnqAdYjOg7F6c3qbfgS2wbIE6s6ALeQtlCZX7sfoRq44FMpV_kCHkjA,na1,americas
-ItqY4NZZs_n7sn_8-AhqoMILVcqTDpaNFP1Z1HoTR0voMo2uYbPP1f-DoMAMtFcgwOixemdA5-mgA,na1,americas
zcSmYMCBa0fFfPYrSzmvPPJH_tm6GVN_Y8C3zTaYxpKnJg8wt57zG6SfqJltrVxaXNYXFsMT2qPNew,na1,americas
7PHjM06ExFkKmQb_sIuwy-iJUp2jmrSINtdf3Q0C4XtyTr2WXEPiNSj33bvYSaIxM80Wz_DgYxw40Q,euw1,europe
-En2n-ukY8lhKlVsy0VOqK6KNh9Qvo3250QGos82vSDlq5RcAIgyhP84SBLNOOQCcGdLt0xOQ5UjUg,vn2,sea
ofg7IuvJNKIF2lYDhe4wdpOkIeo3x7uEhbnJ5CqWLEHdgzCi6LgRgu0lbYpRNpYJZ-x99HsOjLZi-A,euw1,europe
PE96P66jqh_k-Nvfw6ZfqcoxwaVXPTFjmo74Y_stSJEvb56P8_Ng-GcHICwgPw80JIQ9JpZoP6Q9Bw,kr,asia
GaMsEM9Ihtgx7YlNY8fCVWIt67n2nc-_bzE8pb09jM3USyo3Er4MPq_dBo_wyeV4dyXGhUg7oBqUSw,euw1,europe
yVp-GcNJN_1ouSIi7q64NwNmCbrb9A8lJt-AWJI0hul0ANCsX0lRq3fPq9O7jJhvgdM6fhS0Gzc9iA,na1,americas
VL4WxD0LIvnYKqSWhX3Umv2f3fVZK8uJqNND96mcWeH4F0xBkZTydtjP72RxjeByivlRDEUGqDslnw,vn2,sea
gW_f7a3rmlbeiNWfcF6Pnrm4zZF4Gaw4xIuvoFAr8ZC6OvfUgacz5yFvR556k3VR_o3XoEg2bvU4-Q,euw1,europe
Z2NSDu8yx2wX8mKpTBF3Pp2dF5Dj--_0zd-_pW6QSz7-56TD9DRBIM2E5AwaJCTESMWNFoLeGsPkdg,na1,americas
f3ojDOSwpy85iMiK0zb5xo0Jp4SjSR-GbH8nOsoQsCzXlLZpflIZB_8QaJ4Fej7K_qnB3k-XZMdR4g,kr,asia
gJ9HVvItXeKCvesrbI_kQr7sTzFJ6_HiO_8utqL4csObxfQHRTVpXrugk5kDorvWaWRD9y9ZRTW9pQ,euw1,europe
Kqb8O0lJxn8hDU5LWeaOxlCKLj6_-pomqWJKmA2JrueKk4C4yvvs3yr92qTvMNJn_wg9mxH-2E48uA,euw1,europe
fehIkhmryDVKYNcgv7Y1rMpuLQw8AJPcVskkZil0mjq6EIOeM7VIwtc4w7ljR6Kl3YocOBO6O8DiUg,kr,asia
0ozDIs_UwZAIZcogyoyzJdQnOPX6KRLWeynHsTZ1LmDPV9awfJ6cntGlc5Du2OdXdzP5mSmOaGDmoQ,euw1,europe
KnTOVeFS9FKuDbbel12Vv0101tufMNUqM3z5AsXDnDXmmPnC0M1RNzTgFQ1RgNi5eylGsEWscoXNVg,euw1,europe
fcVsLrlYkZ2l1CxN6xRF3NnNwwm4klw5jHd7wUJ8V1-k7bFVHKo3CAJBuSeob3U5u98IQE0K_RH2lg,kr,asia
KZCr2g7AY3OoJBdCXnWN1cHx9a-V4ion337OM9kTFj62MUpyURlG_lHvvx2Gw7AWT4TNhH8KPyu3tQ,euw1,europe
M4kRUbcJnhqUxiJBwKDPoAIGw6FvcCIWpMORrK6XcvU8ByK32O9Fe4pOaKofnQlYf8tQyPmAsqMhwg,kr,asia
ZujoG982BNxgrsI6YI6w_2gZyU96GKUwSUWfwgdzo_hlTDWkCbDO0QOQIFSnIAYLk-Np8PDMg2NPGQ,na1,americas
BgilAik-ngHyK53THJVVu-usw9NYwEVxiBzZbrXGzKul66RIlYm9JlYjAahaSxwFFA7GfJwhRlLkLA,vn2,sea
nT4C8vYMkINZBhliF6vwW8IKPzLrWueSlrsdVO5CgMXPTjG7ySQ4pvwVF76NexYNx4YOpYVR7ni-qw,vn2,sea
dStRmftCSXmBxWTeM2leY2h5s1eCSkoNSQ6dGmL-XeJRrtJzDDnRLh2u24IILOg43q3jHLlHcSa8lQ,kr,asia
OPDUCHe6ydwkoDb9dhM69Hq5URE6k24Zyk3k4kcqqffePwnNUVHp1XlOEl21oaslHyHPeR9LahOLXg,euw1,europe
QCEsCZE4NHDwJo8RL-q9rYOczORY4E-yvvuRENfJN_x7Z8dAI58UahqJHcYQHziR0UEAwlwM5s3haA,kr,asia
jTlaw6ooC0xZOGoXWdD0OLbh_WUkrzbgXRlVn7RmP-bau4V8oI7AkKGvaBCa2Z341dcuFUTZfD90dQ,kr,asia
P_3ChEt60tEjL6tNGu4iok_cfnkJ8xs51TJjBa1zDoyBdlbpQgS81FnxzA3SOANZxLl8r4Ku2-vpSA,vn2,sea
iYETXFJQv_HBBdjsYOu4hgUf1Yi26fvuXVMUNq3gXWJwyJMEAna9rHr9Gbg8w__rNin-Jx-0rmb2Hw,vn2,sea
vmqwO6fiKFJ72puAKX3nv5Pz9oSLs-DlVspRk6IJn8YcekJ5wTQTaGwvrAr4vpErz1t2aTHPKQsOGw,vn2,sea
HskrcmEQaHYnz-lrgJRHcqKUh8G09SlFcEI2dvpwGn9qazqVxVfThDfuf2Oq-oTpNI0yTfuDZwTG8Q,kr,asia
V7cCYkZnBs3nIzP6Hrwo_QBOQdSA7QZ3lPf_t7FkSorfkzFYgoTYfjnfSJeMpsJBv0PjERKOcPQlZg,na1,americas
vBppcoo26yZzWspc9slUpZtHu0de5UKNlD7zA5gDod8b2o76tJ_uG3An0mnKDeG3U3-hvTseOcuWqw,na1,americas
ZmE_8tT2EFxKfL6vEGX6vRVqDI0CIyS0H2I1tn5rfqKCUUF7tttklL0BqelMOG8x_fZzYrCWJ6pd6A,euw1,europe
G17do-u6kmFZwbnE78nYVRd835Oagicvymtx_vnQCdjavDfOUgdGCYaDa6yuef_WcX98J3xB8q6hrQ,na1,americas
A8Ba2tZP93YhbW1w80kLAFkkNINJlXm2o21_fcwVoUq3wzP67W1uwlUUkXwAqRhUKm_E4r5XfnpEbw,kr,asia
AFRUiGlGdXzdiSNne1VlUIrHCPgLbCG8ZtjHAentU8SzUROnq1lD_nb3837e8rOpioqR1GliEMy-Cw,euw1,europe
nBdxx2suUC5Ch1HSUetqFGHQKdxoaVUlfu0YYeOa7Cf2sXEUKN1UQoRYjcokkH-HzsoTvF4Eaw6chw,kr,asia
DuNLlzA9S7Oj0pI7RkTM6MXq2_woxx7bQwkklJPCoyMxswY4lCMK_Rb5EXwcR5TJDtmYR-26A2JSPg,kr,asia
AXT7i_KUk7sED9mkoLFEeO8TxiEdGPYDmlWMsV0XWtVIRPJ48HtuWVH8qfZzf4RyBg_9LYGufOr3Zg,kr,asia
NhiMc3rQw_jYxgJngH0HdEsbNcWUdn6NfAXV5edNN50LG06y40U4nepOHyT8uoC1q79gmzFuEa2zIQ,kr,asia
BIhl8rEdfiLp3Uu_KxNgYg49R8oyy-MWE94H-tIvPaq6pVUWP_ec2O4527LAUeeK9QIHCCtpFt32fA,euw1,europe
t_65hy_z-ULBHDpTFUeofP7FLbUnP4jUAaA1xBNQ3bQJ7792rA8XebH683BiBBPgHHJf8m211AACbw,na1,americas
6SbHZcSljEfnzW79VrtEXj-Ony1KkF4jsLVTytGmb7rq92qlpyrLtyzUi6hOXQ8dEuADHMxdv21XSw,kr,asia
2Pb5C0w5t6NiBKoRqJR8iPw_gQ3rPI4BCIrE7wV2XZK5gHumLE1RbUwhiLlW0s8xsW_hQHag6GvDYA,na1,americas
U4ENymVWRLsxyYnCQii2zN6pqq4nLqyIJfSD5ax7GGL-87FxUHZgyPTrgu1r4aUL6QAN9vg0gucSXQ,na1,americas
gu1SucpUTu2M4o7YogyvDzLkdap8xaGpDzRbtqckWgbA-ICDkDWtmHOuBuZ9DSeTVBwm3FFSz6Uslg,kr,asia
6_2FjIcQI6KAeFnkI92EvbipJXaVbs1yHSWmAOHyA82-u0GlCjHzLafFSGsHVDa8yxfcFokE9N29BA,euw1,europe
Uyc5f4E6CjTRfh6KDCH18TCcH_hAC8CbHWjrJ1goiHts2Vyd8hh7aOEJFs3xhA1CgkOvHX0zXcmEsw,euw1,europe
3MPg23XQVdKOKSFAFqAajcuGGFA0jmCgsHOc-OfobfU0x9eRwZ6vxqdb949QH34RzPLRy2SgazBzTg,na1,americas
F6_CkiA1GlMvZC_rFH57dDxAinvdOYku5VB4lreyYR5eImpsjCVwJ1lh_XKEvgTbbxH76MXrmDh3mQ,na1,americas
L9vRGhP7TFgvXB1pJj2i41mDYTkHIDIp499WkAvBe0NBoe2hj_S3N0crJB7BJKr5diDSgt9cicJgrA,kr,asia
yQ7ov2YmQoM-Yz-bvsu-b9zX0qdS-Lbo2Uwm0RTGYhoB7v65_kOZjrKGTgq-M_Jx5gZpa4DWu-9SJg,euw1,europe
wb64vVYpiBMnEoMZSYZqC49MpBAeBlMWdejvttExzAfu0TV3AhICN9mHIWwhaUcFQ2CC_IsqsgexBg,na1,americas
KhyJ6tE5G7QhyZpCa_qpZLgzSIY8jnW3Eo2A-HgWJhWVTAmKd8yTVBYRvU--xoaoPi_fzOmOlzl4QA,na1,americas
w_MoD-Myinj93H08FpQK35DHhv2Qos3BUZor22ZUYIXA7EmLTsoqb6Tz5ldG4Duhn2w-6f66rAmJzA,na1,americas
uzuwdi1nvwMm6KaUcrnm0P1n-YFXsy83CI_Ibi9aJs1pvbrppV2PRrGbR4FWdanSBa9j6ZYUGaA6pw,euw1,europe
E4sNIHONzXijVnnNr5SrtslE7xnyeUHY1N2ICF3gtixB3HHX7wC3a1tezyxh17KLhc2AywfoGqHHvg,kr,asia
DlJqGMs63W8Gx0y79_5Bd4kS4SLSmuPfqz_-eqt5I0SvjGbX-tTPXs02QKyvL4sdUb6sF_CaWC1r6w,kr,asia
ZtyumWetAEaLsP9vqmdYK-CY1dYndLqpe6k3jX0xGDmWPVw_25wYzBSibqrRjJOYm3u1fjw57TApNw,euw1,europe
sf2BWab4vfp5htDcYqWmASMWhkcZ6JxKRtt9ynXfEIc6BXJnbc4vq68RqJ5YXnDTAacxStznScE79g,euw1,europe
5b7Kfo-C_krCpKa9dc3o5Jw6nXCPiR5KOiuBlorJb7Fr8dL6IFfulVqCRALj0ywnsquzcCnTDYiwTQ,na1,americas
nZ2THH38J1MgquZsPuQtGNEb6hwbvenAJcbSHP_oRNo0TLeByTXSlCn9eLYvc-gZr6kuZx_24bZJNg,vn2,sea
MEW6Qx09DpubOxDnRrUbPG213IqBjGdS65vd8H0xmiBUwlL6zG8qDTTTwDlZ3GfPBbx2WQ_lNgFTag,na1,americas
71eKTEzpGx6QHeLway0bYiliI9v66tLs5KkDXtQ2pMNSuKJ6uVRb9UUJv6wGBY4311Yctm5RHjb_Iw,kr,asia
DGVU66b0HYm3QLzsAhKgjk7vOTN1PEit2SnElNjlkTtBnUvvRbfS9t42oo8qPHQW6gMxTqqGx8KMKw,vn2,sea
FZ7kVrTElj7ulf8JJ2-G8pAISi78y0QFNu8R5TFfpx7lJEsn0eLPU5jYJYBi49KmQzNPeP1ygep81Q,na1,americas
nCNvXo9jODOPOLELC2w1jeKKraumMe7vnv9Avgu4N5ZRFVgkadkPZhnveIl2vm1G62iSblc25AMXcw,na1,americas
2OHUXL5FVC9ccVA_y2rLd3ROKkVnfrNe6zwugurWVdteyuLYGARbt1ZVNBuvREo4GwGpObCVuF9xYQ,na1,americas
GbQ4Fg48ijipWVBPG5JE703DmIZO9MT_614msN8OiCNwEkDgEAJZcFMSilSgi97wG3esGPuNGpV4jA,vn2,sea
btM4hs9a-7lsIgYbj5MHnuA5yyEM--9shfdiYw49zfwSOoaEb0kQs65ZV4RqXlLH5MUoAED9OFbjpA,na1,americas
gb70brAIh9g_vpnQXpBGoTr-k06sfawIm9jjrQLfrlG6YWdx5aPgdIAJd-XBqbC13K2kBg81DInbOw,kr,asia
VuSJynAmT3LReXjVFZ2PI51WAYxo7ilZ58AGx7tSHC5VMI2FIGMW_FnzOywn6O4JpwNV4V5gFtvpbw,kr,asia
Ack9_Ay3mWnMjDrp-MWQAnEq1hvyZ3T1V2yEGr7HIwEenKQKf2CwRcIb3INO87Eew87ka4n8OglQaw,euw1,europe
-Hy36N-_HIJvXU2wrvLO3xz5lfQEjGgo_b6O6TQ5XZ2KPj6k1StH48K7BrKWO-KFDxj164YYqzidVw,na1,americas
Cm40wO2GaTML3augsP_bAhre3qy8pf5WTj2KKlEvXcdmmL7kjPCi-1sylEd6bU8jzZ89EXkffxcV9Q,euw1,europe
Azcjhz2R-vcureL9V3lpqZKCjjMvspwC2L4fccc6PCaIXmc_t662JlFqsD9rHYhV8cE8F6Io15J_1Q,kr,asia
JlvdqWlAViQM3kcCYMdlB2qoyV0Y_hNaHkhMlQFiUDyyE66mo7bMWA3rYB8FpOT-lb2wPXj4rSkm0A,euw1,europe
cim4CPHvReu_MzDHTMncZnyElU9BDtceWfIZmhI8hrbRpb7R4iLw6cpefEz4GX0lBFmXHqDtPXhQ7Q,vn2,sea
41GVcDL-sjKKEm1Zl0oojA1nFgPAuQVCIZnE7fvocUqAjK6YEeOcXzkOzKb1GcCCNWT5jxR6mEtRUA,euw1,europe
RtxUWQPmXuDgn8O_V8kTcXdfAlLvywHsHKwDTo-TLKad_di4bVR0LKADs3F0Wz2dndeAW1PoZTpjUQ,vn2,sea
z0DXWDyHKJxoQ1AZ6oSWq68NlToySO1pVVcCGKFdlT334TBazMxxdxT74oPWelFkapzsFMtOYUpNuw,kr,asia
H1hLsRPs1qwROPqTFO03_-IsZvWwyJQ5wisrhESd9cncuUqx-gbc1TEnlsC3Q4x9bBIpMYFPsd71sQ,kr,asia
5tzzZtjoXZPuxyXd5ewpFZdAh8IsN_BWyfAkH0gB65X9zr9swzGcmGXs0R1tpkkRPtbNUH-h76mQXw,kr,asia
wcU8X62JSJPBl1xFyo__2k3YnOIoCh9dbMRhFW6Boixl-u5mXafk0p2KLqL36cqh5OyO-VNJtGG5JQ,kr,asia
sQJ9hyybRdiNKiOarL4jS1hqa4GtpWYnkcsvfhL7FZKMEvb0erdp-dmo2T0wZLarqxaVxr_3xe6M4A,na1,americas
gPYRc2vJncKzMQUbB7QUOO61Wxk5YQh8q-LOshmdWV5-e_Ause4R9uxafNamoU9WetO_5diPDqBQyw,vn2,sea
SL08666XfV3LkxcMCIBVIBnPDI8tCBpNDRHSAeh0P_8kyoCWU2nGyUzIFVCIqdSSWTaZIiHLagzSfA,kr,asia
iOWeG7gDauIIXYT666BC3LoMjp3bNbpHBnbk2c71FbbazvqRGdQUNLpUBrvL5oHnyRO8K_jTZ0t1mQ,kr,asia
-_QiS8IG6CWjMTkv60WEQVoBUG0rtyGRONFLZ-r_dsoQkYguN0v5UvYnAby2wAAdRDk6samJaeLCSg,na1,americas
QE90U1ubw9C6XsQdRdvotSx11ujNYgIkvtuCBzWP-3hBmM8HN4U_iGna8sUKHG-MVrN9204z7HOy6A,na1,americas
HKt_2hLcZ1No-l99GVUNBoFtBmPOz-Z-ExlIotm5ChgDJiAVc9taT08f_XsAflkt2xE-amRpO900WQ,vn2,sea
QB7TnVq1RxrtgYmUNJiG5Rh1ROWc0WY9iGo_vMeaDziCDp7Lz28ZvGmT3T-hChBvToLZXAAKeFeSOg,euw1,europe
L7lBU758Gjhlbmq8C8MIpxPLzr_BN80vdZ5cZGP_ErrS1dgDi6QtyuTr4-k_CvxLdNIrXbIJJAP2Lg,euw1,europe
_k5Thi_vz7Ars1jbiS8Teu07gGOLN9apWaiHzC0c9ZFPHmJOw-qtdA4VOiPL2t2ORBKccJUbBWAE0Q,vn2,sea
J-mlGOCnLJjRjD93KZoqfxEAAR97jXxf_xY6clA34x8gDnY6VrXwv67ySw2aQsFbbHnOJmES8smF2A,euw1,europe
8sa7Vtr_Ak-LsDvA_qWtZ8tVRgJDpBlYpJgtCYqnOkaJFenDGOd7xUCOdDP4WrmdAJdbOqc0hYhF8Q,na1,americas
I9VHkF8QOGWcue-LazrsUC5dOO0031V5KykQUON4RPv3P4n6K_lHJ8cE1AHZnzh5p9c6m9mZzWwBIQ,na1,americas
1n3L-oF9zpL51lKwOUhfRtswoFY3eZkAncEZUoX3atFVyRrDxc29-DUg3RsX5Swqfa_brl3XHgsb7w,na1,americas
2mdPiD-Qb3wpRvM6kRF4FSxlZ3XvlZlmh1x4oS8Ky7AekcbABj9IFVOCmNhpR-uHXDpCXUyhJEXlKw,euw1,europe
YlJANTUBeKvuMSFMksaC70kAd1uxa9umitH3FIfQ7fKxwpwdT6D2RTJMTeYTZqT17b9cFtjE9p6CqA,na1,americas
GIeVcqEPhOdOa2dZWm4B77CkahLADICy0q8xrdOQSL5blN0KsU6O6GUXh9OxgGAFW4xb8wqyoJj3mA,na1,americas
FnBHgZWNATT0kdw45rLuylZHdq1po8cC8OYWMEnPkOuzyP5f8n-g_Luii-_VYGbpBMug3iFY3qq1fA,kr,asia
j1gHIZwRa-A6pnbRnu7BLKteZqEea02zfr42LKBxb5LOJHW5Zixl8iffDHMOnbl5vuZEA4pq69g9QQ,euw1,europe
k9cEuKsDpw5bSYVpi4U_zidd_mWMA3dpldvVIXGeLx81-A4lIAIVpY4ULZe870eXKh1IN-lz4P3e0Q,kr,asia
A35sphGgGvQ4Xj-GGm4laBaCxUUI6XKUpzbe65vPlk2XPevzA5iEU3C3uxvzkwEwI-AtMZGhjz05JQ,vn2,sea
-GDtNrFZo_jwZy5kV-7K_CagF0vcyKS1ZOMVwvrMUAx8PPDiTmvPdN2qNn-8v-gaaBXLzdefNxk2UQ,kr,asia
MCzw0tddSxDzicPGzJ4TxYbhQNK1ZzpMrnbDi4Sjyrw-LTlW91MNSvxh2a0j6stI7vabbFY-NQQvLQ,euw1,europe
PgxnKoy5773QYP8lrtSKV3M9H7Of0E7tF8N8lhcHh3FfK9yfm-oXwVDcJabGUVkFqNUQNTTkufVTUw,kr,asia
Rax_6f82cBMKm-7JsEg5emEfWlnmrxy0JDNlbYTVw0QwJ9i7sFzKYqWqWJ5PaehNmIg0GmZyDOMn5Q,na1,americas
OVlQdXluIerfpbRO3EoYnSHiYm3aeBuVyudtIpTghQ7YaAC-CTEu8CvaYOMQbZ2-1ajxW_JiwunS4w,kr,asia
sj4O5_hcg7MMfysumsgNYu2Dug86PCzRA3Y_X3RXEqGtHlBvrA4GdAZW7cGd02QpM5seBEQLIWm5iw,kr,asia
7PXDYViQo6adkHbql5jZCcMLIJplqHXrVkeWyDjQ-kZEth9l_k5kAmgpVuMuyyRPYRCKqlzhsYClyA,vn2,sea
MkRUKaTM8KwvDteWk0eIe2f3ZkaqYNnbKDWF8VDiMBAjXlx8Ewc_vj7GXL3bfQxRerLNk9Ox5-enjA,na1,americas
JQ2KZF7fMO05QaUPXxcbyYh09s2G-rVzSrBlMmp-7yDFaAjXGlxHFLlpz_aFR-EoS8vDp4dMM4a0mQ,kr,asia
N5j75_X6TvZuDRBHtLZNVfnR5LZBdvJENKl1ciNx27YYo1ngxaZwDAPwPDtFmEPTBk2CJbZQwvTrBA,na1,americas
9B8NjB-gaQ4R7LvYcgN3QXz0aeWn8ptMag9gotsqtlQ_aOsy6a4ITILwT5d-uFHz2vqdnJLOOckoLw,kr,asia
xRdM1aFcIy2qyQPF8XBRtrEHQmX8kdi1vBIWxqU-vlzvx4yThPmubWD3Ssewy_8NQj1X5HxL14MIXQ,vn2,sea
P7VKTFGTfMf9wd8D-vYEaR_Eqp6GIXz6PfN81S9ZTnbcAMXAGN-TxH8NI-4kjv7MOPNFTs0q78eK8Q,euw1,europe
s4m4eaZ10oWNhPeICE2tPfiRxne31hkhMI_r8MR3zAl2lHXp3brIK91dIbBeQyopNLLI1y0zwWPYfQ,euw1,europe
fxwG5TTYzrYs8DXQo26jv2bU77lpxyFIDr-KmKA7L1pVpyTi5yKEBvcM9gJaWru-SB_PRmV3ZBrrDw,kr,asia
70tViIlPxLyiRt5jfnT1MBkaq9-A41hEy2Kie0oSCiicUeY-3ztitg8sNjI21x_v975u4Yiwuh25dQ,na1,americas
uPZ9wCHWzUUuHEB5VNhPxoex5f5rcUZiWgTsm8EyjU8Xr9JftmZXNHbu8DTyiI6bQCn1Igbz5GvdaA,euw1,europe
v3EU-Z7gHImf6grHq6IWaf1Zd1lkkM6T9XVrksypWeuw-hNPwrAKlRXCKape5jIc96gHwuly2UendA,vn2,sea
fpd3RIUia-umhTyXzHY4dt9tFGv3Ag5Hv8M9My9uj40ia5-SfJXMw5i_iJ2k5R-wMMqkZiJirgEG7A,euw1,europe
V3AJ_Th1Z-i836hlf3n_DxxmVzShzYikSuEtF9pk1ZUUSHasl4hZ1NEvmmNz2xhpCtFklW1VGiTrBA,kr,asia
_NbN03UotxvThPZR8oPQ74NYQgNyLzKFXlyFQ4SBhuPTejV8rgbs6pvwmbbue8zjvs0CnURrql24JA,na1,americas
GcoKk4mzCb0yBVK3CeB-3wEDG5-x3Qp714g9Xph3g6ZjG7gRUo3n56PPq35YkZhzxcTT3hmBX7TVGg,kr,asia
Kq0Ks-QHdNQq3xAgSoGThaQyDIuWMVmcIWmQaoffmN2CoaDp6lqaM5dgQUxqTOtzIiCb-gBML6k0Nw,na1,americas
D36ZHs1ZRHEejbjF7wn9vtCgdqE2X1NM3HVDe_XeDeu4UxjyiTmWw3VkHfRFHDePRprawnMVAtaOqA,na1,americas
WmC6Wc8wJDrxRjxC3Diysg5pAJcmy27wEhyUwvs5_q_DIPy5c7X_lrCWi6FXQBvQeFXW-7k1BEsU1Q,euw1,europe
SUOvKDnPCe_gJveVXutFE3pmm6t60PjAVdxgGRT7gfg8Aijtwi6exK9elZK-5GXZ28UljjVoPEBUuQ,na1,americas
9MejbfPfAa2evjx7VS7FMdeZbtZDOav43TPRsmlCndMIk1G0IdyV-dbRnVtNL6aCE-hifLRiRo3faw,euw1,europe
m4vqIcE1Pif7ADZMmo2Ws1LVyLxxZaOPmFBIr6kRM1wI0GX9JposQC46IA2Bm24RKiERzmSOmVsWJw,vn2,sea
q8xf2uOH5tIVSowp3BY2T__njSnJffNMIb4H1338wFS41igeyHnEJ9zc4u9qqVnDDGxTnwwcC8x_aQ,na1,americas
sMeBQ2CpRG9MBlDYVjfSP05akY0T58GpToLUZzBDJ9ju-eL0AGTar18kQ6jH75xz4exHsvJMpYzqOg,euw1,europe
wu7-VsEgo4wl0SojAXBAG1xKcu6B1cfjiSGzTEScBjATg6RJxIzUezdM_rF3_-9-hhj__eYI0YqV4g,kr,asia
gh2T9ojoexa5JO4lSh4opmCLyxvsds8FxRqg6YAk8hVR7ARG-ATpfOwQB8wkp96HUNtJTjEPZR-eSg,vn2,sea
-GPU5Q1mwUCe2nMVOWUoWunbhL8wBdxDrQjthk0HBh4iIuLhxdK2MKaaX1nQWQZLxyeBwxjnCEstIw,na1,americas
x4ITmEKHQkBiuzaS7CWsICd8f6yK2wCFyxUxABf_ADpoGlOPADeazSpxt320uaUIOrNxA0Ugn0ug8g,euw1,europe
TmS-rl9-SScs1n8ycQgcn2jr0SEI5m-aOnyIYbwbANZa1jk2Lk498lGt3JstnrTriuiQ1AvrxLKStw,vn2,sea
0QtUqFaPuK61A-u34EhU4Adh338LKnzcHlF57tFFDetjB7scf0FpoxOQpHZaFs5j5KBDemoocmpO8w,na1,americas
4baorX1JPMz_Jm2poly7-tOSbUT1xPTae7N257JC3RkkmrU7SS7_5zQSdgyZHyCpH4cOH6lR4jgBxg,euw1,europe
EL_XaBMQsEYC9_VVdAx93BozU7CDy3-5vVSEOQK-CFkk4K249puFDauXJYn7AErUPK9HivVobNiL1A,vn2,sea
K04A6GrJBX4H7OH2YgclGJn5ynpdZWF-3VUKUmbBCXs_fUQHBQbx7eEfQsfrdMnDyhIDV2LnEE7BZw,kr,asia
6tE3Nt6bnh3f5CeJmT1NVgE67x98I4b7MjziW8f_eJqwinfzD_ux4emmFFUEKm_7BP05HRu2LSQNlw,euw1,europe
N32jVJ6usD73JP2bcjNB-lLzlpB1N-XXykLXtKzA2wYW8Kb7ChtniDMLNcMIRSDnNXFoAHmLzZiHuw,euw1,europe
eTqCgvgFmXaLabwjodhXiECZJEuxAf2QOVuwLJrniDy7c-ZOew_DyZ1AAyhG0wBpnd6a0siRkvBc_g,kr,asia
9M1-uwkdzIHC1OSs8B6j7o_nURhpkSdAucTwJsE5uzBe0tAKGLM_mwIEH1pWM8uHboNu_1QPNefR1A,na1,americas
JfdPa_6ee3U4QmPs9zzS0DhUYFHTFRON_7aDASBn1m6fTjBGv45KJG64_zc7Vfsv_fQ82pKz-vE83w,euw1,europe
umCccEXih-1qALORb0P3YcYz6SewvdpgA-GCK5PrqlcCdpW1rditbS_fvPdoZjZfyoPdnhbEz-vosg,na1,americas
WNM2KpmdHaPhLZBrkRGHTsxK6gvIOYqG32wSOdytJaZzDJpJ3fODRkMNmvqCfCEMBdYP1bQJ-R1zjw,kr,asia
yk_l9wWnRS3in1scaet-CVdRqfbbJoa6QR5AJU8JB7MsJr6DggVh4nltzgQK0YTenJ_qBtkXR4PlDQ,euw1,europe
OrmTpmQUtF_d6MKgrBaaifWw3s1N5p-3ijihs-atIMIX1-AYc2cmwxWs-fEIPdCs7smlbwpUh0XlSA,na1,americas
ZpVT9tEIB4pbpWelj2AltomvLCKldfVSux08Umun0eaLlUroEzf65x-E9OwyIM5HDW67d-wV5pGRjg,euw1,europe
QJJWlcwPxh3Iigcnyx9uBOaRayc1Gn8V94EyjWuuWIxFfvIVANvNi7Rnb_ByQ9NHJlGMv1OPrWXw_w,kr,asia
opRnB16zo7-_lfdIJK-TxpSCb_ArOrV079-lFhPRQ4rudiY1uOMu4UEP-lLTJ6HeRoy5_FkSJ1FQfw,euw1,europe
li2MWDnoVYbwSCasqG2TmTHsYv8PKe2vEeOaAc-L9jnSJRvnUetRz3pzN3DZC1uOCCoXtvkolLFNZw,euw1,europe
UF_O7ibBjEDefUfkULGFGKuHpbcqjw1Ee0dfJLje9eSziQOHx5voCFJ-KslUAmM4rFOO8uerOPTHgQ,euw1,europe
TjFkckcJZU1K1yw91ZjjghwTwXr78wr_JPKdXb3HYqmG8XP_OTr9SqIAxArK8iE_ZTfrVKdrG6OZrg,na1,americas
unyDGHHtezKlJfSGSn2o-hgnd_56eVGwDlabQqlFHb14_Hnd7gqr4JtUMpV-9flMTotP9ZyJ-Jre7g,euw1,europe
TT3_AT38HBfWHcJ6PvkA72NcvJCSoF45abEcn-_DKslRcrgm0ncORK05X9S-Ely7N4EFYc2nxQqnRA,vn2,sea
hzLiqrI-oQVnEqtqT-9iWOvrtNoW3Kl5DU_OV6zSKCTnEE2FAjGpYTj2M2ZeueYHISFfVRLsswaGpg,vn2,sea
wZ2_KHwF_CiCbcddk9uzH_lN4XffPl4v4OGPxqJrsZz5htAIRWpj0gSFy3lzWZmPJfDICT0TTei16w,vn2,sea
xJnU-UAGuYxFZ7SN8EQEXTWObTMS3-NJjh0BGUnCdf8ITJfFkrMILTOh7hajcI6tIknjRPFb8XOd5g,kr,asia
gK-V_udjOemiyvLPqpe8PgvSebtva7IqO2JJeQMRC9vN-0Q4x2mTFqzC0Hwxa4Hkjkc9cvRtKc-MLw,euw1,europe
mKJIn1ffqGkw_SfwsbYzVrdgdjtXwT58oA_bNZ6PMhbHu1vwfj8HA8Omv7nsp9SdyFZCHwXjLgEStw,euw1,europe
_ZwrkgUHWA5MPfC4or4gTTDZ9RylpvCIfm_af92vm1uNEu0Q7s3FTsCZ5fq4WTAruW9aJQqpZZfwuQ,na1,americas
PcDay70La_1v0lCTeD9xQ9rHyZ7R--oeKB54GQSU6cNghjOX-ITSiPOfCXAKTOQDUYVVr0otzTYrUQ,kr,asia
-gq5A82jBysbrubEjwjOeIQO5JlAAUw2GT-wyA8qnzNBX-CvQft6r8kwGd_v1WTPobKr9KcSs2K-2Q,na1,americas
FSy6_-_7NSoPX2irxmv9qH_C9ADlc3mTMrfHK1MbiXpmRqUktBeILPODanlow4Ub_KiSEDRwnp_KcQ,vn2,sea
8wE4ARvvTIkRMA1m0DfNqxPJehlc3RayR3i6EHRftp8TfildyjDWcw21t1Yn7cFuMAtXTzVRHtGaxA,kr,asia
PckRGdkvYDnEj9KHgHgMBobIP4Sm3kMQiXJo0bFVwEpvvPV7gkPb0_BSOmW3CPXRfrPoenVhV5Cvog,euw1,europe
wVgpl6dg4HCZ-WklJtzC0gw1Ht_qIzVB1fEjJUrB9k6JKSMdD4FZAk-bDPP8v5s3m4PBlXU528INQg,euw1,europe
caTMPEtqrQzYqi2XoDffL6p7xaEa9QOyjQsDEoN0WYzZ4FmyDaW5zDMt14zMfRJYoxolDbn4Om8UAQ,vn2,sea
xIXRl7_TfljSxZ0XScgyVVINiM283kojGhY5TfYMxAflB18n6rN1_AH1TkPzqsec86v-Dp08b8bfNw,vn2,sea
dSgHrk1fBChJhUBsQXHNEW9F2LJ8bn_0HuHq4S2TXrw8mNM1cP6_qHL1yPCgqfNqEljdlsEY75WVjg,euw1,europe
4fOn_OiGsWyeJwwp27NVezWW7VTzc-GZBjJzN8y7jwVPWyDvQfPIhldM2wqV2GdyOj55WOcCRm5NHA,kr,asia
ogV0-flUcqBpekdE2Ze4tKdLnT7vu36bCYikOt36ixV68hUaD8CvSCiOxLi0oRu-V8iwDETusuIJqw,euw1,europe
eWyIprG6uXBXd3xFeFf2P8tTCnrQ-NGfW-Sjik9xGueBgMPSt162R1WDzi4RJTeTTqt8Z59FnuhtTg,na1,americas
Ebp8x4B2cD9YlMvAJRycrYyYE-8tVhhsLOHwjB93L3bitMaIbe7SM-27YFJ3Ih5xR1VEhwmJYUdqoA,euw1,europe
IxvmbPAEUQ6a8OdBPbqKJB1z_MMi6fu--fXrBeBAGV4BEJcj9oU9-Ir9txmlla8h5FXUIiqmnVosAw,euw1,europe
IRWcd71KQPm1BEbgtcTsaXIBGSIA1rUVmWYtyb8CqRsjgHeQ4wCy1u0081yFyPWzmwvvfgnzGsPWSg,euw1,europe
TqcfOosqH2P7PdtW1gHBetdCdCODbMgRkatTatSSAZw05A8tQZEyzxa1wexuRq2KZiPnFv-alT9JNA,na1,americas
xUcN7PmdmBr8yTedgE39-WeB87EN-q8zQu_RrfNA9gPcv1nRDh1CYbmda0QQ2cYMM9qw2N82wFU15g,na1,americas
FqP4zWdwLJluWJskhe3PlEpDHf86LLmKI_2-pw5tkQgbPuP0c9p-S_V9G0y0t-3UQPDIExOLoP8J7g,euw1,europe
WJyrvrVXaHf7Y6_xinRB9Pc9CM09UHfERe_W-shT61_lnnW5_JzwHCvYHzArBXz4iNX9VnsEr8Y4-A,vn2,sea
X4rnIK3E-UUJky3G4zGHuI5BiwRuTuCAV7dpjhbRTuAWOxqMd8XHZJ7cMWN6CaOai04EYpb2g1rxBw,euw1,europe
wZiKi6iclMGWqNXnhbYEZTJjhHSW07sqjgdXvRGmYevIdRwAEs8Z_tho_YzFHSLbdSv6ZoGWYX42rw,na1,americas
omxzRuBvkou9pzYyWbKgG_mziZtzU3I69UaRWz9PK50E_Woy2AaurMROJ_pUnpLCyRswim6QdiTeBA,vn2,sea
s3VjdUzU77vrKbI7dppRw2f4FWaQrLz75l7-QOmyOKQ9jXpR53v0aSB2sSwSD4W-ZFeyDmE0ZFksoQ,na1,americas
p1BrrJKqnHiB_WxrrgEZ-vBQIeZHtEj01Sa-rtQlAry81a3qQc5ah0uxc-jIdJ13mn8L1oX0hnz2XQ,kr,asia
Qt97fmP0iKp8NGCUwJiZ5x0Hs4m4ik7Tcwhl0Ur4Nj5BQOAxBTB41F8vW0nsWQHobdGCnYlGC0t6bw,vn2,sea
zVAo1qdX5iCVeL75oFoXFWJyAsYmWZq2HVNjEei0V_Rs2SR9G8vdBxIFOLUf6IphOXTo2L-c_iP-Qg,vn2,sea
vdoXP6L92z8joqge_UK23fIhlkCVsZduxPfU769w9gWvIkPBHQR86LTZRLxmDU9CP5FolSgWbdrU0A,vn2,sea
QTT47WSvOUPxCcjQPZ0so2834K--A6epZoaCTvvTh9pe4YZ91Q_qf7vCp3CYlpGJuvA5K0QqkE1V3A,euw1,europe
r0W9SXOL9oyeXvPtF79FKn_RS_g4Pb_BwJXhk6qfcVm5vAtvHY-ZqzSoXhmJ3uxR6rIhVZQyHInkWw,euw1,europe
_siCVn_ONzEifrZzbv2kmAdn79viefHyRN1Ag50QjJd7vs1TFSii9KUFfSRu-QjEzegPYFRc51pQ9Q,na1,americas
xSB5daedhpyLfDEpIejeO46DadMTgam_6lZOSMlhqbpEEc5Cva7T8AWPjpcZ6bWppuoODsueAR_WsA,na1,americas
G5t_bMRFfLunm-GnZSF-3Plr2z0TE385SLiWEIBay78F0uKIdvyLBDLO7GHkNH0eo9YrC2JtL92C0Q,kr,asia
dQ9LoI-iok38TOJDkCmJV8Jefyrf2jrwzrvvVE82CK0q-H62qMa3AdSmXCIw-dXAIWimAF1wtymk9Q,euw1,europe
OQOGlntVJornhkItJ2B1eFRVN7gbgH_-Ao_vW7q2a0OdOY_oI4vAEgIPWQSRnazDQt9JIJq1BRREyQ,kr,asia
WGMJmmT5aePV4fzpnRXk-LmFs7rFbBWBM-OHDsUCjrrYCH0WOwSCIx6WH9JWuvY8JyB7GTKkmTYAIg,euw1,europe
nhg8wesbYVSNCinqVMxZzmAqSdnhGwwLUkxFqHntjg1tG6zxVkbh45QkKd9ioBJgLT8kr7jc1hg28A,vn2,sea
VdR6XkVOf_cw9a-vThc_2OC6kqGXXLRyFUjEJicfhoJC0l-27OtxnrdqFM1gE5D5faqeAccl8mMKdw,na1,americas
Wt-_b_z8w4mrVSJFq3d8Bx721rpXWJj2qY0yaZd2Ic9fMosomQbvm2RVDWWkesAvqB5jEm7YPgiezA,euw1,europe
n59_FtZ4DTwsa-O9HF0ceSjxu-nbPniV0wxNLjYV840PNq7-ypJ6P0op1QMq3FtGsAxB7B0m52nFLQ,na1,americas
8BkIVALQTHRjknqNmhfmCIj0A4bP1ZtJGel05bnGhqaQraTFKa2tZKD6DFqdnWV1rT9MXExDoM4lBg,na1,americas
zKEhLYUi9JECFsLP-f72HleuXGfaHLNfMgFIhTu1nnrU-fHvZXNI1KQEIaxrw12pu4ifrQ0IEOX2VQ,na1,americas
LVEXDiRWNViPQdO_A8YN896dc01B3y796qWh57rlLUFNTOAjlCeYNORcBJYZMJQFai7OhXQYP4JwAw,kr,asia
ggmEl_zEJ-v97FhT9X8Nrq53vYhRg_L6iyBsbEykj4lXLTR_ybud1H1QAlYn7G_aqHGawxYqy-pDaQ,kr,asia
ySuxBVLQeh-raSYO89z939lVWHq0-NBz22m5z0XEkmrfC4Cbl97tyNu7Sbrk5bfLw5Q1HbcJPPLoPg,vn2,sea
lisH4n_GK7EBzcamTodoKKd93DdlJKTEhMB4TqF67yByfZjG9DZR1exoAVHx_8wOt9zbQuDOBAWSKA,na1,americas
-K7O67qvn4oWxw4mMQ0JZLH0d-Firr_XPcUOk43KTH_VAUEIaWKqtRKHk7pOYVyf9R7edqaKzdrojg,na1,americas
_nvQi68Zm9VDj4_vCBYky8X1LLgJy_c-CfP9sLGmimkNZ4NRx1AqAnrpc7u-coVa-g6Bu_ORciPcbw,vn2,sea
M__lCaDs56KhIp2a6uF8tw8wvT87-asv21FXZwSx0wftukRpN9v6NkADiVe8ojxu31mvmVQJ5z-apw,kr,asia
0-ncy_nR-nF6npo78ZGdYNujvgixLt6b0U3xUv4NBweioK0MakzjahTpStK5H9EiBc0miq7_QShpwg,vn2,sea
MpxfDqYfuECchjxkt8j4c27pAfrfDBVS52BjHyMBd65HWyFnl6BH8vCDbU2X-9NZI8mFty2t_pMQrg,euw1,europe
VXYcmLVSGXP4X8_x-etqr2elnRmrqOafWZSzhmiIuUYuV4wcHiSvoksZisu8ha-LOXwJSW3MgtOWZA,kr,asia
ln_9YBmiHkJth5F7Duq-mwngI4yImJQPXnTgpw6o1trrhNyy-MQCTse7TBUie9pvZ_6EQ-4zX5r-ag,euw1,europe
hnpE7v1fWCnHJffpWX_CJWK1UkHzOwIgEv_4xp3dLbKCFNEq4KamFqCIThZro9Ykbgm7wtBYadQyCA,kr,asia
2xJfLraWUMtyZ71jD95eN7HHq3warZsSsqXFtW-4DTuO57JrxLZIcp4xTvePVdJxCYZXu9lVMCpwMQ,euw1,europe
CDE6M89s1EUo33v1UOT7CRx9JqT77b08yOsCSlZG6IIUAZRqJvMCwbL7gjluuV4-sE37UJQP6uAbYw,euw1,europe
-rEFgTfrglGyCVrJLOcEzqVXAlV-OcA4iymdO4RplgngIL3laR_yYQEZVMK3Gv-SCc4SW3grd6KB9A,kr,asia
DFH1Tn5OKtJ_8RQLYrlDCvjGmYAd4r_gBPiV2raJESztCuspaD3GRk-XciwWGe9AWG0cEbZHSpk2TA,vn2,sea
Zbs4CPoUf_n0QGw5srpONGu3RKKCuDzjle_uJfgbN-0nxoaqOIMp2QWr_ZT2ORMH19obfB-Nvadmww,euw1,europe
70oYcOBhWjpT0ydeVVlQs9fuXnUCnblBag3r2m55_OLFXmh6RvtoJ_Ye-U3qUefHBGuu_QRcQrURCQ,euw1,europe
m9tSGowl-wTdCLhS2S0f8SzAgeFgf580kSu-j7z5pGgAeABPT_8dHS6UVtsf2mp_8cTpHeIvr1mFUg,vn2,sea
eZ-UFGRpI5Df0ZvEQjS4XVBISp8fpoejuZpEdjrtP7bCwE4f6Sp24Tjg8Vg4at3jsm450sUqc6ytQQ,euw1,europe
S62KQKfncwoq9GmYpMrMKRmrfhvkprGiGXsFs65C-7F-TuZ7S93p0Nn-M3S12rSSHxzS0l899Uz0pQ,kr,asia
u-7bgB0eAbTpcHMB5T9ughp4eys52c5K3XEvI0Uzkc9IC9amebJMgxsFlJQEjLx-57AEWUlcy1nVBQ,euw1,europe
kzh0LGxfdUmVTW78eUPW5AwybPbhXl4QXT_9_shoD8HZMQoQtvvw5wPmJYBkgIW3Be22QovTA8uyKA,vn2,sea
q98nvhvC9_DVqroluLjo325jCjMc8vEbVody4UiALNBY10jFSTTtCm-rApa5zONAJvnMY8gJIPpGEw,euw1,europe
gWud76Ec1P4kEP0VbrXvxNZkk7jF4ZrotuQwy12BX1PCw2enIx8LILjYJpMS9-vqO54jvXsZCqmXzQ,vn2,sea
OkFLh1bUVdWz__kfuGeFLa5RsdwZAojtEfw6St_PZCM1sL0yS-J2V6CUmwAkwMseE3hxl1vDN3Bxzg,kr,asia
tQLOQoahdIZ4Uq8IkCSsOYwndQtp9f6TlbNF7-FUJo42VYn9XYwn7bilXD-m1yqvNTBOK2H4Gb1DqA,na1,americas
AunHsM2c6bli37xM2J-5ffqoJvHMELai8dXGUVl2Fw0SmpeeZQzZkIne6e2xMBhDXPTGN41Fhf6vcQ,euw1,europe
7_MRIJ-72AmMPBGjT5c91O4oLEciNxbl72o-MMgL3BHuDmHkJBoA9Ior7BVVpTVuq3y9L8nbRNskUQ,na1,americas
3YcMg7cG6cbtnlzBDQyVf8KvQUcjO7DV3jltm9qgzYUtYjRdv9sQO6dBqrEUt-gbtW_J_8Y4VqC0iw,na1,americas
ZUMVbToWBYDFIi64TVl4EZE5vgzV5VNt6BxxqCjfTC1ChqVQGvoRnfxyFPf3izqIe5kJTZ6LwC3a5Q,kr,asia
0k7QHKhgv03A1q5h38sVMTj0RyBeYKYJG0mtdc1SK1GfHwfr2tXyQ-HxQGozBalF6j50ax-IURqMIw,euw1,europe
1yzsdTZIpKzMZGdxcTuC5C06fGwreg0-rD2cFgSmh6jjitq0kO3CHZlB3iJEriT2cBV6k2w0T7i6sA,vn2,sea
86Jb6BmSVp67FP_iwlcqtvzdPEp-aqzPcIbtw98LfPs8xiM4HaxCffYG0dJNqkgmB11CMh8FA6x3LQ,vn2,sea
xKswIuAy3em2TZbOciPTOppVMtqlwoHLBWpjpOvPM3ZKu7YuVGOeOgaiPVqQmnfy0cOW-DXrwd6Ihw,na1,americas
bRgRpzZVPP1I2NqL1kC-HSYQfdK_B08FlRSOUiMSlQZBzSOWrl3FdAl2Y3d9lvfpuHcwZjL4lxjPjA,euw1,europe
WIYLFeVMNz2hlg0qdxD3IUtNlLNDMUq8TmkU14nYqAbDjdpoMavgZBAHiOV5ZrF56esLdp0qHr4sXA,kr,asia
-110_gHj5Kd5i5dr4ELS0ZcHvF67F7cCeaTp_BfkoarXMAcQhTEkkDfAfWuBBuYXsRBt2LmpZm_7xA,kr,asia
A8b3QjyXPXKjs6J7MO3ZdoWQbN8DQJhO10aavD3LyH-1XRJG5G7CBlUJaVUU-bTnL37AgpRp5NY0vA,na1,americas
WsHHlcpzUrf5ex_cIFNabsjT3sxoGeGjKlynhoFeVw0lckEe388wnlVwKGudeWXH02g-D_TmIWIY6A,kr,asia
CzRwawo0zjIAvdecmTkqZXJbcTsQpDeqzFGE_j94sswQC9B9iEBUlGMAkN8rzWqFu0kZ3sAOk1Bb_Q,na1,americas
8RrSIct1hswAONd8xW7-dn9xHaZynOlLik33AOO4IOiYsAMmvHBcXUdMWjmhMCnJ98jD-EjyHoHQjA,vn2,sea
MRK8SrO7OBkQVpjP1p69oEmXRqIVJPeIZ9LiOq61blzvMeNLA-1xGV80tSiqeLc-EN5Cl2M4QDxSBA,kr,asia
3499VPZxqaR5z-AssvP6BezQ19lvjCQUSUvzIdnFRKkrpoRUNYWqw9cRzir6C8TfhjFRCOZonieOhQ,kr,asia
7OmFgHU292MUg5aG0avt7njH-KEZzFRytE6u9nbnKf5i1lljlG51CqCD9qrNR3jKQBQzApFp4RRnUg,vn2,sea
nyXAb0_fxtWRUf-kYtDz9U73wiWyQgOMdzU0-27848fN0zJvLid050x77JYBFnVhwbkXOnmL7D3oXA,na1,americas
V_RJjjGkkxABFn7L6auQdmbHLbOT4B5to82mIbYxY2DNM05PCPJscbaa_QEBtrUAvnvK4sCaY82-vw,vn2,sea
Icgy5ZUkvOONlqO9ag8IhQXL50vZvJ5ynmj_B-gVu6MArZsJbhxgBFsVwjrurrpa6VwGV43oosbujg,vn2,sea
3El1voxRFch417Grxjd7HeY2BLzuOq38ZZaaYIElZDwZvszE1ZJlMgE29FhmD-NN9HIzDcUy8Lqpcg,vn2,sea
Uqc8ysmDFPies8k2gu4m3vNgmJ9WXfvJ9OkCgzKItbNOoF52QiQCot2uya2LAyVuzgzwCfz-fzx78A,euw1,europe
2vQSA3NYZGLk8kSZdVVV1gvabUtCoQ6x_LLc6GQ6ZL3fGfcofpRsQ9Jys2haoZkfJQZ4ypO53F05dg,vn2,sea
UwWf4gADW96NkeaT_010-DDPsFk4NxsjjYGX9MzenKEejFYptzVl1sLuCmcsKBUtLPgzBd9rg_dwqw,kr,asia
fe7QYjexf0IKNfcGpnQC8hQBEaV6cFYuTZv5ONDTVg9kLb7mF9jlr58SEvFxJl72lhbmhqzfPnu5BA,euw1,europe
660J_blNMJQxpWCPEyAOOaEOaqMnjnMOiHQ3hzMuz8sFxl7A-2nvsjr1DQp3ucSyoPJLfImRF8ZqjQ,vn2,sea
AwerVnQVCZfPi9ycD9qVOFFqGDybJxotQaLAcgopHxlCeeAMgKsXTy9IU4jru3C4X_AsUUTtiySCWg,na1,americas
DdQVZKublh3bI34JU5YnOpHc3kzQoyFp2MMvUEPTZxoO4DLH9OBlBbvc8Uqu4P3Pubdi8tvmPDLCQQ,euw1,europe
6PhltXGrIlVDM9EF41aiJWa0_o6NJqff1ejHiguWG4mzBcYHUDYvWfqWSwYIE8Y1Kr21UB9cAy5UBQ,na1,americas
KGj-yzDWKDPLva4fUBP8K5gLVE7yPPAXA6_vpl1XfsVdQvmw98F4sleab-rLORsDSdoUOk6CvCsQHQ,kr,asia
CXhJ1NB_65dDxmngZ7Z9kVA71OH532dvqvOkVqLhxdX8mIOazmHDO7G-o3vLusyCCMP76XZVeI0o8g,euw1,europe
gccbdMzwpCqcp4RV3vjs4qsbFSDr6OZ32XeIXCqWJ_CRkR1abxXBqX2m_08VWItLIw7nMT6LNExNSQ,euw1,europe
EJcpRzBCK_q0Bf5hiZoIyXMBXSjdK_slTqGLDRp2S8AInGyQV2cpITStbaH9UyzYjF8fXENxv_A2dQ,kr,asia
5AWe95oemY6dF-TFOFBXkGtO-AkuGJmY4fnTYFz9pa2dncACXff29J-hnqmE3e99iPhtBiEKY7ItIA,na1,americas
gMuCVQZHGR_HMSaXK1cAdbZ5TOaW6IjT0s5UJFGi-5xqSSKDtQw9Al8Hzcj7cSV2_HvQd5GyFzAy-g,na1,americas
Ek9lM_-MDk_YbaJK41ho1o6C6Vn7VGHjWJ10NiKC0A7O5FfMgrlCleHx5dxL-VzYYz1ZIMVtfmvrlQ,kr,asia
J2vWF8KZEUT3NyKozx4PTGuAFNqWtk1Pi-uOldvF7GLkBaHliiT1yhQnnwqnAeaUDcAaD4pGWhtoBg,na1,americas
hgQ3cAJgXRIVm7jBBRF4pKQznpSLhTEsaAbwLJKo4q-OHITHgliPE3ObhGPs_j_LkhK371zYqzEv6Q,na1,americas
8HpbFuNl1vVh9wq5xuKwmvUIGuNqnRb1zDYfslmAfdPCqXP3D-H6cDe41QrhyBw2irBxYidr0Y5ygA,na1,americas
rPu65KvLLypVPjtqzWE9I_VnumxZknKA3MVgdvtMbeatv7OxBs3N-zDVU8vHiiPJHZx6uEw9V1hFjA,na1,americas
GTltsWsCyiBmrNbBb46o1J5rce3ZkHgAnrZk_U1BoPFEZ5rxR_GBkcgcYHvh9kf22Y_XL2N1a3SK7A,euw1,europe
IePbxS843Mxuh6hP209iWDyUp0b2osSIEOKCaXdH8sd4ACehGVHMQ5I7Fx36zDiiCjqC7WZK33NWVA,euw1,europe
T9bf8oNRvBammJQGr3LAnAtN1AAevdKeR46N_tT4FjCCtqDKdebMkch5Pi6vmoFg8W8pK3RACZLcMw,na1,americas
199WbRUKJeyGTkYGBSFAwW1Nt0nqZDy-0dd4M6xIppoFicAdEViAdH7VeAzsMA7l_oErKqX0MvSgyg,kr,asia
DMoXWGb8cJx5OOdt_Beqlgj5qKha44z96brYiTjnans6h6WAdzack9Actu-L5rfNlfQM98nJG22UPw,euw1,europe
JhKJiALC5GXkgtn2oKfMMFxUF5f15S6HUNcnEE0YqTisM9t8wq7BVPvjuk6LCeY39niY7K6J9r5vXg,vn2,sea
ZlNk4OUkVkeX8BRAlbl0PFAPdQdLoUmkcNudo44HVOGidaUq_b5FioF7PIf5F9cUBoeSlv0YeLTU3g,kr,asia
MZUBWNL0DVM2WWiUPUdE2UZI9-FcqzIJXfSPfHuNSsVI1ybAFnZCiOU2YihPoTd7muQ58w7M58wSrw,vn2,sea
ccxM8hA-n5d-6drVjUNCHPTXddoxFXSJR6_Z-bYgnSNUpD0fXwnAyXSaDoyrHQkqDWWpEhiZVK_Drg,euw1,europe
kWFhCJbbJ7qWr2jC-EIQGeUIGPZEdAhSrfpuzMVYGfSevKNllTrwp-caDBk3jL3MqE8M6NS5_Gbg-g,na1,americas
iDipUfQK-pB077FtNkmJPjPgUVgkDinfwDw14TnHfHgzIkSOesuLR_xI8YNLOfMo-WD-fHl4ekbzmA,na1,americas
EzgyaRurERM7bmyL6VKaBDkVM9ZMeEROplnVFyHRhRDfmiRrSHAczCf7ASknjCVf9raA-_mE5AstKA,euw1,europe
M-U0EVFgKFAZwtxPVrRdp2Qg1l0OfDsVoePpNOW8_g7b1z-4pa9HUvMBYgtqTDc8mtYAE9gABJ7JbQ,na1,americas
xApPlBNRE66DdIt9nUUWOH88Qcp0zD7OUkbB9eSG5tubQksykuB6DsTAwUxdfDwHxY4Wa-54ZNyEhQ,kr,asia
SK2M70OjmxyeFVX5hAODLU_XjGzm0ogTLtLw_GXFkyhp8x0yuw8nG7Fzt2TeUPMk8Jyv7lD_MFnAHw,euw1,europe
yV0ab8WBOsMC03suGXgjrhEYCZuTmwiJ14cj8qGJjmHQ_CSHIhqyUGtT4ti-sSJK-3rAKG3mq3-_Pw,vn2,sea
0jDlmb8mqNc9SAiT2qRSvQimGLmtSqUtBD0reUhhNcxbw5cvNqQWhYeHjcpq7Q4_v-BNrR9R7mIBhQ,na1,americas
E83esmE1By6EM9rJgg6rktCddoQJGt4W7ggNX1SkKPZrh3262CHuKKGM_bxtRQNWKlc3uIqfM7MWEw,vn2,sea
ublxXf-dA1GSbvGTK8yB-4mFk_hcpaQ3gDSu44bEBbDT_Yhv_xVPNTKMxX0o69ayR0DpHFkOiqCqBA,vn2,sea
74ZxKCkluZRpbdMTj31K4St0QZLrpkjyB9yn3sUJpkm9p4ivmHBNth3HI5ujL2qisu3q6ElBXlB-FA,kr,asia
4Hg90MMP0Iv2MOYkCm48o0vyLf8nDfAou9dyjbK2pm5ZQP0frZxXDtsiuSUC91bW_7BRkdCk5odJ0Q,euw1,europe
cvACwlJnF-6fOjYH2jY6aBENWWe3SCUH8tbb8KVfPieTX3rziqseJyyUyhl7Ac54PBy8-BpeGFjM_Q,euw1,europe
OU6OxRdIWsiWGMj2t0YkWI0Qeb6DUqh90H34jbXeE1bpfEKoks2XfPncRTqBRaMCfgGEDHLIHa4dcg,kr,asia
QZqLDZMuaLkV8C-9r_3OhUewhLHKjh4g6HwiGVryPjrbGc15jCamwc55mbN-NHnfpz9mZV82Se1UXA,na1,americas
ZCzpesSRE50BGx-3qpr37xYsmvQEO2hrXvRx3ncugBcD3nngO93RjaxiX8-OT53FFnp3EQWQUfE5QA,na1,americas
MLvjPyQLVyzHAxFLiRCJW2M7yHms8035yeFe7bpB-PGb-SUq_CdlLh5LsrXrrtilyfXkSVLfjLE_xQ,kr,asia
9GhX2UrgEmMPQwqG2ATZEAy0KGEMh8ca5kqHcvuWtWia8sL4_GkqDvACjhN5SagONImP2vp4OfIENg,euw1,europe
buBGGdjGocuq9Rf4gE5yDnfS_kbv2joUxe8dvpRjNCWDIBV_cm1lrmYKCj-NiwFGlt0-GcDsVRTPag,na1,americas
0ogmvWGe2abgMA7oAcDbtHRjvkaFE6DLJJ2yNwWkxr_C6LwoTKRGncAtZvtwaOk3cPjmq7GCmEa4ZA,vn2,sea
Ju1IsM2wLjRxdJApWlNd9Y5soRrDieYtuRtUBrsqxXeksLRddqhSD3K0TV3I_F_fwK03LcsWT25GlQ,vn2,sea
qTJrNfYH8AsQboQvFATGbIz7SUZoj99OOFn9rJc1BzGWVAwdAq6k_jxdEtLdTHGTYwjxjjdaBrR7Ug,vn2,sea
1dLjkQ8lpLflCIXCpqnmP-HL45Z5FZmUYZlcEptNMdGJlBay4TnshO4FhoQYrPaFX53nNCTnTqHRiQ,kr,asia
dOSIT5bU_HVNj5U5_S8qMKdkxd3CJ-bEApvquMUofkKdjvtx5I0Xw0EegmWmTz85l7Asd0Hq8dKw9w,euw1,europe
P3qEf9ixG_NLfjeIGMIYaXNN86RhzUyKLFf7blROIJ49KWLwOS_-A20mK-rkTxGJb2Z4JiR8HpcFmg,na1,americas
MyQHtgGOhs0Us0TkcoHof44T_H-RZjb7-7KFyOP7zScb-7X9rP6GKvZg7YSgHt1xcUIe1CtPPt_KmQ,kr,asia
w2KmLMRQh4-GfD2jFS7iN9sy_t4PqiS_fPkK6wnr23cFv70nE4mGSvrOzL_bodbcYx5ux7LVvwBLOg,na1,americas
-czzQYDDeT7W9Lv6-rWvuZBWNSDWAKoy5mkPGQHG2E0YgHz-2g5O-AB97wDa6ZaOT8DkrHRG5MfPlw,na1,americas
jqbSzVyXeB0_bZ8bAJslxffR2SQfT4MFkH5V2JseczABpdwJF-iQBf7xgkn1pXjPZHlryERCMN1CGQ,na1,americas
c9FKHCO2Utdan8uXAbwRpZHkAuIM-fKIGfjnYVYVR-KjMhOGAbrXLHjXrxpWKLfslWJ0465uuIjOTw,euw1,europe
wxZ8RlyjEUUADVugCOKMDQCkR0hGtiO6eJs5JgpHUErVUc8qEpqydJJaZbqYLdt1-JbTFjvPqwRHgA,na1,americas
h5zcGqyGbwt5Cjjiyk6k1095rfR7bgcc7E75jQ2bPaYTxKXoYbizBkrA2kbkpingrWbUi2XeTFa6CA,na1,americas
P6rQPtof3rk88dPB9LXs-NrEzesd6iD2n05jTT47zWElb8vqIu4-xmdn5y3WTkF0KWUNNwTiOlInrQ,kr,asia
aXsFeC7B2wRwc7JmWtUcRygtKUWUyt-OUq3HZNeeaqNceUlGr88ttXmuhU4e2j0hvfkXIKsN72pPmA,kr,asia
h4MBc5ggcIpeyUnHvek7rQ8zzDQVLU_SsDjC8aHhnCL6DvNbsP9PSbgYqeF2x9uoWCCyB0ezAKVk3w,kr,asia
ECVlGKJGqmefhASzqS6UJE_-o5wC4lU_rD0KbgwLoSk2IYmayIMfhz1G0lALye0L1exc360zz5xljQ,na1,americas
v5mouLS1LhOzO6kN-zVaZr-ETfrSP1lInTdz2JGmLKWxJsx2IBsb8EYwGl__nEyo7LyAbnpE28VUkg,euw1,europe
4BIBVv1DbtK1dmQY4Shqqms97nlXs-1qrwm-CpKcTZ64ey3O_qAEakEN_H60oelb_dYcfE5UUz7mBA,na1,americas
pa2S8oCLw6rHh9Fh85wk0TDTjkEifOvcZj6kF5ci-HnvUcIoOjPvsugSOkIlzxtZKbafiPaClZcpww,euw1,europe
SdwDO16Xsax4BvUoy4xuu5ieGBaHvogXZYkOAh1pRyTsJXYNF1SzT_0-KBtupEddXqFvqxpAD2bXnA,kr,asia
OjsF7hqU2H9vFK3oarDPXCPLHM9npvdkXD2EmLVVKJM3BjNqCCYLE23LdNGKcsbf6ulPY5Eonps8Mg,vn2,sea
eGrij3ZK5KSURBH5BG9-ZNxKoRHNogy1w5AHQfnZRn1yGXvQdXLJ9bos-pMjoiKam7VfD9J74Y5QLQ,euw1,europe
mxoswX1Da4L0qAO_yEHdQ-RmFbvOk_W9-lXs3TE_4BweL6g018j8T0hvP-GkpleG3-FabUce89u3-Q,euw1,europe
yqotNzSGytNRy5MSDcFVqXQnaSEIrdDeu8eP8J0OzRFneA_xwN2C7MWzC3ty5WlfmOaN21N-omHZ3w,euw1,europe
j4FT1ClBV0FtDiJIaY263dD9uFikuSTzBr_bHAFAykODCXOk8Njih_Z1QGYJH_LEQUljAzCt9S9Pew,vn2,sea
2SFDHQjSymOExpkMXJ3qKeYbg1Wm_kJI-akx-w7mxKAd_YramyILjbrh4vvDZCN23CK3lHgKaa_vRw,euw1,europe
WhnVdJypqt6lz_paXt7FQfybXrIG29Xi5ZzFnd7HM1G3PrVRY9ntQDjg2xGpHrzt2Qw7awPacpI9NQ,na1,americas
lHFoLev_X8gvfb86QLvgT9cm7AWl3ifFLjrFR9d4iK55thkec2_9ctRry-_yma0QCNrI-zFCmwjf8Q,kr,asia
Lj54lQRxv6YcJkVdnt4xG8HsEuvJTyMf5pkmfBj2BKqhCYx1VKoAh00yCUGVQWNNGn5D23K-OU84Ow,euw1,europe
IzkMKW8zqm9BF3LOxi6ecsb3WAn9Xel9v8zOWaBRmLXiuV3UmzwYqkgisoNl7QjaDz-BqQd5rkBYCQ,na1,americas
AZLm0N3eXjuzCxGTwpxima0BDGXkJ3WmWtzHFuN1VFGncYv9Jt6XvBvi0GZtAfJOrdD7UaSTivrLNg,vn2,sea
HbgvPz9Iqw-N8z5X8H8j8-5lH3VfP6p9i2fAaM7d0PbY89Ocbgi0-5-Rw7f8ClnUySnXxyKEV7gT2w,euw1,europe
wqweNHExeQLACkFiw64BFZXma5xw4fISeuk9gTSBG8NqLlAPHVq8Q1hek43BaHdgbVCLxHTyUAw0dw,vn2,sea
T7Bl-gX0wMGtehhrnuKseKR0GqxmTB13QzuCMCIMhegLOMXErU6RZPdmQpneyfVHhGj0leEMTH66BQ,kr,asia
km037IL5d0wwY1uGUhTqlE0z0aMkK91f0pPL9PCymJgYAyblkugKJtvw1ReZbHvQBpcMl_al8vRqxw,vn2,sea
V4oy4jY--WNxCKTKeV2PGraEw1cWu4qmK4rxrERXhIaD1y3JULzBEGYO6AC8YqFazRny7XJjTSlTZA,euw1,europe
GdSCWQAkqC2Za_ku1TTg5pwGQKP6PdKyz2DAhZoG9ARcxRfBi4UWfxVS2FZPtIIit9_u6yriAFM9dw,na1,americas
i0RH652gFxDOG2iidldrf1LCEDyXOCyWFhCfQCouvc3ccmT-DrxDJ2PihC7WtfAqclyjon8HsXhonA,vn2,sea
CyNwV0xCaKjWqjpXX6059wv5C-lYB09k6AzaZX7prswqKIRevRoADgpaCfM7MSun9V73B8gkcWE41g,na1,americas
iwytrPgny9brXbqynSExqqkvedOEp-7yjjrMkoQw7epbCr_16CV3O4bj6GZbn6lNm8zKFlLdo9K_Wg,euw1,europe
4xOi1zuWRzWhfpQKwF4qpferrdJMf7BjG5G2OR-FK2cdSqfCKfzMnLgrU-Nt2HjcSIXC-e-yfKp4UQ,kr,asia
ZsTxiyHHMTw_XGRcK3HkVXkCgjWg6cpL8d_4jXndZYeJyfxeTXmxvqN0U4IIZZ7AvdKwUgrQh43LKA,na1,americas
M3IGsXPyaIe2YhTzZv_2BecC4IiX5Fv6l0QWillQzBq1VDvYyhYj8tLhyG0umglxP0nr-z7AmQzdPQ,vn2,sea
4wET1rnfaMg88UqwK61iiT4cUChaQiVZcAwk8H74KUC2wZoawhkfknSqvs6wwPkEuzfMUovN472JVA,kr,asia
aktzRFvO9sYjptptXOMgplw8bgNHBKrOYoki-AZ3W8FGsXn0F4jdEyjZVdCzINFEk2Hf0Wz3WzN5Yw,vn2,sea
aQG9tCGNkyGwoiEySO4vR5zsTZf-6nsZzQMOqqMSmZQi9MTzkhWUcChAGZLlBsOq76OJ_To7CX45WA,na1,americas
pX8G1hu38aDDhiBzTc6Dy-AyBgswJ8UbmJXbhyyERfs53ioiShQrV1SFr0Fv3l2-i_pL_UI7sXAgfA,kr,asia
NG9edDIOSEgPvdw5oLjvq-5DY4vxQp0TCiktsekF_rfXrrssS5x_U6v0W0fLnatYRMut7jPVTahliw,na1,americas
1OrkMV5ZCyvLfXQlJNq5DDqVgudUyGCj2KuGYiA8HJchq1uWvN3ZQz7tIp-7dyQO75-FkAyTcspDMA,euw1,europe
ubPrPdcXi5rKfoIL_Gk2WnQFOshLCwr1Si1IeAV_2zakmY79txCYdmT9pKDk0tNOA0KGA5akNh8uWQ,euw1,europe
KDs4gfOz3afJeuUks63vuijXlMUv5W9jBeUlz4LW4XIPIN8o1TnfT2dRNZxPI5cFl1PlzComi6WJFA,kr,asia
tlVEI0FtOi9wcg8KMMwwlLSwCxLQIbt9v-cwy3mFNDsB2bFZUIE_zA16RIACVD1c_w-WQLOvFxUkPA,kr,asia
_R-GSD1Fxtb7-AsZR7SSXiFaV0eOhdM0llCNTIwRZn_Yg8Gah1oyYZSucYv6PR9y5KOWEPRPQtDG9A,euw1,europe
F8HJskv6DkCVAxaOmTPnwsZ7rCWSNRwxiK5_NoJCVtrOkwsYhwSaXG-UzgXDY6b6Yw2plBOnbzUQpQ,kr,asia
M0vGMnAGoydmYmtIHt81tvSjJXncLeIeAuxOdFTwKu930P239Z02bCgkNeVbPGUkQM_02pDkRZxuCg,na1,americas
8U1xTXNxRzLdbA1_uXDMMN5zeTZUTtWnWH5jRRWBrGPaxn7CpcQpshX06znN3gPLmlt76u_0bN1MgA,vn2,sea
E8_KWLesQULStA8uZYoTR-FcWXosNzXcmvjdHMtcRVOtt2HEE8FHQNiEzpDLXgQ24aL9G6vGoHGUFQ,na1,americas
ZuXUIfBWGIYRWaahuEt73QCHS2PAGIPczMIekxOaMpe0whbQceebXDYW_2_DmAmDLP5FPGntVIVG2w,euw1,europe
0OwuD0Qhi7eru96SBaEk5kRcR601ldxFN94o8XV4PpZFSvWPk0mVlwQS11V-tdDok4VINnqB8t0Arg,euw1,europe
Ep6UZYkiZXBN6o37-PINH3b6Wauo23Ud_Fqpvd3Q-gVyi8cZ2D4dstPGEpFKPSISYm7DEu92HtFslg,euw1,europe
4KCE0KLrLa69aaIDuKb13UYg9vPOVYI9U8VQ9NNTaWJMNgfSXGX9uSqhyhFmEa30DSNBY1mC5Ou9gw,vn2,sea
CnRNROciqvOC5hr_m_nIrK3HIpPv3QcxL89WzVz9SZ7trj-wLaBhHBDP60939OE2AbN4cHVGWvvFtQ,euw1,europe
2IGNsBYKHRbutWB7waXCKLY9t15uyr_DhSi5dIJJO3VJ4EXRylZKgpB-Q4mdZKOxQtXkh_zbI3hOKg,kr,asia
DVP1vxMWNhYgjRWpI_9ShdrYukuqpUFNkYZ031C04gI_D_ZvgI886Wq5_q4JYFNT-Ip0c4xGcquu3g,kr,asia
aG5nI1q2zGlzpaAN8TEMzMJtWPdlkzp2dvZ6aYoQSXt3gnom3RFbLpkv8uuo8EJOdiRRDJSYhvUcJw,na1,americas
h9jTgnfTTTpdTPdHBo4GXdWMn-3UNT7jFReztGNp31jHcJse-vVHjqryberaVZhIQ6UJ8VMtf57J3g,kr,asia
L__JBR0f_vg7NVqqeNNkH8P3PqlDsPP-4C-IUPZzSoN0VhOCt3rNoOb9I-fT5jCBgMIbX1IEns3nLw,euw1,europe
iJo0UHMnApKZczyNCynE6Ckt7OoziOucpySMVQFN2LBKPUpfCn7TdFE5Px5Ae3SOowd5JiPWzbAghQ,kr,asia
-xN-tfZNekH06ZpaGLVmVd7OqEpKbcUVSfmXkxN5-WA7qFmoCTXZs2Bcl9awx0mH2vY_UijaQT-Gww,euw1,europe
vshKHzJDJgOfy4j14TDuCLJOF7APjgmE9lfTwGoPws-qALXvKJfZF36CWBbFx_TCTDh9yM518D3rhA,na1,americas
yi9262okJp6WQb0GtX91FdpTYc1SRSyVlfgwjk_WRbo9BSoxRSzQZ6HGt73eOB89KmHezftWzwZwsw,euw1,europe
s9n2TxPZbdTJMKctk66cEE6X5qB8ws0O7q9PYok1J1wbsxt8M2EMHGlH5T4dmnH3MUMZXFlhkr9vDQ,euw1,europe
RQsIh5lui7wG4m-UKtaP3U_YZrQftlEm1jmrW5L5F_PeKYN7r0mYvp-uXM5k-ib4l_V6hgjSPi44Ug,kr,asia
t4pF2ER5lDsn6Cl15CWEZOvGAUmDy6uOAoIacFPr5LCSNrHtKsyDNLRL-xpDGp_KrPv98kqExD3new,kr,asia
DfUXZGXdvcGbk16LwP0P_P64Agu-XXS6vxkncaEWlTYVuFjh9YzhWhiSnfKTy87pef9-yXDqDJw9Ew,na1,americas
F57MgGMyhg2-hl_IXBpF5CClAI5zimK9jNpLlOeLBm0ajSVAcsai_J7oulWEb30wmLSTQ2JaO-hVJQ,kr,asia
BQdvR2l9lumeA8hIw0ZAhfCBgHavX9aGxN-b8hPyQM8VS3K1IO1K7HNhs9muTsh-ZCrAXx-8ucU8bg,vn2,sea
-0HPo4Csockua5tmyC5UdTSOHc8dlEtlReP7B5H0gy2Q9nHAt1Vw60RDlT9ilsPwjaWmP_zxHb6rjA,vn2,sea
BTnShJjtwo9XBf7Dzh1uPW2FfthmBxUpqwjTZYI0XSBlOjrHkVvTbJ7Y1lCBN87at08vmbFCQCDIyw,na1,americas
4on5J4wQQtBTbBsS098_6xsXaQC63Ie8UFWCgj6ub-SIkt1-KfrI--P8XQ14F-0lrQoCe5B9uXYD9g,vn2,sea
JeNdS2M_apySq7SMDAXuILfsvkZK1BRs9eOoS1aS7rCteD4b9NOptvihGL_CKNMX9iadGWpV072-nQ,vn2,sea
wK9WBeoqDsJOy0MxsyM9-HQ7EFfELTJrRq1xIeQn-tSDpfdkriRo8OxXqGFf0q4YoizbKZR1g5hgvw,kr,asia
mTSJ0gN3r8R0IND_t5VrSq3T0WvRaPvlVT_PXuVhWCcFgev5quBLvGdQgzGFTB4l7C9GkUjevF5zjQ,euw1,europe
94JzZlHo9tduloT82LoV5Leufh4BEAncdZi5IHGTEX6Gdudg6TG0sU0wyGpqNroDomqx8Jn21eEm7Q,vn2,sea
8QKuJkCMXozP4Wmoft_MMc60Sb7KRnRCoevCse_EfINZmogIGlDC34N29YZSlZOoCN8G9diGQ6ZCwg,euw1,europe
6QiiK6kwG0JfroFJUkNKA3lsavlPyaeSVitPXskm-VavnApiNYahbhHU8PXWE8UrivjfAZADt2K16Q,kr,asia
301ZOscmCa6bFcrjOo0QT3mwib1vQwWITN4cHfaRiu3t4rl13U570M8QUco5xyQMiInT0Eg_0ze3rg,vn2,sea
9S41qsb-tpshN4MuG1dgpGrMtDbbUkCBCn77b1GjodBVP0WLcSTW2wkzIr8uFMRu3ByJHWzBaK40hA,kr,asia
LgkBhu1AMR0RfpXA1Jdl_ERt7YBZSBs38bDbb33aSZZoqfTTjEABmnkoijCFDo5kvxsWyW0LcnQFnw,euw1,europe
EOPOpMAcUIWHJtrQH85br6dGjNrPCFFeyBhbvKALJuiWZWIcLTfuGnPgaBEtFIsrshC3-nMwaD0AdQ,na1,americas
y0i8ifwWqtVm7hu_wKGA96XFXTusgks5HdQM8u0VYUSCjTxwVGl3k7g6KO4xC0QVilekEPmrFgNNTQ,euw1,europe
QBX4N0yPngRqh2evpHD0NFa63m6a60tjOh_tK0y6Kk-A4wxUKczgqjG82zea_LUo5gOCOmyDWtJOzg,na1,americas
k3lcvP_K8AQA_WpcAqlRuWTL5E_3WEndyUi_gQoN2gkWJuBB-6Cipev--ZbxD5XzWUk9gGsn-jrzKA,euw1,europe
6Q1IzLgs7ErAce1p9U_CMUA4uriZxC0EqBV6On2w76I5pw4m-vv3w8nhxjHak8sUVyf2QcdxkUv9zw,na1,americas
2x8GJKGOi06h90mkK1YxsXBS8b4RM0CXYlHDiNeTA1P_4R-gdlOJaDdP2BSgeRt-mGzPi89T9LlO4g,na1,americas
KZ72lX-2pVM1tiAyKbnFquJRmHG1F5QjtpY6swt4gHUL8Z-y3IORpVfoVMuPI5iS5wxObPhjl1L6EA,kr,asia
2qtKhfRV2AEi9ZsOUif4m0iW3f9kwYMwdag8EOT6G7OsoSattirinNd__k0y1g3PFgOAM0ujsfw6hQ,kr,asia
DV762iWp3yuPlHAy7REL7bP56zPTP-xYaLv2ZN3KiVpeVnLRhBZKvx5absF2JKV925z1IzAz-sQ7Xg,vn2,sea
WHlKQILpJ8xJtN0cRRa6gdwFMTvMHyzMDC7JxcB5fhRXYZJf5iPnbmBiWAifDr4j0QdVWxHYc3alIw,na1,americas
N2VFJloIDzZ3ZI0xY_M5PpUoTRBRcGnCxZaJCrZPRXQliDNvLPfO3ufXsFE7Y6bunAbYWfAqMc-zhA,vn2,sea
0FWbQCm2wfbDPolF0rcf0SEKG1ItrkE6gJ4yJHwK_k_R2HariaKpCEg46iZ4eeoQ3EW1ubPt0tNfJw,euw1,europe
fCJz6IsXMFqIUf-EkIzKw-7fHZRJh6MP5Ev4P7USuj8fQp4chgalCTlTt4MyDTJddt2KChe_oQoN-Q,na1,americas
RcSJlkXuSH4RJmJSJromtLCctgEqz8LZGu5jM26lhM2TX9ByBR7G9cO1JEY3V8HiUa_551vUBji0CQ,vn2,sea
O9Qpbd8uulKWzWc07OjHV4WnyiPldg0dZDTk4yIzrqa7XUNk8GqK8LrnTG3xiu9LDqlLZtJFO9yqsg,euw1,europe
UAb3Ew877kAIQCJQ4O1WhoR46pqenc7BbXB2g1e-Dbo1ejG6rwOQrcDThILV1nIMlREGIZx5fi2mMw,euw1,europe
GAUbV5SODVZfX0vOlpIBzzL3kP0oFe-yom76lRwSZaEeG09kuJDRuJXLqCN4DTDWn6LEtSb6cBqygw,kr,asia
w9Ast2L9ujVmkw8NXUf4kBY1V_ql0ume_wIi7WD9GL6nzW_GTYmzLfMngUthRgY60_n-mWEu6Djoew,euw1,europe
l0djFQPcR53N294oKIr9G9jlKlLIdcAZqCq-42SRdVtiR2LR8CVZO8GlFSXruCk-Y7qq91lAFtBGPA,kr,asia
Z7fnEWMEareIgOkeP1VCabHTgnn5q2tV-5yx7qvYiY84qGEQs04jKIMmjrqpeJtcYVuoxchYBhJ0zA,na1,americas
UHcSiFsjJZlz2XL2UfWUaManlds7L9jcOAF1_DEyZealzmbRzoJxcaAupDYotBbACNQQZyalwePZWQ,vn2,sea
c7dK1Vcg8Sk88cuz4YebEn6fKGq7uYsXQ69xqBwHD8CR_OWoghM-zDvYtGXRUcvKJHwAG9Bvn0TtNQ,kr,asia
mGrX5kqBtGlMWlaXmq3z2cdDo2L-r0JTqDH9Hq_AdhU1-73yur9etyiJH1c7yfnHR65wKLnqm94yHg,vn2,sea
lfTiNQxtJJo-i28SGdIK43ZF4myV2J0mQY1kzWq3c-AAR8bvCURr0Y6GO5Z6ULyoo9ac9fbqWLexxQ,euw1,europe
P0obAiAwpAWZGqpOSSzlE-vbW_o5BChx6zx5CgeQCY26X7pLCDgGJjhE099ncAAAjRrllHyG0ry-PQ,kr,asia
kGqzw-H9wycHce70Z6O-_H1lggYG1eL3_ies2DQ4hZEf1GRA6Nq4Mu3RiDDAZ54CBClhDJSWT9MKzg,na1,americas
mrSXvhkfjIp3YIYcn7VPpz4k0VRhvKI20_yMJkyujjXFWa8FEfSDz4JfPbutj1vX4r_VQWPynVjzww,kr,asia
Rjx1nCDErActC9rOqMoMnuxcNhp-HIgefcWU0JJOjELEegkd6Vlu6_23_69SZ6KkpQF2_Wi8ocuOSA,kr,asia
KTVcdf5Bv4ULz3qj5m-u_RL9Bg-oRIMCv6PuWg5mqAnRF0fBzpEkxoBWenJOhdFc-JQxCXYG1oojJg,vn2,sea
IjLTnpcCRBp08MtQkdAkwICkycZYIZyn_dSVyJLY3XAIZHo5mFAL7fEH90Ez8aP_5Ml7YWXVs_JAQQ,vn2,sea
6RXTfjVCAUGU_fY0dSCMteWOx7WStwAIU6JnWehr9mZSKwUamNfldtmDBCoXg2ue3jD2f6LxT8BPfw,euw1,europe
OEgJGdGSVxlbXNyZt3YUEiCwfFdayRHpt7awZyvJJ-YcmmywPXDmQRLRn4Tc9J9YOmmuX4imafuQ6w,euw1,europe
YJV8HlNs52GmTqbP5TxCOaKiDSidikPKn5ay7-8plR1cT1qJMcCM8PRqTzkwboafQLX9tb0z6qreHA,kr,asia
qIvYH8tTH7NLw58ADAb_JsvANhBaH9uthKhyeZfzJWJ7BJiUeNavSND7I1wMdJlOd48NvCp5K7OCyw,euw1,europe
Pfv1LrOHtMUdMyFXvEWlUcajWNyH4orLQ4LGtPs4fP85Zpt2KqkhzIAjOEsylmELyYBctPn5eQHXGQ,kr,asia
O-n_yny7ZNmmTD0bCjbPxBo7jD2JCv67xNTL_OwBB4_x7gymM-spLHW6CutIB1yFSWRWMrSQY-nj2w,euw1,europe
nFkQeKSg9KjLbinBYIDmQeGW7wymddvBpX92vRNWNA9tf-IGi3jvK21cemA9IaCEYp_31PGkqyKSzQ,euw1,europe
qIMatoQN9V_JaskA48i5PLKHlAleNI6oRA0EL1tEgct1UMVLPESWI9fjIDNEs12WAQQoQgd32EY3Mw,vn2,sea
kuU9F7jMbMHy-lDnLAaqMkh_KNzYKFTTHdJ6HmL2wmQrvOJaZBj6Zxy-fdnsG8VSkhnh02cmv0YJ_w,na1,americas
z2hgq4h_D1C0EVELpq91ww2M_JWZqgRAmty7UGrJZd73nUZNyp4o0vJSgzthKiEP-RCdb2RB-uZdRA,euw1,europe
pkNbMvv9gFA-bontua4I6tZhd6LjqJl3IRhmYArevHzenXIqviq1t3oQV7fxbK9p13PbodbwF-VPjg,na1,americas
6wSRv4G_oNPqRHEt8J2XOK_Ai-q0E0hONAvbgGMH-VhepvhtqhdfigZSCuU_LeNzHBlCcXrlGLtQEA,euw1,europe
YNyWsE6U2BFMWYNizjBRl2qxULqyKIddn3FF2K543BWga7t1ALgEf1jN6ek9HB_m5JogAgW9-SKE5g,na1,americas
93T5d2zQ7UqNkpaA38EANtnb0QkUmY5maIGCgZEAlRFP6z84p0PcE5Uo2C06IQzMROE97GNs3e1kuw,vn2,sea
wEsLuGSJWRoo3DUAzh28NPZFd6HDXwoVE_uBqLcqOlOkOcJ4GVY02txqnCBt6UQcoDmfaYS1wmTa1Q,euw1,europe
4uM9ALm43Mw2kUlfPFj0e28MDvA78RaGFntJd-BJC0Ih0NT9XWGC7Jys4eC49aZmXH6A5Gy6jKL4gQ,kr,asia
7uya0ab2ZOsuMnRM2W6_3BOj1KQwdgBZvYvwSrnGWoY9232enkuCGi905dDUqqXJWevytgasKULgOA,vn2,sea
wyyzBnsyxpj33ADh-B0wDjFa4GWlSq_hPPeOfOxzuP4-xV6Ci-h7-1ULeRD7Zb5IZgxUpqAzrp8xKg,euw1,europe
zaHWQE4Ptv-oKIWSlaMxay1I44lUJ3qJ5kknj1-zVlckHQi-Mbx20XlYKx9PzUtc_HmDgJdDFA1y0w,na1,americas
C9RejhWNy0ICn7Az34F-Nd81yorkM6P8ag6k9RhvTljvh5au8o51TzSihAhgc2yYTdpag4MfxQmTPQ,euw1,europe
__yrWy4fBOg3w9X9_0lYuPugd9DwUfTQ97i_WJaIMnWDoaDUlO-gRUEkOB5vu2-YP3WJJ1HPEcqb8A,vn2,sea
01eSVaZQzZobD7dhvBCcY2veuU0lJiudKuDgyjTFX14Y6y4N-nEOS2Bq0R3rr7-7o2J7J51zPI1CdA,na1,americas
AUjWIKUR193XAfjcBPeJoLiFDvbSkLFks0PUqfvmXx7AIYPPMte8sER5dL9X-lxEWP-aJ6SIp94row,vn2,sea
kjqZWcLa8YJht7QVIjmBPhG_9LjT4gAx3iXLs9igtzt5Bk_JnjDn_c46wtLBTpV3MVT8BGF3yZg-4g,kr,asia
IDddWYny8hkpA9jFD0QkSp5OXvZa5PLKaDAzGuxkW6LjR4VeOmXtpj1JyifNEmPnm50PlyvwYHJUdw,euw1,europe
78GBf3Bd6_F-Nv1uThYK6UJJq7aT6IQeSEUDs2b0R8gk2cp7zAE5HCSHFfUiZMpAbJUK4qw_qtzFLA,vn2,sea
ogQzQLae2Ddc6jK9CJ53rKQs3VYBNjIM3wq4yFDPEdME5skqcidPwDOCWDW4DP_sPOfDjE6BJZh8ng,euw1,europe
T3jHkENWhVFfg_wAJTWzcxvzQnlwddXIZaoWCiwepcKtwwxgveIIS6O4Tbx9kLa96MCfRXvrpDMlhA,kr,asia
9EEgoamzWEn7GiTgX47Wi3D1IWki3ITbgQL-fDCsI6o7zD-5bzQkvFoI8Z8S2zFpXKlhUVvpyiWABA,euw1,europe
yWYjLPvs3CtEy93Zy3O7t0QWCQljmGvc2-hnp4pCf-BP5ALMxF0ClXdcKdKrmoroZBD1oQ4CpoF9Pw,euw1,europe
AZg7zxZKJNvgG4qVN91EGFk7lrzdNECc-rLq45lBDoZl2uCoqmX1GiaSAC9oS31GtJxaC4OBEwWHWA,vn2,sea
O3gl9e__8uv_5vVado-KtW5XpJ-OexQc8xeWK8aSLcWbqSEgF2x8MAnQA-FRI-4YhhDCQPG8GjBaSA,euw1,europe
V8U9el3Uq5RuaOaHLwtCfILtEy8RWRwnSZF8IUTd4zSyz3rMpaZnlNUZr8OMLxIIw2gUsBsZdwn50g,kr,asia
UyQ_0pO0_81XbvTKt026wc4PRM5zqTPbIgzAuW1dloeAnTn2K0xrit6jxp4CDjMUyFjxTFR35lofpQ,kr,asia
sCQBO1t-D8lT9p2QmHaRvbQ586jooehJmfYWu9MHSQzAbWzB5FgHVz2BA0mXixB4SXT7hJFT0252Gg,euw1,europe
_oZQvZQhnT6wn6rYeRQuQV4WSBIpNFkPBO9pnSMCGR9LIwWTpj8XuuDKO6chUGPUay7gBJle6QtbbQ,euw1,europe
SdPpaGNdDSc2GiIAmlqL-oOdBSXOkbcVIIHNc3ppo3nVYF4d4pjxhZfUyLqAIUrtjJgSNx0lsv3sbw,na1,americas
nZbJsq6YxEIY0yUSVqrUEnU0g_j7UnOS5u5gg06FVe2hIP9t8srO7KI1m29akzmCoZpMFNpxAaqslA,kr,asia
orSZqy__laXoHpbmgoGAdJlBN9YPlV-e7p6Qb4n8rcqVikfoYmfomsWfT8k6GwmVmF2e83uPQlpOGQ,na1,americas
v5QZJrKMTLrGXl7HXHEX5c8RKEW9N2944A55vWmXLoW3bA1TOiUgOH-zP5a6lwasgfY3AfrRo1UVSg,na1,americas
oq5nC3qJiboo2cQe2UDp6HxihfG-ff_rwOY2UzJbeASYcAehuPezMhjo-mhTYLO8PzQOq9UliyhUdg,na1,americas
u1lg6ukQ5R_Au6AHvvILqrj5MbYJCYKtj8Ur1L4H_-4nwMYkyz-FfWRW-Tby7l5UXJHDiPTPwwvXzw,kr,asia
6BiM2bKC-oRdm_K017lrzKCPSQlc02gn7dbqGvIKUhO17LdgrXZedPYWZLlFNVGEmtYS-ujehfzetA,kr,asia
pZBAxhgg33eGCfxQr28SRgx-Lp1ymVOwawQSpOaZt8o16lcxQjFXnE_G4KKu97ceaQIH_4E4RtVYdw,euw1,europe
aUsJN_4wIXic5iL3_aScipQoR6XvaVH0KgGbp_kHWxMK-Iq0NuiM8BG5C_3qdMTHhpfVKenk4XUrBw,euw1,europe
mACT_tMs4cftD72ooCzlIsUPHqkfdL-UgN992I1w_It_Ml0zbvVNykGERUe-ItucQcYzBHX-BCPBkA,kr,asia
LaLD1jV7yOpS3WuPUFHc2_8ARQ9mPDkKwXrANU-oj4-VUvfgFa2PaTUtxvFm2Jfq9o8h7FZbV0Gulw,na1,americas
-gE93wrADBuGNOJPgupnA8cC8a1yYjVfHSL94BlN1sZtyvngz4UW06dRHjB7rWUnkkj0cinrydxtTg,na1,americas
q7SPQTbYZvwuixq0YfyRNNCT5FDBYAYJvcZwlQ-04_EUvRhbGrZ40ZYH-Xeun3T1g83ZmLUYeD25dQ,na1,americas
Q_mynwJLO7dWwyAyifHHc-3692jT3JVyOw2rj3EPkWJthZuqGOaOCEFrf9PbaYLgVvkHF7OzCM-8CQ,vn2,sea
FPZ8A0WxAYPo72S5znjVkbDS84_e0Lg-Su_AnhcCO-hxx6tKl0VoFhcv7cLfy-1laL-ZZl5q0OG0Jw,na1,americas
1YFlaLfEeXRA5QjwQe_ayqwm-nacAJIOhF503KwKgsubHeLO-PXGgYyXCUZM2SUvI294AFjJ7pfTnQ,na1,americas
JM__VSdzJXZs2bguLaTKoEGK6va2DH2aPi2d-PeLgi0LhyWgee3CtQMUDCzW_1ONV0x8El_dglndeQ,kr,asia
eWj-mCsSx2ojU2U_9hX890bEWBmhZqdafnHEUOiXU5lEsPt6Ca2vArk6lkfOjZvsRz-55iqpuT7oFA,euw1,europe
aWPmVtaHI0oxELmmIJVaxr1kLXf67_ybPcEDT0BWp5GGCm5_rQZpeC8GvWhFeMTiMg2exEyTKeJd_g,kr,asia
NGmHBya9qS-AANZOXxyvGKzv17tBm1JWy4ggK4ylTDPQN9lREad5JOBG7ga-N0hAMsPNNjvcki7ruA,vn2,sea
8PBzfcr133wherM_miEcW1de1XJK5Yxv8w7lWjf6fxKFzMC6ANksWVoj9Gor3776t0vtGRAzQlqxLw,kr,asia
3ODcpJEbAsm1WLp71ynIMchuWCs1U5sL8dku81yOJCKckYmC0_jKgtqdOHWcy1V_KNn0jyGP-Fq5Dg,na1,americas
IkcmTImYgMr2VNpmGQphfny8WGJ_PaMrdZCBikkz4PU9kCuE4ivMqatb3ldgKADyXIi99w7t2jt9RQ,na1,americas
p_BMz9hVr6Pc_-6N_xfJ7llDhAWmHWYQVXhPGQ6L2VuhNTA7TX6L3iv_yvKxu_LgOnOw8aozWXByIA,na1,americas
OxP4fq3PnZJWGMSIqB0VdknlO0Bjud9EQGQbFC5LpthsR6gj8lNTNt3LSbAeN-SoL3aA8UPWxnOQuQ,vn2,sea
TvcHZNONGAdDTNNUL_0gPxWouFy9pryt3S_R7eVnL4cIMV-HVcBrkKUvdxEWR-6ehfckdiNLHhvUpw,vn2,sea
mtXGs6l9kgon3NpEp0CD8SmdeZ_0hJe7DoM1hDHMBM3_jx5zKTnxgWzcA6UubL97ftbLFD6eEgrPSQ,na1,americas
Ff_JSav3CTPhKk1BFkH3m2khUJcTNtRaPQ8j71tQN5RUWgD-ycQRwXHwU-MmP8GYDcLL26TseZcpNg,na1,americas
f_wmDfAe0jgSxWmesQlPv7H8ub7hgKyFJK3nHtgBIIPH_alAwKVNQfN7FALitlrnOYe86zscT1dMlg,na1,americas
ej-qdpEGcHg9QAxqwG8vVkn3Bb5GtkirrhBo2eX57CDMRPesXBR9SsnBvXEp9qBFvV4lyKeMfvQbsQ,na1,americas
oMeyNQKQv7sbcv6vTCddXQbF4RRScZDm4rvDsF9zAP57NqfkOIJU66eEeba2-Mc78qP3v42WBsU9oA,na1,americas
EWhpa1eyw9GTBYlLXZNMGaN8ud3Pj2rFHbqh4a4WQN-qgu7Rs2RRdRnC-gKgylZBcnEXW49sH7wVpA,na1,americas
TkGlUMn37y0aaCEY1oFQuS0ugkTq5GFWB5m8ExrB5dhtEZaCvbVZmR3ECVt2dYZ5dxeKiIvLFqAIZA,euw1,europe
bp6ZH19N2oiLRWoHtCD7xUDDbtd0ha23OsAgPy_DRIavLhfizTVm0KRR0qfAJjmbPv_MEvb6554glw,na1,americas
IT7K4yTfzmtUqzHr7ILn-eTKMv_wy7G6Jp1eYrnsV-gOas5AYN2fG-KnMZu95epkX4yJ34XR4GA6rA,euw1,europe
3RfLBxa30YZcETrXIXO1kYdSEVnyIB4wered_Iacqr3FBo7WavS9OWA0AtFo2p5_Jlc7A2hyn-eFjw,vn2,sea
rAOLHB7zslMZ9V1ZoM_kNb7R7xT6QUgqosQwe448Wv4cjfY5r3lVPAyFdN1c6ZnSinLKUCdnkEtXbA,na1,americas
gOYCVdS7Lu_0y_ORHmawN1YniBzsySsIZzpfr1vPA7MxyYBU-OMJMwI4yuxtCOp_Vj6-SlqEAFGwzg,vn2,sea
g9twylkQXrt6b3U4g2K2XruZXXG8FZZNPvRix4cTeYAXGEndtMSt35ZckpNuInLdMzmGHfjUieCrZA,na1,americas
55uwR8vP6z-QFpQ9lLJ1RWxRO9W-XXEnaBCzhw4_4VAzsQzWx1Q8HHr0aIFUTyIuLf6nNnk4h5UScw,na1,americas
vhD4UJvhcK_fSATMm7NaSoHmmC9z4owgwy5sEWY886gJGEEtA1SrnyrcyFQIr8czp9eM9_d3MxFpAg,vn2,sea
nRoxRA1Mz4TzKGlJJHA5y3sY6VL1-Og5IpbChglYGu1suJlDRCtievwf_Da_pwr40BruzD2W8NMJ7w,kr,asia
hVvhLATZ8ZnuFlXzlbt4YaET1vwt99fekQ7DNmEPv6ahn2e9gTI4sI03OlYt1hoAqDwUGwH5ivv10w,na1,americas
iAxzXFBPs7cNGuoGU3PEPI20z5wdB0b0QLLl_5QBEXT6xAb_yTn_2edGfz0tmxM9SXxbayJ_pZCh6g,vn2,sea
xyfcmVvWXhh8AINSbCYQalIbEyz3N4buyMteVt1H2nxYUIB0_Jd_BvZbyZb-duDRilrFpSsP_7xnKQ,kr,asia
_8-lvtYA8a91IYMvw_CBrJRlpWLzRTUkBQ71Y1ZmZBTyZkTsKMM9bYVNg3wZTPkYU58bUXgoh95gFg,kr,asia
8kBt4rCLG3d8ruZuvI1XnepAHBI6Fqumozmsc7W3FCogcPRRACxUuFJHJmKWIX6kqY2DiAvReu7AGQ,euw1,europe
IWzfquONa_2U7IVhrdN3W9LKU0jzvyG2FfH6yUNFsyZIl8zck0nFZfFvCm20-Xv-0mmLdcAKjAwFaw,kr,asia
6d-5DdjXjzBhMBvc6SESwY_OKBFENCNm-H6Iy3TkWZEllvYF_fBNtG2V8JpnpIRJUo0CAICj4Lh2gQ,euw1,europe
4RcwgkFhvTVBIowGA2YhYinAJcWo6f4sjr5wGlnO7BVOEX84yb9kYVQs9mo94r_z5UTTATu_UuO2BQ,euw1,europe
bExJ8ZX32Dui83YUp3nIJZC12V5r2JdDvjgdOApd8IkNo9ONGQg-3HOGQf0A6M6gp_eYT3ITikuBiw,vn2,sea
BtqmcE160jB3KJb8FUyWCUk3GOmnJqZBRUgr9ITmZkRokYe9ivYc0sJKrvhijlCBLFKJRRZM0shIDA,vn2,sea
P8Vt2rXIGnaUHdnJQTB3OQveC5YIuiy51JNURq-zFB45VFnwuwqv6FfpdNZ2cazgM7KEULpOSEV71w,na1,americas
lgsA1VnhAle2bx2I92d7_RyAdgBI6tXksEh14P1iP5rv4ei9_9dlECaknmWb8DpbHtkM2bJPiwkPxQ,kr,asia
iOihGixQCn1dSpNvEbjKmX-miYMsiSWP9uNnRA8wJZu_Muqv4zordXHT8sMLa9HpjqQFhlojto4_0Q,vn2,sea
FZ_z4zCwyzsVkloS5MXDI1yWLEK1lO9ZfFAHPv1imsQk3StLIwkabumeMzBBgOBz0LZwwx6wseGyyw,vn2,sea
EQ44_9ZQS9pRn8rs0I4IzPLrsAtuq9bV8N5XFXrOOweBhkBJ3Gdt2OeNI_HkTkzj59SqdTEwc7ctPA,na1,americas
vG6dX8shdoekj0MgPl38dgvtEzYjctIDRnMrqYN9T3H1tew4AR--vA6c6s8l-SBQhIfl3m9nDJegWg,vn2,sea
tQTI4ZjZ2UUH_xCeL3K6enyhY4rD87kRRbdmcQda5EVRLwJg37NWNRt0sFtMEQomQ0Ngn-xvUx63Dg,euw1,europe
741Bk1QSHjr8XJlGLaFFuiMC-nSRHnqceiOsR4hT_unlSlCSOu8DyLbqsluCaH6lB-vEaLetbh6XqA,kr,asia
G95wWLsmIHerdYnG3otP-6foajryBSq_vrfafSLmjWfE9OyIejXHwC5qndD7qz0oJb60pPqvYZtxRQ,euw1,europe
SeuecIxySm2v-z4ki7mKNU7e46PESmHr9KWWqXw4SBHzy9Q2zb-ue09GDTi4LL36BaRQ0fpeYSDNBg,na1,americas
2MFGBbwRZtNgNa2ikMGM6_WJE_efOjyo1iYvBF3_CRGbOtxR2X_oP6qc0RWfCNu8-4lvc1qabaDtEA,kr,asia
xS9yEo0-272Yym-IRma5MPhncJdz87f4FoFyubBmhPfYt0NvAwUx2VxAiSJ24zqLRXGEJQ0QOiZQIw,kr,asia
p8NoFn5kBqgbxj4sb0EXcEFlS-5sy6Y63zLwLFZxNa5NfVjnQc7e_yWrkvir0m2zXrFvA4EkwKhOqw,euw1,europe
0k97lrSeR29rLBP1-K0snJ0xctegdoZvjYRAVqxulZZF7YPliac46mS3mo14WUZdTxSaK2OvRVbkvA,na1,americas
niSh74w0aHZlTKWGfZBLH3ZAECKHO6uGL6fW7CNn4d2xyTJzHatIBc3IwxAvr0niVyjzCaQ6sL5g7w,kr,asia
3KgvBg13PG7kYmmJH6xlFeq8N4-qvJ1UnwcYYxfIdHtyI4FMkCVoRbtf3JQUW0IPa48H1jJt5QgMQA,kr,asia
jr7ouhPi0e6ozAkoyC0zXV9_ZMR3HptPbqErdfGa9abMshv5KoSfRNFwztvOPq2lxr5EGSPL0wyKsw,vn2,sea
P7LqmyrhH1y8d-6WWV3YQOfrVDUG65ag2ezeUfKiLG1Y0M-XN8hwukh_JtZNGA4jrPsGRYvX9Tfx_w,vn2,sea
J6P78ie7qjhxLNtLvi52a8EWsNHh5MwFMtszyvF5nEuEZKY0U5pACTcIYA6Fau9sjlHjGKQFEdQZIA,kr,asia
C_ubaEKQPEN5DqzTv0EUekfV6IBKJBZviYrotqi9_lTC4eI8Bl_VlOTNLsgTeWnz8PpoENdzmyFNIQ,euw1,europe
tmAjYmlRD446T8ovoAc9jugfpxyf2LRZMlGSNdMCsum9Tissikb-GUAn_jGiZwFM7BzPyW-1iedw5A,euw1,europe
_i8CgcekPdFgGcBYXZmMTGdjz_kS3JwPxNvHlCZ3JrlG-Wcho9AoKzrH5EgYUh-6y_LwTzBB2gvRvQ,na1,americas
PuqqQ5BP-SoNww1nyNqPsUW0HUEYLvYHfznRmHrQVtttGQqmsHjZv_o38xO_R-6g_fU9lNNSTXx8vQ,euw1,europe
UU8_u7Lh1y3SSMD84ySDpmbn2QLbnkNIabNiDoETLoDOJkWlbO_WlvvbZFby1VVzLuykjQuo8vCbhg,euw1,europe
BpGehvBR-MYZsug9V613OzYFk5caW8vjdnHV9mT8K_UoTFNK5wpxL0027j5IOdNTQhFu7s-Bk-K6Gw,euw1,europe
JAMcsTDkuk6eT8WGAaSKGpeMHtnzxH6e9FtPnaZZdQmLJXyQ26d1WQVzIm_kQoi_dyguQCzYh13trg,vn2,sea
Yu7tQOSGu6q1hvW6a5xLE8ylSrVxmehksXMer144YavoPLiE-0G4xAg-POhgDup3By9HKXJ7dDMT0Q,na1,americas
78zqXyjFRs-tS0DzU1Qg48ug2GiXqvczVV_n8raEXZdvn9SFDH-w2v0qGLFR8BwBUKn_nLkFa5IADA,kr,asia
-iyj8g8neeaOPm6KF6gqUo12KJiw-OUXwqLpiJY_aeVA7IQscYUZLsJYGvA71PbNPAqK1mr4L2RMWg,na1,americas
6W9fdAeVHzswOGV3NUbo9whOGtx0cMZtGY3VogqTcyOOFKtaL9B28-rnOHRN1hjUz6niYL3otVmVAQ,euw1,europe
plyJsiWqyIbv2Wc6u-quO8NNYg0JYp6e20_KHcd4iaJ5Z1chMJulZPUu98fX3UYQX7iZPVSueEMVYw,kr,asia
rIQpAtpQ1V-F6pPxiBH3EawStPM3eB6kcp2N-mWpJcFkncWLN1GnqR-Y44fm9P2fqUkOjU8kYMMEGg,euw1,europe
xaGjAbnpuy-P3selgBrW5LDKq4GqL64kcZEQe-BYTpOPslpqksq9SitnleI_RpTXkbBnNeGkl3coqw,na1,americas
JEe9ND9oa-tqKqkfJnYW6ckj62S0sxBRibHWxW6a8hqCDX5bdSp2twzYu6nW57_CIuvVKdxg0E1Gxg,euw1,europe
vEHDX18Py4a2bZpLTOrAG_JG7scqi2-L5u9GpdbJ0uRNXYEAQt8VCvpKY_YOsTMp4Oi3yG92BGmNrg,na1,americas
qOXY-IxbhAQ79UmNvfIctFyREu1Osy84KTm8jUcd5qtDUY8-AIlWLOEfHcH9xRWHbjf7nTepNmkDnw,na1,americas
gcFWyVnJvebx5BUbnb1jfbWNk7mHVTDnAOjQzmqLZl5ml-M8DY3eBuJ7weFa4cFaxS_AK3jYqh5vmQ,vn2,sea
gXcheDMh24xGlarGBMyDoaPK-g_3mqjc0qzdIGNbM2YDNGCzUUK8nwVI6SqiOOHj9Kj0nYLnkCDL2w,euw1,europe
euV22WlE00NNs2G8XHi0lbrwADVMKWbNbnd0rRCLhJwmpdmAIhYjxgBvT3hy1RTVwtXTvcxPSUlYKw,vn2,sea
7IHCYK9sTqjIZoX8GhD1QQ9AwXoI2GPAK5NY7bo9XqGI7ZFbm3uDFFRIZyNFGEfnXKfIScprXljILw,na1,americas
o74_wGEV6jZK78zhZzyE1491YB_Y6UKwpmemB5Z0HT1l1KWSzyDwHztq9rvW-AK3pYBIJ5ChjTGpSg,na1,americas
e141fC8Tjq8UjL32Ltrw94LrjsI63u2JpHAT6i_92YkciQy6DJMrYEjIZr60GWSPFsgNnMow8CDKDA,kr,asia
eG2DG2uv8BeXJq6o9v7AtBd2HXgJ9xvMq4JIgGgk9hU-yorrpd3c2PsU6JG_511PjvlXxxazmPDjSg,vn2,sea
yYU-3TQSjQC4gkWNlb0OG6EpwTJ2MzV2JwjWVzSFsBIhCR8VWwrsbqO2pH2fDcCGFrrf86rynbjEkQ,kr,asia
6n5uXOSt0DN4FCCvd1MMHF7iNl6kjOPIkL6pb9-kslbYmVRqBlc-MjVrYAEsLmVS1--8D6IY62yjmA,na1,americas
c3DWSeVeDuFXllC8rFaVJRcTuW7mXX12pltRe3X1CC6jCKfFSrIQL9iqnYdJBbjO1hMjg5EypYAWIA,euw1,europe
whoqcKtL01wnmv2DEU_uQ_sBc_0gNnbguoIsEGBMJ2cOnYpxnxkQte7Z6jwl1I-ccFvFOAyKjuWhuw,na1,americas
avMV0VXc4rQcxDxV54a7A-ruY3GvXmxaDMATygidGWhawicelTgFdXmvQJ81_F7ZaEomngdReX0yMA,vn2,sea
hVT82G3bqTIlY9gCYTD5m5EBadRPIn3RWm3DqxtsUDuHEsQEQK8j9eoncLYddpOL0WfnGi4poyvGpA,na1,americas
Psc624uJarUfVcb6DD29UkUbv3kkOM8FYLfMD1pVnrHGZAPYV60x_hDNk3TKKNV5LVLyv5GvVJzZpw,vn2,sea
uj4t-9RNsIkO0nEzWFcPyOUL7BiW2BB6zMWkR3wT6n1uofhu_Z5dgGg6sVD_RX-YR3kBvXSBj0nDqA,vn2,sea
RglmkWs7sFjWu0Emff9kHBYitOFFr1egcXPWWYk7GqlBG6IVo6WRmkM5oSwz12XDxZWXeLgTpYf_rQ,vn2,sea
BZ23t3aRNmaAi2nIlJkhorTeOjMKI0lhpP77cmvs-a3_85ZDfNohnzK02hRUuD6jgcveCbnO2vqDVQ,na1,americas
JzXA5lDzz28wsLV_9wTgtb9jY-035TYMs8NOcrwuAYNUVFHHrbUorMNdaqrXtONiIEjrRY3TvxjboA,euw1,europe
3Rfx680QF3ETZr25m79knr6_boIE3rDF-YDlIKFahtZRbHGAL2i14h_myk1c--3sMku9lgGyA4pIsQ,na1,americas
v0Kjd8o6179jP4KgqN3r2H8ZRg7xJOJD51s8lRNKJ_7t9aHrJyT__p-8ijAcIn2oDoHUa6Dxkm8bOg,vn2,sea
ZuAiB-Hl2F2TQSqNcN48OVKfScXzMCbeXh2l8HWjLAx7vpHq7nrvbftm7x_U9a9480Xt8m-oUfzUjw,euw1,europe
ejDsUv1Qxk1GID2MD3xl8lz-pd7kE_xmjGzXp9mUlw2-XgAmg4DYR6UxteZKQElXEh2laoXQtVjcWQ,kr,asia
ybUG6Jv9QL171s6k7rh4mV54eCw2dXQpYyeKt9j9WI4NZxAT_uwsG0gZNsag6HwwigQKqQt6fG837g,na1,americas
KhvlnDGz1vDJZBJDdPhT7EBD_jh2V_YchVJ-J7IABboAXmfPWQrwZoRn0jKocYDmd8GjsB4cssjWkw,na1,americas
gFZgs36skEVSMKwTnP-kEPyVZ6bKyV-fFnqTfc2WfPrnAqtTq7AZnq5OzoXwgorLmxw5fpR1N3lc1g,euw1,europe
ztNHSMueyh0Xb1lBHgvRdsP7frtZSwIQRbiZ0ZxfffiAm-NnXzTrGFxHMmMq89pwLeaWGK5Rvdu4Cw,vn2,sea
Ce1EiP2ymA8QVY7QdNPxO6oIqLFYo7uHGp6Ebz3TwS5rfViFs6Gbd9xlAHs1Zr8JSUtjniLB1aO1NQ,euw1,europe
UKyWllk6sr_l_X1VTy79kPuem018CIUk3tAj1zAAnlOAr16dFwMQBxMMsdAE-I_IUgsLfWDY3cDmgQ,vn2,sea
RhPd5TXm9XmvccekpgACjebT1x__0Fl4uVlqmckCnjkDkehxVjahpkIyuV0RJF2XyAV9VO_m4AWBIA,vn2,sea
eAqT0FpnH68IlHwBklg1XBaOMzkB6pzEnhdB6pxt8tXQ-G7fsikdU2svJ2AtjYuWcCKSDr2K_TDZ4w,kr,asia
dKE9pc-jxS4B0LKsZnMZIRpSaNqRFHQQN_Zu9pmHHNSpvuzIcFVyMe5_vReZgFHp0TZMpr0qTzVjPQ,euw1,europe
7kXWzdj4O8m-oPe4GZEKMpkMfNTVSUpcBjEygLih1uBqRj78aYtnDguiYpoBVOiEWUsD7N0Nsqf-Ug,vn2,sea
APltom4ivqrIPV0HXoqHZGqD6nbPGqA27mY7V-v_3pApVUmCckPG29R2QWyFo94C-20VDAPXnDG0pA,kr,asia
rLbVChyfQpUAxJ26QN0ibsDKFNDwsJYRYbCKH64D2NNv1VWoq5TwiCVncAMrhRgFksJJmdmPrczlRA,vn2,sea
oYeUCmUWYXOq8gj6nz5ntHJ3CFmHQ0P4yRa3Cc10C1cuSR6pMO7SyrqLadYz0rvro-qCL1DBDXrRQA,euw1,europe
aZGj11MJwW_VOqTI3oBEztrt0AoJ9eVUwiKKABG8phnAemSNPp-rFuy8AXESa82_w2aKvKzSi-GXLQ,vn2,sea
shKPEulfuD1kiqswKEQZkTc9ALJUn-AJQH5milI82-GtpF4t1MyGnHmBHdzBvA2Ab_lWV6XDKdKntg,euw1,europe
e7_HbIpC6HEkrqjsmsUuGzIz74J3X6FNOyvUnp75ihWpxBf9h5tZEAnyqHDyyCN2RuANI-jeglSNUA,euw1,europe
Qv1Lz9YimxO89nhuXI6A1-8xvTnPoxI1_oPTV3XOkydhclNeed7xgPpFjoKhjg-1whnPDYEMAjRLKg,kr,asia
oT8sUjtb_W85lm7rOmnbdyh7WuVdcr4CMebnlJYo-3TZNunktw1XiAb_YXw6gSibTZvC4ZEi-Ies5w,vn2,sea
CU63UYxYcIK9N2rBhATyLrmn_iuV2ko1AF6_2gbmSxaBUO5y3IempdTy30ku8Dwb0fvyRmA_eRRWtw,kr,asia
Hiy_jGDwYxODaKhNHCtjPZePCaWN2mWHEHQomk0X4H32QvclQEORxKpz34d0JzzgUFzkxOzw_hW8bQ,na1,americas
fviONa3BIb6GfQ0lfcf33WmxmKg54a8cweuBgjxhmyDgTj-FJClCNGfB5SQ7L3SPUcVrvKcI1fqaGQ,na1,americas
mqsQ9fmSf5J8rFsUalNP0idyH8uMPGZnB-iThqhyRcD27jKTqF8_MrxuxMmc97EzpEwhLkP9uSSfvw,euw1,europe
lUmXWVH-QhA89sNC1CWzwpGY8FdmA-v0vH33o-EqJ6O53Vvy99aFxAAtL9ifmepuC_A2ZAPvxe-ovA,euw1,europe
opRUOBP9Qy5U2T4laAykrJfIdKQbKbPhA7kISbRnTHO46t6M5AW-O1f5GQD5kZ-7tnLgOjasuZKdaA,kr,asia
krIyHuqR_MBPVreQEE7HfueqJ5FsYSCOXoPYlAhtyyPtXGhK79ANYRNvVgyQt-LxRsaLEHpWQwbi5g,vn2,sea
8f9EdtM7rxKeVMILtqa6F8FTOwfjg9_e8gCYVcRZNABpMlx_lIjfxHfj9z5vo7kz6bQjlzkWoaBp_g,euw1,europe
MJnR9o5NbxGnQyGL_TQonzQf6nyvitEdIPWJK9Nf8VEjBP_fy3HeuujzCBdpAEkeEdIGWFF2myipMA,euw1,europe
q7LVDQZtOLlnhRw_F7lfcADGjKFjX7Lu2ScdIZh6hvuVl3EM1d3mTxMHvm2ikjnENWXiVuvlR3Fi5Q,kr,asia
Ra4M8cyKBnX3lPjWcEO46CZFRdLWl4iMObuWEYFnrtByNf_wycyaq_YyeGbFA5L-ntmdsOTjh86AOg,euw1,europe
AprvHWSnawuOl4XdfTHJ3_Nqjy2J0grPzKjiDKjFkhR2SIHDjimzJ269r7rxFoKkt2Fa-ntcZnSQgw,euw1,europe
kKo_sgoiUtCZ-IpR135LgMJrJL0Bff2VhUd8oUrapH6ZmoVLVl_myqZKgGIcZBRmHuEpb5trcBr9zA,euw1,europe
4yzzd0xDmn1NlSeASAG8Gny4kSXB364rNyBH7g4lTULiShr-M71HpZd43JTA96_QjBP_DT6uL8eMqQ,vn2,sea
noM4xKRMuDtPnMOrz__JzA2athTLvmlubDSAF25rvUeQ-ljCP9PFjJkNed0Gngmc-BwBh-6HK7A-Ag,kr,asia
0fdB2dIXFEL9zemoaSJKa-TxlqVSWXrZGvXVUIYqCVl0OMTkZ5dhURRLPXZdfO13ZZsvY1ZYOqSRDA,vn2,sea
Z4utl-gnkr6Ste8q8RMp9PSGKSDtASmDB4J9daTppjqG_t9OU8JCLoDG408xIjDD0ECECuUZ4RAKpQ,kr,asia
BtHEKrIxBEKfv6McfWanz1NEuMijG5ktuzLqrw1Cy1FzhK9yQhMlFbWEILb2acHgdR5R1v1hmAkFmQ,kr,asia
IZgDUmAP_wSQPPa0mqC8UthWOjPKdHyZwhBO1_7627yrEWJh3YYoq6hRvJ0a9Uxy4bL544QKCoFWOQ,euw1,europe
nYGq8av0O_qvzay0_xIkb6GNiIaeqpWdyCIZfriyk29IcUQEEBJFECE8uESajOFQhQImAGNHxyBWKQ,vn2,sea
HFIGl3JRziGxoIBvCidOf-8bpt-R9AH2PERW7__zN4xrUPRMwR5N-dcOWimNy29ovglBlOZNk-OweQ,na1,americas
9N2MmYf8LCr60TDEgd_JUUAOGrID6d9XS1E5Rt9lF_K5ZIoP2kkv9EivYyNHT_QZq4B2IZSHcmCiTA,na1,americas
sjJIVaT77nvasjXtCkRqfws_29NNHitmKcLXcA3_vHMo_3c2gCadICnmHocbPxehVNIXO34iM1AaEg,kr,asia
FB8oXASzq7LtjGkVOKskGS8pmHwUtaX80fNZ5bDuRNBiGmWoQ0BcAn4WZho2QS2ALrbWntGfZ-_gYg,kr,asia
LrqTHVB-7jPbb6xqeQBQbzOnJFWP9CRT1USeZAWVP0SzuII-phe5UBPU0I6auOVPbzOffrQghdQl2Q,na1,americas
K3-VRJzQaG_2y6Wn7GgBSIxnn-BIJXfJFuii2vz6cybVGdFfQVwX9h3xOuGFIXtAPY9PUkyW8GYmXA,kr,asia
vE0DTTEU8GEVNy7-72Tq4hDJUpKJWbFRxaiLES93nWA7fL8LIYIPSsuq7I6IrUdzKPMYm4REIe4PCg,na1,americas
zpY8xTMfKrmGKa_Db8Zc6uwgQpon7TAjjUolR5E8AogRIWK73LSBriUsEDOiiatOe3i6HRX7HJnv-w,vn2,sea
0X30UD4WS6HywtN1_e8B_OBVXTl7sAyz6NgRbZVY5VqcVK01Wir7DX71UnDCdCTQ8cnbJfALgR_TZA,kr,asia
45KljdO630-hKLQRTqR4JHaOVogvzH42-k6EIMShiCplvOlVbLpgxfXzYafkNfitMsyEL-ZzJwcyww,kr,asia
UyV-UT0jHLvilD7umKWEoRQLnTA4Yk_J2Mj3ajzpR4julq4mo4gY3hh_We92vXvVu0XtmDCmWU4voQ,vn2,sea
SetNI2nxxEy6dwq_BtFac6raABpQOqBruphcT-oGk7qAEpUPnG0xpBOQfOO_B-c_RlloFoHVfmiunA,kr,asia
Fdbx5f-AyzTAEHiuqIAM1XcHj7Fqs-HCm0KPnn76iw987WGYk5FfxsZGy9sntt0_my1YSnR-maIvyw,euw1,europe
tR2y74MBxJYUNLBSuUw4AFC4yQKx5C7zpdJzeJaSnjOI94BRT8PkBtipSeR_jWJ8MlaGdqY-3UXPUA,kr,asia
t-k_QTfBwNLJH2NB5orB9cguiEUPwb-helBGV7rEBgZWyP4UK4pRuRB1CH3Z4lnS6bR7c3vw_9ZJEw,na1,americas
xlrj4evvdJWbgv3MU96iH-2JXEoSldJHduXI465rYVRVen2LFk7rmyVUPV8eL16Wom80zm5fK5qrTw,kr,asia
5-eO4ep2m6z_NmJ3pb73FWrVtbddEi20NhwIHZXgB6_Wrqyn2HstRaCZ9B08SsJ3sKZTQB3oqCLjCA,kr,asia
v4T8ad1ryDrISkgT_ujZgP7C7fD6pwWGMtAdNT-zIPRK5rijUdG1Xvd_vTSbmHSQVa62Spnh192SGA,vn2,sea
SdGWEva7uCFXo1dqwKiHW5YedklzB-Xk5U87bkHuba6iim-ubzdYmSfFeknnq0jEMVrgaJM_md7Jvg,vn2,sea
WrTdETR4dXkMuTolGqu9fR4ke1uQrPICYf7B0Jx02rJbq7sBS48thIyvoYhpoCdpF4KunPkxMvfZJQ,euw1,europe
QHmynCYSMTLqXHVAr-r736rBzwlBavvdKc5GuJLVVmlWNStIpT9Qzq37VlFf1qULxp2GMNHrRrRwGQ,euw1,europe
vhAUjUbvLVHVkI8z0NTsACUpgER-a7RWaH6M-qLY05IjM_7CJTQvHZ6or7QZOJUiQ6qgMyT808nGVg,na1,americas
KSzhoTGq7ZoV12xdWA9ijl5LCx3xVIejn8i7Gjt8ILNxEMFRkKsApZPNNyTGXSjaXYw3TlC2a-fB_g,vn2,sea
2GRtiD6eVhp0XAZZsMvU8yf9clJtDRe47a2Ui4q2hHc14aYBrQDuBBoJ-1p6Wh8ncuiOEjtBDSDbqQ,euw1,europe
JSlkkliAa-kskhbVuc587nr-SnOnPmbnj77jK_Ms4ZkSH8h7T4W1hpPDgpUp4BZMRfAcEwzJ-91Z9Q,vn2,sea
P4kszAYtCJ6Mn2B2oSQZbSdOd-jfPlASWkKHiLW9ZoAC6RqEeCHbDGmJij7UaOrzfu6Vs04A2UKMWg,euw1,europe
0Sy9peAvmpnIqPV27v8k7vwertq3Kv0ihM9mtNyp0sRWmekYjz8gZG-ZxZHcS02puylb0FqRczPNzA,na1,americas
FteyTxHUGwKn25Z7yZ1F9elpj3GJWaf7qRmiofIbGPDxXY18fat4ud2VUP3ChZIJbJWD42yd0Mpaqw,kr,asia
uA3eaIYFtThFe5MOmHEIRsBI2IL9fLP2Dl6qbjkLiK01fp-UnD5hIM3yja1pm9bqFBd5r2J-KjQ7wQ,vn2,sea
SJYXlqPK_mYpyIupW_gNBNhqu4eeNeavNlu-RfJjVvnxquaktnHzX11nH-FgebYmUQ35OO8jnu3hQQ,kr,asia
ZH--e1EjbG100zY_1RAUjPACWGteX_6c_ZzXJZj2F9i3LKGzvND_3EioIAatfHmAGqiLhu56ZANdNg,euw1,europe
xeNYywSjGSgVI-SZYV_FofT9-czZXavyKhhTSXmDwQPqZraBHqgEx9qbFhQEPvSS_v2u27j98-n8lw,kr,asia
bbFXXU3EJwitfXFcz5xXQaxwfcSFiPqb4kgFvOcmfgVMBqbRuAMfdPYF6YtbIKIMwcUmkHB7NEFzSw,na1,americas
xnhmrwyNYMkZlVnQw7l6FLeCTmikangppPUf_c70kROVvkBe6kkfMgLNRrw0eFrF5V1mc--V8-_dkA,euw1,europe
EC3vaz4smzWga8zychC2Uhw1zL3l9UPzXyzWnW2L8VxRHryfg9XzHMAGrYTmIq4SE4X4ZPI2PWgLkA,euw1,europe
_77-yXYyGvM_cQZQGg_1q6hwNFNsE8YFMf0RTzuuYH4Qy7XLvI2cEZMkg3oAVRozSg1w_MfG9Q2VCg,na1,americas
FF70uxpTMPWqxllUUvT4SDEAFd3VYZko9rUjPMF5J4O9qreK0zGzgRsuKCkeudskNHh6fZ1hYnygKQ,vn2,sea
za9TC3J_OK-ID4y4E0PZFJ-dDJ_v5LbV6uAAFYQVyHf3ZG9QoGGY9Wz85SzDrxUZaSwWS9EULFxgWA,euw1,europe
vXElzM6ozo39RfxtHQZqBFjPeJ3WHlUwbw-_mhuOSNmpdTMkQzz_dKJibg7Y9jgDWr4ECXJekB8xtA,vn2,sea
F_FZHj4nYAuTtGNcVm1azJaRuJKSn_Zh9wkFwFHV0sV4ZGekoUNrXEXrQwZP-coxQkupnvwLgoj2IA,kr,asia
1S-QeIfoLAl6VA44lP5zQ_1OQP1LKOKngexBKCveBi9KBvyIms1leJiaRSpWLDJ8W3la7Bk4QEEI0Q,kr,asia
KNYAbXCex0-fd-UCN0HgQ1h9rJcPraDrmqyLacDw7wpNWxY49XWl4RT9tQVHo_J8m-gAv-X1ZJd-RA,kr,asia
2K4MuZYlYh3Hwc0NiLW1lkdEtfSYRgYlGQIWvF6n1qbVUmyO3dnml7VY9GO4M2jYeqA_GJ7OLaI7mQ,kr,asia
5mextFO72-1EcxoT2jjr_JWNGUhXMTTkmOix3AGfasHnJUf5QhYZrixnmdaqkp1uAPVB013N87YoBw,kr,asia
ACYBwvvwS2-rjT62wYrP1F8Wv9BJTq4jiPgxMiD3l73Du-M-i5vlOs4XF4ncT3oqV14GwKl2-0GQ9g,euw1,europe
Fak4UtRWN0l0GN-Z0N4iNu1euxNx5-fkRdRoU0hSitbO4GmYMGcodPWuYaXmk6UzYdHooCMYO5SQ9Q,na1,americas
gF8imhE28iFn2PgySJAsi6dIveBUKfL6GShhG3qVmDOKZVWvGbqrM2keK9zKpG4x025lpOp04EMN2w,vn2,sea
egMjgVNg748-gdvDiMat8daUeWRg_b-n47oC74xmyngw--T-hZ6dP6660p04OU7Zk2J-iA7zChBgZg,euw1,europe
1AL3CACchaL6LdiDhgTfH8M4p9yDHc5W9G0YMgAZnVT5Ojat9fjyJk76nLixgJl0SQY_r-Q5RAnzPw,na1,americas
YT2rBlggmdVdxmgU2xdFe_B4lmBnVavQtWBME3hINXNDKed_jg7Ufhg3dBTBM-v67VJ1d0bbBwlHNg,na1,americas
F4KfmMKULTCn-xNtOBqscksO3cI0jzHqwE2Muh8pAg7CPN7EYc0aoqNXld5F481XqQ0_HxnX4eOj7Q,kr,asia
5GLd8SRgrikzVteiYUKHfa5mT5fvC0Qfe1aqnH3QsUxYQvKNR8QGA51ReGP3DT2LdODD6fR4C1ul8A,euw1,europe
tNsUikn93zEWhh6U__cpLDaLmTsGlQSSe-5X89wOH3k5WMddufVOPJXmMkXMZ361Ecma7QiPy8SVug,vn2,sea
QNoeDocdMsPqlyIwSwkZKlM8jtKSBmmt2jZiuhO8osxdWYoMqV3qLfIBqIECrmOmWauKzMbXfj8GxQ,na1,americas
zypRHqqH92eMCm5yqjVtlp8R1g9S6I8JnE7Lzonpghz37ho89Y0HhDipJHLI-9dlInNgIFgvq2rgNA,euw1,europe
GplyySt66MI2Ch5FHTJYMZHs9v1yf0MRCWu1sSu-wVB_Yv1mhcwXmoIDshAmxbXUatP0k-vZrV9fdw,kr,asia
M3wulLn6wOKbHvDng7jUfcIf-h74qV7h2soAC041MXiPgjT1_x3xixCiALFXH-YnjQdNNvoSclA9XA,kr,asia
uJ2tp2UX7W5S9PI0CienvGy7BkhENBm2qatL2oODUmWizy2VsfognHaLh5f_fTXttwExmWkPTS-zGA,na1,americas
66kdxlq5b0Ed8ALP-iSiPzJYmz1eSd8t8CxXvS2fxLYrLdxNqMhtbllnuW56VZc-eIfZNbQhKAnh4Q,kr,asia
be7iwAteFJF6DpwE8S_quAqkf7EqDmdsU8Z-GsUP8AtjqgnZpbOX3pwBRTjtExDe_Sbe5vhyuUNN4Q,euw1,europe
SnYhgtwkNVXbU0gOI1CfQHZWcrb7o8aQs8OcxgHzShUwYYI-rpikGnTulSwtOOdY5S7SWsaPLPl1gQ,euw1,europe
Cne4yjV-OBe3rwBFAAw1h3Q0mD-P0m65NlX66estr3XWoMo8tk1W-h71Ach7DAIpvhdsckxnHGOIrQ,euw1,europe
kjuCB0Fd8EpO0FvO_p4mKWZvkMM0tOw9pxxtZqOvSN5rSEaDSDsPMt4trxfQqQC44BMuyP4mHy2uLA,na1,americas
Gbc74KvpQ2q-8bZ0R9sx1lyV7KwapQTAj9VhlyPC6-HopdIcaZmffLC4_RDuqu5KztsAqNbflNfIXQ,kr,asia
2-JJto4ALZgnpJ5Sb-Ux0AzAyDyI5IU0g9B-O7VbIpTdOUEpSHKQBp2TCDjvKp_PYw7Z5Z7eliSgpw,euw1,europe
xfJ1nBKvWjUsDxqOvENpT9NW3amf2MwRN57SOI4oT5uSxS1rkFjOhCUKbelJoJDKw3zLkwAcE0nDtw,na1,americas
g31UA9kV8TlMReFUY0AXzb2cXrSMKO10m8tIDwZk0DOUtlzCEJv6MLjmiycP1gzvsFNHeHQeZSF8jw,euw1,europe
fTjnI9KTOaWSMhmTA4eoUmBQ9Y79VZZmWkO4qDM1VCCf514yMH7l44UhDFsSkeXY6RmzsBm19OpIRQ,euw1,europe
yJxzNM2EgxB015KSb9lFj5V0pU-R-L7g5RApTUFeZHwyUwz4B5vL5HTsX12M70cjWg5JQxiqpPaubw,na1,americas
uGHXv0h3JCA-FNoxbXAdS1irAYH8PKusuI8xhcKnLhdggV3B6w90p2m6s9RWTttNR-i7MO0ogDJPjA,kr,asia
Yp6I8DUevbHLFmgWmjX-m8Rv0Q9t_zdJ0SniqJCgeRMvj_VlUHMgK-3Y7kWs5QLoaGDRd4hxdmeu2A,euw1,europe
yKFN9rTyQIvy680MpoS6N9sOW2kIHKTDvOVXG_liBtEwHiH1Vwdmg_BZijluB7743FJ1tDfYhB9a8Q,vn2,sea
6eSKn68D89haLPfsMU3hViN1frdZoztsNJA11v3NlOD-8k91qqwta1nviDSdItTBiDUwkphA3naeCw,na1,americas
OzjKAX38GDFz8cz3ezBAV6hXkpK97qK0lvw9YLYrhFT_VmwHrAEy-PknJqGGQyOv_IfleUGP3nEiVQ,na1,americas
nrGjKpceLOrD1HUNjOoy4eCKlBY5OXN8hWJPPIN2EetNNhhASaEa6oOaoixXtFb1gu6hHvv3POnXgA,vn2,sea
1sSF3WWE7xIPQccOdNur_9j6XTLPc45LXm0FIKqBSbhvo8NMVS0VCf_2hrB4wrRj4pu9IdsWjq0_6A,kr,asia
fprdig6fTFfH6Z02P5w9Yig9QcX87EWoNbmmDGrS5ZxHnKM_qz0wwfWdy8_cG9NTSebGkpmSwK90cw,vn2,sea
D6i1asJr7qZN47JaoVZBjpnRroaq_IsF53DnY31LDlbZqhcjyPnDYtVNurAweGPvLHwwWo4DS9_TvQ,kr,asia
ybLVcTzBKVAnRYPcMNNfu1wZwcspnI6v8rQ9sCzyatRnH3KWR0b5MSYxQwfROrZmXgO5daR6MNykRw,na1,americas
QvUZa3RESuN9ykJkidVjH7kbIrCA46GpA5loGQMmZnDByBb-U2jr27yUlykjuVRjBa2p21ije3tl0A,euw1,europe
oPBfbeqBJDT6XW32ZpkvvNyF9WDkaUkW5xTAtGg0Vobo7V5unC1LJ_dEKt8xoXNFxi_F0M9Ka07T2w,vn2,sea
k7o7SETpSa3uPbCFK24MPJguqqsX8-86LVNH79hs9y5_rr7Ksp4Kvf3dmcy2qVPDCXIbHNtwKM4TOQ,vn2,sea
eJ87prLqy5-x16eN-8YELDeGMdwIMZKenQbGrUp8z3-mNKvsznVz6bhW_tVgJECOFsl2Khl6sfun0Q,kr,asia
blM0xEeI2ziJ8tiDZKdyK87UjchUAUGzmy_NUEFsMkhxXppjikwhmbzj_UhrhxeRfGJO0qdgTfbAnQ,euw1,europe
ULz_IFnMx0yPdULtqnKXVA6L8qg3pG4eiJA61hXijww7aHcohcX5n_eWtqn-w52mkmwlTO6kL1G8dg,kr,asia
EqrUP835ghyBTV7nYl2Bmg3bAeeHtnrwiFJT-T1N96ScrOeLLfe7isYZ8hSjbUXRVAMXmoDu7PcFwQ,euw1,europe
kQ1w7DfDEjdT67ZbL9cMq_LGOzmrPW-vqsBzzUdaD1z3uD12psx7tDbdOxl9UTKOUJ0OEc1PIxKIGQ,kr,asia
HQFh1gIV9Dl-pXG1Cxi1aOkcIKpouefjYBHP7CGhYvuvUN24QS4STyJMv42MNPSMG_otT7VEi-TrCA,euw1,europe
v-dQxW3fL2ytbGhy9uSRqwaOjuHFPV2lWgfOO7b8ezif4TcBPiz1vQIevF7Q8vw8HkFLy0QpzZX0bQ,vn2,sea
stgW3Pt5vNMkepjBxzFaAgejXyeE9Px0h7khNu9pbQL0uw44dHzsdJpTdu0atS3QZybH0rjZPh-ieA,euw1,europe
dlKRZBvuemWlTovLZTwZZkn7mdC12qlnc-6YGQJ_AZqRWoG9wiCEQD8eJp2g-gCfV5W3ANW4Ypp2UQ,na1,americas
fxl6w6iK-m22awvs3-fHroWULRKRMfOS4VBIaBaPsuV0yFNnGftb-ba_GuZE7LAE4aOtjt8k5yMAYQ,vn2,sea
ZT1EHqaToM8Kt6txo6RgkNHDX21L_R8h-Z90EhlfLWRUvMODT4Oowx4XWAzJ1nv5jHWg1LBsZqI0_w,euw1,europe
M0rjepdnC_oSh2pXl3RKyYX_tj1JGkNm2wAjtf-ni_Rw9GS_ZTXzZBfv1PyMpxcf96kNBYkqOUQcGw,euw1,europe
fLN03zo4WZllEQT5eoT7DebtSUQ4b4VBIIwP1ok5Pe4dZpV0ntlnCC-wWJaAPgG5PRWrF06KGp8y3A,na1,americas
ImxlczgPuEoeKqR1cXCiKmLXEs7B6EG5GZ_uHFWseRV8q8C4hhTZo_zxRZICOamZvshaYUtIn4G7ww,euw1,europe
p6P5_lVdUNoD1IMgOViiEANzc3hiNfiUv8Z3DPFrodwshnEfZpFud5JNwN89W3SxhxEl41stgGEgoQ,euw1,europe
bnnfDTB-KltI1-LKKjv_c9TruNgRw0XEjX9ns87iz4U3VWcSTHiCLbsWx8j0pL5fZrz98FZ4kdv_nQ,euw1,europe
ZYIHsGwWd5_Gb4iOGAiNod0bnPb7Ikwn3n-eLNqXOP-6KcemCqwPA7OL4vttwTvg1shuR321BDYoHg,na1,americas
ScEoGwJFKWqxtj2ey99d5K5WrBiyEsU2LHj9CC-FEqIcoseHDxv_ozNVXsDCKJ7w18PVRUs1L1Pdng,na1,americas
5yyPGFeBQ-pfZIMjZRRquv-xWeuF_kTwChZ8Op0IOF_tE2355-zwkNOQRtzoh-gdnCT8yd45bmp1gA,na1,americas
JGFcra4JMGcUbqGxtIlbE5GVEaJune6ohlvfbIfHRm9jbWHu9u6MQ-1YBz_VdrWUxNOl60rXWajqMw,vn2,sea
jGjQtOlo4ITcZEY6shVELLLhf3TxaLNnyPfiJ09ctW2DleTEXP4e_lgtPRbzevR6A3I61AQ01TQfOw,vn2,sea
TKGlPpG8sbZY7dt8p1IGzSik4W3R2LC8G5Rhpk_aXki55JN6OiOlRwmBSvHtru1WH6Fh9jhP5tOn9w,na1,americas
pB7hcmSABbRvgX9BUSPTJjaDl_VqF5T48NBiFPTrEkLjIrMFLSIDBv5scfE0owBYDe9dMuktX86ZxA,kr,asia
AUNBOw3j7DVRGfBH_4ae-5ITnbu9HMYcnNo7Mm__ZJ2qFFKqsT2jYUzwbErnFkSX1kh92sgL2PDwtg,vn2,sea
cIbM39w-pralPfOGSSk4vwE1qvnW4BSPJN8tKAtHwIXjU0agZ878IgH0oWh-lhNgG6Q061Mw-U_rLg,vn2,sea
8HeZ-lu7det9PBSArnIQkOBg6vmv9KlpQ7nZN07GR_oR-MojFDFz5HnyxaIL8Zn9ZE31kaW4Y-4oOA,euw1,europe
jOyfeREZ8nn3e5Z9mh2x3Hwgplyi6c5X4tHgvdh5EshQ3b0WiyHZXBPx1cE9_6rz1KOyDPD4EdnKwg,vn2,sea
XjLepFjADYrre-dRu91-eaJW2bCHmF9OHnhd1PkVrN6Vcc8KojXJ_GK1HT15FaZ9Wh966vENNaeT6g,vn2,sea
X75MPiqCXW11igt8yGvRFaDK9QkBvP3pVInKvhsfOtdT9qyCPYMUGyg6ZO2dEwbVw3l1ahSNZTG7qA,euw1,europe
9re1lPAkQTYT_dWZlTEw4WgbKx8hqE7agP7TvKz6Mbn9qO8FYjAVKhi-Q-H6h7sbXVAIF3w7B60ZOw,kr,asia
998jDizy7Lo_hZfDBKps9-bbP3FHY4mEWs4c5WvP-RWn7xxMG-XFGHrbR_MbvApazQOJInzaPYpg9A,na1,americas
S956FkWo3HCeYfxnOfqu-zR8MQAfAiLS3JnB4ZboL6J-l4us5sgqK6vbCoPJAF-CW2FSWtWkZTmIhg,kr,asia
fnYCe1TkViYnGJgTaRVbaRm1szaVuMopt-l9IQnkWjE1OP_NfU7aNw8CL2x4lyV3B1JEHFTD6H9L2Q,euw1,europe
Xjani3k3c36C1LY__8gCWXO9gPfvZNGG8iromX8Qy04B7V2SJqIh4narRX7vKP63RJWg1BUsv7DCUg,kr,asia
9XSBNZqkpE6U24xiBoQ2d20vNw3H3CZ7E398ZN69ofFIGpZCd0zGv4pxRGqe-1cQHsIGj9zpq39Vew,euw1,europe
eHEg-z4XOxNKucoAPnAQfWisa_0obu1roKTlNDqWtpuHkGklEpsmR0HHvE8HptLAICOYyThEAciaqQ,vn2,sea
zPIoTTict5BWoTUp-4uF4lOqiAr6ZwAl_VHnj6OnD-5bBngaLsYtQz7tLYYQ7_STiQc3udwYMHjGBw,na1,americas
TzKgsSowSdAlUrowjMW6RknoZsqNqm3BYMaO8TId43qmA60f7Ffw4jtf3wBUi_1E_TNiU5paRp0sbg,na1,americas
p_IDMr7UcyJhbyslGF3BXPnGA6t87EUTn3Tc5V64yYF6OARVvUFme0arpaRmOw6Nrcs6tkaWTpLA8A,euw1,europe
tPn4enNK09RPlvoYDAmQCs20-VqFwd8HPWUj3bE58WnUMkR4Q1Cgfw4zafUXKSEzTFEU-lKKjF0HDg,euw1,europe
t0sIjDakDIvz7RuGrs2y62kXGhXkx_DH6tft60ioiaTVm2RGdYAiE-n5IkNtY3rAao0DrYxesonumg,vn2,sea
3fODleyeP7F1TXkasMCYyktl_i3nxPpDSjDB-m0R-vQ692Cqs7DNrnkXZSyudcb09-csGZjqnnMpfw,kr,asia
SI-zvhem10ZQuujuSJasjtsmPkwzDUJdo_iULpmcEnJh6_pfnl47350YT_v8yOodDTCtCPQWA4joBw,kr,asia
J855rjrX11MhRva5FrYEj7bn3DkXzVW9DhAesYlnlhkD4DPDrxsrdy6OcU3VY5bD-IEnzpXunbcC7w,euw1,europe
pcdv2F8B_KwW1XE9beZEPz32Qc-JmgyRyBpOA0c7-hPoEvuSL4sNRmNUW5et6ijHH0fNf7CSPQNKfw,euw1,europe
a60lx_1B6inl4JNh1LJDyLyuuf-COuXV7eoFf2Tuny9u1gqup3iWLKSyBLG1tNqAknnqRqOOWdbUFQ,vn2,sea
coKJ8QMaUdNty048TQkc2YtrMoYHmonC0gF0AOizTZ0r9grSXpU_uHB0rvMCLsY-Uc6yw0NdyKMzKw,euw1,europe
8ccGTYgbd-xnz_sbyWhVAt8mxRyBBwmS3m8cr2Akgj6Q7dl8SHc2CoAjtxL2kNFTrPrxbbBJEvBTWQ,na1,americas
FyKoXTDKUO-_7RUhfOnw-Q1PlfSgd87tJQoWEJlu1judXtogGhJ5ziT9mfcUBckuxNICOX25pFNrLA,kr,asia
HzT5bI6zSjdsxD43ZcVW0AepiWtGOPXGfvkxNacyTj7duMPCo0xYknMJ1X4wZcvbF2YQ4vicYVGfGA,euw1,europe
-_ZJFu-CktHicJybZ7rk6Gkf9frqmV8Ar8z3K60yMpCdS68AJQolv0CE6wuI0DGwOxbaGjLsJ-TUhg,na1,americas
z4OFDG-fd_c79z2B3P56LREmmb6CV3VK9qsnwN3xDtQYmdL_yAmlqSPmHGqbDFeyxrlMhpkHSR6LNA,na1,americas
gZWOQAwx3w-I_E8ZOXGu3h0eHUHANYydPVKghdI2YY43DTah1aCqRxhJkeowlEHfm76BM9tN2Bm1vA,kr,asia
QXm_gHSuqS7GlHOKSOMYj4tORDmceiHm5PEzot8OTTsEXzl9PGbGe3wZCjXhmC5cAbBidqF4t8Jvdw,kr,asia
w7aIcWvvZDGBkpRk4voQ3u0-EcNhNiT4DkbgCwzGTmKq9L-aNJzTbPb2QzlKXfdgkZAcBuaXQ8ZJqA,na1,americas
Y4sK5peyHBYemBfFbxJ_PJ_UwRr_0IU607z-0ID8qkfC7g2eG0P9_dw1aYgIPjHcvQcJ5Df26ZUsCA,vn2,sea
rQGAUCwjAVF0DRi__0bvHeV9U6fPp2YqS2KtU5cpsw3oFoyqUcpPu44lMH3mEiDrsvHIhv5KScrJ2Q,euw1,europe
0-ODKVsc19MaRf0CW1I7ztJzxHCTWXQldmRoKWn70_piS3lli4o6W2xZuKaLVrwKi-uI5n5emoF5kw,kr,asia
Xa3q2oZUMcYTrZKqu1NGIXVFkTmnnNCwg4yQ8H1MgLTTIFs-HKT0zATIbyAsoguGh2p76Ht_q49U3w,kr,asia
n4Z9_k8BDqrAzeTbJ8c037lL20dQs3RG1jCkucxIcXaWdhUdHf5sDu6ViPdTtW1XH1h0gkuXyS-PBQ,na1,americas
IRm87FufUlBUApwpYQxq1BTsI0ftl5SU40oQenf8u0xXHdCKq7Y7B4e86OlqBzB_WnJArpv_fUUwkA,vn2,sea
5a4qwSJYCqRKRKOw7eSvjVNmCqlsd9We02IL-37fnu9Dsdn4yg6cokOoDWEUsG5M4ph9rb6lqIqulg,euw1,europe
FlDnbfIfll0fkLHLDMU4papVL7M_uxN9BmXR2PwQqnpfBu10HYitQHd4nYRU9D1BOuVb-0NQt0iCJA,euw1,europe
-6Tw6Cxgy0NcZUfLmGkiclI0BTFMHRyx_rP3IYIFUWpk4ZvLaYfWbeK9TCo00X6DgTazH90lq59zTg,euw1,europe
tqVmZLgs4D-ekxh6E4_2eLmRSGF3bh3jhznjfq2qngcJgxOQ9C-EjAOQp2RE0CAev8_mpVIRYuJKtw,kr,asia
KlyTXqJMCSHtGK-ipiSjwcuGtCyMUgg6Jb3kaVH02rnOwrLH1OBmtet1Z4ry740RaN30EMpZTei9dg,vn2,sea
bdX_f8HeqLn7HbtA-XqqVeTOttFEKH4jVqXo7Crct1Qldd89I6hM9Ze94wqS_2MXd0Hdiw-BG3Ge0A,na1,americas
suKsNgd8imeln-mvQ4dgFavJbZZpIkIbhJvTndvaPppN4mtlnBWX0qzVay6zTfvlZEL7eoUutj6nqQ,euw1,europe
-lyyjtxVECgbCN8ZMo-TBweOb9WIclxWBactfViOSOklgWG1dpPAEpWdhXetFnljOLCMKZ0unarhwg,euw1,europe
VyT4111j2TRzkDoMKyPFwoDGYzDXF5FTz8KuaOtaacgvIB3OiAuDk3QDDChE4Hmcbm-FrflD-3qDuQ,vn2,sea
4uNQwScGtFGP8KJZn4pZEHca34yhtRvU6kc5Y7FEYzHb5R4vZVmp4Ip55_eN8C1LHd6ILx3sGsqE-A,kr,asia
-0KLcaFTYrI1Z8SzGDT36cEUPO_tByziEqvptNqXEAxuzo-H_m17cc5HeboH8-vksD9xgzs_ehwtcQ,vn2,sea
Gc7rh9M5o3tJqYVluLFuT3EQeii50u-Bfm2OFJ9WyIS9zf9HK_aDtpRQuq-V3oZjEyxmvGR8lbblTA,na1,americas
EAieyePODp9X40_Qa98RXSItvrdG9FR40BHQC6OUx8BguB7wcjy8ixQ4atnaWAVHLh-_islcmDg4NQ,na1,americas
dxYPjxH5-imOueGkDv6gC1dOJ0SVEGxc7fYwu_8UsiYJx-aJ3RPTYN6o81HlMMmh1izs17eNj_i50g,na1,americas
A5i5tF-_58H_8trrhpeCqz7uCfv2KTEZEcd2oPAjKHH3O9UwtMgWvFr2qNYPVD8y-kEzjsJmzmWN-g,euw1,europe
kJLCx_FAhBtEzfNAJMCL6Y6WYJEO14aUoGLRAGFVzhisQp0MkvvXbGfIlQQ-2KRWY-XRCux1xQPezQ,na1,americas
JDOrN9f1ddvwx7TLG_tgK1nW0vc67VXtQwp3gtOtyuvVCWMoLKWaX8_hQ0O9miFiqIJ_SZpTf9fsdQ,na1,americas
Yccdc_mym1Blb4nTERI21ui0uDNRJLQtdo9zaTf2H5Jihr6ck9-OhaFlcG2H_t93scruL0QMiuYlIA,na1,americas
DFauzQtitlUsG1zQT683i1OrU8gyAGfM6szcOi6QqZiljIGEHHBAb3p6VrdsmYuTsL_keTf1WmD8Uw,euw1,europe
_5SLvXzcLFZ3XUtQUr3EsYaci3-fMDEH6Uz8rXAanCeSXL8QEGEcSN4iNUf0s7Z3PAOmFGkfY2QCLQ,euw1,europe
PvgFGlkQuSBp77maa7B5Teh8SDtc0sbW6Kc68Xt06Iqa1qgxmx-hhhr_dCgw3nW1ZEIdX9PAsJbk7A,vn2,sea
NGX15Rf8MNG7455JgoG7QNxkk_smPWZaRZx3B8Hj3u88P81ejBPGeBOjT4wXn1er4UOSgCxPbbLXbw,na1,americas
5W5ZkAPIpos6iRAYyQrujmOIMIoIpXD0lL3cUjR9IS-T0rWQShv2LP-GokJlIMP3iqV_AlQ6ec5nAg,vn2,sea
LvUyoP0MrfQVTTxbYOZ0i9IKwCTpSX70C2esYww4l_sn8XatG_8cYHC5yKC9OAH5ISu63lkJllaDnQ,na1,americas
MeK2DMET8M_6Elv18s6dQwIL6SNzDF5pLytOt27gsrEJI9wUY-GqvJ3PBS2wt36cfPGKU7f7qH6uCA,vn2,sea
uBbf5C6rfGtNUscMtFL_DmrB3N8N3xrBPbEs-rOzuQaydHe4mlvm9QVqwMJNNyG_RXV43-zfWmt6Kw,euw1,europe
hVO2TbPeckZ6rhlTyhjTJCIU5VNVvKCAP3PETUcfv9bUSiXorN-qUzKVT_agL5okm1pOW03XTpGj2g,euw1,europe
LDNe5g5gnPBoL8wruoR1ZWt8fGtezJWtbfEyNtN90vMQc0X4pyoUi8yD31cGNBgd6FxSgLCJGzDzxQ,euw1,europe
nuqADREeJzZh3mbQ2knRkpAoDEGB2zO6-yEFYxPrgyZ5KONi1Bl6OcuoQc3-hLarXvUr8lub0Bq0dA,euw1,europe
xejorUxFgPEuWvAel7sHYKoQsiKbBMIjEU2bL8iAEWuoJ1iiWrBhw6XuBr1B1On49ZtBaU_EnsH3gg,euw1,europe
Ug1tHGv8IxZx1Jr2nvJwKYr-xR9obW2XFDgglpbyjHnultSpsiG8bodpAdrQT-FmMqxUXRMUqgQ1fw,euw1,europe
RYbMrQz4jt6DiTz4eTJKNyhje4pOcNgp1kqYHV_QEmAE8CLgLRbZX0mC32jpIuWEsNMC_rBJNNsZyw,kr,asia
2hgNqjvEPYl544U0Kg9JqDLCWaVdhwWVn2z2tuKwas-yZnY140w7ixMZlTNs1O9L8RpE9UrrWZiGaA,na1,americas
fxYFXC2XVFdKrssnEFzDmTvHXxX7kv2yYKTB5DWMmoAsdrbyhmmpijwma3MthPdLTu4ciOS4vQBwFQ,kr,asia
I-nReEldPgX6XnmVqZM2a9IjLpn4cIgE2sFc7AkACACWTePrAHcYNgaKweRUANGRcFKvdbkbrdpnKg,na1,americas
33szOOTO3a9GWluYMLc1QxBgGUtw7hbY2BkAvgboykgHKoE0QmwkV58wvheth62u2o3sV1pq5KFGgg,euw1,europe
xkdb-a-sq2c1CMVM3GdvtgfT2p5WjSHO4NoihxrOQWltO7Q2yDQzBW71QzPlHH-7YdQ-rG4_XeQJaA,kr,asia
NERMAX7UO59HlXhmpFx3hbAQDAq5yEoNKztQgUEOIYi6kWIv0jT7xFivNrTOM4KYbbUlD97TL-orJg,euw1,europe
mM_KA8axQYErJZXgDz_pWVFno58ZL3uhKuF2EtiFbEl-_Vhl5eqtiA9T5gFQlgpVw3dRufCHlcpObg,euw1,europe
Xowf1TWFeZHo5c7Ky95mvgFI7jH0pWlhpnmpD-RHYWJS80Qgb2MemBpNhk-tRoj2_1nXEYObU9FFyA,na1,americas
AOE2ytK-ixdoueGosKLJ7zlmQmRBHr8VOl4T7rH7jTJciStwZ08GOFWvBZepcx6QR1dL3yBd-6Bjcg,vn2,sea
I4l0nX_YPiPead21SzCx80GRoorM54Ga9ptNAUid_S0vcmBNidHJCL9uS69vJpIK-G4qRmuUSHnzmw,euw1,europe
K8IT_fCMMTWoKZ0T-zuvg8H5dRnjGDZ4QIcK-ktzC70WSb7oupQvto3nFJSbgMfXqEGAEBfpEGhzEA,euw1,europe
UUfv2eU72oJRAlk2I_FGDSI4ywT4F6qoEBIgLCYFSPX561VKeh65q1wVrQutVn1rMrhIktmZbWBMmA,euw1,europe
E1Jl5dJ1XariQJqmQh6Gyl7oNJE9soguE1DjwYSQ1KOxrn3i7BRBV4sY1TQyIW_0CZvCGf3SWwjFzw,kr,asia
6Jl_ASrXBnbYePzf26vptcx2hQbdcgPCisZ9MdOhJaDOmfEgWDkRFX0coar-PMVBab00DhK43XC0wA,euw1,europe
rp0bVfNwBTGTCODHhmwl9IXzmwork72b3Bp4fJXCPkCTsJnwfnyixPEiAg_hy3KuMfeObKidcZMxGA,kr,asia
jW_JY1tSeMObhUbTIldKKkkVV_PKQayxBQDouUVovgowcXXgIrTe_Y2eyaRkGN0AHUlX4JkSrldlwg,kr,asia
0zV84nCwZrHQOWhhQaSJQRahGcLGN-waR2QJQAxayQAf1cDh4P1_Kr-xQ-h1DckXjtgPz4gzs8v0KA,vn2,sea
UmtizyL673GK_Bjz9gC1R5J4QP7xkMjStgXMYhX6IgGPko21daTCAPF9wUbosqrOnJwFZRxyUyWyDA,vn2,sea
F4TowU2WAWa4GxueMIjFCmTVFqlsMucudQPWeT8YCB13EHLIMSuFYBpP7Hx7lSN3tJl2LsgxWVonIw,kr,asia
Dpb7CUsiDTcASrgpB6ctucV5beT72sdoPAb2t_Y-HxqjpxaKAKtOyJd-QVWdHY1WRr9MqREDSHt7VQ,vn2,sea
WQsNrRtYpC5Zm_up94LYfw8C4NkmenCnYQjUmR1FYXuAmHjizvedRQKifsXGEVZmJ9-RGSVdjJNrgg,kr,asia
sn36z-bNYAPoFu0m2lWDw12-3UzuYxlUk7NrQYyGUNxv6nR9UKzYvEVkeastA8CSqenw-dmEBuFhEw,na1,americas
1ZDqokxltc5mmQg-lozhC_C8uMQXi8r6mDxu4X9GvZJ1YMQYsXWQp-QulreaL_rXp4jS70FyXBSoFw,vn2,sea
fonEf0kAYf8VLJDDNt7MqeDlK4hBJjvYOprzl5LuSKgP6uvbdHJ402Ry4K7vL2c_tk5E5y_qxago7w,kr,asia
wVrF6SXi2daozLcuEeSvuzWe7yvQX4tcntR5LJ0b03mUj6zpnUW3GLJZ3_Ez4HaAcdSEy3dqw0UMmg,euw1,europe
t72kt2tdmx2iN5eBwnZY9wmVxE4fnj50zMUGy6NXuIHdbEaAXCecJFUu95mZUmX29wgThsGydnlWAg,euw1,europe
YKT-8vjT3qVjoSkAWpaRn_tCPoN4pgfNAQD5wO5jryOfAqzJuoH18Fef3PA-j0ns8vXj1FtFNYwwQg,vn2,sea
W23avwheqDpXfpLk4P3nr_TqeGQIJim1MsGr38Wdd2_IGj9xiTJSkl8UKpQrjJV2uFOu3NhX6OZDdA,na1,americas
HIlumLl5DEhUd-daH2ajteR14dvQMRKAwXoRIiYLCDZefCqfys8ytRl9s3WCfuyKD7FUdtJt_8cDDQ,vn2,sea
7ejV8Zp6a26zvpqFIcNiYU2MOUlA6-x7L2SDRdCzBhOXTO4HDADs2W85rrayKSnFCrJPNLRQSVGnew,kr,asia
Dev51IOrUtRbg19BbV4K_yKEasrUxax3qq1xK4gb9Ktzi9ZHP9DSKPQBPmoqfcuixM9o-sb79-l6Dw,vn2,sea
oBPGy6g8sn9Rx7DtD8kxIKVHCRnYMqH94O_14N66EN7ffk8e2o8TXgpzGdokBXWnktKYBxVJE5HrrQ,na1,americas
Xc_4X_xpTfnKNOfNBlD1qHAJ3IfyRaoCYEE-iSYtGcoK_OJJAC36Zp_34OBeF2LK2TAquVNtJsx6Ww,euw1,europe
SKx8eCsLm0VGxtm7b_coLH3qOswc9omLN1x-WNGjD7v4Pf58r-C2N6cPX9_F274aaff-vUSH1xDneQ,na1,americas
bSeSqSK6d8pmOO1zk632M4F_bZTBB6nYKDFegBw8WYoYjzP27FDCQctBbuTKN7dpNg9FpSz0Xc81pg,kr,asia
w7H1qdX3VjjvPhLU08vgHjcO2RSn2n2ub8i_ecvoce1ypHTibGiWxQxPamr1pu2yzV0jOg1C_oRWPQ,vn2,sea
1VvK3OMiyI5typtz0CQIttokaAn0CfbN27LW5V6tBiTq1y6Ti-pz5H1RzVFHSdk0z59d2lGubkfZ2Q,kr,asia
y-UhzCGY-DEXE0_1nqTnHoJQ36PodGKd3E5yx08au4uircC5Gs8hrGASO0zSowB4eLkoNMdZduIrHg,euw1,europe
nGdDr2Q0PpUAPSZ1pQiWuAA1-HyVxGhQ1mgaLHAEyo3GHk4gqgV9EVHmmNY4cx-J_71V1Un4dwzI3A,vn2,sea
w-zkRZJeX19B2WCDkSrqWf4VtYOnkSZ0psTyalbYFD1nsXzEjlVA0vp_cjIA0QO_vpZU1nlmTlpVQw,na1,americas
lmnBnOENYnBu8emlq6z-UD7A_IHJD8Tr9xbp1Q9sJyK4geHZlnMU4POk9Od0nmC7cKbWirkSjU5Bsw,na1,americas
iNrufPeFxZiiIAZu8-tn559jEi-bPgGX5YznRfTvwNIsb9RohXvgz3Zv4aBOS6MpbQgN3K2dImmMfg,na1,americas
ws2UNkHxNMQRPqUb56Y6iq2jx9kELU_Ml97c2GyaLBB3rDG7V_oP05LySIGC79RSbcpwkoK7_7HF5Q,euw1,europe
Lki2i2MDGXcgxOTXAWcK3Fd8OXX6UMJswHjc31t3e_Lxgn5oU9baGn0pHmRwg2DcoN6eKERBVQp1wg,euw1,europe
6fHRv96wmQfpLkP7FQaUFbisUjM18DvokJCY27_dKrPlg_3979XozP_ObXJRu2w_CyCS79LBOJdBeg,na1,americas
0XJ-gYev4u9NpZ5SafXW8vJs8kLi0w_n1ZpF4xIhLQIKyXScGjgkv67UweMUb1VOLHG4cgtWm_VfAg,na1,americas
U1wMiMqCWjhFKhVd-OgJHsZo99CG8VwEMOdb2Tz5IYSyoT8L9atjK5oq5oEuJF4s6ESCFz-wZ-Av-A,na1,americas
xRqc_ssLEL3Lx0MZxYex1NyBn3_z9mEeETZfnwqJtTJL3aYgfz_GGzkEoOmUybsYQv524Zrwr3RuNQ,na1,americas
IKBt4D6pFBLlcQG0aJeKZS4nJhuRsDggYnDlgFQJqKwAzcVKw8k4EUKPxI-15IhvkYGYtqhT5fTgEA,kr,asia
62vbEDdA_whkXQkAwkmm3APV9kEk68XXvb0WW6kotGzJOymjS2fkmEy3-nG8ccqY_c7LYaX0lcvz9A,vn2,sea
IqJyNUjZtUNOE7EIz0KhTrYf6rmQBrbLi_y_qcrwiOTSx6UcJQ7kalW_Il1via9poc5D2XWVkNRdhw,vn2,sea
R3kBVWGDYMNjZEE8-jp0kI_usRu2tsMaR24hgT4lonJLpIyRVwqthdQsK_5hJdFxgh-9GD7_Mlw2Tw,euw1,europe
J3--wAqcuz6VINCfFBw4JL9ElTiJP4Yd4td1vQmrgszSnFPF-k5IJ3d-LGlPiPn15doCpIvezvAE2Q,euw1,europe
_8zIkP__--FyATwMjH5Sovq6I7MBFrp58KmMsvb_Gm7b4WguwMmCe1WL3kXZhqCqVe2zDWaKoDMU8Q,na1,americas
JLBrru2Vkd0Erv0W48O1OVXxLl1bx3v2_dvtmrLj3nW2JkeBZBgAr9P91LYViwMBpU8ZTCwMcL4LfA,kr,asia
KM1K7Ls7mqhsuzqZbSe1O-xdWnbQ8w36bzCEXg7iHsjuHvPUVRdvr9ZuLHPCE2eLu5snHgmTB3A1fA,kr,asia
sXBS1sbAEYEw2zAHhdWio0bfd8xZm4b4yeBvXV_ykYPlM2wcWHoCBMan0lP1cQmf8KlLrZc37vYq1Q,vn2,sea
n63X0sSK0fORUr2swYLfi0PKRH-snKSUeX4uce572xazbtrGcjx41c_8RgLJ756UxPU-C1LsX7AY2w,vn2,sea
sFbdJxdaggFFcR7Bu9RdFiTgqGzCsjNWuaoVrFItd53T-EMWfZWfv5T3UGKds7F0136mEsR0xSYqsg,kr,asia
HwN-zBrkkaDnyu46sRmpEW7dTCE99eSjykcDeFf4DSqahfa-FCcWpJshQCQf3ZQnb3IhZvu07tasSQ,euw1,europe
uRsxDb7nDljdkCWNqko5TTWAwCQWnVkHvQD-v5pQf35WFt_cPP_M5gLbKBEEaxAMQrxiGG3q0zYrJg,kr,asia
W0q2QkqM51tel6P4gE1Y8ckieOjW9XZ80ZOI6lRo7QT10p8494zJCd8WuC_DCyUv-A3ze_N3WTEGJQ,euw1,europe
-NQ5Qb3h1JbX9qvo1onQCxPd6dmdie2LEvyea5-QNTjKfBRkCt1mYUJzlhwOy9sTXUyo7e4yHU0UFA,kr,asia
2Day9VVhV2q7ZXqMZK-BcCj2nA5UJXZeGEpD7Ig0fau-14y88MNTLFgtMDrdOvzv36Nfl7hY7KHOKw,vn2,sea
Xdtpoq0jIceXJG58VwYcNzt2RP72tFmekcI-Sjopdtpt4YFx_Ct9OyvzVba6yRGck6rrDPA_bU_53A,euw1,europe
RkWP2SRXztaab-XRkP-oJFZC7gDlmVjj7Joz9V1RsWnBCBfUGbRoqJv9f_sTpLSj4GAWvL7vNQ9uXw,vn2,sea
cRJEv3DKQuBDkQk756upEu2M7n24uC2XkRYw1ajm5igk33BKbA_gi8h6dQd_AVj5vpujsX5PM6IO4w,kr,asia
Si2PZszNoyB8a-N8ulETw9Ufv71xIMsX93XFucuXSi6hg9KsklphR_rejraSMHYf_RxEuxrFaZjL7w,euw1,europe
n8VfdTpdOph4n29VVUWB1zC-Oh8tE4v0qNnmdH1EQo1JdNhxTXOdcfgzcErluRJKdf2CYTpbDt3PTA,kr,asia
WXW0QYMaZUuT1MaPznYUaNcOMo-6l4czDXtq0gPsBMzoA1V49dvCGVfdsk9bCUF5f3DprvCzr5Qzfg,kr,asia
m2Snntss3NHL-VrNY10EPK0x5KDlOuo2rZP1GXoc2NlGdcilDfgJBLcxn2RzKaM5ltOogXgAbKu5JA,euw1,europe
9lf5iYxwMou8YVtkNMxXE_-V32eEfvRK5iw9CvtJXlyrDNypg93nE1SqDjqMRf37spUwezlD8fCqSg,vn2,sea
JpJJCny1y9nxggx9CJC4y2mQGW-jSs0DHfRXsJFZkFhWeW_yeV9r6CubNm5MWhpINxf7kppgZsnMrQ,euw1,europe
Vj8t_aiJj7Lu3BbEWY9aKv9oXNvlXoHUFyUSaF6kuFlnNHgnadJVaP-qm2kvgf8aV1Lul7g_wsjpVA,euw1,europe
ZhzBd-3LPNPLuaNe-eK070Biaa4eHFqeu9Xv-5N1OVM6PWhbBUo7V7UiyGQecBZpW30Cdnvk1r-RMw,vn2,sea
_zp57MKfQMdguBrNO5rILrLzNbm5W4vTbRIosXGJK-yxcA-cNJ3L9nclQhQ5SRBtnXC7mm4i4NWy6w,vn2,sea
rohYMByTx9hZlvTXiJcJLHd5nCbNCr-gBSUljZlG6VQK2JkHUv8M5lIT03LyMcHnrfeFbodq2jJGhg,na1,americas
6B5dAatqRLSzyBXaXRcd8sgi6V-5b8Vuhtu4mWT9jkuBQ7QuzX_HjMNlo7Q0SVO919CvqPK9fuAxZA,kr,asia
hPqZflmK1oOPMstOlRu8zHHIrKihFrNfeX2b2M8cvu0sijRaTyRXiPCKxTunU9PtUkekN52Gs4mtjA,euw1,europe
o94URNVb5Ko7CTHkzgGDwiDf1E_yCqwj9eA70o42DBCo6nNuctxqZKasVyZY-tge1ExJFz_gkOkrsQ,vn2,sea
Oe7ImaT7g3Fu3VvaQNs10ntOX0gPNMjOnTuRiabA5HAJAgEGCwt94E7aq5e4WfrOQYYSA_Gw4_LN9Q,na1,americas
XkAWyEMHu4dO5A4XJ1tz9SFWPRX5c-HyzE3Rq-NYY2-Nkxjw6SiNRNP2C2I3sAOuDVFfLifMRnZiLQ,euw1,europe
LG2Ll8wOpTO00kVTVCDEATVpwYmWyU2mhtrZ-leHLhtCHC4QdIKGM3tGAsnKmFXPK_NtKajd_faY3A,kr,asia
QZtrbEWPKSyhmuDB1KBTxwa_CkhY6KqyfEixUZ3cVxkXGIbcNtngsoJSZTUkNVHxNBDnZZKxCIK6ZA,vn2,sea
oROevrQU2PpBD3u_D3scyHj134oJRrZVtJAiotKhDNV_p9x-4CRS8o6h_YrkaKn7TPi-17Wexgqr1g,euw1,europe
OJLtR5aTMdnK9snIAu3OsCCMUGS7gjUWzysi1FcKeAlEqxs7FJIc6MVDMDnL2Vc1lDj_U-7_W-e5Lw,kr,asia
WV1PKW20Z2AJkbIl5TyjLRrKRagQLEyi-0X-OEiwIdl1jehiA40PWJxvNsGTAn8GGSsX1qsRkjJ0yg,na1,americas
ft12CYe6lggj8opCxM8EgSe2TNI6gWjMGDS20Dha8SjQcAHNfjxpBK9chk4hYPYWcZ-NZTtVNr1Evg,vn2,sea
2AovNhH1ST9IA5dxoEWa3ZP4Eikts1MEfIQSR7QpUaZn9v8PJhN7EpDJ9tj1SvXxrk9A_XZqUXMBgg,euw1,europe
Fa34oBzM89BgfpfmGMZ5r24AKP2ELBVUs_frz1fJVeJyn2HzyiwAlwgrksyo9-pYTJ6e54uIUmoCcA,vn2,sea
C0nv28uYTiw9m-zTo0l9-byeWyYekmNEMw9GYbuwaW8Qiy3jqQwiqI6sf26MdQBLgEhJWXVPEZhSHQ,vn2,sea
5faw8mr5KyCm4IuvmZVRYKOKreWdcRclI1cyzSXoAlzvPE7FLXYkIY3pPTR1uquq8wms5F4klTGVXQ,kr,asia
PM4WZyZ33iw0H1gzP0z32-Qj6Du3azb6FFDKVLaQGX7PY7pkI5BOKKNnZJCzyydauM644cU84y-Xfw,kr,asia
gtMpgFCtD1OZB86lRmX1zzeiCn4xHjU_DJtEghFkZtA-KnMS6dF501OXHo8Fjx3IJtvMrakP8R1rDA,na1,americas
7DKPqYVQG-EkFT64fGVjOjT5bZbmY1vZzDBnGf6oHMcc5qEIUwNnL826pzaUzCmi94B94wRpuvtd-A,vn2,sea
LI4hNWUZET0YIRc3Mwz9WvBYSA2HUPh-pmWBxfiJzXiNVklc87V-ya6dD8MRq3HTZic-g_LLgP-Img,vn2,sea
KWhDEkgl3KUE54TDr9Rcc7I6uTvtcBJZThmbwi3Az5kOcWddjOwRGJDF8pNe6_YQTOi2B9Bz9FmNTg,euw1,europe
cJ9id5g_BLD0kIBCmK6PDpVRSmX_ADZpGuKvq9q6g5tiwEnhP4vgprM4DRq-tX_8eJsBxvq-FPfKYA,vn2,sea
oXVKu-lgwunrUCai_8X_9W2l50_wuIKsuHKNyKo6KIbxnNjTWk4ur0FGVsPeBcGWKVxz_Tas6TC4Ig,euw1,europe
_lssPneCYQRH-EcMJdwsHrqhv3fwdIt0egqGb__2AB1_efN2ruqA4tH1O_yqDJMJ121Tp_mVbSAiLA,euw1,europe
OWcpxc9HiTseljT8-zCcwwKTjxpASQ5aPpZX9odrul0obu6PeF74hMJViHTNKb3kMuq3-hSW4GRsJg,na1,americas
wtWPjyQ5wpWTC-OXNp376x1-asf-QTxiXEt3Ib32I24GxVKJ9FDnn3b5XXZVsFhqej8c5JNpqq41gA,kr,asia
jXlnauiRCXfQZX3S9MkZYAZvYOjBXUUtNNfkooQHgZgxm80cVd_xDiNFvXhlOc9biehHTU-XwhuBjw,euw1,europe
SgfWLe9kMg61FdmceD-1VasgHsEQE0hULF0s6Fcvq3ZEZOPonl44Q-QCvtr7NzRlS5ZVcsaVRqolpA,vn2,sea
PRF5QPH81bR6jlyKTrIP92IyrF664xV95KDCp4MM9UIZ0Z-qWt_3p6IqJPWUGgNnd49TzDOwVY_4dQ,euw1,europe
NVbDPGNz6MWj1bQPf9_oVEDYIsbImgaqFXsYAR6CxkrdYabk0UvwnQWkPMjHal-b3ixJMOrAUxdUQQ,na1,americas
Rvu5B_Y1_kVnUCWMrA7WPSVvMd7_Ok__S8Yh7lgtynIlrJi4dqTSQFXqR_Coky43TdrB4GuCAMhqvA,vn2,sea
apjIFAR0ywhj-mQJpUyrG7T8p-ZvxkLVohUaWfXG2uqROu0u2UWbLIXTglg3EZIThkWAp6CILZSekQ,euw1,europe
xcSxD_ivB8lhvvCjT-QJASt_CJuj5wAK1UnAucRDUbnGgDmSa5HWo7FwMvHcaP1ArTuG7TjV9PZi7A,na1,americas
g98aPJr-iW3AFTiq86_-LVIxRGrocG6pSOmWaYRSbLhi6mA9GOfO779hsRFOHRvuqUhNMDgCuIuHFg,vn2,sea
gw2Sqf71D1Sxb5SwAgzZpRB5pjzwaPAq3gDt6VORwHq99Eh3dQKyxj9Jx4wma2dwOmF4BipW4rBhLA,kr,asia
xp3kCXasUsCujmWNjPzGngUT-9HzzPDnY-weOWPDlRx_Q2Jj-2QGPdxzQWeeABZfqOoYqBASXvJOEA,vn2,sea
RVo8Omj7sCVsScg2iwhAo84GAI5UHk1Koks3tvI7taHRzTB3jWwRsv9dnchoC54GFwn67ogSvrrGGQ,euw1,europe
Fx-U1W7qvoNNH-ZsME-5zLPBY8aLstEoCuEPe7hw1GqtzLJfxSYt89ZzGXvNFxZxQZakccs24CdgEg,euw1,europe
FUhTVrHKQHkkcXTAa29p337fuY3pODmQgve1PFUGNWOpbilx8p1e3VTsDn2IAGIHqcZ_EDK4nvrkWw,na1,americas
bGjdqF8etP1nPvw6AiaXwIMxIAqDVeu1it7rJbyWvVLG60SpBQP2-WfQegzWqqQI_zIq1agO5rXx_g,na1,americas
ogD5mPudBxR0dEDIj1XTcKBXrmYz6lPc4shuaB00U3elaKXpzNjWR5vlK1SpIfP4WfxGor9n6OpIvA,na1,americas
0NRWqXodOnzpD6LryL690jUXiAHiMqV2VEpOP7QsP7i0xq1hlTmEuUleWfSiwGmPOrFsu01-bjM-mg,na1,americas
LuLx3foU7iJs6Z2gYL4dBoRWej-XeCAGp2VGWzdJraT5Cz8GXigN9HtifLCBMQqSv9I53lb3oLkdDA,kr,asia
KJga8DdubfQKOy3Q6MjgkZmCcnMhklUhTDmUF_98RGcq38WG_6zX4qs70iuf-X2XlYu7lkVgClkpGQ,kr,asia
5Fgwq85H0op3b1f2MT8qop0uSiklvqqTtCB6k_nxLxFQlur9oyEaxoTiKvTmQyh1wyz8fD3tavpjuQ,na1,americas
jZ5NXGfYqq7meIud1_sS8T7Ipwy6XOvXBIHD_T1njlL7KKqTIvce6p5PFAVCXCkG7k1N9_ywaJ_cHA,vn2,sea
tnvS9D8veap7wufRD6vFY7zRH6Pc3MXRXh9Gb7jvqxCw5fhGbmpMQ5wa-dmcHlMAhx66kDMGp019qg,vn2,sea
EBLSdTW87PzIgPBcTOhlcMTkntmFX8OWJ1vqLHAHHrfVYUYHlwHMnLT2iD4UVs3kPp1KzaWYaac7EA,kr,asia
LgXQ_J4KJyLOMfc6WDJxP0bVBw1N1nbBmA5XlB4lC2MV1g-AdEawTt8yVA2EeNVvcjF-7JDTL1YJWw,kr,asia
A1XIAM3e1FddfKf3kMsberjOGeY2qpQr65VUEQXD7_WjXdrspJfR3rPStw7wItEaTrmXf385FzaZ5w,euw1,europe
QdtHXYEZz-o2zHtwtPaH3QwfmNyeTnxvwQIweaUjX0w76zucu-4rAqlgBcOaib8ZrSUrPwn0au9a3A,na1,americas
ANbN06Mxj8zS337ULkAEG28gqJ28ZWJwLFL1D-Lx8oXORgeiaD4tDKCTITpy6dUZNw5aCXw5zjKIHQ,na1,americas
g2FKhtaJ4Om3h6KLt7bAzy-aEHc_be1Ra0xYuU_O-bOrZP8QIJ44p2vp46x5f6aWVdt8QsG7lzVYrw,na1,americas
cK_Mgq2pgCY_18KDhnWDwsPEUqD3MY1osFBSlSyPLVi642wBmu5riJ2rI7QeokxPXaeiqaiBDGb73w,na1,americas
3SH5KdCdwgXCdzF6jancHZxr2JjmEldRRMAiNDxPCPx7FVTz4rhuv3aHCjiGcOwH7cRs6QoHu4-uHg,vn2,sea
NShql1dGBPLGDOPenBLyEdlrErfTnUloKpPSBHSHJUFZxpeNBNWtycCFIfZPTQ44tiDQPDFhAtgV6Q,euw1,europe
Mlha69L02LpMOYBlSxiFm__ocjCI8e_tEvmdkzbs9fBqmWSOkbdpEeXE3FZZIVzLRgPVRhrCTDNcAg,kr,asia
NznozVipWjmBa9NHw_mRvIrXdXGSQfuWjquNJPfkoAXGPSUPE6yOP-4TvR8e7h_ZHNx3R5pWn-mmcA,euw1,europe
VadxzqOtO9r-GHktv6n_NGD301wjS-0Pw4IpuTPuNw9orNDWurUiQMuAfpneOkgJFMsSsyOgFE17iw,kr,asia
2O_-dalaXLTWqWuTynPULHOgk3gRZokLI5hLy_spdlKDpk1s3wHk2GieTov4vTSrR2X0soQlIzXmmg,na1,americas
C68_VHOdTXuXovkytcg4cra4Cn0PWi0K9EL9CBa1g-hyn27W8oQnv5GnKAUIKdJB-tj5bNeCxQtlhA,na1,americas
PzAp179s6T2tKZeZHVq3fbtmfPV8yiUNVXl_YgxKPXeLC675kPsXp0B_HAIBo5m0J5yTyMSv14K5jw,kr,asia
3bUg2h-8IX9xSLgyF0Hry3a-BuSOkJkKEcWKXojs1ww9F7cwa5haw1MkXbOJ-z9o0Mu8O-dIxa2nNg,euw1,europe
cUTKLRKjeLMfEoDmvAWY8bJpi4zBEOnIEebPg7Jd8ODdsGqB27tpOZp3RcHOGS0Swurtc481yn_yEQ,vn2,sea
UG_zFRDkJ0WZulF28xJrJBdQtBfs_Rj7XbQe695udNBo0Yridcf5SUYFJC5dgino2j5KPJheNCCnEg,na1,americas
WMdRR4afL9b-FWYTB50FGxu4tI1VDbYnBFqzy0P8GzgRpUgTF2scrCoFskNAYKG0ILam3IAl420K4A,na1,americas
sk3vQct0LEUuNtG1Zo7cDmKNXurR2RnPGsee6r7ed3e5wfA9kC3jJ7wEAVQkcmvRAv0uIVL3c-R0oQ,vn2,sea
BXyID2UnZoSCg_Yei2JaWSd_bfj7Jikej-jrhhYMd9RBjvu69zv_qTHYZA_oPI34xsG9ny443GUETA,kr,asia
46VEp3AVAXYirxUXBVNe6ehUeHiGfcsxoHm1JlKGYFCU87SskL762lsAJEBwk1So43tRpiY_KGiuMw,kr,asia
cAetYifCZ1rjsve0YMryVl0PawwF4rVB8YP-5Jo-zOTXAfoBqatGN8ABlwdV1VEgQkdIP_CSr8VNvQ,kr,asia
ATPWf2PKxFvXwtM7jxkBsqAfVS5ZSDNd7IRQhdFHTqwEctSeqeUUoJkvg83WKDCUCWzlP5sm49zxJg,na1,americas
C-0SB375dA0COnaWBFNzWIIYhPj02Io5uSW21VU0p4-tjaUuN8K3JuQgvKM9PVNZAHr2YPtZsDA_nQ,vn2,sea
BQrm5kWIkSGgoJoRlaPCUD-5c1lg78WzE6oPq5MqUTOzChYM-M2Y1Qch8CNc3a9a6vBYOOd4q2Et8A,euw1,europe
luKVJavBysIACwjH7VL5eXtSNXxNDzkY0G8QCigoO4MUvK3T1_6ZbVyhmfQN_3BkLqPimEQGCgav9Q,kr,asia
cY24c0BknB2j8MOTGqIMmG7LAFUhFR-LcUnV0LmgjXCM38J3A8RMq3ljZ15i_i6cOHCu53Z6vbCRpQ,na1,americas
yShJmGGB1PmK8iWs9PHZIq1qvslZ5IKONj9M6BzyJvytKJH5jsNg0p7dQC0Up9e33ACLmmEuuuDiSg,euw1,europe
a8KiS-0sddnwgA8GF3JZLUzxJvhM6vkMb6QB_uAEzEu-LYNhk29uyoE5Xqe01xPPBvXUiL7chiHHaw,euw1,europe
qGx7QUoaq66F4657rehYUoqOQKTjAAuKh0R-sISaKk2aiQZs3ut4Dh-bLMvcKiE69MxFzwcjAXk3ZA,kr,asia
ytQ-bxvHaxXO-wOkiKpPZdwcRXWqpIE9lqvapGAEYx8N483NPMvhmKzPIuRnMg2_qkJIXothxgB9Xg,euw1,europe
HcafBvsCd75aOmfRLroM1jM01jzvxR_yS8-3263iROHvARP7KCIgW9johis_F3dE95YPbPNCpbZc6w,euw1,europe
D90DPtB9u-iFHGQPgO5NrRZdgzlKS-TEtrXP2UUlG4iHyZpcpvGhxJOPicCkAdXlwcMSWzEaxIopfQ,kr,asia
T4U-6fzI3vJbK-bIL2ROLcI6KNLtMuCuBcNPh1TXLdba6lkll5_y2_VmwWVfcOtJSmmfFLcffzYUgw,kr,asia
67Tdwk407gvKVuCd-oZKTJ-U5b5M5Ld5ODqM6elFYgRBZxqQggZb0AKos2YMlpqDnPSkzIUZuVB1GQ,kr,asia
KdmELyzuamNbnDdYt0A2fvlDRZ9-MNUeooJ78fp4SK5t8zI34G_mB4ZZRyjHQZ0H1iUjDHAGwTXzXA,na1,americas
BMdipxXB_jgMlDepZsS8rkGlLBf39k034J7ljj3xUgUayc8za_bDI9LF7BQ86NMKxTmR6jDTyn1vOw,na1,americas
dJBOt1hOU1_W5McEP3a297eRvWdXJh34ubNIhR_EcuEIGEDzPlqD1vdaNZUjNEViUO4KRUxID7kGLQ,na1,americas
8qwSQu7Zj_pNy4ue9lZep_0O-rScD0l7CxiCGPF-DxDtiH1rJ2MsHWJUU7FfnCqPImjnd8Pn1O7bOQ,na1,americas
AUkUAIQfFiKN62xRjPLuf9SBnoM9rN71it--DF9YTm-wfTxPA0jIYDPIuTHCbdN78mi9Rr3WAEmh4A,vn2,sea
Vw7_SPkQVCzFHObie5oznUZWl74Jm6qRr6w4jk-tNWTf2iHIOZ70d5jU2V8GXIKBlh6F22tzSe4eDw,na1,americas
3_kf-OBzABDo8kOTcBdIWEXjqA-Agigmdhq43UJaP-w9WNUVaMuRT3N03Y9IS0eWwgqRIHUjSStkqw,kr,asia
VO0Z_ea0ZbT4Wyjs4qQRrm-UvXa6eKyLsa7Yn4lmTa7h_v9wszpWLoinfmJGsn3VN9wl6gV9ZYhGcA,vn2,sea
gRAyRM_ntiRCisEY9LhYlmVPjTebqbJ-3-P14lU0LJvPn8_YtNOOCHFjY7WPR-06ibufu9TiQcOdGg,vn2,sea
lPoZyVFGSG08Lu9-mghd2oXCGcM052iRWJoPdwXybkc7-0n3nBgB5kOEUvCxM_RTfvcFETa0scX_Lg,kr,asia
e1RUe5ejr3XNmrSb1F874O21hBtGdVJ9sUN1HZrSt4fzz1O1NNBc6fbe3Bi7DPPYuojKeL80drsPag,na1,americas
ryV75Z5JOpk59HqhpdFFMY4Ek_LeWand8LFftf44CMKRbZlB3LMw9Yu_R_JXQuNQ3xJ1Ewh2fQNYQA,kr,asia
LNQiZSaTj16jNzWiLtVMCH7pYtCdmlWTUyyGqcTwXR_2qKuQPfsaaIe9ABigcArwkzq15PgIcjWw_w,kr,asia
VV62u6HkkSAz_NQjszg6gupninKAH3AUpHk2Dwi0b7j466dzOhbbLkIP7IPnZILv94S0rvHdshsL4Q,euw1,europe
x-oVjylDw0TzQPtyGbyB1k4NdNNCftQqiCcStPZn-ARcS4vsbZpsZX5CEXIYC5za5omTV24juqOPeg,euw1,europe
iDHFrBBx0xy61KculBCUD5dbE7wV5no5P6_xuE_md0ZJnQ6kNHdJexiGNIr2uYXHr0t_kfDqbyCgSQ,kr,asia
8hiMjwmaUrwPZTWt3XC7vxkHVvVo19kZ-OH8pNAnnKaQem78DkUTNjNE3Vza28E-2XYUia6RzmFaXQ,kr,asia
f1fNGuXrydOlJY1M1g9q4n1DF0hLr7p0J3rRvl3I3W1KgkRjwGCUJcf8A9KYkoDMNPVNwJlvRjWSQg,vn2,sea
g47xBIqM-KrvDPb8lR0cZdRmlCkuc2ZXEmbPXAtyoiJ7ZvQlOygv0PkMvLbyanOI4OIaOgEM-DS8zQ,na1,americas
tvbtmoDdcZ_iY_HzAfbl3Kt0pxb-TnnlsnoTg44KeLKW3dUBztjDGYDX03VKsy32HeyrIXaH19uSkg,euw1,europe
A_YAZT3QS4gO7OZjfzLnQqKdkxwnce3ZaiocA4K_1-3TC0VganktZ_Fp3B_SipRGOkrh7s_L1YphYQ,na1,americas
Oty0IbaXTLbqyeuXqN9f4WIfwVd7b-I1R6V0Gs7gMz2NWeZ54oIr-mH7d_4Z6y6u-zyPxIfZhrlyHQ,euw1,europe
lbGU-eBGP98acWMsTHl0NuaNieWwcsgxh5ue6Pi9ogU69rgtqEJLyMOW5RRQ3gKbKni2wDGrqh8eUg,na1,americas
0cmjy9NArZXuKYRuwm16wyx4dG73B1JpW-t1TpexddvuULKfbBlTuXHYFoyoZz8XaAxi6gqNNxj8WA,euw1,europe
-6-y1B1NwGeeuWVU2PuXv00KDgcvnnn4C5UoUtGWEQ5EPBcvGAl_3Wl_15CksUUyoWNuv6U63hDeDg,kr,asia
kR0gvM11re3WwZtTf_HTwaenYxSSiWWMfWVTvjiprOpAW9QTGfzQqU-Gy9aH9dwTsP9gHZCZJ4HrXw,na1,americas
LIT3sOnd8MQgnMNVZ_cbSdVUvX69ieD1ba4IG_OtMomNTnYmqmybS40CHiUSy0KOnF-9to0PmLhpmQ,na1,americas
Wwob9Y10lFtiBlTzZqVUpF6VEcaiV2hYi9eFtGS3kcU_q8YqpUVRxXBREPlUNPw_BdAvqaebvfKFBg,euw1,europe
1CEVAjXYAUKUc6J8Ba6tXQBb5c5qbuftIXhHAvKd29B32qbKojRV4uzrJlf4gvIDUtXVqNgYqVj8UA,vn2,sea
5b5z7k7PpkqVa0wti58dpq1p95KfKsFFkUvKn0geEaiySBlBnS-A3SsDG3wHq-kRMfSTiXgA6_vMog,na1,americas
sPCWN9yI7FBpTkTFmaEGDOiKev2jvyTo7wYwo9cbEb05GdHKx_ZlUWM-DEVCvGVIuPOF_2NXxXHbKQ,kr,asia
zvnwdbp5A7wQmvjbR-T_Voklwfu-d1Sqt-PgMnmhH-zzrG3NalZ4QAXoDK5Z9qsfrn1hneEg2XTy0Q,euw1,europe
WiUUalBIDZhHuLGdsYZshNQpFjIarIqletRmSu0p69q1orKS1vqLPZIBcwiA4QF8Nbe96yPyZpU0Xw,kr,asia
6QcTpOzRx--UgNDwicMVN7k8m_mhZkRB-heyXrUCH9bJBJJ3gCC9Mqt1OTCymRo2FEqS8K8xH2am_w,kr,asia
WoTVg6mcZ0UjeNbZPuCNYDHGmWKoP319-dBXeCx3phX2dxoYGyQ6swDDu9LkRJ2zB0Zm_b0mRnmK7Q,na1,americas
-nL0BoNjrcvHaFixduXP4XcUolotdOz54zM8M0rVudit6YNjNGTyiNZ7wIyiCFZrQeB8XVUwkUDrMQ,vn2,sea
GaW_dImnIWz46YQvEGqCmzm8WdlBn8o2ZIqi6-1LZc1AHVC768KSq5fDzMXeK8gS_CAKXS30IDqN1g,na1,americas
1je0CuzKaaO3EhWAjRWoIzkgMvwYeApXhN04C5IYTycO6KVkNddjyM2SrE2BCjq3lzbeLHc86RZHYw,euw1,europe
oHqTA6BvSNH6PgL-fwlQzta2wEcpTawjs_TQ1RYGrhX-NyeF0h8I1AdIsiZjfSfM3CyEWK73E6MKTQ,na1,americas
OyoWQJttEQ7ilB4-BJCiKf8jn2OmcCa7Pby7z6GR6IHBYREIVWnoGSy3eFfjaPI7fisN-1BRXiC-GA,euw1,europe
pDL9V09Xy5geBQPjgF55VRYHLsQSFGfxsE3EQN7UlE2C5HTX_zkoYno9IcQ2CIjV8c4DhoWa2b8DEw,kr,asia
b94yr_L-cE4Wf5GB67KXBY0br2HuVJ9JzaH-FD_WixZG63P_8WWTLGiFXnbE9m8jebe2rPoizxbLfw,kr,asia
woGwzwwUXewhw_UCshvd_jin5hsP6R298WPNUP161nYcxxqUVbcTNPxWisy_5mTuiVMyJoYCPMA7Kg,euw1,europe
i8jHnNCOmc7EKkdgbEvGYsr1MPCqoUO7vSPBSNTFXECfpfRbsg-KeG2uhMW9FwparKwt5HSJlsnAUQ,kr,asia
0JFxA_mZB1vQMxUq4URcWYw9zZbyOWZVlMdCgIsijVJEC2wdxZfpz8wFYnJ4D3WuwyGlDCIpX3mMLQ,vn2,sea
S4WVTrbwZmHNDMc9pPFT6ZzUVAF12LkW_s0Sf9nn8E9gX19d3A9QEMRwlu4ZOFPalJu_jXfiF9O6AA,euw1,europe
CMOfe95kPXnXQlF87tNcekAMBDQeADG0W2gCh-L5pKH_x33ry50tNgs1f_KmNSJ0VXQdSNw3DA1-TA,vn2,sea
frMWDPiMA2uu3LlERkuQzwSCuFH43i6JflWj5QWo8rGgb52txLKhxhAyAa8nJLr1knJeL9ybIFylfA,kr,asia
zyJ5MeIIF4_9QCvP6XWRfr2h62zs8kM1cUk59_3bbPt7Ykg3_fNITDkijZro_j6Idl64-BVhlQoWlA,vn2,sea
pftnFY3_104A2S13RN0ajm7yrebZVH-oNg2YdbTnUs7cYalDaaAgNQdZVbyh3jfBQlkXBCA_6riVmA,vn2,sea
dOHA9Zc_ysL8g5sF5rS8c-4CvFhLDFOO7MrItqRmhnAx0g5h_1y-BAUvPJxd8XCtq_mMqRqpOTa3-Q,na1,americas
YouRECv8S18mnTSaW5BFCpJBeEVGeFJbws8BXn5dQkWlW3nyTSVYsPPJH9GDmyM1AMIEakTJYBnAUA,vn2,sea
WpYjf3x3Zq0hUb-VtrU3YrsEepa_QL3FsZY4buoLeMnBDVGiquXXHNH-Nk6b9hXp-lMk0yulqY4SSA,euw1,europe
wZgu19jOTzhIxfherjj9jMLxEIjyF-hTlCZtthTo78igvMWv-bOJ5G0Dn-tP2vho0fStm66BuIP4Pw,kr,asia
ERRQpY1X0qQdjajnZnopdk2xrmiOd2gUlU2VQ6mPaaTUqXDvJ0Ue-kCIjIVXDsnGsH-U9WQcmxPILg,na1,americas
RO63yxMDBd-ZsmoPaNGvx0OjC_TdJ3Vi6Tez6ERHOhc6MiE-I2MuWCjD8L6QaD1iOYupNjHXiJkvjA,na1,americas
P06T-oypyiKfVUiAuUJU7P2kNi-Ik5PLIGwNanuew_rhsiYKstmkrHe6Kagau6acThCmCw2OFxSW-w,euw1,europe
nHUpelXVGw2WTOFnPhodjUrfAf8vruKGmGB3ekvbH80zmaLLKFX-EVW5s8ETFcJPMp9w7nAo0w1WuA,kr,asia
qmL9ZPFasyBXxvNuQ3vaxawXHaLzDf-NE3I0Eho9nBlReRqJt-AyqhIV9gdOI65Kjf-YBdcpeg2sbg,na1,americas
LYD5jv8aolUcCD1OVrmIvgbE0NsezD-HCQSFM95d343qiFn-yrT7lGFtqm34KXSaus2Ige2fUjZeVg,euw1,europe
ItHufub-8rkBE_w5mCA9ekZTEOKeXhXWw-hzYN52kLgsmDcK2G28bTpuejMONIeG_I0N8Pe8bx-b7g,na1,americas
dE2FMUqw3kM-R8peEXrem35-UZKs4t31IFWqAnBiA5Kwvnt_kD1r4GTfU4tS7S48vHICIWy82szv-Q,euw1,europe
4gSoBmPIZR317mJ6U9UTKUuiN3ONt8lHQ38ET30N3uKCsbSOOnHpZ2ypk8nPCPYZHrlRVJ3tep3Jwg,kr,asia
kyIX1wfVOKReSuP7MZyuqZv58pLfQvUkudj3eWpJR2nC9a-8kCAkOK5M4z1v_wN4FsitpnepgqwAyw,kr,asia
0rzw8G-iDgpu9MNs6iN_EQlsU0kiL_mAcVpuqevLwSU7nZVoOXpmvn_yabBzETaI5VDXnidlE_CLJQ,euw1,europe
sM6kke6nLe6y4nmJG-zYc2onywAdkCJt_SQUBnxynLdvudxYCR1LRNh-HAp4l_Uq_Aw-WMQEQ71naw,kr,asia
0cFLya9ewno48JiPVZvYX7dajOQgxsOOljal3IC4aT55d-844eo0PA1ngeFGCNjCZL0xuRtaqeQ27g,kr,asia
lwQqqxscvje3SD0317bGiHgGOytv2o3K1-MIN_lE-xzeP2QxPPCBDmYQ5Xqw8YElLzgGKoWlbXQWsA,euw1,europe
BFFYz0ZR6bJ7l37d7SIUjD636BydNqCKN3aUkX_UTf11mchb6xE9f-NGt9Wp1ACuRjBP6Cz-m1AFQw,na1,americas
WYxftcvZ6spT2vypl4uHfEQ7b0AHXzQZLx4TWfD5p8ZyJ4KJ05H9RUIL1p9ggJRIy1xV-5vmZ3um_Q,kr,asia
DGr0zxVRJ8fiHOMEnXu16mYl005yP-ON-cC_980KrK8uRCyT1h151hj2pcbncgkUL-eo-uw_4jLV2A,na1,americas
sEIJGWQxiUm4mePdzcpiblD9iqAOhXDAFBw-qHdQyZGdaLB9ptLdg686Fx3DMK2Xp-_u8_sOV2xIFA,euw1,europe
oKNhmd1MUtCxSgaBwaSsvv4RLx3au7H6hvXn-z15Umc7jF9eaIIY8ywqLyPDZIOc1e1QmXwTJ7kkww,euw1,europe
GtA18ecmjzLIyNkENBrMTlllU3wZ9c5QQ8VXo7NTwQ4_YljrW3t7IMm0qlh4r7oAWH86VsljMrcjZg,euw1,europe
L4wddGmo6lE6yW9pi3iK7xkUClIfRJnTotgGX4XBNa19k5KkjsGePnwmBl3iGQxNvHrcsfeQfunSDw,na1,americas
fESyUeZEIQ4Nvge2W4zZh2MgFlQXtbd7JkqQjTULZnzt3g6kZeMP7u7v91nGdBfVFPizjxLc0erfnQ,na1,americas
XkNQKfQn3VYZX94-hMoPBzz74pt_yl-2xANV53cGlY7nE89UWdKQY5sl5XxflFDZ8YSboDznu5D0eA,euw1,europe
dTSJ6ts8B7foTPO6ayJaNr76nmQtAoOWwe2uKXWnN5tg4JWvGMZND8GJx1VTflb7RsMlp98aGa_hYg,kr,asia
wJeOehgoZGdyk9RknLwmep8C53dQEuoZ6FSqAly5Bst0hh7efjo8M8I0eM9xKzBHtllNundrtSBOPA,vn2,sea
GSvZUutCrvn11xdMV2i7s78HFdAXRLezaO9uKnWoGHPg8V1Dbb3VOZ3oxOCoyQoPuNrPpRxUDph8Sg,vn2,sea
RNY0m2z2y9HTA0O0YPWtPcozJwoaCDlf9Onyxvp3lQxS3d4wFIsar76_E-FkqEsruhYt6h41TQArIQ,kr,asia
MeAixrNl0J0bs3iOxAFVIiegDdBW2XJZtWisQHOX17lxwx5NrSAsKAwW5fCEBky2jcR700BJmzrhOQ,kr,asia
gDn6f5Bdh0wQY_KcVjOzOvUsAmO694tpkTDRFfUhRkYz7AE-ZvEcSl6FXzUjJEYAyaNCua5S9j5DvA,na1,americas
hIg6vgNogmltH_TZzycYnaO6dVBCJhAH-yV67MxhPoOQPpGL6PGhA-t1hyCtsZXuhrHYNIp801hZYg,na1,americas
5A9UzQr1z4aIRwRVDEwcFvRb2G3v_aW_QhjykpqWPuTzBdvKAi6oUEM95ajbjcL1GxMVQQwzgenFOA,na1,americas
IceMTgDLzhjdSmjTbMCX_3yHwGWauI2KaQtmceQlLQVhmhR0tqhORGSrzNIcd1m-C-VHxIsUmRY7og,vn2,sea
Ipi5sM2Z6usG31ClkClpJAozWnqh3O1avk0iRTsOlXL3yuD5DNJh_lSz2ucY8FsKbDCicBsZka5pUw,euw1,europe
TBvPCAsXGaNfMqTEkXgLAO0XA2_B1DxjM1lDKnJc6DniuLmXRT7pEdNoIV6RKOOYRvMCey-zGC68eg,vn2,sea
5gwC0dHfNAIyVpIWwfgpYYVTQWY-qGtwD9Um5-j6DHXzzRIEoyTJj8H_hIZVFu94LaMv7MK44tboUA,euw1,europe
kUAUC1TP0qEhCktSFHlvI38M_F1fZktpdQZ1MfuqB0eOAYMoi97M8Xg5b4clzJhhvaCadagfEUAZQQ,euw1,europe
VMBRIphkVRBPZcxoniGFOD1B4dxqMOh_xczKMzMwHL0D9FyjQjNsf3VLWVBusRL0jxDPZX2CwbNlcw,euw1,europe
ANC243JnxPYphZ3ts0ADdbcvrJmU7dFf0HX9RtRkj5hkB4e3HxV-olF3qjPsnNyh8YArxxi3x-u4CQ,euw1,europe
9okJTZGFEyq-Z3G8bymNf-I68Or8ThkBrpZAhkZbM99srt1ectx2Abh55_O4Gp-phNe3PQE_tCX4LA,euw1,europe
pMS0mhpnjH5N3mMP9IBCBvA7r_drDjxD5TI3QQBGYcuyLmSjHoVZRLlLcsV_5FhZthKUzssPkZDIDg,vn2,sea
6t-5Op0oQHr7ra8LNp1F0yE5YQ1v4N4OS2rVxrmYVApkCDFPny-wjtrfEFaM26KU22nhr_3Xjg8GmA,na1,americas
l9j7CZ4ujawB5Q-H1NX3YRJPNTw6q7193GDufNlWW9kxE_CezGXNyBKY3glj7M3xK_6NUfKlkXeDPw,vn2,sea
GwVC2fUeBw1GzxRQ73wPeSw3w-obAdoPfjUZ7nMx99e-MxQmwTxeOBv6RrWWAMQuz2OkYK3-tXoV7A,euw1,europe
Twu5ivhouOkRyz36_ZXOuDYAB6tFwlAp3hwHELBwwPXH8UOxWo1JGIG3Vnsp-x3HWAif5pVcg6_2Gg,euw1,europe
xFr4Xh_XZI9RVNvyp8aLpwP1xsEMb4bKNhwoJ-4bZr8L2PzEb7PVGVGn4elMj_fF0dVQ3c5tc3Raig,na1,americas
g1avnt1IqvGBGdQJTIm8Zbkz1MBnwPyxgESsdbs--hmWeYdURF7lZe0--KjqM691UGkZeaYB69NNkQ,vn2,sea
IkGhbNyYHWK_53hhWu387Yl0QUsRWstSqbkdrZxGCT0REESDWl2FiN1luDbY_rkM9lcYrBAx0_8GMw,kr,asia
oPDqOxOBipGK_Msb-ijF1fJeRE6OxvmvYyTCaNkrfx3BzwA-LbOJkD_QK82MCizak4yV7zLOOkmM0g,vn2,sea
5hzQx5WQO6pkSDlwmMdrvqOMnPWPsqth39lvIx-2qtCMWwoVh66Por9PnWy3UPNJL4NBEZqglq1vsA,kr,asia
DbCiXr8UsTFF_K9IXd6C5bGQTKNuGkIGjtaRSEaK56Xe0aplqeA2ll3e_t-ffC0SfG9Jo6Rbq-_5pQ,kr,asia
nrLP6H31zum2lUpADKLWozxgPlEt2FdczDso3p9u3zBvjIJ00CWKM_9TERshyRnuddbfJOn-3Lu4nw,euw1,europe
69J6rgA4GMm9fm7itkD0VSWYaRnhMee8Euh7uobEMCYWsOuA_HnOcJbMBxdOcXyKMKE0ak_lD8zW8Q,kr,asia
z6RqMDAiTnn9LVO317bagc001kXatLiHMcNTDsPVDa-XrTSYBqM8gVX-K5x9y40ug2jWLlYCf9Fscg,kr,asia
3zfovWI9ekmbBMi7kcsqMyBXq9Rr669ywobaDq82sDZ5XfyruYfCz3fM1KYLUf5N_OEJTHz6ez6aoA,kr,asia
fY7DbmG7aGKmJPSwP6kaiX--GCFHFfQvszq7myOu9qrbXjrzCSfKkwfom2OdTe18X-33pzZDyFZEgw,na1,americas
OvJLWc4OwMtdVHUkwWpOAchrjzdzEjN_3EHa1TDat5T1gVknRG4eQaraiejF1gt6SgidwTcxpgvnjg,na1,americas
Gj000RoyTUcrCpiaguN_bLbB6cLLXBGDg00twNagnvJ_bVOoY-EvBxqNd9jmoF2OImABNiknoBjLkA,na1,americas
RXQS2uyT0DWPyerUtIaWjCu038d1LtZSOb21mtlGCeKW1y4u3q3bzRJu-jo7y0li8I5F4jG9Dvm9qA,euw1,europe
wgiNkDrA-iHZHyO_nrh1nW608K4JN96Qp2j0x_I9HvZJIvzVLcb9fC-eWTjBHpjTnE8qPRml06M7HA,vn2,sea
mUgnpifjKHvhyvQE0LQZl32wBlTELgdPwtzkQSylhVQ5EIsDT-r2gi5kEZcJrZdpMZcJnTuxETg5EQ,vn2,sea
VvyxeBp9gq955wOG_Eunxm-0MGl1jgLG22Q9Alo4WUT5FxuY7_wgkWYJp6zc4u5HMIK3UaI2xHsekQ,na1,americas
18esY0c-650AeHv75UxmIYfVO62oUm4pfCFSj7PrgDW4ZckMuhkYBmhi62zUv-iDbMuUa2dJ3uQRxQ,na1,americas
WfZS39ShbRVh_4oT2mg3cORk-93V3TRI-wvxAz4VB6r2XjCgUs63F1WslZMQdRYSlmEL_5yQOrPXlA,vn2,sea
9WzfRs0H5N6rUbnunW2GkEvr8_b22nlEYycBcwDoKqflxbdhL7dNClhpT9plkcBlqvgVqxy4H8WRxg,na1,americas
GWume-8UJqYLFwW9iG-z4bx7V5uUk_fxppE8RrpJx1jjy4_-jhNnzvORR24F01Wz4zDGtwOygyRCcA,vn2,sea
5u3r6jd2CaCg7APoX5K0VKlccnWUvMD_MOfw33oTAEjjqW2Mz7e24CDewOXndP05s6QXELEIJMqvnA,vn2,sea
EpAIuVJ5OoSUY5DLPALfdcVq4N1hYwf7DCLsDjzvppK1Io5u5sTqEg9uc95K7bnOIgnKKR6ckYROPA,kr,asia
0UvANG_yGM0j4ae3Y1_RdlPdtJEZjCZSRZn7q5wWI4yfFDqREMJRDuc1sMkAlv0uTIM1ewTI-4X8tQ,kr,asia
UqTFYtUglhByFQwEeOrH9vw75hFGe58jwoXmqSiPCBJNrTlPrWmWana6Oz6Yn7UCsCOTdN6LrL9P3A,na1,americas
l53NVrq-SHM2odi5lHyeKLG8ITqYV1Fu-vNT6eBOjyiHT3BDqI4nWhyxE4UpmufOOlsF_P7rXTPpzQ,kr,asia
fU8NRysI_S28V8qUfSA2ffWN6SclgveR2UXdWSgHYs81XsI0YT4hkAiwUba0jEco9kBZJzFzMKCHHQ,vn2,sea
ARLTGGFm8PlOTpLXMT5NBbyaNdNKs4SDXGMqI2kcrcOnXiNMe52TfzVelKLY2Td3-TyTKq40-xOW1Q,euw1,europe
Bmc4sciyidr4LLgMB3KBAwNuDnXO6PBx4KGxVt7wnz5BJYdNUM6bZZ8yULYYoWan5c2Bq_yWlPGGfg,kr,asia
yso_Mtef9EEcqg000SkW0IToJVOVEWCHLhZgCWdKTD8AO9C_UTvesScQwgeHgPoOcR_Hz0MvnkJQ4g,na1,americas
rZ3Wo_62hfg7v5qAvu_skDBo9n-bN8UaoKJt2PrUq-lUDJVJ4KV7OWCNb3Xr8r7acHMQkjaj5bCrBw,euw1,europe
RinWdoqULBiJCKUZmjW463Eatyep-VhCnIt9TRuTbc8g7viZh3NZcxFwCk9IstkpecZ5q2NBoBZwdw,vn2,sea
NT_esEFS9wyOuH8XyJ75Qxdbm5MyK6QBrJfqBKjxBKKum6WMHvsumg1TD7pns2lITJAtLDGUQU1ePQ,vn2,sea
tuwlucFDWs8v6pBIKqsu44ytyAIStS-EUQnFEoX0v2GkzJB3KXc2A4VW9Rx40NFA82vaCVkRjHCaHQ,vn2,sea
YjrO6ohfEFKlkORzE-urMB7FS82LypBNYf9HPw64JL27MlvNB2B7fyGCa3cGnrO8jwQ4O7Y1jM0eXA,euw1,europe
Yrxd4trV3a9Isa7tkuhBgveskoBTVLm3BWoOTM2a8DP4EUG-irVxuXxoZUB58IffLYgunqGZwlIK9w,vn2,sea
pgz6Rto6sxvjcLEzslUF9fwxRgSTLoM7F7jaYBe0fRUnl1OpnwWr2v1l5dst_et8I-p0xTNwhFTvSQ,na1,americas
2AeVtl5bJQMsunYksviRPiXCwHIqiaXXPQnTma2EHKzd3bx-n-YW0CoaGec70Ka3li0bM6tMt_6F0A,kr,asia
SBlhf7U3LWxKLR60l65F8lHDiF-dXqucDt2JIv3-9L_ANIc0CLXlC3mGQnUFkiDoKYp4yLJ0VfZGnA,na1,americas
kRR3pYuqEUin7g8pUdgKO-RwaCzrRNthcfRJQFug1xgKT9jVAg2BRKuVzHpHTcGrzAWNWlSOjxvD1A,na1,americas
rOTOBlHlAjlIqvCn35RMtKOZoVyYvEHXL9J0D6oPB_wX4FpvJlCuwFFLChFkS3gz43AWOCcXWwKF3g,na1,americas
oLCPg624aq1d9zv_XlOrag7kkVJ_2X69GIdtmJ3XlMLbr5s7yvaKq11s30Iu_Vmh-fqL5_7CPm_7Zw,na1,americas
IXrAb_XS4_rpkSGwZYFfg0cfyi_AaejiztZj2JB-RNV8KkyLusSkUSC12-vYmRiiQnj2VcZNFqncrA,vn2,sea
w_lZTPnRn17QQTkD6jAHjmwC7LSRqGNINFtrOONuIghgFZgOlTWc-9GcVeGBkYKhN4v6vSnH_fHK_w,euw1,europe
QYvqjxn2El7n_W3mJj_c0SxCe0WukigsKHnw8-B-tN72uFbdI-ITtIl62la8TC__9WCF1uq7TQWZeg,kr,asia
xc0tGpdh_5cqF8igE3ADric9GOKN1uslBrhuLkKmK3ZDVUkbzSY7t_XZk0QOBS9CySw76VP8Rjpt0w,euw1,europe
U-E6QGMPdxCoXWYcP69TeHTXobOWC88GdovvSLDMUTOziCDM3ObCKnacWIE1ZN4xN_dUytg511YC3w,kr,asia
3NZ5iP11u10UVxZg17vjAfRggvaSfC1RnyOZ0fC_5gD9loDnsCmDicuUsThQGVJHJY44YWVoHEEKPw,vn2,sea
H4m0w7CtnEb7ZCG8ZPv7ixCqbD-7wIWkm-yCupDnt3c8YcIP8T0sxqGN7fZJKTRioy6yHJeh53HfrQ,na1,americas
e8ZJ_gaQMjM8f0WS6qe_yZbckfXPGwAlx4EydRUeE83yZN2rX6qEtctHFdcSjpL5m7cQ5OEGjfdyOg,vn2,sea
tKNa2XHbi_6l_KfkYg49u2jqCDbwxCHVRy_vloDb6uo4qmBiWrU6G9KmpuU_ZNlCKtIFLywha4UpMg,na1,americas
kqXGC2fDgNWPI-2dScyo-SoaT9KxRBNfAStemKHerMy8HEd4CPkxgNk29okW0_nHILcJVohBMqr3Mw,kr,asia
H7eluza03mLJ2rRmX8IJAuyBY_ofiNBnaAE2pvkMKOQ-L5HUh-OMpeVmS5tjb9GzG_5d58N9aR_SdA,vn2,sea
oWbR_SlinstIx9PLUKbYoycaAcltcClzY2xRYYsK0fw5df_a6dXF7fBZ1GiYggLznYs92AnoqkZ1zA,euw1,europe
L_M5bHbUupi-LwzjDdrCb9IkeUnL0dhmPMiwduer6w240MDPpAylMF-MJuQV1WLPj7Oz3S3Y5ePJzQ,kr,asia
OynW3KheeHYSx6wfZ7Gsh2wS_02jU5GZTwoLJyvGOPGGWQ8Vhtei9agjJ2zUP6lRCD4ZSC4EfGHq8Q,kr,asia
ucUQGDpN3DXoUmHXEt5d6_zLxk2mr9IHVyGMQAfOBfDlZWVgJPrHJBjdSggoqKmE0Y0Wt8BooLTJ2g,na1,americas
gkfoly8qZ9-9K6xE2mmP852q8Gwev7edO7FyU7PBbx2PfKNPjJCXvDhdLDl2QJhUWG-aE_N6i7C9uQ,vn2,sea
Pugf0A0RUk02htaxQYkC1ptOxmeH8N6SZmrVWWCRluKfxunZxkg7YuwwWLpvC3UnoNLVRNsF55gQXA,euw1,europe
FMu8teEvP21Ovb-MPv2xMIRmRYHHX0Uf4aHPE28Jp8Q3WPbntD3elh5W6Sa6x6blfr9Yw3_RVPGmYQ,na1,americas
vWBQX1297NqWse54o79vvBF4l614lvk4xAG4O5bmZqqUN_4SV-_y4n5go1fuMADecJ-Rkjz5MbJ5eQ,euw1,europe
nJxKnPVcFopgJbUN7Io10r68GilC2GIvl00JuDLpM1QjpTNdw5LtiTZtGHltnMfS0Hj-pjdF1jaVWw,kr,asia
5tOwD3ZicLpzWhidro4LlMCDUVM4lZL8vowwtv9SeLYH658_y2WQmuxYDHvZKF260eWpQJLUt6I33w,euw1,europe
W6CxRFFXClliUhMRjVBPRRtFygD7rZE9PtOjrsJaTdR8GVvcJm3bUXAHDd6wZAKM1Afgr8zrPqWTlw,kr,asia
mNYJavSVjqjtYvD9skI4qT63ws7os55IJIUopxYL1gRywjxdpxA7ATApAzEevzUa3dPKtBIiT5m9Lw,vn2,sea
bwb616fM3ETCoIclbgIK2euB2adhWbhYNXSxM0D_3CAKpvbCeZML5f3XdfcGQiVj9j4i8EMfO9sX9w,na1,americas
Wps5vOVvBK-4eow2i8Vei9yqWNpViMLVVTD5AbhhSKMlYgbj_neLriMHCqVmHcmxYfRVpl-1sfEMpg,euw1,europe
x1G_cHG8TN7Nzhr3psmJ-Gj5JPOCEmmjYuYhWXcm_LZeUz9HcBs74CQCN9vSd5UcjeaX21eNcxHeGA,na1,americas
PkmlQDoCOQFbYaqLZLnOqLNtaMlVooTO7k1RB2F7ZOYE3MS_lIvUIQ01qYnzx9ocylaAo-y2niNQCA,euw1,europe
77F-u1jsyeF6rXnjxIEC8UQiBDl1NUeHDiToUSdw-n6R9ZLEq6XMYE1jJzMbtA__TSFmXGMVjS43cg,kr,asia
0Mubjn1iHJFsKK74gtLSiMUDolM0B9nSWs07cnJDMkn87u7jT3KZfBTFmEGNbkPlqQGF7p4KK8ZChQ,kr,asia
XRKIQWeUh1xzKo2X8ZcQHPRGYqaZ75Jh7_yDSxkiZUIP430UWg8ObmTk7DFMTxClN8CwD_BZbCmyEg,euw1,europe
an-RlFHDot4M_P8etaD3DFOmsnD62kkVmWUjKVFeqb-V9SSthvynm0yD2Y-WzokIBOzgZde7-3MeAg,vn2,sea
h6jd3PbbZRHa7bz_bVcbh4D2JpA7jFwlXFZsGcvhRLtLzFumDAX_-uqxOsLWrWVJP4SRPk3xpMlgSg,euw1,europe
wXwGyTe_NX2rBk85iaTby7W8wqUPzvRKxTC7L9KtCVTA_3DPwxvMw8ca-TzY3JC8zmv6zQkHrUEWWw,vn2,sea
mOWXcA0-xy6YCbt01vBISTVlXseHp85Emd5g1XpGXc7bfjBhAjZD3anMLBIFDeNTySQ-pykU6uTEtQ,kr,asia
MCbZr2v6qDM4xbk5oI3SLXLALzx2fxVnfpZ1ibErMWLRSDxQ2DzCmFUYrvG2A9ebsxXTbwpf7WWr_A,vn2,sea
2PCHupn-T5ufK-O7sb9OGu_O2vBRfksitJH4cr6PdHc8ioOhAUtexJvg2Mei4Mssj3RHdHcEB5bDeA,na1,americas
p6T9qqU9hynbRiOL7Rb38CTE9rxnx1LPH-k-ITvP06SFGvwgK5ieAGCTMNdizkljuoubG46v-b_oyg,na1,americas
cl5sP8K0JWZjLsq5lYpizh8CzvMjhMs1xVZ54aJBA8RG43wra-NYx6oH6sYFCangZbNBLudZCjacwQ,kr,asia
boXS3QAJo4VNsyL4pWmZIKTAWSLIgW8eYXJz4YCisGGvK9o8U9WcLYlm12wBlivVEYGpJ8Y3SabKYQ,na1,americas
0r0S3IJUk3FZPKX30ZT1LjI3gcv9tECz3DInZaA0eHpx71LmYh4ZSU5MFXbx2Q_rNK1kW-0wlf9KiQ,vn2,sea
VAsuO8NcsRQnZsPslQRiabFhDHj64nQfKZgoVeP8QA7AIfAhih2KtpGSyVUUZyv7DiEZPP7EkaJ8DA,na1,americas
ENsT7F1RG85CTl4Pzr0sjiiL_HhQvUI_pEaRwljTnbWBZpmyojgis2UDmGn76CyAukrQ64-Y7zCGSw,na1,americas
ZrsnntCp_t__oVQXG1WbZkxXDHIf3iOI8cIqIJvp7l1lnP6i4ErWfYlW1bepCQ0Pq65DEJHKE7byhw,kr,asia
Qsy64z4o3M_gcGzlr_A9Pystu8auTOqIu8eWj85NxS9-7s55EdCoJ_yqOO-7k5j2SQ64oNCfWUznVg,kr,asia
Xcqmer7o-2pm6_pnIbhmze81IdFuCSvQGbAHNdbzvLbr1CvaUwo2ovPnceWnTnfiQ43yRhrkXe_YCw,na1,americas
kNOKdVEsQ0feTE10sFd87lp7mwMMLU8KEUmEeS-mdZMz_-h-SfAx4g2S5Orx0_2lb7wt5__0nzJ3SQ,vn2,sea
HRWBB0-pI0bjvoerKwPXkkEKaYDJEgOuTgNIE1DS8R7eEZ-CvRY50nbIohpUIw6CN7peXxx7rLqTZw,euw1,europe
RFLEPKS4ZyAqjicvzOFqlVbJ06rXEFGzaBGcLVe35QeK96W14NcwGWCPT7Oq5ZlnziOXcvqGHKbAbw,euw1,europe
idPQyOi7uOvKCRLlBICApGUp7zNUsJgHLKRa0kNFgpUSqLxGcfo8yZS_LSLm5ir4f3oxQbcFOAaJJQ,euw1,europe
keSsDYeO8G36zhkgbJL3THvPG23_L0bn3WSQ3VBchdkzr68gP7kXkA9vGaorqlutqFoyMPaGpgyweQ,kr,asia
-YPbPUzveYXYr92dOXcwMLVSTz4MIXHDfc0o50259YsEPrwhhEN4HrQmIYhlPq_rsgWWvUDWTxfj1w,na1,americas
ECVMyVDJNWtdExrDQhd9ysqVxxGVhg9poF-Ty7gaavZXTgp56O3C91jZ4LIuLdi3YrzrTjt4hAESXg,vn2,sea
tNa9xYWC5uDjfhEAE7q-KgzU2Ec-1-f7JGMjOmWLMXJnXF7x8uMwdEQRPUj4flmB0Ag0fs8IDKd6UA,na1,americas
KNPbbs4yrMinPqs9_bkesFZFzi4GaX62nYB1WluAVX41fOcp4mtN7346ogWKsBIrvM6PXCoTr6UPhA,vn2,sea
KGWmY5AWqjnc7xCSNRdkBYuWjTsBh5Nkw44pYzNQFwDVRNmfwoMozF7RBo1nyCslpcjNJfvdpXRisw,kr,asia
yT1ZN2-uhZ4ARHcxksaFmpP7-45nTQjn4Z9vOYcl1y3c0lUwNcb7HAtkKVIBhNuSNxENvRfx64Ixig,kr,asia
9YABlwzEBhYj7ey_bU4kNEJBNjy_Mpc8s-4UQOfDek5fTY60RomZieGDnRVUftpEH649SgqZd-3Ymw,kr,asia
x8wsWYLhaedq2zfYnlU_5t3gSSOV0IksO3zT02MkWduaeyMCeyqEfJ3y5uh2GeGas4kwc3WiD9Bgng,vn2,sea
s279FohoaHbdWy1qSG-QTaWD9IyOqVjQSooEOtx9UOjNO2d-zNPtjW_TsXNv1r9FQtUay7QoMDZpeg,kr,asia
QF4W-t43aU1vFbY6m8VbvlbHLe3vdSdzdKg4j__L1_Np7FemSfEVCt3rg0CBMrOzqC9GPYA2MkvbHQ,na1,americas
sBIRzow1oOne5rymYy2R2-bqGYE-iWta-LhXh3WNg7YwxWPQTvRxa8Zq0wM8n2S--F5IzDi_T0EDJw,euw1,europe
TdJ6R08_8OHgbC5FexhrWLLlQmfA_Yc5tE_7WA5IV5B1ZgGcje0T_FcLCOMO9v19-Al76eWo4LcKDQ,vn2,sea
zOFZXcAzu6Wm59AGJOd6fIQatgqQ1PADyQk8O-ltuwtV6WVwB-pH65CZ9G-sMRTN56V278YAZ_CrHA,na1,americas
fKhT7dCp_kW9UNQhqw0Sm-rFX9fssvsx717g3G95kAr1YkwTDhLN-vjyRCd-WgTEw_6fO6bs5G2NJw,na1,americas
oAt3o49eEmJWCK1rdBvtkrrcixtnNJLS1o9daQOnhh-8_vVJpHh7pqpLRu_lZvygom3E3DRmmh9t5Q,vn2,sea
DCGDVGuSyJ6LicZK-KXULXMITj0V13W9bXrJjCksXMQpYxphyTQR0PvYl8-v_aabKXFozcQPIe5Tfg,kr,asia
Bwnj8gXrMLTWFsJ2-KwIafKnxKB9p7fdF9PL_G3JP_TRgpuRBVIF40lokjohaHKufko37HeYN-oGVA,kr,asia
y50PIgQXQiAfJYzoWjkKtSUqgfrHhZCthC8xmQhl5g3xXC80-NNV5nbXPgnpmS8-euIWjn05DaE4kQ,vn2,sea
gHQk_P8ySXBwzSwhqAr-SewWjbEXAnXwrszAC31KQMsdnDd456dePh9psHVGhzhUI68ehWHeCwbixA,na1,americas
r9EAFBvpbjHMTlT4dsgVkslgS6Edd0RKrAzlj7GGZnlxtND0BAQbIJ1VLTE_LLmGCqV3S0_W0pI3VQ,vn2,sea
qYRXYZMA0EQgk4vZzAVwQ8u4VH9mFHajS8B9ENc1iXw7yDkXpr-40SX1s8CdvtmM29hPdnE9QJNgZg,euw1,europe
0ZzMBKqrnIH7-NFvkyp7GYXXFHzF_Tyk0d1k48-o-_Tkyi2L9YRXJkplMYF_Zwpzfsd7609VQEvc3Q,euw1,europe
QuXimGzIT3XW4w3QztVZjqBjboVKbeDlaqb7NCx6TOBc-wP4npUXfeCprtlYmbVwCZd7CFXqTuwjmA,kr,asia
yTOOWavF9hGfHtVxGcA6HuwP4CIhUcf9V9suuxihSjkW07ATFtGpzEfRd8VzL5nc_lHQKIijO3bLkg,kr,asia
BOCAK9GXIIRXQEmff0lcgW1-6eU5GPNuj9aGchKavhNEMqiKoswtmrDnkvrMAG2SYRFnlTNskqOUcQ,na1,americas
N28ShpIbkXxjyuczAFMoLgAeBStsQYMewmVVztTCWbjvJFkRuVAl8EFrRkOesI6Bhcwmi8GlG8pjLA,na1,americas
UzHd6Bj_1jq3ZgUsNrSNVslBLuCriwjKVDKk1fn9JoEtB1CG_xm2gof6TbYBBGUZdvd02mbb9m0WqQ,kr,asia
Ilk7PWOGH9SXq_1mxep5a_2fCLVV7_ZSEWCagAKjVvs4dgyqdIKn186-OYwS-zotAzrd74dQNYWOpA,vn2,sea
G1QUZ-YLYmPj_KNHFguGhDsVsveRNFUpnUlg-Cihk8QRkBdHCbzvMPdN7PNuUtvYODSYY6Wo-JRtlg,vn2,sea
osG_tRbBsHG3bgwm-3rVCguOrMidemcOlEsTgDnYUC5VmXd2JW30YEjqtePiodqNRaeFkqUHGUCrKQ,vn2,sea
khDiuYCxX0Jy8KuaRgmQ16-buf59KBFYalLdOYI_HI69eAx-_OfK3JnDSLvM7pKgbF-h8stfflRIYg,vn2,sea
UNLjXGHqLOVjYOhPC0B8uyKC-WqZ1u709G8EDIb2ehBG5AKn8QuQ4CUk1IR804hEgJisVOxUIMJCig,vn2,sea
8tinpAokgINO7ORJfWj-LbZxyOp2SO9wdKqADXDJ3iDDL3nhPGHIgq3jr38A9aA1sZTb8ZbXtZ3izw,na1,americas
8bnLXNVa7STwrYVYSeoH0VJvOp79Qz19pB5HMZ19E8Z7QEYKnGs0gxRXcWPRcbUx9r2OPA-vdtRzwg,kr,asia
xlBGRR06P1gOZgx_wDzwck1FmPjF56CG38OFk6oHtn3r7Jg-ouNStZEnQ3p3yScgQOyRibv5d1XM-g,vn2,sea
KjbQ5wBGcqcvWxJkwuQgDvE4JJLYORvs-zpJYMYD9y2Y7GdJvA2M0nnWEFLCE3YD9zUrVMW5GsKV-g,na1,americas
rrDHXjE9ch_iZkbrpHODbSuGPAwjUohnHd2JkBb2iCMzb2BugSK_AMJ7LQnyQ3baBqAUNbbuwgu07w,kr,asia
UnUo7837Mw7jGY4u7p4HABwRjPJoBJoqN0CDjy79SMRqr6IhMWfL7W-pD8tKIBmJWO47GF-XFW_tyw,vn2,sea
fZVyCxqcQ467tNxfqw5JpAtNXNTFUbHvFe_wdT0lxPo7YLUG37j4WgjzvIc1fWdZuIurScmwWFzLew,vn2,sea
fyDr7VnM4sjsY4uAesFmTx2SLKBlfjFKT9j16TNErEjIsos4AccPQCQvjDbt8ZyG2ZY0rVnSNgOmiA,euw1,europe
N0jGPZBULlzAXQu3HWre8zqz5BPgTZ-WrQcLbL6bmD12-3CBUTo-APgLMypYqKm4R6xUAHRF1qr8Kw,euw1,europe
bE2_jvrm6k6I9PTA7CUJd0ewkTKSxmmsgK62UU2znn4rXFDulxsdPaHAbUi24jmN_AduuuPW69sOmw,vn2,sea
rNbTC9w3Rhcj1HxosZ9Z0pNdI-0SyZgBMf6K2sOedCvxSEPU2upQC6Bt66pmwYZEs1fji3zNgyyIIw,na1,americas
fEIxqzLE5_J2VKSKTHjfE709TVsKlEupR0RqLSCUwwQ-XlBEmYNgXucJs4Iz8k2GlOEX2j-a24MoDA,vn2,sea
SicsSmreBoNcL6l4Vwpj4OAUNG_w1qWyiCc7GTYkLZPj6a5KVlBo6ow2FKRal4jVZXu_4ivoOzKQkg,vn2,sea
uH9bm11NGgOtdOZ0p7Mc_sLXEK02jBF2hiWqA9OSRPPRitd2GfrH0C7TaGfgTO5Gg7SqL4-blx573w,na1,americas
IAo5Oav9ZaPTMvmy0tzXfrqvEr_SWK6vizc2OvbZTJ3__9l4ILd_XRw7F2NvguPCO5H8g84OjSFX2w,euw1,europe
nGl8Ae4x1eieoHhUFH7K1kJDJC90jUoMeC3r_xEowjHLZzLQu5y-V-k2yNpKGBKQhxcp7bcmx-8W4Q,kr,asia
mk0guiJBJ17iyWOwq4m2sgspmzCzQO3l_t1i0xNL50iehyB0Gxh3e7SikrHXelR568bVnmlB-jJcXw,euw1,europe
WT2cT3t8faLKDtMz9cv1hm0cu0NfY04NRtorTs1vYx8UsFOx6aE79LxvHuKO2I-H9cix2owdEfkrAA,kr,asia
DiFvvB5LkOG7UmsGdgc4FGxF9LjHNBPKHZSRJZrInbmJ6QSm4--la7FzQlLhwKbkmnhSIgf11PKArA,vn2,sea
5Xv2jfd9--v0vJwDsA_TMO5QCT-11nM3emOfBPwlwCVt0Wt7TOxMiQOnDl769emD10zRZhYfTTwavg,kr,asia
TIGUqEaIW2srUBLpEBVFGORb1s8egAHj-tEzFlq7r-9xtPhUb_Qou_QDudkMDi1FwdHtuWE9u7aYzg,kr,asia
U8sNc1F11o0EMOLNnTihy6ckiOziDdZY-2GhgcVQpnuKbMsCy2_BKiwC2qsDl6W8qop99M8DOqnBfg,euw1,europe
DeFtWzlOIpsyItoFnR_4H__q9ngfpMJHzXk5VKq6fKOjzifkmjW2-89FHEW4rvFRmTXPH_u5lUs8jA,kr,asia
OCLKTi8z_6zxPW5uKAQ2E1Vkl-7Xcf94gLFGagJax1QO2yQsUhEwfG55Py9YhM2i7MNWLxnaMQQOgg,vn2,sea
BaQ_wHVNrC3TeMfDoz7lCWi2vYOlpEu9fUCNuBzkZ0bUDWSQ0KgB7I2g76oNN4zuSTUT6O6HiNL8cg,euw1,europe
WqdUiqypvaB7OBZG9TUZKpTJwg1u4I8CApyL9vj-uiImsIwRiR8H6pOqEb_STjihjweyrrboh90GSQ,euw1,europe
TdgdvvynQpjhMen0hq-UbFwugLUE0xcITT5OHpryV5AJWoaweCdSw0mXIMc9XGKUuqVXm6VqVJGylg,euw1,europe
Tn_m9aWPZUqS9r9r9Fd_p17DUovuGisWjDu2kGl05OakRunkLGJ3t6RxnL5kaGOpXk7RKGJqdrZMaQ,na1,americas
tXmyjz7kteFFT_i6zYsrp60o1u8BjIFJh4MlaS7Nkxau8p4mc4MfBmTJ2ARXxvv4mwUk9O7ZTLX66Q,vn2,sea
T6Jxl0e5I1sWkZT4o_q4qdTZU_6R8XztfLSfm06HIEAS6pQ0gcvs87b4t5cWGmN_ypPFye90CgkUHQ,euw1,europe
jKgzuUVt2mF_L96Fxuw_TCurwB7Ac03jajUSa_2xn5RKIvWvOvUkmaryPz26h7MjYz5hVjh-mP_YWw,euw1,europe
DXjVImol7yQP2_WlL9Lem3fXv7PNa0Y7NCYxmEDRA5qc6yWDyv1j-Vw84dBo7QNboHF7Zk8IUH2coQ,na1,americas
_3bWvICDp_6CtkbLQ0jREzC8HIQBVDSuLyTaYVvNsAKKaiTbEHkgv5hTQ9qKDUmfLWmd7f1npb9r6Q,vn2,sea
se9-_KZVIgweMmCdJOMW6jy6nUvSKfQk1hl-rrsxjRilK87rFpx-v4TGXl4HeZteTON7IzP_7aWPHg,na1,americas
vgKGZXFZi9G0cBFHRqdOATmipNZWb7FdE5auDNUDqj8ixC8PrY0wpJDSMqqYnzhY1bfZjVyBLs_M6g,na1,americas
_jslug2Is9ynj7yMxX4_U4rbCHlZzHzNYa8uYnct2ixL4R41hcEEp35SysnsbUDFJUlcI2YhFZzEXQ,vn2,sea
SnXesuIqOZvo6qlYcFCB1hhw61Fk-lI_p0aqO4dcnzhC7Eaav-fQcalMirBpIviH-cTeDfZ5gybu8A,euw1,europe
6kgzFDdpkIuYm-inXrpnHt6IzxtrAMUu5Y0T400NWBbla5BzAIn6iV31AmUcuMy60yyKbVJcJ249zg,na1,americas
TIPcMr1_63gAlMJtVTfMU8Wnamg6cQLmSkUWOQzSyBCNJIZc3R-DWlX6Vn8A84ROuxcCj2br3VQKBA,kr,asia
vvkk98yTXlPSlODEi8kEl4xvFPbfuxmvJv_ivM3Lsn0RU3g004Ui_g-Z6oMeMkdMAlLi5XQW95YLrg,kr,asia
T4bp3g6TSD_6ikKZl_f2CLd2DtioZ4amqhC8qk_qW_dsdJi1QVLNPTp5KPadY3dyW7gCKpT1itPgLA,vn2,sea
Cnn64FWEpMUHxNVPu6kSXpokHduaxU5-dhN7Z7OkABYEIjHM-PNDtReDl_okf1bhSblP0a69UyO_CA,na1,americas
dKXiY-obc_XcCej5SeqLMQPs10rnaLoz4a7c1lyvm1U1IKn2dOpxQxz4hXaugx99U8YHVjLbyFT-fg,na1,americas
xSUcHPqEZ8Mq-_1v3fQUIfkQMfQ9qw5oVcTYI9euH-VUzaC8PZedhhP7OQrgHinIRX92zz-BolZ9gg,vn2,sea
1ZGb8-cy5BgUTAbm1DsPg0q5zWnsHP30ti0uFaKtU6ZE35U3JN4AWMsx3oTahcA85mci3kcxz0lQgA,kr,asia
XHKy0toX-JBSRidi46GanQnwaIQ5_xo-GUjVDfFyyyI7HMLVPPDQoExazc12UkLLZdNic55uZLed1w,kr,asia
kBv82rxtloWS-XN7zxITw5kzpwvi156G8iTh9NIX1VMTR-wvjqyEnm_-hWyUos4sED4KBOr8qJ0eXg,vn2,sea
K6f_hfpuvI3KsrqPzXZ8dAuFBuPugyRdoRurah23EdwLm-SOWyOMoqn2LkOvZijN6CP6EZglmKp6Vg,vn2,sea
utyYezW0qWP4MScfo3AiJatFGZYTJgAutGxXgZ22GIW0Eep7ORxd-7S6WZTr2F2EqfTTHeiU8XcURw,na1,americas
-IOoPkXVInAqheUmbxNAbJDnl44s7xrlxG0nyqSuOC7Srf1HT4wHswA47rFAMO3Ao47o5f-5CWtUsQ,euw1,europe
ZbqvlRHH96EEDx0HjxBv0SCMl6m4vEdXvLfklBgErafSBl6Z_tmYYCV6olripb-lUplFW9SCdPHe9A,na1,americas
V5e8qvbwWnD8yv_FANDJQQKRbdLvdYR7hbjwmkTEt1iab9zVwI7UdBj99RI5_8iOisleI2RDYpM4yA,kr,asia
5inkHiju5caOYp4OhaRz2AvwBnTj5SdDjsMTcSaHCo_nobaC51pnT71ChguVFlxW-a0DQ7vGNY1pCg,kr,asia
vW2tAk5mdTzpTyJvOoiIcRNn3yj66GTm4dEHINmYHjMWePov4Hg6f2hr1bXi3NjTVsi26hQm2BCzZw,euw1,europe
4sP3jhEixzqO0DcJTgQfN6wXQOkSk63TkjpvcOU2wyPTdzu2A6bQS22fGRdw6AMD56K9M234IqXEag,vn2,sea
cCPWXz5Ok3Xlw4EirWRAodRt7VBsbJQ4r75H157MI_jLpfTEZkyNViJ3FwBLSUSvPWJfeg8A7QiPIg,vn2,sea
2BYKMQWI-sfzC2BZ9250bGcTsJEPGmz7b22vvj56xGYyQLoduyciJcfIZsuWzyl4EeNBjdA8sPJDxA,na1,americas
4yuBUog3Vf8OJJTJbcJvYHXgMfSzZs6d_GTK7A8dnbh4PD6EL_SZm8cMXXiIq7gnn8-1YdFX--vAew,kr,asia
IaVgt5SlkVTtDa_ra64-B1ni_pWHSqfj0PNxGxqlCK3gYptiqT7errJiA4-ZdclSxzkP_7TWIYd-4Q,na1,americas
9CrWY5DMWIAUhVA_Vik0G5dmgX2VjUqlTGctqVIUwKQopna-tqXi73vTTVFccS1Tp7A_Z_2WyqXsxA,kr,asia
eXiOKv0J-_iGOVGc9vkYH34DSvbgWmA0hNqww02gl6F4KUgYcLWNFAgGrpg_hM6qETYVjoxUOOkH3g,na1,americas
Xny_odC5NtbO8zUs1OA4k-a_JZeqavga0THDwM9d0t14XcolbAQzSPrKHHUcjCO3VskvyOrHsyFhEw,kr,asia
k5PgGXm4yB5coBZ6Ph-fDpyrtaIxUxFUFEUF6DieSuQ3YpJ2tjbfEl25bFLvYwqj-noeHYPmgjgzZw,vn2,sea
dfTih3UOmmIPgLhDiPMBbBcvuCizp7EuBkvIh9n2Te6p8uh_QopgcNFe_ClGOgQ-XrQcr2YxJHXFRw,euw1,europe
vwI06REAf7TrvsI2bn3HPu8VJafESzbg3e3V443QLVxtQGx1h-DkTs-ftf1YzhkHmhM4sxXEiKLyzA,vn2,sea
8ddOM7pMDc2bKIojsX_BmNUp-vCW-uTTQZ1rKQ4yK2h4V587OOzLekYpJ9sTLN34L5iev3XbBlSRrA,euw1,europe
Tc2SrsqnvKDcqwga2SgUBGG9Fvih7f1z9mpThzRXQnTc70KZg3TINY-x6xVs3nn_B8ZncxAO_Ryosg,na1,americas
HdjXne-Spimvdv_4zX3WaLiP3IGgtZb_qJVRxvUFCFwEvj_wZxL-QNyEZuPyiiiRUOQzmeYwBpCObQ,na1,americas
9nLyjx6TJpr_l8wDPXSRbZ-OanwpcZyClKevXGm6cl5c1O-gSEgSxLa9QS8xpufMuuIo4VsC9bAJXA,vn2,sea
RUVlYnv9WWkvPhfpA4JWkx-NqBIgPRj3w2QT4hn3csF8M-c1FXwsDFHN29NJSTeL9ISzwZewlqF_ZQ,kr,asia
In7zz-0X5L3JReeAmE8JMwjDQ5k0EX_8XRgjFrmwkCIJGhN90CJwlVh0JCQocJQRBj_eF5vvwualxA,euw1,europe
it2bQzXBW42dr_DFbZBVjbC0p8eoOwFLl1JUWCwdZt7XoCWzGJSdc-wfC3p9fGO2p3NQFbvqoFtWvA,kr,asia
THo6A8MHJ_Rg6pK_jN_MOXUQRHch2xGqbAzV3OUOf4-kBS7zY2DfkJmV26bF-ms0Ny5qy-Kav4qwxQ,na1,americas
nzhus0OkbGHW5LS5iMA8meVGRApflQL5MPeTTX2Eg6sThMsBXnPTHip4bnFsZldO7Hh7aTnVgUMwzA,vn2,sea
22T4q-Pvwpta7LVK7p81F-Sfg5cqTREZkVxZBaSnLf-43zuMJWFxvlWwxzf4w_4hQQN5G-FguYfcNA,euw1,europe
-YR6e1dyhMxryx19TK6JobcHfH7pAZQa9qu6jsHSC-_sOCeFwn6t7DR0dMFMtfDsa2TDSRvzNus_RA,euw1,europe
6PCXamQC3aDH6NB3WPv9pUPCAA5J3e8kHLWLX1pEKTRiADjQBGf5cXDzqR3PGgTNvbPtqeLrY7NF9A,kr,asia
Ftnzx_eXH2pkun19W1bRL3q2TTRvS31Et6QMNrNpUhml9zozKplXTpFDUY8sPtOaX3lmwfdtUij7_Q,euw1,europe
JkwlkSv1cpHVJ_jrNDy1oXiNdmAL4uHMamlTdAMDRKjsbAg87Fn2ZHYVDrV4--wBy3qXk7WLoa9-cA,euw1,europe
efZIL-IQrWyidkG4Ej8oYHnSO3YT140L5Qns5_vuAwrGPJG2iaAXPZj-sp8l2diySz44Rp84osbKdw,kr,asia
6b8R_H0vUCkhyrNkDCjUYZcZ7LSmN92lv1FxPNZBiH93nLj6zpPCrec9srw7OhQ_-Qr9UMkN9Uul_A,na1,americas
t0CYv3f2rGb5D2mRSkhXNbm9muic9AJSlvWoFivptBKorJqQZQIj5-b10VmdBeOoP0PvmjL53aXWoA,euw1,europe
S1by5f_XSWspxJ1pKUjkQUbAKefFHEcbOuScXM_NU_DV40dQCJHq3CkIXn_n9qSLxsDXzrYtEgTNmw,vn2,sea
JkeIImjLUsV_m-inmKpbXPXWjS8NZN03c7WZJmPcdVI696KOsnlweheANw0ck9pDVWecy9Z94YWbPQ,vn2,sea
j1D0pww9WhZYvhVWa53Tz4Z0emgVNNr2cZaRCrSGyMBvtb27-EY0lVTvU87FEmTbxPHEv0r8UUvJnQ,euw1,europe
Jad4BlN0tIXqFbKd-K3ncCGQrlMgN8lMJNDbdo6DAkoyh00HrIMMx2IWaw6c1SdjcrfyB28g7bTeXg,euw1,europe
X_6xjHoOSP4xZCmM64OcX8VoxBtw5CuMnbBsUZrEKvvlfLfVRCIzyzRxmV6OnAOhM9ljJFyQoYv_bA,euw1,europe
Bl3sOAwHigdrcgK0SH1RjVkog2mDCCEXi0d7CHOYRJQSi43KCO60dOW6tjUqJy4Rz25xBjszRjZjTQ,euw1,europe
FwhoSNxLGGVAUsNsyCwBbZgcWEUAV-QtcbEpQ5lLmz963AoiMrLg6PjY-K7O4VqIg0DK3BGMnPpltg,na1,americas
n9ppo93A-pNKPwNiixvlED8NA0mqazuRIO3K5nhYd1QVYbfBtwvtJMDIGdmBniIOzPAMxui3-ztLFg,na1,americas
SPnWVHAWozv2-BxBt8u1-nQVEhkxDhq-Aw4c0eXeMVd9oWXKpP_N_KRS3w8151XB_T3YRty48MmnfQ,vn2,sea
MyAgwqRHzGxc0jpQ_PhSDrsIaxrjkdn6LF9Yew7vuZ5hcTYfxSNu0M1plLfpdSQsh1R-uI_rF-2YHg,na1,americas
s1YpopbFCKPZbtxvZf7AziXOcXSXiUJ3Wg6und18awqgJVdCMK-71FS0l76uTQCs2dLrwJZlG8s6xA,euw1,europe
NXwYx1SOcWDmlzmtRKD-9xUqHbDKn6xsOqNk9jEIFf7Vmyzhj2lYCEfdh7ISCq-vZYR1w4SKbslRrw,kr,asia
DFdzyuriib2JTgUNHVX47apDFZjaJiQJ938-A1ya-oqpGlGWpHBy0xdFEvY6r0t5HWTR1aG0yVdmiQ,na1,americas
jIQ8s6DFS-7rQSXTYCWSpuFYpxwRU3HHi75s6smAljFSiH7NADg0sewnP6OzRyS3n1TTqCXA8SO1HQ,vn2,sea
xgSaTbYIGVWyy8wXjcmaDxu0cShvCSrr325scZCPMaF9_-kAY7mHFB9N0t__hOOHDsqGHcuxSHZVJA,vn2,sea
ingkVSAp6E04fVHpBw0Dcr_91dEm0_Tlrk_kMZ737jqbC2OBtMdh1eARftghSfUjOjwuFYf57ulE3Q,euw1,europe
9NmfYU5CH2tpodSv84-ncbtKE5sOc0C_rQsff-txclAOzVlAbivgdeVYZk_LcSR4t5BPEWfarswkCQ,euw1,europe
7h392qFWehM_Dln9uHQ1wyoVoe5MwG_Ocjl3uutG3Zn1lj2qg8GBeKCjWs4o74ps0w6fPSib2xE9ww,vn2,sea
VZ3vQJ41DdThzD22a1iyuy5Mmxppnua11lCcsOXKYdmQEUC0q18Wd2lh47lfTqRcLktUiy6VU0Az-Q,na1,americas
HLGwgqn8f0hZInXQpfx3HX3kDxBxYOqAkQ9imO6PVt2ptFExmDTWGMLE7Gh8ik9XwSr3mo3EL0YDNw,na1,americas
Bn4aaWK4JUpidYzgCPihclsxd5-C1ilI--L07_K_y6QdYHBxKJjMhVKqan2_FVzsn2hPcLewcJRQ2A,euw1,europe
WB6-7efBsMYjppx2JHczDtOXrmKK2ZhisXHmSftfIBqaK3i99oVr0j-iUnwhaUqpoKT622rxgva4WA,euw1,europe
TlBzwcYf2NP8kQt0aA2Nf18w6bdzyueS0ioRE4TSSrHHH-EGt_5Oag9x8yVvDk9s8352tw_N_4doEQ,euw1,europe
Vfv4JROAzpwmZI78EfkhFEfOKzbBY2HqhoV8MlLUMOur3dQemjPWRmnz_uu29XfJfqj2VJbDqU1xQw,kr,asia
YmwO3oekSRqxwEeFy3LDEQWd0YxjWy2IqZudORqm29cVVOxkPpT6ppqSVBKfDygMiT3-wjbSk0zMdA,kr,asia
ff9J5Noa9rLMisMG9WeN9UdfMnbweMmh6SpA9xbxIE5mRmNJis5v6otqJUDKI8SroQaWIz4ZTNR4Gw,euw1,europe
CJqxMKknNaq8lDsXhhhAHk6TXKXEMQav5lS3xB00tugCQFBw49dVJQ4Gf058x0H10B1i2jqc25NxQw,vn2,sea
3KCuGXIdWOraQQl5eNXqnmC1epsdN1AoFL24swrTFHUENLghrP16lPcYS1oZsOmkat1udaOblomzQw,euw1,europe
haFN6R_7wZKktiG8JrzxBLDuWgIHdynP8k3zq6OU9PP7LsbQ0_VF-pduBmrqvOWf1cKcXzM6g3qxsg,euw1,europe
qGEzUmh_nIabUA1JCiUnMgnUyL9JhvGfZxDGUj4V2aKmsz_jBegslOylC-g7lUZDwP3CGjjMQgue4w,euw1,europe
ogkrktfEWoWMuHFsukPbQ01JQGkWd3qDybzzZxyM7C4MgrPqh09bLDk_pmnFn7jC2ragbjyd8Zc_Jw,kr,asia
lqiAsvU7DPEFE202nouAheurue-OTGS_sWPikMGLVnIfcAPFEabQtUyQouWPQ2En8SWgiw98Le4CTQ,na1,americas
emzZUtzBkA39OPTwiCYxQf63MnlE8k1EE_dUKPNYMjYtZTJTkdO30iYRfWXZCGee2Ac1An6Ey0CU-w,euw1,europe
J3n_fjjPJCahUi0TX9Ad-vsC7EDM2vThuMpwJb-6Ra2xSbVHkLwRSDjFYh3dut3aS3ABTuduR5Yj1g,na1,americas
uFVWv4UNWrX8AThXIy5t7jWzgDLb6o1uFDGiKtyqP0qXx_fM5XH3F3kpuS55TEf2z6cdx5l7OE_8DA,euw1,europe
0KnO3ubxcc_dSr8yTRQSrH8oq6b0tpEetVsNr2zNFq1Y1vYm88YUD2OH4WG3p6HVBVwrHJJYIeo1vw,na1,americas
FfPOWK7-tm4Q1_6iZs87fONdrzisjcn1fsuFnRwGnt4yccHCVMpck4F2KIGIZMEBhBSt_6fh0bsAvQ,vn2,sea
I2Hfvqf34tYIuBvapCqsc0YD17pIfAD2CQcHQDOXGYEooBg0aiKYqglGqbrS_GwV41OxgSe6CVIe_w,na1,americas
RcuMOCJFkDKGQzgVHznLyW7HbaDnSDPRVaVNWd4oJCAgrxlFyfJaf-FFLYvIAgkMEeXXQT0BcJC6MQ,kr,asia
O4oHEP_eged7eZIwL1RLADzO-U3c3I9Cm-rymBY9ywgPmGh4YNGpslTovNEkxpPthxEAEGwvLoA4kQ,na1,americas
linhXqnCTx8wnE-stiJPLehaXceUi1R_nOVfwbEYaA1HRxs90MAepRZFA634ufzUzorprVM1mfO2kg,na1,americas
DKoLV2pk_a0w6ThuKzhyggmoFZLuPIqGASzAmLiiGKXw7RVYDOE2taCr3u0zjXlLoRKrqRHcc6v3-g,kr,asia
DuoMvQN3I_PEGHGsaqAFtEq30l2uWbSA1DdMLebXBFtHxqD_Jxlp8gsDjCYjtsVcbKUwpIQwH_WtAg,euw1,europe
KS7l5R5UsR5P1gFZMFemR18FaWBptObeYQoqlHgUw5pszWlNuG9A50tIdfolnZ7kp5EAAd5lp-R7ZA,na1,americas
bDoU_RFKH5qE7xzcj2hAWlRaA6jmrhwJPoBl2k8gIY22NirZa2SW-DUUsL5E22nH8RXIhOYlahxiUQ,na1,americas
on69JbQptX-FhbYKmmuYTBCMuXISkwba07EceLjdH8b4jyEkFWekrUJuAmcMB64_J4kWdXkDRuYVgg,na1,americas
FkjRaxO-kFRPFNwNg8J2uXqeZg97g7yIlD8psCOxHBq6ewFbY52veJrwuu3RJ1ViThtDNl2-67OQAg,euw1,europe
VpEfsA69nslqtJll1OwEV81IjV8gcncKxDw_mayTp1KKkyllKlXcvSNLotFT9WUVhNGPe3C4Wfa72g,kr,asia
45ulCpuxDze6t5EDFQZigXs8lcrYowA2oQr40y3f1-flHF1gaa4G5sbt97Pfy-XPdDR6q4j4eVxVAg,na1,americas
BelyQUxjnFncIQPl4XSA9No3bKTeQC2vKv4TugrSNt9ZasBBJ1pobeonIlbfsID6nlIbPuf7A4ZUyw,vn2,sea
AdJz-N08BA7wwrTgKkZsG8pVQQSRBjKqeVt-uv0CxZ9pHeT3wVRE_AYt3g2p3m1U_EEHd6ZoM-jy8g,na1,americas
v7dxN91elWNqZfd0vOVw8tRcWJg9MIcMIAqnD9Lbu_9DnVrKxYd38_4Egpkpka1CEoJwZ0LFQ7oysg,kr,asia
eBx-AHd3hkAvQkiBKadf4a66ZoURZsewKPdwdLqcFbIGocfPKAfM2Gg6mP6SJ11dHXJIJILqs8JNqA,vn2,sea
hVxbUmcjlRZmSK-gsgVJacRFbWBnsUxbcN4M8YEXamnXRRHgeb4J6icKqVqaW3TRdJ0ibxwuA116Rw,na1,americas
1vgA6nRzBVgecRJa8qzo-uTsQb6gxvFFoiZ0X8ysZ4gRKFQtkjSjMfU-InpIWYYygPVj71qt6AQxLA,kr,asia
rnUHRFxd7-yp1tsd-eTJ2quuvr6UG9knLdSyZE2LlBzqJe16JGx8g5C6pJ7bef3bVYtu5T9YkLGDsQ,euw1,europe
gIMN9jW7-109qMbZNrCJ9MzWNj2TyotCmitv-NLOb1VLXhl69JQr_RJF0h7P9AhmGVhpyNjDW7DoYw,vn2,sea
nZu6sUzkDmnBil3ZIlJ1ZBBSc12NpJGTIBftJndSkAlEMVCPABYeasY_wTZ_zsFAjBHT-ZZBpXSAwg,na1,americas
eCj3HVMmoVUWABiDkn2rzVJt5n3Qn53JIjC1ADKvwGcMNDH4cGR2DLGnon7G38ID1ULpgYBxcjCrQA,kr,asia
Rcs97IuAweM0b4yqnJ2LmnlTgbJf-YxmdLg_feOKG77EZCJh83M-uHlL0WQhkRg9w20W-7zChlXYHg,kr,asia
8fHe9_fQne0X2E8feq_xy9sfHj7kXT8qAMu5glDWshxhg-jQt9e3dmaOvAcjpOra2d33Mj8N4U2q7w,vn2,sea
wXN6Ek4qmbqSkK30BDAXCKCd0r8e0M8Ht6X1Joxzl_xIclODv2nDmOCd9BkCY5PTII9tHjfK0zwMWg,vn2,sea
N9U6lXShZQAuIPvTAdcGcgwx-w4alb-DPQBWwX_nJveO6lVOOJiVDqiiDRtJIYP1k3EZipVCUrp8sQ,euw1,europe
ZY_qqpYfqJrJWaL8ReQZJ_scHv1_cVyd75dsoetmaM2PIC3mOkv8Gs7dUXt62xlK4_zcwIB7pm6xnw,vn2,sea
1Prqyqqyu5EkfJJci789SaOY3JIwYGW65YBe6yv55U4Fwfx1nTpxvqohqbPw2jsBjtwxKlPZvZwc0g,na1,americas
tibzJzsYIVqSMRJmqq3TMgiCjt-Ty1VEKl4tLfpDpxwOC73ebFh5hvi_3HqhvWsj7z5BBJc17Ci--A,kr,asia
LKQO5fRsRLAr-NYMpyHybiMmUNHrzKwzJfmKFED_lflwgFpWPp8skbFRKAkDhpjrNYU4-AurX2cv4w,na1,americas
uZvZdZ4yeCz3jt8NUrbNnK4sl8TYOzd-4vqIYiIlWhcRa_qmh4adUcNp7xzDjOviVCKKj4oP7auQUg,kr,asia
8n8VeNwPax-lxYTzb3VxJuaeh8C47RkFyn6l5tzaGqL30VlR4qu7IX6yVYO9SDlwy79sY_wx4PM8eQ,kr,asia
o0fSXwhjNgPMgCLrEHY9wNYVLOt4lCAdCbQGIImnZJNWCaI0v6N6W4nDDTiyWp-1k-NcNv4jJh9SOA,euw1,europe
oxjrTNeRGFjgiNX89yay5u_3Phy_1BlNb4mxgN7byz_eA41W6F3Cy3YmP238YWp5xCA-8LWfdhgn-w,na1,americas
3319KQ4twcLjsZzezfWuV_mgYFW8YOWstaLLBnRMlq3LODTk27ZQ6_FM5twmLvgUGifbtNz-rf9w6Q,euw1,europe
dRSLPgcdP4uAfO0_RElbJLdILaZpS1J1AFPpoaQVwQdeSAHiD-R0z03mT1FaCTWeusZH9AZ6k5yeMA,kr,asia
MRj6FnK3u4mGVfSD_ilYySJ1lu1Iq1IXMcDXcm2_VH9YZ-J8D0Reg-IsrOa2F8yHC6v2XdxEEYSbSA,euw1,europe
d9ClgUZ69F2oYlSoI7LxOXRsXVIg-0gvgPWH_OO03NXViIFlXJwKBamGGvXzRIuyxvOLyFs1oKmmMw,euw1,europe
zfLnN3-a478M3pp2UuVJEjWytqCApCE4_YgFjBpH2Xc1c8Ym4WwBk-oQn1tWlE8_KKsAYCmlhAQP2A,vn2,sea
_ZPglEHrUCgYSDWOAdLN6ThjaKltrhLYPqoLy3aVHmv3fTqUdEDHBq-G4_teXDAM7hrkwjzHN9zwJg,kr,asia
q1adhxAXJZP4MlcYhu_189n5FtI1jSCSz5avsVxQfgUIYqlSNUL_D_X2d743AAwEHjlp09_pweTwbg,euw1,europe
QzBUCG7nee1OkFbz1mU_f7hzHBxr_VxzinGjQNe5kd-blJxrKInDj5VMI7AGdpOdEAwkFmGO6qRYrA,kr,asia
IzpfwvGmesPL3o9zK_j1H7cdPzoSfJ6IUjw7PTpzrKyUPTULUVNmNwc6tmD76KcXyzsbz5GcOTsvqw,euw1,europe
Mfkhgem_GknBMZyHUW6fp4suiSQ3ckWiQv-XBkUDbPCvSZ63Mi02oHfomzgf7c34YF0a77ptOUzYlQ,euw1,europe
t6Jezqjf32JcUig_7ck_yg9Ul32A_cq8xtkm_TM4AIME54zdyOV9J37Z8a2DUDtR6EMcJDM8gW9KjQ,euw1,europe
MB0B--4Li78G8r621EPnyEETu_eu-Ghr8d8N61MdEKxCxvSjqrSkisujCJFrOOwtPr54teOgqDXtEQ,vn2,sea
XqdKi7tCXkOaq07NnZKtWBM3G2ZPoFvnJLxtKmp1QtNoh0gY0CvsMU-3C_wRzQZLLzjckZoLI8v9-Q,na1,americas
ImjgGS1DXfo6fqTdqvTNcZTDn43-Bx21h-oJoa16w01_qLsyBYBrzYITfJyb3_FyAl2we1Ggwv84YA,vn2,sea
rph-j8uBAS9Wpw2w0BJQibgz-140wTH7UIJJf-iMktX_bxvVARRuJEUMTOo9u_LXY91LjDONwt7L6Q,kr,asia
ZvbvtVwPBSVmN65nbHbyNwH0le6_n8VYOnEYl5EUYBffjIHCpG2c3g1s6cbMcbxmvKbfxaDshOw_ew,kr,asia
Rlt5tu9udTA_4YJxRtpqEtHj6H26sGKn0dwdN4JDhwf6LO1qhh8PM8CKDCaNsoFewy5Ex3ZBe_EBdQ,na1,americas
mSJFvMZexYs0dmWZRjgu4rbC_tI7VJxM5Ox2IooMEZtzKv7_Rz7IPbYYDDCecxdvSUkBaDXr8G7v_g,vn2,sea
bd5PC_9fd9zEcnCsqRyM449S1UbnR-x-7AUCTb8W-xAVn4xLA4Clf3-axyh4VFjoDR-b7XPCldoALQ,na1,americas
b3P5JFaDZ1y_5iyWICIlDuTvhH11z5QYqtSh2TTg8hLhpHYZx5zbEq2WDCJHPhyqO2XGgHu2bAOA9g,kr,asia
zRdTxo20ttlMUTYncSZjIgXvDDajOVBDbTKllImzonFFJ25bacZ2UOPUyaDuJxMQW73M2MJopnJKAQ,vn2,sea
Z45xNiENBwoghXEz2YUUCNooNpzGvtf9ixJP5_ZktDV0cz9CHVKGaM_HRvpAyWimGxltLAT1ympiWg,euw1,europe
ubfQE3zJ_F6WNAdzQ_ynFqqc8LHzeHdBY_14XmN0CoALW3dGocDy_hQuJYBNDvZ1hZwkhiLaLfEw2w,vn2,sea
7wYFvTNGjOwIxZM3wc_4Wj0HMrH5lKzTe72G5CVNXuLtv-sjXzuojp0bm2bAyvZwl5FhrLoEVu9nrQ,kr,asia
5XP8r1k7zcQ0H6nbiWrKuLPp5jfFsHPsSVBZ1COEMm5FMhOlynH8XMDKSfiSkSPn9_wT2cvrLR7nzg,kr,asia
V6CGoCH-RPj3MyLipz9K3dWRxq3KQIg9uZxf6Oyp6YqZIIy6b3lNSdK7AFBn9kXRSVxKBu5hbTqJQA,kr,asia
V8K_A0igJb99WuT9ApUIgty5mKxaQh1BUP7uzLOoTo-O-MIOyNbl3ib9ag35THUdlKg5oNKoYjlo-A,kr,asia
UtZTveNsvdEqYDFBJhVry1AnEFJT3Hozp_yNaJvEvBFCY_F2khOSsWs5Sh1Wy6Q4vTLz54U8_zfhHQ,vn2,sea
bWGwoJY-mn6JphbWqoX_C5vARI39MFpBGgC-3e3aRMC0P4TEsgM2dYrAPq_ge-12uZZV4yM3cVtCCg,kr,asia
m8zP9fjfHgNF6NYl59Ie4IR61BLhwNCQnNZJAW0XFrosGB8G2jNty2bwootzDyBCmq9iT1QTexUJww,vn2,sea
hQ3AxSkKOTtpv16TLrgCitazZ5LkeB5WpotbNnD8_QT6Cx2KJq_X1LQuoLerjv7f3IGgNYaWw2aKBQ,euw1,europe
eaBbZk5l1OJhmK5OioALQ4HTIjuMcEjFk7BUbCg6XtOnvwXTjzDCyp0ge7ThhE7-8aymHj2Y2Taczg,euw1,europe
D7-Uzg5KRQQg_mcBQ_Ja8pkDBZWmsSJh6-bAcMtOwq_kxkdfWnR6-WVgiGPdH-XiKuOaGWUM0ssKGg,euw1,europe
tc5OJgMbm9LGoVIfrjMgGMO7pEF8o0kVMQcggBSn0PooMccvnogD2_pHEVMFsLZ1XUXAltPbFZYpug,kr,asia
lnDPUF9fQfZB3bjXgLSa8KQaUYnFicHHixodAtw-3iGql8dKdcn_LsOFQ30E9_rtASzJ3JKtzryDWQ,na1,americas
b3Ad8lVNUF_LNwuPhJcbo4UBEOOUcJcHQj3-K1S-88SyuiURcnXVk6R72Qj5w27csfl0X_smFPFx5g,na1,americas
6FsRcqiCRL6IgodRAAST5yK5ipV6hkGdqnedGaA6VMitHDYLXLZu1YVULk3vUfqh0BICLaaJmJjFFw,vn2,sea
eR3EQUXYLIyCk3w6YCymBnGbkBWn6gkBXf8ZsIOg2bCJ_HSRzD9P3mNdLq58QNiluWHKtzrB5DLTPA,na1,americas
hIQe36pW3NyafIP5z6UiNQ6a2F1yEZ4BJEUNk1LApELuReLYvfuiqVum_BFD4yYoQVQPYZsQa95veA,na1,americas
jna4-PlY525k4u5v8hKm0xy5e-FQVfCU0eWSZQ1bkZRgtAJIIjLM9EwmTbFab-Ts0Q1JPyoF2IqLoQ,euw1,europe
SRiI8QgRhXu6ZXQClkdzsLq-Ll1W-QlZf5YxKkBOeWtdZ-UXP90J6BCTYhT67ueJAWvGA_XH9eoeOw,kr,asia
2-9D_nZ9-J8mx0zNpU7o96C4gYHPdlGoyFAJ-DTDlIJY8y8r0YglYCTS34pcE31Q3XxHZWsPaj961w,na1,americas
5GdXPoXU12Pn8UtMT6tG028HL96to0iHODwDiGWu2-eTRm0wwo1gq-dEjuptWfa8X3JibnMa_VxTAg,kr,asia
YLCf78W16QY5OelCVEh8h3lJbiaSQV0_6kU8LSAxVK9clpJd_qDrQ3sUviyVWJ9w352tsOGFnOOUWA,kr,asia
CVtiJLgWO2bJX6E-06tUurgxZltIyAhs3B5AVGHGlj6_XkOcuCQizf3xE6TPegl8c_lhnMw6O4UGMw,vn2,sea
GfaRNEk64_WqtU4VzezlDFWO7CMteArzeaqdEfYCLr9zvGe_DOVvfFpZC-nIIA3n3GilazfZeBdOGQ,kr,asia
nTGfOacZGtitLzQoS8Yc14ZDeOrbp0Oo4HuIbl5x2yHKblWCPFEY7ByaW_oALm7PirO_tncaOoj5nA,vn2,sea
AqrE3uPCCMwhwtay2QSbwJitER-tOyk68LvzCnKU-5SXYZ-FWPBYw1b41iQqPnQPkqj0ya4NCuRjxA,vn2,sea
1h_OTaRX5Xb8nxLaP0ccVlcWIp-0akJ6Rc53zrAw9pazKeCk_nkZBNwSOZXsbMYi3_Y8gDaZvWtNQw,vn2,sea
tlLIWkqFo0NT1SvNuz5asdHAGhD1NnmulBEJobdaXq3GOVveaJWU0S0_J8qnI4bAWLyrvdCEuX4Ztw,euw1,europe
jzUpmT5397rCxy4DGdxGymBxmknqMt_VuJ_xDol8yW9GqtThUzzYVDOc2Ykrz-ZjktTa6VyRtmALaw,vn2,sea
uRA6LrUqYWKcOj0M0T2W0XFUuzkc-dEI4QeNdKl6UPQyvpVgDl6_KrgYnIBlcn9fcHiZ1KVWwmjQRw,kr,asia
PNZ91XsenPIhXOa37QYxS9qIXiml2n9jvtNTbOPwGmr2aSZeL7-m-LWDEGEbkbFHPYEK0DGqiRTcYg,kr,asia
-ATLLCIEy13Zq3MpwaB-ocLMt3oulDy-Nvcs86BaLbsmfggvxQji4f_skIsq3suRHsWm7DbVHOdaSA,na1,americas
oqVO8q-oeUmFM-pYua7eIhOukL145PCz2Sz_3-HHy8xHlm1_dudhbOQQhoVtOyi2XZ1dOQATVmdxNQ,na1,americas
Eaq_fDaC4IiwXwDutPsmKY8--T9oMd3F6wjYmr_E-qT0BmXzd_iu9Q4hFYVpEhHubJx0_mofXuC-Kw,vn2,sea
CwlIFXkGp7Pv7Z-yoA3G8Tt5pLb9ek_KWzxg1MPXxnjaDScYWEeQIxZb2F0c1pfvWqr8jsHj50CsBQ,na1,americas
wyXsdYh42orTcgQed-mZx7tujf27oAP_Ilara1BP1YOfZU1Ux6fruYsfor38RupW_UQX8gMTA3NVOg,euw1,europe
zSvEvibT5ffZgY1efXhSPkN6V7NrsmqRjsPhiEqbBLrl84vPhJMVNK3Kt8zF-_ZPaDmUe1z9q9agmw,euw1,europe
5LufaSUHp33C_L_626dr2_a2siYJRrs5byfa9NaugqPc0hD_UWKi--7xY71neybfTStKtwc7qpKG7A,na1,americas
CGvl9cSNVf_fGolS5MLJaym9pUBVQGMCOWK3f43xauXwS8YlpovNFmN-AsdS0Qswe44tn7ZxGphDmQ,euw1,europe
Zc2IxcXaYnC5w4Fkpp8Wwa-krIeu_anO84HbQIRaorEXEMKJ9e1KpihwawlgqTeA1eXk36ftTaR47Q,euw1,europe
OLJvWqBbiCUOrykKAkkW6ydKwXoCue72C9OV8tL0fr_OXe3rtZ3zfDQ3ECVOKxquvnWpA-VjGMIxtg,euw1,europe
XKmuqE0LpdFMwo7w3dk8LpQDin1c0moS7BSa1wTBHccobtCwQ443obiTcymHoro2NpzIib9omSRYUw,kr,asia
DWjDGj2SHyNGAgpSu_UGs5BfleYF4C8rQW4qhYgt25gsS2yFu0Zc57qWOnevU5CC_Z-V4JVx7LL8mg,kr,asia
SWMw7fcaFAXjjWrJkuS3Kqo6wVzpQgSsLQvW8dIMfiM_Grt9H6z5zhCoPk-o8OCU6FME5pFis-RCPQ,vn2,sea
J_RPDWhtvMV4ZMpMNjqHJk_d5zpUzCXjKAVrZ3BkzIM7BLfGV6F5QteZ4ijRvCT7BlwULNfYmcSoqQ,na1,americas
-B0dlpsZGw7nTAb6qX2MV59fahkU36MTXGH8Ev3YlbzgJIQ0hwrPY8tuGXy2Nsktf1QEpOrWdjhcOw,vn2,sea
6h-9AKjfeLL_Pgu4dBChkxHP5E6sTHQAIddxEH-hbssNm8ZYKsbYX8E-p46P5R-xOGMUyNQTtY9Ddg,euw1,europe
pG9KAs3vc0esELvRitEiST61ZU3G1EvBR4_Y2-35KLGI-44VY14fVknVs-D3HFkThTbKBeR8chiRNQ,na1,americas
1AFIU53uZnksz9X74lEVuwzjzwJkIFRwCG9L5n_DwhDQFwiDY8DmSDheter62QRRtVm4VcqOUG6x4w,kr,asia
_nKLdxKFzarUfsTORbuRe0oXrogS2AU9nTLvZSeTyAnF8bPLyZwEU70T2YS_3hUa1cEUGhmbr_g7DQ,vn2,sea
6K54QUcRgnfU3qXo1fR2wCf53YRq10ibLo10pzVKhqB1O4Mv4MX0RL5oAh-nV93gEHksgtY86Q-vvg,euw1,europe
qP8K9HIlWitEC6JyLRW9vPNctEKGC0VYeuSLb47qVkNQo71eJI_i1MFsgSKwVynj46PLXYoc4ARn4w,euw1,europe
7gnzxZwqbDnCcWVFYageIaT0vraksqGzBFH8hkS04UPz-knUg7p_mth5B84nth-Dbc15ALZa29ph2g,na1,americas
AD5h2XGsVCFdUN2CMxgPEKY4SqG_CUBdD-ugkPQRG3jXye1faCMwBEyiEFp8U3e4LT8esNez2mN0nA,euw1,europe
4KMxhDNfgMRzEqfda0I6bU8I4O8NWfNqa0AG5LXgBORgg6W0tjglKZ3E_VAwlI0YUl6LcHb-Zxp-cg,na1,americas
0ise7xA6xQGtrAYAYtOpf4e-Oxrqv1tJo5TYnxHU3Lv5S9uQNBlHBHCZ3dCboLNQeE8TrnjqbfRJxw,na1,americas
dV06yPDdBSa9BRAHY85wYmLVHOySVXJOWQvGByPW42BamCFFxAeybQ8auQ1G6ZxM6BX8BAUJf1HFdw,kr,asia
kxuCuzS2EqcMGlkC1z9Q23r9GDPoic8yo5Co-n-7KIPpQzmgcnLMMs0cSemfD9r-hqyzbx4V1A2Wxg,vn2,sea
iM8BSRwRSgs7iJza-V9xVOL0g8bH3NIWDhq6xspYIB6nfjkfn_G5lo3pJ3XSl4uJ1XL0MHyt3KKX0A,na1,americas
TOpecfqBiAGGogJOQhwvEkx8wZ2beUFLF_5rHbhSsr0_wWw1jnQWzdfuhdnqzuH3XTYkXL3YJzkYnw,kr,asia
5k-xiqH1k8S4-u9CrrOfO5iX1I-k4SrcVRsoTtsdPcNuXsHGPr9Zf9Wr2PA_RnWVvy1oeFWWOls7wQ,vn2,sea
HlPKFUNtVX6iBGgwnEbw34SwQj9pzJQ4xiUkMCn1uOIIm9ONN1NCquwHo8ot2ARlunfgBP4HywLekQ,vn2,sea
jbx5OI6ZFuRSaViRsLuwLFzM6ZA_Vx4NbD9uLqsDgCeCHGAGtnqdiUNj55Ktbkd8wHCGhwL1YMbw-g,euw1,europe
9QBpJddP2cTeRTMuCMaIohJiqb37559Jc_zahZgO5_LMTqbAjZneNZPISG6KgYQzOzeMLyWjDSPUJA,euw1,europe
TmPoGY3QEqMI1McnHpTXDb37vxgaahVogoGZmDskJLQOl_l_ymNtRG3LUnMhVi80Q_LbWkKARjsU4w,na1,americas
qDk0MRTo0mQ7KavjeS0BdhPbUeziDHFgidyy-MW7_ENF5zVH199TNp_CXkwDZOo3LWPB4kvMyG940Q,kr,asia
LAIVX0C3FgLeQIkcBozlreyg5Rg-q6AuZybsYq5-jPIBO5POmglXRab3f8q2UJewxGhGVLU442OMIA,euw1,europe
gVT-tniXXQ67NkBQ1iyl-0SuD_BwBlHw9yjim9M_V98ZcG9niV3uCOynZYT6toR5g_GJCfgEYYvryQ,euw1,europe
Mr_AXth7liCH2PK6yu63TAHxL6112RIOhFlUvFsCvgz_bMFMu6S2TwoAEJjWty1SjsxYnCpY3hN4og,kr,asia
wD9Va9qvb1UNO09CRQbKT16XqIly0jj7UC4uVVcoP7jeoTyilxJpB60CNiVkhUrzp0600x-u-k0m-w,kr,asia
V5NtKYAD8fjWZGj3Dl40yQ3KVfVIba-BuMjQetMPhEmhTsiUFR_aNtvSBU3cMldIB8DBIkm4ZRXJCA,vn2,sea
hNO-mfqB7pyYqsIW6rmEjsLfpeD2_NRKYikXe5AuV8ZYF0F32wD-7KpnS9gDNCSkqd0f2KL89s2viA,euw1,europe
0975ousgEkTrQPmzVgeSdh2SStRrPgvWR-bL9xLYt3fnP-AdIZ16ip3-xKIsQSzsQZhSMZ9FGxJ8pA,kr,asia
K1JrJHkqmWKyq7433dR6eCzKJV_hgVLXC8HEEfcXVVqLtbWDJiP-o-zXYFJrKtyAg0jcfspmlmSCcA,vn2,sea
Ny4wBzfA64FaVScjLjPOLd--e4acI3nP26Wuy6RHl7wxrF9sK66_uDQS0tbE-7z68wxYAOljUNLm8g,euw1,europe
mz-xz8oLv01A-XOrG15Q5DPdNgmbBLK92083YuEd8wH13w6nYCp8tYOAbfra911vbpXAARyzRO0vEQ,euw1,europe
bUuYhu-d_WZ_ZdPMU4kSr1Fq4-h7EYQBn18IUd-d1qwuluVocbyx7EeTfqjV0mdwU4GLl9HBAfOezQ,euw1,europe
q7Qj2mH-0NgNpMrDzg-RhgPPK92IKUi5WUw4PwJNkQRH5xsjNwPnFCt4qjUveHzbTsY10zQ0PfOLbw,euw1,europe
iSpqvsUSAK1iXPC2HvFn9j3WiiUWQ4hIdOpXZnhoKjckLvRJmMMr3TAnmTMoB3DX5H9Lq81xRfwrtw,na1,americas
MoBazypKmPjszwUMSO176ySkB38LrOQu942DV7D4WKd5vlxbV86ZloAOePrf-PaFnrENsJpyAjeElA,euw1,europe
kMnxLyyUFVW6jw8KFM4dQRggJwIl6HG0NF56cvNjTTNU9oMXZSVayk_3f7y6RTrMZw8XpYlv6LRKCQ,vn2,sea
teMtQXWDHZoTtxLTWXxXHf-qMDVoPjGconycafpVlk7mlbU6oUAXqo4Vu0d7QtmdZteseyzERjlAsw,euw1,europe
Q3P9Ak2r0uEWjCZFYFncyCUON_zx7SJ1__wigjnJKX9oU4GPeu4IcchdpBCfZEK3Z9FmRDUHYPNnyQ,euw1,europe
G8Msf912XSbMRSmnN8xOSVG7wByG1_g4OvcIWrCDqksZxdCeHICZLr7LVpkO8AsHsto7Z8CyLpT8HA,vn2,sea
vB1uE064XZlblOPS-L1BvWgpb8oYyMsVIHSZA_JPYNox5-9a66I-TuhRORBXzGAEhovacwsN2nVM3Q,na1,americas
PEkZc3zTAJ9jhSBgQImxQ1qDeQ6lJFKLpyp0iTxm2PlBicaMcg58KV_52wWBfppwQKgA45xrdw78uQ,na1,americas
N0A63Wy8UalaipAUvmZbo0ggfh4sdjgR1c5m5ychVtK9AR8XZSBn2vijg6FfQ_QciE9Q6tcy92Te1w,euw1,europe
rVUgRfd7St9oGHZypDkpmCbyG9hManwN9gMhzPevqg3rxwvsUFhei_x3MR-E47ByuxqPFb-yKSYLew,na1,americas
7KarM9AB-Qori8Ol8sJq_bFjO1hj8zlf1ftYO89OdxTpMfgIXsWmkcChRbTsU1d3qcWem7YpkDLvOw,na1,americas
Nf_g2wEb5e8MZMtKlsVrACRWhzmetsVTL4J9VJeHEm0rj_8hZIPBaj7N6WXkS7B0pPn50D2A3dUVJA,euw1,europe
HPHG4OV_ub4p4hf6NbFAkTiszk0i4wMfzBgzf2lmtcRVXpINxjmXz_h-DiutKFJrmBjp4lwy-WqeMQ,euw1,europe
-S5-9vQPq5jWsaocVYPWJv84JQfiKiDA5t9ZiPbc9MOx2R7dlp3GAi-psSRWtV_2ecE-K20pN3_Bsg,na1,americas
M84BcOj15DzWqJr9RXwrEnwsEmXcOQJRGVo93afLYuvE08qev_z-2_cdIFVvdD7mrbzSYlrInLgLqg,euw1,europe
cJxMBLeghPsLjW0rVGobtqnntplejBoeD68cel7RE-fOOIm8DEUJEt7JShHEBjQwZQk16-tT0lu_Rw,euw1,europe
7Fiv9aOuqi05Q8irXzBZfle0JLbf4p2A1K_-K3W_N0TwHWx3J1Thgc0EpMxofL4Fsi2bnH5s_C24UA,vn2,sea
wVEgKw_pgOnzep4bHJVvSIt_Rd77FC7SE_WPbp4nAiu4CHPeqWTY71xEBJrLEr3OPTHGZJQwoyUgTQ,kr,asia
Yf8Sl7Fj8B19mPsMaXBowfiqI6lbdF84Mt6cYHMT_ok1PR5DX1DhBtaeC9oPUxpdbrEmz_n1WKeirw,vn2,sea
dr4aD04Hk1Xd1AhTGxu1jPsREGKVaU7YtE0XRINh6svlRfwV_qfN1VJ96Ah7dPmRy90DFmYbh4CK6w,na1,americas
zopyVPluIb-4n4lzLYKE0952Jx_HhltqyRA2xKcsOL-T1E418XhNMaLGeb9Ixhzz4jJ59MqgBX7vOw,na1,americas
7Bw1y3daUEtiguPoIfuw4TknoTsSnX_bbxJsJtsYMPb6IzXhuxx1p4kL8PAt8jbF3x_11aVbhVYHaQ,na1,americas
h6WNj6pbCYB1x6gjY73LPS92djit0Cn76FBxWXocddUQcfYW_fd8sMf4DJwdCGLKC0TDl0XoVSplwA,euw1,europe
dvYThDxOGPupvY8ZB7UcI5O1C1KQyiFnHZIZ_iBWc00UYF6gq7H1ndXUdQ9eZAZToSUIR2x78l5kPQ,vn2,sea
IPTVgbzXoLqpUDc3m1i7aAfJDO9B0zQ9MiZC77JkvJWuUyaxGZ-afzuNjHvwwZ_SioqZyqrjWJ2RCg,euw1,europe
CCTN6P8qIK8U38Tg0hznm_L5UV5M_vrYKNK2-zYK1v_Ruy3mknIJRnKquZW5KB8NcI-ftNJqHFhygQ,vn2,sea
g9lCfCJhHMzEg1jsNAh29orPWcpqtgdqZQPi7sroVqoc8xOotQIBFQn2d8OKM8_QHIqrzyh3a1V7uA,euw1,europe
oHfggVU3OYUS3-y744dW9DwcOWPWMFP2HY9m5-z1LT0pNkyRnZg9BPVr8d84BqhxHgIIKXPA8zjahw,kr,asia
G0nGufb4z9U22KprO147rF5G360UlkdepksUpNOcI880yH4cQFQhp-t-otn_hh19fSQboAobDznOIA,na1,americas
WtykyVPKs0DKmO_Lw9rg6Z5_6JuI0mb5LDy0kd5F2fJnn1XQFX_MsfsC_PAgnYPZ6UbU4HHHT1dWbA,na1,americas
JGTZf_uHynGdcDf3rKIRVVg7s3pQV6nCbCsMMsxT7KbJU0uQ2-3mh1Hvnc4MwQzaDPZuz-3nXRoXlA,kr,asia
sy3w7fV2xCAzkheXohIrPrHQAKDkTbT_t8JWsp1sKUHJxlUCAFDJgwHa2mONDxxaAJIUUXWgi_ICCA,kr,asia
x2WpnLmJuz_OyIY81CJai0_Cd6kvq-3FLeF7iZbX-E4nProuT6_hSfml92XDDqN9liMx2z6aCjn10Q,kr,asia
SLPIBwymlMqgoC19v_vcNn8kM4p9ZF9LnkeVhLPz0CpmAk4hqn88F_4Cctt15Hqvh77NIYy8uBjASw,euw1,europe
HZmS67Hm9W7HQyR-HT1dlicEZXFRMnLisDOPj0FktH0y5HpJdQI3PxQ8oiQ5ZLSdRy2rEUeM5xT4kQ,kr,asia
B0oIITO-14Fo_InglHgLpYH2NOyPwr7ONQLPBROhOnk_r0GkN03kY1M0r_pBPb62ZsarbpwLA0M2vw,vn2,sea
uJ3dGlUkhAQRUpzeBAmhZWQX6cDRl5igiQrPzurempUpBxFtvUSITFg2doGYgiWwK8MLQgsdS0efTg,euw1,europe
7rxd_speS98_qezTOeVfK459eJoXP2I15zvZKX75UpgHeE3_FXPm3nQ11PLqlPtn4JlFz6CoLywF4g,euw1,europe
SrZ0ighjveA_0cyN3tj3hLVVh56sMvW-Ozkx42yhspZtjgKA5PO4O9ZpLQI9Ctu422Pdj5DVp-t9Xg,kr,asia
3A5JJNIHqe-eoW8Q6BHR9TMy43rn7KWZ-E9zff0S3uskVCB-jgGMvLeaV3AMl7CzSIzz4pCHIZjH0A,na1,americas
8O0F_bp8UbwmVauYtt5aUiQIfLvg25sSzeWJsUfuOExAvfkZCYcCbTCM-aGWik2PbgpBYqgdyVC77Q,euw1,europe
LWm37miKCdpZbUayX70cdrkpJjR_oZdHubaeinXajS4FPTfXt4SucPt9UjCIAMgMuMbHLduPwC5DgQ,na1,americas
7_SwPhnC_4YRpYwLWu0M-piy0Iw7OkT3k4SSj-C2wpYPtkHrRYtniUxDN9hUsXgGc5leE8nsoShOSg,kr,asia
h3z3rPfNYZfa4KsgrGQJ68y2jKOHEwZT4BHsJcLHKN9EnzV4mCTbijtw7iuaxVM9RRhc6Y66DjYH0g,vn2,sea
UpQD67e60oXfxpMEcehmPuULYeGcJkzGEu7mNqd39dQVRpx6_Va7sZBRCO111KZ2MDCp9UTiwNOHrg,euw1,europe
ICySBOFtaGglQsx4c9Yc5_doCY-661a8BiYKu8M2BIWYdtEeEKgKEkLY6ElVZHPQcfqsiRDUenip4w,kr,asia
CW990Vzyy6OgDlnS-De7k-HhWkS9H8ZkI7sURw-IuP_WxDvSIKGlREtnVYpOI0XBcoKEnJvchtNyFw,na1,americas
E_3CgFLnfljzYRGZiR0M4HMZ7BIbnpH9H-C5gxCoZXKDVx3l50rX3TZGo5lH2oVkN_paq-qLQr_1Ow,euw1,europe
XCyY9F4kD_LjNO1itsGYDavNUd65iPZyGmZC5E5NqtPu1GtbP5ry2zOJqn9Ob4K61ulE0RCU-k1ewg,kr,asia
5PbMlQvqyoGTpj_yfo5AViorMa2o3B3JY_pLI7ZiLiCF4laizROoWRY7qC6bvcbQOCLV8VfvVZhQvA,kr,asia
rUmgnt72CPyRd7hteKgbA23Rd20922JVn_SdwS-2YQDxKBcf9Wg8xHR4Sj5L7Jh-MC7zUKiQz1d5og,kr,asia
RtjMkxGkg5T9sP2Ci0e8USb5fdyZn6b4AECjmLsQQAm4CGTZ_xZXhY11_jj2RzBENn9IS4RJeRCNYg,euw1,europe
3pitIrogvrvAQ5DHEIWXYaUecxObw6EDDmWrXJD-Y3vzF-QGq2rBhobGSxw-vuS5SeJjE3oTEm00Iw,na1,americas
ScPLv6Q_xZLV_n7Hpt3BOcDBtgTDC5WbU02ah6bgzbDCv6CcaTYAGnCfXXfgJ8HcaabGJTZlhHAD0A,na1,americas
2nLXAwwTNdvZMcpCyFqdb0FwdnnSCPc31szADDJvxV3fZEiiSfKA0f3DhYpvKHL5FDLXISk_GxbgWg,na1,americas
Sg14kJP5aYl2LslHRZw7rGcu_LJ4mczVhVK9QIveSje_0I9izY7MSzIcr4oVZcB1q2pfzNsrAs29-w,kr,asia
MP3u0GPGL4h4o3EfJiwHsdGYtB8zoA74H3Ww8yujmH9qhf8Chf6SDVOAKX0Q0qv3FifpckQlVULFNQ,vn2,sea
00E53dklIxVx9Q1Y2pCMsg10DjD0sIldzo2aiCVvx5T9Ri-Dvq_fKx7CZ_Aqo7HfPV9opB2ivSBxEA,na1,americas
jJJ1FOYWFQXfwIpam8F5WUqPFLgdXj6MYarLQmiwXaQkSBd4GrT_AKIJlzC6tb784FX0nlSb-jnj1g,euw1,europe
FAkSsueBSB-ahVMk_lgEAJDgJHdsMVqtj1oOsyUMJM5FBZ8h3vnkbzs4zXbpMKcs2MXZDl6h4LzgFw,euw1,europe
rbIiBqVeMffNYBxJ8LEDPFOMmqLPepYt1cRyQcgGS37-2R0hHfEVWa4PLi3fJ6ux4uU2pz-ax3yzsQ,vn2,sea
7e8BZNrA3x-IL-V5aHQU_F0ngyv5Z4o_G7vx8GFPhwsKoLkwW-iCdMWGKITkc9cKffEied6P6cWgxA,vn2,sea
inmpVq7kNVisCDB6xiUrZ9hDItmfMpOvWmxfqwam22lNjlBrsIQDkKtU9uyVFccViFaINb-QK3i9cg,na1,americas
k3N6rlT9f-PJb88WrDsbPrOrQXaXjVgKPyvEU4JJE1PzaZloKArUktEuBlL4ftsddsu_quSSh2vj6w,na1,americas
JhZ67MzMGEjQw7AELEZds_tGrAToVp3NeUFDMW142a8KhxGtoWefPh3caaCO3EBPM0ds6uuBeLr8Ug,euw1,europe
zbkRlUw3tdXwCW28WhtXkRTF3znHplWS54tmjDDROW4rig-E7SGcaqd1zRc1FKS3MbCk7lT_uxBXSQ,kr,asia
LBB3EhVIf_OtxvAWwsbkz8WkBDUrg_aqGDfgHGaHrx8wrwsve8kCeZSKC9rAM7MXRGSUf7GVlc4NEg,euw1,europe
gk6jXIvMNJm9HvE7ufuXmWfAzh7AOTeDFg2Kn9bTiCgah51lDpEbYBq6Z2N9YIOvVLZtnpxoxw9vuQ,kr,asia
a5_ESL1sOgXRxKSefjOy1SZ8VS7G6AYqHbxgYmBAkf_FJb6jn2K8jbNwV9ZqiFsvgG1b5H8WWpmY2w,kr,asia
r4dKVHZp-_efVGwdAkI2_Ty7wvPrrUxGpLbrDMwvG2EfJRYaytnx7mjhPzQlYIZCO_6_7qiUFtiCcA,euw1,europe
uiivXF6L2ZRWaLceMbMKF0SqGB-W92Zfee21z96ote4bZVbq8RICJ-BsxVgpeJnprpYyx2-jU1n0rQ,euw1,europe
MxRoSV-cg3oumqTP1wU0v2hIfPa8NlCtdSC2ge5sobd62dYaeIxEmLO3tLvDJQHN_WhiogL7WbsqDA,kr,asia
3PsVVg2wchNGQankW_nipzrRMGQACqSmPzkfXxfQ29U0Jep6qECKNiU782AIIg7X9RYwkcOYbbNL3A,vn2,sea
MFFEQu84kWe4J6pJFC-sGHKlYLR41OpmkZHkJglOYwZUiutETsKvniBovuLHbKi8jha6SiXeR_TsJA,na1,americas
HG5YGIs9DFkcou1EihskMLVyKyMKhmt9sjErJrf0Ifj0LJleJ9ioTsbf0VTOqizSLUavlKxNnvhy_g,vn2,sea
lfSBAP7cJ9YWWIRC1KTVLJhQG-nCpiyNz3-sB_72s1NN1J-GdUKnFVE7goVsQYvbx4CQ91Yf5a2uDA,vn2,sea
IcNKH0GjUPPyTXRsXcldLb-aTjjLTiFffBeZmJBunfPsvIU-38xSu7JgBzgQufengONHtB9ETVykTg,euw1,europe
PRi0i-81sVEAfyEjctj-rj9wt_60EWHpV41_YmfZHOhzCbUmQc1GamM54dDvuREdVIHo0se0U8J_yg,euw1,europe
EYjtY8aWu0hMgAJSZaaqVetGGuVJuNS-7w9mzLaoqrHCsVyrQXlGesv4fPDvQFPOx0sR0iPkBXF45A,euw1,europe
Lb7_hpBu4BItt4CPAZsB5FfKUF2R4vswpNamVZnkL8CeMCgnTeeDVbSOUdf_VByQvbuHB_rSdLGHQQ,kr,asia
TTYO0gDWMOVXshMiqRaaVRaz5kwkFP2wF9Qo-M_j6rGxuf1yz8qgC4-A3LHNAipSz2AajLVpL7dQfw,vn2,sea
7E-lfDOZMzjC6dQHZMTi2AuKnkIDE6yOEe6XbzXxPzKLNCc_8kVMXKTbnoC2fOV9X2g_N7GzMIRSwQ,na1,americas
c-I4RFGPaCJG_6TFeABtw_naV7IxvTF1f-zjFe-cS79eB7J7V31EFQfb8T6O74LWlxxPfAZRXMlLiA,na1,americas
DhvsGWUna-dMcgVUFjfjegEx2encMpIr-S6xwL415J4SAUlL_3IRxn148vzdvES2NUdkZSR1gy5_zA,kr,asia
pKPY1AHJWiy2MrBXli2zliH2-a4DENtif8YNEpUoPGP1CuPUHmnFrEWovfWjYoJZa4XlCdwuIYE3ig,kr,asia
Dts4pa6gZ3upQusBMW1iPooOxeZLOIBNY8lLieUgRK2npkysdbFpupWjmho9vD46OndqRaYAv5aPlA,euw1,europe
5a3hwCksPkysD5xy-1BSNC_ZpNrxFHYehnvgpN9_-LXygJ_52mr-bgW-i7chaTq_q6v-OpvrlDCeuQ,euw1,europe
0FjTL_D1j9aQAL9g8rIeobZzijamtIcRJU1e6q9X_qou2l-TugErt3or4ttTxVEFIj-YxjYhdvngEg,euw1,europe
Ch5O4eFrODBHj26De3YQfMzT-UPeuFXn9dl3i87wLTyGvfXZ8gGhxkmkOS_M_X4OcRVqsKFrsFY0CQ,vn2,sea
Bk8KOEXg87TV4JkveEX9Pq8WbCbdvQhE3uhSyy5_HBth7h8Oy-H6Mpt5btmpLnIytmaWk0T3X1BhbA,na1,americas
7fvGra2pTeeSn8quGXwNmmvsOenVM5bupM05D_VljcIJthm7Wz33-ZXj5sroJU8wM9gqmK74uTTN4w,kr,asia
_YEWRyQnxErEWT843YYAgZVPtVwKhvR_DlEKSsmRQwyqaDekzHRTpNBFB9bxJ-WEATXz_q07l0ezHg,kr,asia
E0gaM-J3xhyS8uv4-1S4eqSCU_IzRia6n_cDL8JF0eapjim95YbyJ7vBMjLJtk8n4WjW-zWwYleFqQ,kr,asia
8PuLbEyPMTCCbl8CdvPOQ9ri6jQ64mPqd72aRBfYXEzvNSbUlgOOV2xyjyNw3G8uXWKI6TH8258Djw,na1,americas
980tjYai6DX59a_KvEzLT39oGyaw_l-z8Sj83yrKtebcl5V7Eppbdnb5IQbANXFq7f2Wn-pJCgTEUw,kr,asia
YCT8ZsQ8MTXBkiFH-mo0lYuKm0diMfCGPdO2WWaCbYtYfEhf6hXzkLhxxtRCJJTIn3h0bkRNoQTE7g,na1,americas
CmlYt7sZ-XxAsQMvmnTWLIM6Pho6aP-1REan7qrK-ZUPnxYbS8VBUFQsawbU5eTAV2gPsYuxw2TxNA,na1,americas
Ky9tn--FOe7WbOyK5xqW7uqwiX8EclQrZWpFyqkCVzzWgevPqyIxPthOmgGI6_baeGv3J7yS10DskQ,vn2,sea
DzXoDMIStWrQZLbZ6mhuSGnhvlHBdd1Fa0Y8DpSqaSc-f0mkE_T_L20AmhpzWrV6iSBiNKp5p-bbAg,na1,americas
KUm632UyrAEcTX5cSxpw6ZMXghV3efS37AAQY44_vnwUvVvH_8LCJumHH_c2OStHj1x1vxwoA1GXHA,na1,americas
XnZu18krNx7ynt7KFr2av0b3-TG7b8zxvbTkJiQZeWsVMfKwlT7Qt7GNa_CdfeocWdr85geMwOywEg,euw1,europe
pF8PoMjlU4C2spYGqF0YVoOOST25MhkyoTpJ1Vm9sEy_sAA2NgTH535agYOvjdmIpngNri6P-S2Kig,vn2,sea
1MgoNwlK0j_O--3fo33sLy14UtLIHufkeYCP-mZHDJHe3FrvbmXD_3_7PzSUnvGGxJu18P3RWqH5Rw,na1,americas
3IcIhYrsC6J2-Ye96fTf3TGZLlrxaF7M25t3zQhKfhGBypx56RntNTLjdhdirZNP3SyDmwD1My4D-A,vn2,sea
S7K5C7gRUYHii0JJyOF-qOZgsTejRMbIYZ93ZOQgIxR2WMGLBEwkHyMZGWepNd6RGAMA1KL_U8Cq9g,na1,americas
qlT-JmToAi_IIiMpksHWjUh-sVlm16u7rYz8vQ1EbQnnZsj-yN7ZXsm9Nufz9sRgizM_Klt6xLLkgQ,na1,americas
HkUEufcC5OFLd8rkzRXARjtzt4APeWwgsLp21jh0vydMSkZDH835ClZUdOKIy8dMrI5uQBparz2ZdQ,kr,asia
d9Pmk-fbOCVU0LBABaJfpJltaVUiNUb8LWxHo0S6nByDfHcCTl0F0PgCNUdFAeXP31NBrs-OA2eoww,na1,americas
E2iUOdD0qMsTeS2h4hptkv3ao-xjNaE7Nt3-DuWJ_baHc7Vzat-Y-V0e9Nfoyj2v8BDXN725yVIffw,vn2,sea
thJvGu2QRywjgrVxHFBm3p8bb27MCf6AUvpEFdAjbf4R0DaKZeR-AJCqod9tyR2BCkgTOZb2TW-Q_g,kr,asia
J6tH25U31H1T_MsABxBQvAoeNOe0TzqzAnV5o0kzrpHES9MKiHdYXf5zOqDwBXw23CKQ71fYWTkAkA,kr,asia
SGulWDi8LqJCRY698_DrgCg8A9spUXWpFBpvlQRykgGSJbc1eexp0OKFDwaK2FWzwV_tBMMkPixrZg,kr,asia
TVe6scuJ7oJ9-99y9IWf-rgaHs4HFw3jrAZTuZFijpAy-XG0zkj84EC4cpP3sVf_8OPhln3If4__Zw,kr,asia
Cj4sbfUMXQ5qdDTHisKsQYs3tPZQGO-HLZzyTw2f1HvPf8Gnr0iNpDSJj1FUnwp3PxfGppQQ9p1_pg,na1,americas
1nsWXbgNwqgxYzA4S6BAz8y_xQ1hmv_ftlCWslyy6HbQYf09Su2kdmx1P8Wd4QwoTIhDwYpeMx0MoA,vn2,sea
H-HL_pqEhM32LcWH9xafIGwC3RaRCjfF0LmS-oxgG9hKRnkrLTKP6Sdqmj6bm4IZmNJuwABkaOyDRA,na1,americas
u-8SVttC5xto2qI7-DXiTwyI1tTUG6tHuaYI5vYQn-UyBOwS5bijfivDp_JBSiUk56n83Yd9Tg2KDQ,vn2,sea
zyg4oBiCHZXXQ79RdJsIFfhgYc4fXxHurGJMGb0V5l1CStyi-Us6BzrY0NXCtwry_ELUHNVm6eOm5g,na1,americas
mH4uNtHVaYcIDce-jBy7YF6KXBvArbv0E9ubw0oH0JXLWISgJriC1z5PrHjlsOhYFhCQt9yTPpkGbA,kr,asia
WOOaMHpn0Oq6OfsxUNSwH-yFGfImALDZFEFt2Taj4LxRfN8JeOgTopPvak7uJ9e_JeXs-2GBbaLQNQ,na1,americas
SbfTRTeV6DqIy4i8mFCuJonfoxRNFenMQVBjWgVgdrIKXczDTLmHsE7si6xalrjoRmLmBJKztUHzvA,kr,asia
IteYDDnl0S7xn5STtrT_ecfie7ywZp8T8TBFO0Ec9zwil9NcZp52siyr1GFQag7_2DJvKU_xOVSyiA,vn2,sea
2HpOS3i3n4yC7SvnF7YMB4q2t5rGTkBYSR8-t0Yb8t-_OByAVyvL9bGrKACSfeiCiCuxgbaksGPp7Q,euw1,europe
7D0_hIEn_t5dBjmCCfZt8MGEZM41e0HkOMZ8zY6KoKj8kQjpKVb3D2Trsdz_hMGW2bYR8521M5Ydyw,kr,asia
ghTP2yn7A5UBkrmvHlcpZwlYOBARZF7OM2_yMgOH4vLL3krDbC8LjW8cRoimjDSeT0BrBWJntWAUug,na1,americas
rYkeKz2-FvQmCbN_BeKMbX91amUdCE2BpIoayxA47rAfFZKRGFH_vD7XMl_46IRHyEysTDa9wP9dZA,kr,asia
yrEUtuiyE2l8Kdxu3BIOjLEV9tZrSY0xCyVpEgxc1z4Qq8y8YkeSwV5t19A1E2B3Rt9aAgqKx5ksQQ,kr,asia
PD13qPhHtvEx5RdmCW8XmQCsSFzmaRCErcvFdanLeV_1PLiWyEyMsOThF2RnwqsZnSHhOnQyieBNZA,vn2,sea
Ki-thApj2s4w79DziXpDNmS_8_j4zkwVaILuNbUQlJp39YzSmbJHmKroqmbegakLid2L87e00xanRg,vn2,sea
wEHG8778HXJ1GJ2VKUVrBDtvAIRlXjAuOBR_Jgs7vl3lOFImyzcUfWMzbVbg1WeN3jN7ZSItJDQl6A,euw1,europe
itozRe0izQxuKx1_NzQQ4cwLLK16-4IV5SUE1fyJmBzZQxXL9ZDaBRc0foxSLrg6TWvwfg4YZrqd6w,kr,asia
BTXKsDPBkbSMhWzcsyihlY_mG_okaL9emCMN5vckNuPDDhpgpxb06EDMjrwMsY6pDi97AwWiHNWkcw,euw1,europe
vC0hhooqTnADS4y87Ph6Kpf8G5GeQ65mtqz2AXweOVRlBcWWbkn8p2HsmJE8MZH7YvyQpAp5chvBLA,euw1,europe
APeQD4SCXZbsnOHZfyWh4spyE40Ow2jN6RzDVs6Zt_LVtfFOPpMbuZerZmXB_r_-mskpf50ZjlHbzQ,na1,americas
ELT4GjrRvqm5tCqMK6GOtmnZl1Mqd4WqxB2GA7kTVOB95-Kt2ED6j_djvTBV7QpRFmkJ3Ckz6gP5Mg,vn2,sea
If1GHYYz6wzO7aZPodKlNtpMALShOA08n6E8ssUL-fV2f8R0W19WFLsjt6bvMlL5e2AZIyk9K1Z2nA,vn2,sea
x2JTj8JKTQTUMVyyID2snwlMJUR9cRzlvgYXrLsyAS6hs7Otl0-omZpKs5Kxc8p5-3NBwb_Of2H9dQ,kr,asia
M8cN0bWNG_EM634xz9pvSriuHC3mEO-msTSdR43cTH-V57F82apkY_VVWbuvXXFi0QT6rqHRPXU5jA,kr,asia
UfRculHAVbW6LCKUOR_o1dVbAHEXqocxQKeAtZuaFpDlujMBDLHs2zKCc0LMz1xAoT5GmRJW47oi4Q,euw1,europe
06eWUdyi9IrVnn3HEQm70zjV2FH2f51CL_Srdd3cv95NHdAMl8ZNbH3vvvNVl-Iy8p9GxCXx9WhFGg,na1,americas
wWEiLkgey9v6RrLbPXCO_FFx72tRrG9NwhePEZ01k7njb_KORe8YsTe1k7hjFb91xii1W8j_GhYa9w,na1,americas
2e58CaHzO3YG5SWDvBU39nd31FOuAX6vsqBkCvoikIoJXM9sOR12ZCEFEYtW819pMHVspsMzHcM2iw,euw1,europe
gCE5GVn2kZayHHWbysv304gifiqs9nYq5dnLkWKQiJ8VAPxrBkrvHxKf-mqQ2kUulWRpwEAAEcXQKA,kr,asia
0KeJS-c7s_L9NAEsBKySl6NeGOZkEejqSeyakbgtBMfWnt8yzNFqogUvtmZ0NX1sm6akHgL0Zh2f8Q,euw1,europe
E6ybRvVPpmNdgGERHk3tKl_b6Vy1rFyna5BLnPNLGIWU2Z3zqs1rad8kDb45JUacVWZq5usER8Z-kg,euw1,europe
CXZGhGS_1ey9WixkSYRGsIxW7Su9M0QF7ZQ-LsdWniIlRsM0RFZyDAmPA1fRBCZO6zYLdnA7tOqGeA,euw1,europe
6rfk3Th7Sb0E4mSt0SVOdPakCDwEDaP9NQ3sQI4ZaWcjMZTNEiJCQD-WFEQjoxtFSjU04J_juehtXQ,euw1,europe
gvJy91hma0MFCjNp_rLOCoUGbvWoHRsq0he7sw8CDOAhG6J-BYUd34GPFHxW6tkPqBIG3Cr4aCZzQA,euw1,europe
WrwI3ihwm6mnLVT-VKvDstf1DfJbQoYImsrHItQhAejRxBFaQnuh-8CKiZ6tN7YhPsJDbtIpipVuhQ,na1,americas
WXYpdcBrXbuLutzlM_q31mR2wjDZ6rcBsrqrms9FdCa5sTAKOtn318dy_NdpON2IvMTMS3pued3FXA,vn2,sea
5p31eyHABIkcwcFHGd_VYQMTkGdqmfAck3UKMaSZRFigZhWAACicFtuNuvakzUo3VzODfxLNZRJY7Q,euw1,europe
A9I-gbnrilhdAmuunI8z4WjssiZIG0eGgl1iaX88GzAT20A5_WGxB769TueC_PplVbhp_kGZHti8dQ,vn2,sea
BHxFSWArniSlG4ZtYfLh28fMwmvKTkpNVc9Fe7CNScSO5NocZfUYLphLxgHDFonafP4emJnglCMMqw,na1,americas
5RuJ2HxqNS6iyBD2yUSRTwehEmUGe0QwTWndrkOpXyh2X2mtvyPXaTNJJOSXKBZXLwTdnLG--U8czQ,na1,americas
CzMnwvTTbUqm6spjpFemH6e-FL4zGs5WmpbJnGpnWAz6n7vqZvijt_QgKBUk9CjTr2sRpRApMJ6xVw,euw1,europe
ZDUahrrWFdBWhBKuh_lADGP8CYHIVMLpSpezVPrzPirctgEpdTufpWYz26R_DriS_GFIQEstg9R-YA,euw1,europe
ZpW_b5S06IUzNFtPyJtC9QF7rCK7Gzcs9Hmyk0iFmb5oDvSbqHOi9B0bul-UKfq_ekm_VwVCPDuuiA,vn2,sea
A_PGyV6wgCT6zWQJIOS1tEqkeo1MVWP6iKO2_uK_uezVUyp0qRiv8Q9iZcsFuyriTWTFqX6EmexW7w,vn2,sea
dqcTB15NQTGYuG2WTxD4qtSFaLyn6xBC1nYZhYi2HXLhLvzQMapVtdE1mq2OVQrkheIQAiVqCRs3wg,na1,americas
EPwI4FN4dKpDpTNCiGQMA2_z8UWdJi0LZx_xxYGf9qE6muIixJhODnA9UzmxH8shGCS_ojS7pY-FgA,euw1,europe
1_wxALs1yGj9mKOaVJaRYbqrIOEpCUsP1VeYOSvQve9qN1cuMj-mjnOYzexWHkl_bnc1DErfaSLYVw,vn2,sea
XOtdT482UYgNY890_IL8qRBMQo6_AGqZ_7y6gvKl5Xx2vtS11VHz_8hgHV5nC66IDYxbCXV3J15WoA,kr,asia
HEMQrIX98xPFqPuT5huu-dfwRNtZ9IxYIfECMgMcc0vGpF2FNC7z-2pPuDcjWtFa1-q24n3_9JkV-A,euw1,europe
Jek-hgXznSrCx6oM_yFyJ4l0ZfXsuFKFMdhMAJ8sDLJO2VmtuesAFUr5aAm1qj6aNZD60MHAkreQ-Q,na1,americas
2Ffopnr6_fP2I3qpFG93L1WDmHnhvjabkHKKTCdai0NyaKJTM21U0o9f7ZzhoxNMtW1qFdZeIGk05g,na1,americas
5beCvpEHfIVsr1kat5ehAIEI7BZ1Z6JemZuauN7tBX3hT2fichQfzyDWNhhEWAUs_B-Fouh4F9dRTA,euw1,europe
J4IoWwzSSurNvgMcHzPts5cq73msjSEBCkW2LNEl3bcGmDHGcx7kq0T8ywypmmTQr94weSlaxw3TKg,vn2,sea
J8tjqpM0NTCn8f_UYfEOq1Wkrmw1nLkS5FlyNGzsXUSDkgsW46BQkDVPOhGkRDqDmY_89MRoGabedQ,vn2,sea
bdtVS2jB6j91QPz0HYldt1p4ZN7oqNtGE5y5wo54RN6p1w-DRyzgoJwQToYtFW8lKBWBYPlXHdkeTg,vn2,sea
-7AhxJpsZcAvcMCZHbjtFR_t3I0qF0kZilVBzZeiQV_n4oEd71KZAMnwUzDLKKt8nMJQviZVPbRAog,na1,americas
yinRLs8LbDDZpS8ueMJJGhtcw6U26AEQsOCq8-mOtsqw6PoAYzw_mQ4cqGiSMbua42Vz6p8q4_GMLw,vn2,sea
Zmz9WwY1RNyi_hx57Do0s2sQxL7GVt08CrrhI0raw_SxSWAkq8sZ8nRPz2PaBhSrU9hG9CSvA0qyqg,vn2,sea
WRg5cH2-h2GtK4QLAzcGY1Mp2zepLCcNTI0fQGmzTsxMhLVR2Wqnxk7i21IH3sQ9_RPTT-KDb-J9Eg,euw1,europe
UPFxs9okCIJGOa53xAwKqjVoa_5FIDgm1lq8GmC6SOGVLZfPiPk6jpqm1vEmXvBQQgGhPT9v48v9oQ,vn2,sea
TIuWBsIj3TIp537MYsYeqroojLUoDSSoRe4pYEFe4pQm2zNOVb991kgteOw7DE74YlUlbKqUWIZiig,na1,americas
gapaV0QEtDM4Q30E72bBhS7y0To-1H_WYIgK-vZEvd94HVMzONAjSGwNt0EC1rnqVshPwW7oDC4aJQ,kr,asia
MzT-WdLKpbIOiaHP0nhV2kA20Xe_EYBbYRIXX78K5_0f3DGrxcqUWYNE1dZKWRLCSpqaMUSB7W3ZMg,kr,asia
HWUwJQsEa0eSz797KKxB0sQtm1eJzLrDv2qUWyY7nw0HlVHxQXwuRHsG-6ciCKJnV8Dj2-KFyQJVDQ,vn2,sea
zg8uIIbzW2UnJ751bX_8RuI1MTkgG7ffRknuOqGI-o25qcyXNKRFqXeaJAr345EVtU1HR5hGy-r36g,euw1,europe
A7pZbf6Q9F0n0uC3Az174EJ9sYIZmyzozuemb03HsTPa4FwJNU0kZ1uDDwEyKNuZadk-4M4y2O1t6w,vn2,sea
gR0HLwrHNvv4EMX0Gj-4f7Cl2bmxZ5X3wDeR2Lzk_94XOvQjM9MldMRHAN9ssXCxRsWK421Ikx0bRQ,euw1,europe
FxR_VK5HLQhf5jFAeoRd5qNZ5ceGN7D4Lhybq8-jvKSwanrmHfUq6UOXirBfALWw6W21Y9qWZG5LFw,euw1,europe
ZkeIm4dB4nAJx1D4-E-VIxXYV3aoMbUe4eKH_CciZ-0CIc769rKYxl81mpljM0I7FkMgUbtVvrBZqw,euw1,europe
FTFJrqu9qUxRNDa-MLM7GMivke6GZJqsRGfJMzPgtfDMankTa22o3zrg0Hy4hw5vPXGWevLRti7iSg,kr,asia
bL_pJAGpgq0w_44Nf7OtZ_V-kvglUdfYJiBoiAfgzqGlJvZTcDWl3-XOig9C5D4ewA3gVbyTK3bGqA,na1,americas
3u7c3vT_nPO854Lv1uB1C62sPrhXy_Zt7dlKUGxHJEaCFI_52F15vnJa4FiIcMIWFdh3LUAkL1AFZg,vn2,sea
kRjfx4oSEym9jccM-zNygTcF380EIUtGCnFgSXulJf_krDykiWGBrfi5JW-m52csqdD64Dpcv64JOw,na1,americas
apT64lP8pM1KMxj5syHAAa7apWEs_BNuM_i8-Tlhw8UfRC_2uGWqdG1cK90vDQh_Abgb3G8DRSB-fQ,na1,americas
MfcdeTKmgqrgQToOUZl9aEvIgMtdTVSqJLR0INI3UKBq0jBay-cwinBjRSM_Twkqs4dSj0gZybvitA,kr,asia
3gWaZDE8ouwoiPHqkhJqqkWK7OXGRuqqcc3LV7yBBZMBrnPCsGoYjpCFsvv3wGKEKkzcsTDOvGxAAQ,na1,americas
7RJJIQe8a860uZMhfpm7ZzWlQl_0Al2wsSe1vzkIWpinxvbfXyBAM_g2MmYMDPnPu9-VnuUGkQwE8g,kr,asia
Bml57Ht7dqd7TG0axkwrQqtfSd9GsmqJsYNob9vJCYbMARgivDY0GKO0nfTIM_6LHfjSD8uqB5mZVQ,vn2,sea
Q5uIg8qvYa6n_BMyQhZLY5FzhDNGzZvSiKxABDChLIG8H-1JYr4gDmroDVBjPKRwl0nDiHpsxkzUaA,vn2,sea
Nb8gjM8x3tk871sEYCrcDK2H2yFNB3pSoCBQCEx9XoYY7Pmbygu6NamCSrXOr_FT5ileRtlYUtyxBA,euw1,europe
EbqqM3_g_iriLH5afYeSkekl358dLrEF51m3wSFwo7tEEAMCPC07zWb2frzhzCzuvomYAaPucLe2sg,vn2,sea
vILV5cIF5-o9dFlGXN3xkfOhrd0nbglC_KVR1PQ6RKVqhNsh3m_EEDDLF0KXeEC0BrH0GkcJWBttDg,kr,asia
PEDmhn3XKGRL3YUUa_ObHRwHqI4lCZcTHaWzmJWCpqqUN3ARQVv7THo3MVfMEr7nTnu1TfWfQtaCCg,na1,americas
S6yfcVoNq298kqVVVUxJZMP1eSrPzM_-qGBmy_bjY54iTXnxi2zFvn-AtnDS4c0mWreiR2AvQlPQuw,vn2,sea
gUc9k80XCgVj1-6g0iBIaqQMweN8DLcIxyt9OBLTmNzsDgS_Z1FUKTWbTSRZ0kPth4S5nqMxqtxqGg,vn2,sea
dgQuJsjF3mB6z8tGAEXe6QODWOuqfYsRW81Lt-vXDLXlETJViGR-k4FoqFs0kfhVJwHWgd7Xatp-QQ,vn2,sea
fXnZEVbQK7icP0PLnA69anAhVG1kBpqYc-WQlWN6p0HaGaynGhpDeRYDauAaNuPsXnfoxtC2pxqb6Q,vn2,sea
cymkwq77WX8ihxhQOsxcuVFwIzdoASpThGLSyOBrYyCyqitr8_aMhccIvB2CCI66OXYmsXy-4vnZWQ,euw1,europe
OLjdJyRpI7-4Fq019hT-KuoJic5_cnS9YIddon_xURnKgLdFCrzNkR4vCOfIpFZS1aUZKUSpSBkalA,euw1,europe
KqAVMurc6MKxEu-WjBhsAOaYgbonfSP9Wyq__1VNvidsO1CLoOgjyaT0XqFUW2loh9wFwL0Kvxp8qA,na1,americas
5brwCsnwa3FEVykyws7h1iDOy7b-CUosdTz_iMiqWq77WFkcLv-SFRBAlkFHy6IBNvkkUxmeYQZAFg,kr,asia
TGOOcB_-5BUjaKxZE2HJmXcDg-F-CZZs7u_diJjIMW-g74v2Z2GOJ-dXh8UXYW5t2CAsQ14JEcHkrw,euw1,europe
t5qD7vQ_qnzxHJFDNg2FQW5p5ITbpRZndwAa9IQIokfGnrP6Mo_YicQy73VX17zLxz9hKKieMfPWTA,kr,asia
yntNMSgYrzsgVqdVRYm80RsAlzHldzARtq5emVxAF1GjUrTNK-daRgr81NYxNjrQrL8ngLtDW5fs7Q,euw1,europe
lvKiORFHFekJNKYK_CYFHYnNpYpKSMu1BSJytkkL-Rhh3nP998ni_I2sLzdjDgosgK2DIOT1qp3AOA,euw1,europe
nQua--4yi_32H7xoV4xAboZhYSWvAPPdQzBSIzhFoska9RTYd8am1tLI4I3Bw-Emolba_wese-K1xA,kr,asia
E5vVg0k9Txm3kdX6x_qqId1V1reSdk-oktrcIg6lqYam-8vY1q0ZgwH22nrCO655xwP52lCYiDoGPA,kr,asia
Eg8rhEqMQ-4iiZdRSkcmjPKCMcVYiacMfG1UFSSTumbILKlBOdNxfJ7Dl5yI9japoHVIZP3aEKJzXA,kr,asia
ac1kypBToVg9KjR0JMPV1YrRcZvVs2iwO8nHxeiHPHPRd28573e-Oqdki5oLZcTLDnmKDTqVS1Ek9g,vn2,sea
uaPQ8-iu3r7Sy3KIEN0WtbH-vUCOxw9coxRbI7wWaghHnlVlnwHLQicu1hO06955C50ioXxgKJnNcA,euw1,europe
TUt5CbUkVgrkysnaz6JXpdjJJCGIhVemtr2osLlMfVrLc-8oBPJw5iZPQueV9na7dtEPRAIepJXZLQ,na1,americas
hJdVNz4IDM5C6fMarW4CwIX1IeTfUHCSjFTa9ZwS7FLsXBMweWbJ1JltrVsUHar70osTipvlRWOPNg,euw1,europe
UbeH4ukGpWbdwyvad-w_Ng5-cTuln247Vt8fmr7GQId6lLiLgmtNHxYFXHl2TGy6784-PBVhTX3FOw,na1,americas
4EL0PYYSfiV4fTxCMaawmyXKevzV5PNnhh_lqTtFfiCtvhOWs9GPcTJS7tqh1X4CwVzCqmkby6NzFQ,kr,asia
J3De9uTgjuF0gnuSm1enSjZnwXZmYZMUnhq1gheerM2r2BMp4n_A5qX8JNTvxQOYM_jHnMgdGCHy7w,na1,americas
kjhS3QMgh-5soyzXEfLxa1vHKhzploEYOA-qw4Sd-vrzWKy9xgQ0_bFGnaJtEeY8kDjKGlLipf2gVg,euw1,europe
EVSi1K1nlVyTWiWk1PwtEo5FAaaClabCWGI2SuUImuL1uBd-ihvVFtgSFTU1gxL8YRLxPSsO-mogNw,euw1,europe
zsb7fYIvLbCItn5xbwLwQ61ycccqyb2YNlkQHwYdnQlmfN_7nr9v75tdTGEZgTzHmFPKEAhQO-7_7Q,na1,americas
LdIUvYo__F8GT2XPS0DWzLFRThimIHbKHJR8amJZu4H_zuEy-oE2rMlXkO_tT8onMgljiyuhp0UMNA,kr,asia
ijQ4mQBUCHEJvldAHAQQQsLtHoRpxLISk7PwvTfTWfDHBaqbb1x_LH0ClRiQuvv38RoQmaPQjaRodQ,vn2,sea
qKJBK04ZsBloaCZ0dfrqyTT0VXYiJMGG9S5ktdOcmmLmWLSqW4lv_D3vfn-prS0Dg946yXW_GGsqag,na1,americas
KTx2KLv-ygfBYNHrxdUGnLCEA-gY1MWawMtd0vR7HzF4aRt4Pq3-LyH8BQaGBSLhMP2GxvFSlI2-Jg,vn2,sea
icujicv_Cxy-6ZZHNZRS6dI91Cp9dQIUTMBFSE8m19AySuL0VT_olrI1Hbgv4So_lX_piiZ-K4pD4A,euw1,europe
10rpGNgUFI1jL8uU2_tVJzveOqW-wukamCEIpfiHx4wjSE2-0nQF1ocAApOd17ESDhBzYwrYJEB2Sg,vn2,sea
RSfIxy5YfeB2QtLZlH-kJ8XDa0PchrHbKBH1T3caFdu2aWokNQe6udyVXnK73s69ELttY5tjvbcX8g,kr,asia
fgD3WW4ZkmsumB3cXkvi_NP5YLD0vZfSLqSwuFwXGAtlB5X3qUaXr85-5RZ09ulBFHZJBP6FINdZNA,vn2,sea
aCErKRUqQI5tv_JhHZqM_SKH15MYQ6haQ-85nK_LFg_nVs_ow3Y2meZ9y8ZAxuNzqXsTs5xdLoPUBQ,vn2,sea
58d01_Uy0An1Sst8Vos1xykedGIpmljkITgBFdJcbBGQy_HWFfKdy42Ugj7rIjgSk4qCuNbcWpH4UA,vn2,sea
Z-TMbHqvXYG0pb3vSetR2-HC_ejMcPE8QlBMRufJYsjG_9nNZcWib-BcuTTUwAFbOKgseZE_wQ7DXg,vn2,sea
lkucO_no3OvvFtWhEl5iimYpACstTfyh5fbQTKQUg4X4tr8xs4MXe4lUrJzkpfel5L6CLpx8OBXtDA,euw1,europe
Q6zZPLYsLdWQsMt7tO2pOYy5Na5qhOv39JcmnQrKK4RYXsN8FHudElpVU9lbWVhsrbf2C08dyJHBmQ,vn2,sea
TaMJAMUKBR6YPGMW6ZHnVUf7eRs0evQXt6ceDjU0ljfHKFu2q3x8Sk-ng5e7vR1jd2rGiA-iYe2hnA,euw1,europe
e75uIoRW2-S0ESHaNk0G-OWfnSaFMH8X8lZHwl8SLbgkv_OEu370xvtHuaO_b7Ozmjf_xMxATRbfHw,kr,asia
i9jb_ExoVBlpIrof3Y1wmq3_9Yj1WybKn5anyichCDnnWeCAzIVa4WsOascpvPb17yMp9B8NC2O44A,euw1,europe
aBKMlvolUwe3H8UYQ9eWW_KGrM3GSOWehH1SoU57-VDpGA5GEvT2_NsgAwm1zqh3wv0onZ1nMvOjgw,euw1,europe
L05uyC_nhD7CaiO00gxucJF1dHVtbh0fE25to7vV2XCzD46I-AbB0rRD0DTAqCu7YFGiOu77Y0y7Yg,euw1,europe
iNIxTUft9Na5QvD4nYUI7Xz0HyBk5vqR3EXCCIb-VHvKopr7L0vH0iIJXgZUJqPqwaIx8OlM4rLuuw,euw1,europe
FkP4HNSh-h_88TPseGCf5gPwTlBWbD8B9u7acnxhThH5VRVWC5VwBKM_GyIaCIDxS_OCVFElaA6Dkg,na1,americas
6C8ksC09WZMpD8KsnQ3MuL4g-rDA7oHvlFDVIcjQ-wcGt_ho7_nG-uaWYFdt70zNtUbEEOsclkCXrg,euw1,europe
IP0X-qllfAfbcWJBKIjPrngDyw1lCBnDuvHHU0ukEC7gX59bykYgHHbygoqP3alyyeN-I7H59bIYBg,na1,americas
5eo4JZMMxPhidZdV-fv75EDVN_CCN01ne36JxpXDsDmw55gmUKFKiOLUimcb3hAiS_bYSIawRuCGCA,vn2,sea
YbpHv1fj-RuiBQlCZ7cP0rEXP1dWJO-72O-uEBUMKaoSyCl0z3RhSM2Jz7z4CCf6dChC6tL8aCUDHA,na1,americas
2ejr--LeL0MWK9B4Lojk5_05xo3o-cNdZV8lD74C7gHdmCFKc-suOqP1zKVXokBYN-MoqlfqGprlcQ,euw1,europe
MY4OqNUf5Qlzvsx7uxnLY55w_y1pv3clmA2XGcGFUj5MoqbYlszfj71FJqj-1XBn8GMeA54LeO4Qkg,euw1,europe
47NTi7eay3mvCBM8VCnyjq9cOPlkOQABAc0UOtPLwsnvgcKGdy8f2AcEyToNQCEfViK-oJ5AKgeH2Q,vn2,sea
Of6lqoyYZKX8LAgn039gYDN_OXNrq0qaC3acHisRDjv8PYkaXf62qhVilumTF6sjI7z0ePi7ksaEQQ,vn2,sea
x4dipBdaBqe--w65gfthRnPuGaI7MY95fOjIR6OWaMd9k18jnBWhAQ20xMtbYoeURwP9vRrYeXAv9A,na1,americas
c-C0Kxh0N6LaCKOj6W68iJGHbe-nopK9cs8yvAXHNQw6zk542bxYiUVzlcNRI71TDkhfg9Vul52XpQ,kr,asia
wi1EoGsNpiv5kO_Ak9qVW6NY07ULcZmPw02kImpo94Sf5mljCbZbcrgH4loYGw4d5YUdkDsmLQhzwA,vn2,sea
E4srKQinPCdTHj7RMnzlhe8f2oFLgAug062EJPKupIXCZ3_ezgPN2Ob3_V7IrPKUWwf9Dh4BIeyvhA,kr,asia
sGBvxEYpmoGHzzGWXOWI6E2VWcZJ4rhXmIM8Mt1OT8FC6ERISmPjX4a4aJdkQhM35TdxWFqsQP5z5w,kr,asia
Njie8_FGd-IYGpxHlF1uiH3rI4ZxuwmQxyDJL_uh-Xrb_9gCZe7yqVsCOM3xCfAJZty8DUyHJwiUyA,kr,asia
m-kw1AmvA_FJMPBgY8TBpGp8Tn8sjixnvNBpFlpr1n-MLPGkE6LA-H2ojYekmIByLEHASVxQRTyAQQ,vn2,sea
YliHnhF_D-5U3DNw9g6JpelDNJfY4b11DnDu1fV9pTVBC1xyDknCxur00Rnsuh6KheZGqP61LYOohw,kr,asia
08P7C54uwvy99m6xSYbETDonRWPmJ0QiLt7fKTX5u45wRvG_kSS8Ot5UyO3BXMgTLXoiIdd1uP-Y7g,kr,asia
kFVDwsqnISY5mUk_sCjpav-ujqJ0paAekdrKXx-VYqXTQxL9Abr5w-hPkLocu4gWDcE4UlxPjHKU2g,na1,americas
byDQVuWHYVAgvFGBKRWlUbzwHqj6hU2BuGWRKgoFo2cC2ISGNyDlyAMqZQG3TP1pv27_SHphzq2ORQ,kr,asia
tVX31I8ApwzpYTEL4Rwi50Q6kYB2V1QEIAdOwQWEznVqLnQkiiaBnmie7DBr9uV5T_jVlpghu3t_Ag,kr,asia
OLjN_eXdAu4Rqvv1ZUUc_GnEoS6t76PhJ3-kpVzAZsEBed9wji_P1LQhwQLfyvQT6aBY3HUsYC94Sg,kr,asia
4_s6FzDXzfa_5bV-oBot8umcyO10DQnb0gEvG_mCN7QJRzmJGM0BIn7EP32fPdFp6SSA2pyhY8bUxA,euw1,europe
pEQhMVmu39B6BzzpUJCH1HRrRcMO9o6Q2KSEBkHEVK_h8Q9MpCHe0TFFKXaVYvVfOjLgdLVNcT6hvQ,kr,asia
e_zlS_L7YMbBaI-dH3CclP-2ltkS8ZZ0RVHurMuvYSAfbOFdrNnUxvziQF7HesfW27kJqYDe1TW8vw,vn2,sea
aBXgTxw1SOVfTPS4SNoTg4hxiKB_KhOe1QhZPinTpV0EJb-D_XFmgOAJi6mZL7UIJP9prwo31qhNTw,euw1,europe
oc4I5IiGxwabFVDBMkGAH5NRs6XAUngxNZ5b_qjk2uSFCEOWfpTLZ-tzdjUfmKmspWfa3f2vnjWx_A,euw1,europe
mlWDhcU0weeKCIw36T3ZVGg_dwNGgCpF2m0SX9ieIY3uS6gHIggGizdRJk5wc8MGD3hFPjHDGGRE9A,na1,americas
A5v58HhMemYUbGLdiB4_062d5KxFSqNFlO--9KqGAo5LyAE8da64fGj5x6mkkj0gpT4JYf7861_gLg,na1,americas
sqM1ZBdfwgV4TAY7of3s9MTwMi3KlDhdZ33GBp3TLvleLEOSKkJ_rJjTEUai5FoLt_LHXTzGBzkDyQ,kr,asia
jM-o4Ft2jQi-54Eu4ExWTbxK7fC0Z4nExfXvtPdwJ_7qQuhHKTkDBihZrVEYSPXeLuNDIs7GLlMVNw,vn2,sea
pxQyhKNhmJYxjg6XPZ41iSMNcOHX4lPdYzX_7Xb7qz2C3_Ds_1-5ODZEVR_gePfKjXaZ7ZH95yuKvA,vn2,sea
l71cpDAZMfc5yeEv8sDiRzk1Q2JxqE9opKhX0PISyYIVGnQ7Iqc67V_VXfjRyAGR0L6YS1sTg6aEsg,kr,asia
1Xk1jf9KSjjWNI2oB4V2sBb1a6-_BtdLjuF9WapYJpxOGJAbSVVy1AcO7aVK8EVkpIdPQfq5hQgsAQ,na1,americas
BZROiFyVe95CLDnc0cUoZlcVbjNfQyHjNoEYCtJ57PKru8ckb-1HXDufnYufB3S1I6QiiHMYwFEi4g,kr,asia
rp93TtrcIY1lgxf5JmBIJSoNPUSIHsPctBzk4Si9OHz7feXEobDQRIhJZBSOEiW-dbyG9-gKMCuvGQ,na1,americas
Iw6CqeUDPD6mSAuTjjW87obJKz3cSXk4GRFOfH4t92OKZlB8rRCl55PKU5Jo_W5rV3rdCsxBlecdcw,euw1,europe
h0C2DBJCaUMansb5IWBSH8Y5RKg5yDcyqyUKadsWwfUbWD_SAnWnRzvYW5c2POLmP6bMuZO4YhcIRw,euw1,europe
UGBv2Zh83SsxSVcWCnubiJrXh8aJmAg6hTFk-07pI81u8_yaP-JognYWHmaw2AnmCMifdwE5Dh2xmA,kr,asia
KcMFSFwDBLVksUKc0nbe5lOyGVuYcW8RJW81uiubc6Cu1UGEMxVnId_W2pH7rDBASBKYAOh_bawGoQ,vn2,sea
2qst20XOqFG5YgKVp22DKVh1Rtr2TDUSJrGHbAFAb_MuPKTsVfo1pc72jp5C9hcBCZB-x01jCq53Bg,kr,asia
wDuhhIgpCnfal2KCSERejNrUJfkmhtl7Kytdjz5Z_7DgSIlXIf3A3FagZW9CK0IRKgWvji4ULD74ZQ,euw1,europe
qVzI8mo_RbUyc58KO0yWn-BFxzLD4dHEoTJtuSNIka5PQFpJklwb9rszWhkv6e9JJbGaaJOl01h1LA,kr,asia
dfnWSFkLMAplDBZ3WuIGaHWG_WhcDcGpMCNwwJMCX3rpdmLk_l0HVFKvU8u6z__-D1wDFYMigZ_AYQ,vn2,sea
VrGvkl6bxh1Rc0VXGlAnaWK8QJECQVYfdnQGb4F3PhIlSGEyJ-xggV4VoGzoiZ2VqOzkLJ4Uy_Htaw,na1,americas
4_k4gcsnHMxjBpS_5lzQGuJzjXs6roZullEyC3MH37k-JYRq7SPrZIl6QJim_fgpAyQ9o7qpxgbxTQ,kr,asia
R8pRa8a02pMg2qMmqF214JzDSa8UaZFnZAfIYcIWprYbb3ZQ0zgYfTBeOIfBRfllCRzvf5hEP9v69A,kr,asia
Y-PWSjVzrH2db3PZ3koLxKJ7U7kcVmCk03PNXF4ZkrKysgiyKfH0Ixv7JGnNtQ7j1DrgZEoxSlp1Qg,kr,asia
juZ6AxG0QYZsAXgOQMiTuIU2KkbSgsX3bDxIm8aZ-tXvqkej-n_LYCArs_saCvX6oIoTdDfdHQDV6g,vn2,sea
g9Qc3NBULvY-7yXrV4foRaZiHs-wbGOUQPV11JBjKonrjgnclWZEDG2GE_N6DqjMRP9klK_GQchCng,na1,americas
h49WiqIGlv2JHzennotMWzYwyY8wmvpahVyZK2XvqfdZbguq-jCx_-3Jqr9f0gLI3aS1lVgZqwqGAA,kr,asia
mBv_8Z3oitRhzEE95dl6iPpPQyldU9Nfu0r6l8RBWmxP1f-h3HbZXyVx1tGsLmSRqG1hYnhe4re98w,vn2,sea
fCLV1mlGhazE3aKTlC9TVtrWukNFKarty9o-XqG1oFos4_KPImMNfulTnWcoZbyuJwV7u0yIszptWw,kr,asia
tmA3yUddoIa2BgCwfyoOCdesOtpr6GFvCH7YB8XoCf58A_1SSyAjYvb2ytqTAzyI2_2LhofbRGZAWA,kr,asia
bZY-Acb-gHRT1ye-UiodLqR3wEvaQjUbCmqpM-OCkC4tSkPROA29nlvZRroNOhHCwDu34jvfjXubzQ,euw1,europe
jBDNY3Sa5fKoiD9Cs3hkCqbVB6H45c8Qu4v6ZeXz5MrnfXL4w5qNdpbWa3gfrGZssc9XszT0t-9r3A,kr,asia
ghEss6sjGdasFCUXbDuz6ag60aXPrNIRO2_0CXMM32MifCyKfBWz9Lbrj00b-9IFcN0J0vqwhDqCfQ,kr,asia
5nQopLsYXJ_QBDk0Z-sBtaK5YK7ItfhTygWChA9L8TS1AKFCEeQHtXzkRKt8uPhKDru5iNs0egUpMQ,na1,americas
PHZaj9EHrBTHuIHU796ryRIk7WldZBbRy6VoQ72fMtBW3HOkstX4n2h2nWtax2-x__YP_uCoVFhvMQ,kr,asia
JHIW01Mxqc6mFq79lcrvE5YhUw7JICjgCRRf9o-PFlkr7mPMQssHyPLfF_mFt5rmyLRqk6WTs-F3Bg,kr,asia
bP66_XTI54jiGz6qS1sONWXZsuA4vfs_3goRkwnMT5HcrlMiZ8bagIIXwaprgJHZSniiOqkAN-Sqyw,kr,asia
6V9S7Ca0oot_Ls4_t3x9Y_k-GHP5yN_8BAeylVGeAzVu4AHB_g0sMuhZieuWQb0-3dQGSRwzi9sFfw,euw1,europe
PrKTyoAniboYTF4GVcCk39UxMNrC3TeVuqyoZWSaaDC9w6_hr8aqEXdna3vQjXBbNpwgXEbdatGyvw,vn2,sea
9G1Qy0NYxgK9o4PAH2HzpjW97SIzbmvhyzv6qcidupcMtBSQist9RofNHR4YZUouja1BgLawxwqo-A,vn2,sea
ReZa4ZUdM9JaHaX3rwb_6hRQXE2XINmdCk3XocEDAEvz0zvlGnAn46N49n2OKhrS3rfc1-I9v2YF1w,vn2,sea
Q6f6lZ6ceVGtPuZnSAeVDrGXO12rnl8AmI6aOI3OhCyyBsGJXDk92ErTXiiegaygY4-v7MLuNGiOqw,na1,americas
PZ-hkoGiJiBN19qtWmeP_jfoyDPUlvB7H6Bq0JkeTcwilhS_diVKdCZ_9VKsoPLgJFTUmpfTjQJ9Og,kr,asia
afuCrfl8tQVfUu2xo0aoA8zpJRsPS32BMnYtn1Mamrel7ozSzi8jS_1vFpRbP-YsEHYg8Tar4WNDtg,kr,asia
GvXXfdOtag1lXtR5XhAYxPwVL29z7JYcoNbUZtZ-dV2cDQhFCQeEryUQC0_Ysg61usdfOBn5LBTsMQ,na1,americas
itxJgf4Wf9alvQSr8f10co1dZsNgHlnSVyqVWztX3embZ9f3iPqHqbA5dm7dkJzU_OwgEl3gt-jZkw,na1,americas
ESNszt2ANApELVXEKN01GMroNAyxO6ImwUeDB87TF-pAslW0kNGjz4SE--jp4GK-_Da9sNo_XdcQrg,vn2,sea
V2wGWwY4VDuAiU457r6ThRvH61He6iKsBNCGa0YRDhlb5svrkiQc2MHHUVSL6ssOu4EN9hqZ2I73fw,euw1,europe
yIHf3Qix5PJeF315d4Vset3LQEwALJxnQfFRAHWTVQURugYY6v7_h5EZ9jBbdHzkoi8TXOfd-g5a5Q,vn2,sea
kpWFZOJbMusQzXVYfgZgZfWBcWE3rerK1omCNXPSnj3tVsQQdiFtfysn_gzs43LbeMgONF9LYizhtA,euw1,europe
X1WkvJHskU1dMlONWOgBUHDi66Rx3zUcp37p_8mWWQMSW7JwipNT09cXOg8cjRRinUjfSDt8LIBnBA,kr,asia
zVtw6XHfrBl9WPMtTOml3T4Ofg__ChkumJkNxCTBZVsJCtcdtc7zSsRN42VA2kLeLmBTnndT9AZgDQ,euw1,europe
JLN3xBqPsxvP2AgCjoFWIfsRBcHa6DxnsuY97F-3pRPSussrPPw3RDng0XP-3Xzq_7BuRYItCLL-NA,vn2,sea
h5f4Jf40rxgr_2xhJdgsktEg3YXg3ORQGlEKcRcwqiFqTcJL02v47I9JnUFAkUBO2pR9V8LE-5vQ3Q,kr,asia
Uw4aAH8wPuSdL4eEdqAcbn4u4OOV71U7fffOTE0capOLCOFtI9HiRdGim9nZ4DEXxJH9m-ea8Optlg,na1,americas
Ja45-kJ9i1xf-1hfZ6Mcbf9rTeNF03tNE8xwCFyk1p6peXOkSHMGJ67DeWUqzW_-LluIXDVhe0Gaiw,vn2,sea
FsFJQmGZfQg0YBtUG94gIpe9upqFJePUo_UhgMIpDlPsvW11szRag9oUfBeluPGC8GYedaLdsq4meg,na1,americas
aNPVwj1JRqq_nXlg3utFn4gnFchSOh_aHW4V9eohZzBTnlTH6GFkj32tWOJzgOl3VDg2fyabSYQPdQ,kr,asia
c-3-2cIfZtdXMv6cBhK0mj3y7vQztCDuvwM5b6yOxEUy4k4DlUYjIOEfd-L6plvnedHz4Vj_6viAxA,vn2,sea
lDFVYVGYcQC6ydLopZslW3kan9HMDBd5A3vs8G-mlTnsouhRWosWB9XFxmHuWSSC8ENfV3vs5Jh1zw,na1,americas
49Q3GaM2oqcDjkk0I5Xx0_JLgpWCXFQFGHo-jIDwSE9urmK3rqUvXnicgd4udv8tSi4wRQHFCH4bZA,na1,americas
WKus-KlbLAAby6G9C5MhHAzJQz7OZ2Ch7sIXQGHvX_ariQaiHG8iBdinAWj6o_nyzJoqj6UG6rglqA,vn2,sea
CCSBo03DqxrLaROvHOt1m_Exc5UvvPVkWgpsfjW3nycylf4EI7CrIX4xL3QCmy-Xr4UYPvQqUXJBQA,vn2,sea
L9kxIBWE7y1libtQK_HINWtjTfXYbTtZ8q4ZhBlpGEA_ze0iBKBxcHQVNmqfjtYgj3fxsxaKsa6M5Q,euw1,europe
W97q6Yv5-luGepRyqWQOXV9nj7blK56cIA8nKEt_3ueNTqPfjsGMrgTsbfe_dd_DBoURr0uEDL_52w,na1,americas
vYcCPloTwAOvnh-qKlNSIjuH2gXQuuW2ihawZYJW_8sFQhS-xPO-H6JxkSO4epC65_b1KDLGe_8oew,vn2,sea
ufBsSze2E5RTYtZqfi_0-zmJg4dV1wY2dZzvMd6BQ5wWaaR30yb5sy1oZq1YCbLChs0FF9_Lke6Upg,na1,americas
DWLLZXtN0MXLOZDDQKkoK3HdVOOgYz2UeYjodH-5wCnphe3Tq3mftu_5cSHlbqNZnFYnnoSxUMkgRw,euw1,europe
2o98WKywcdVTWjgs7kZZq6yICijB5MEC2SGbAT5ztKe5-aXucW-EbyAJ_hPjdiy3JtGojhk0XyuSIA,kr,asia
e4hq9iVYrVkIPvacyO-4psZmUn6a6t4TU59B7ImHBrwqvnfqd8TX5A9yAz-6hMcfqjrwm87wRPY6-Q,euw1,europe
eRFfutgy7XIZHKjDgKO1C4SUTCIeWVvhxl11h2dGLGwGPMmjzs3ukcY7LkCRcjKCN_SfLHsSHKjlUA,euw1,europe
WlAzkv6LqlrMT9_cBK48lp8PAB-iBpgnWeQeMy0-AFPOQkuCBFEkaULZ889tqTxfil7KnIniJi1oZA,kr,asia
tkJEoDgkY8VyuaylaYAxgB8rplgQukHBvD3pPzwhzeRKEOOoOD4gjNDNTNofIQarbWvrZuO4pR6MOA,vn2,sea
YFLiHZTHsYtRAmUVt5Nd54M1uptWn744rVB1rHv6jVEZ2HvzlTXxMj-1JSZA1q9DrVgu5BxJE6lA0g,na1,americas
9X-VUHG3ox-gUeIbwqu3RXZe4G3iwkmvxqCzTJkPVU4KNCnbvzAV0ag3TmhEOOGD9XfKptwO6ysKhg,euw1,europe
nsGjOY2kJfG5kiWsM2dncM28bWVp01e9wpwynSBUMvOIVXhasjGvTOi2Ll0zeQrscNy08gX92JrNUg,na1,americas
Z3wiGVHUipyrR-YN2lRlEFb45QovMZKpvLb3wtQOOqsWAz-z_b6_iMSxGMfvRIJnQZWeyMb3Z36-ng,na1,americas
9f_CsjCP9nZavWXKrjmfPrywp8u-yLcGJ3Yrs-2R8hYR3dOPDruzuh7mmGG6ak9vXBGKQkNeTMhdRg,vn2,sea
zs8XHWsirJKKlkfLoDSBHZJovl6WvYfMCm1ocx-81BxjIY_XJvpI_AsNPGuWvoy7Hgug66VaBZE2ww,kr,asia
L4_WKryAHGTMydnEhWbCtvxa0fn404Aiq-TebHMudpXcQzqSncG9zrUXv9yPUKCcX9mphLsyamTMUA,euw1,europe
VyZPHr0b7Rz33RhmZh9whs1HR98k7FLuQMSRMuUjbNeYGJKQ-rYnKnsJk3uk1WuY7xckPbR_QnQzUw,kr,asia
zV-VqaoaxzKwT_BbV3EVdv2Tl1JPn2hE44wnvLgIaqLUeniHzid0qdaKfvRoDOb19haTOYoVPQdVSQ,euw1,europe
9xW62ypiggtVySaKSMdo-j3lOTQgM_qBXKZmURjU8mBXJMdQbt1RUmfVUJWJncvhy1URaTEswSRUGA,euw1,europe
_kh_3FMMuWWP1dbhJ231TLFwNnMkEnvQ-FUhFMKOy0oYKk0pywzoFKASLxjL7V5fJ99XGo0n-ljfdQ,na1,americas
sKarZStlU_oNX1eXSsN2D8QIklLpzBSfu01TChcrrLhAv215_fmceXuevL96CTMXO8FiPvP_QAJ_SA,euw1,europe
-Skjt6qO2jwDZUG37K_AzHtFD-WgzE0p53asfqOqKr7CGhXWQbC5RvUk0wZMzFCR2CSvul1B2tz2Ig,euw1,europe
fyb_1yq0rSfVYdkCRsRXb5GUIcANU2FeGrmnvdieU168m9UMBFznwz1vsDa0J-iRP8g8RVQRBRXrvQ,vn2,sea
Qc7ikSa9RU65bvRN5Ei-Yh149Lwq-9HaGbv5cVnpsVaToFjqdDc0TpDnySJ1p0_HLb74PnA2CjugOA,na1,americas
6yBb65mkTOkSQ4J-RXcWsALSZ1-vn4O5Otm7QV0FVJ8VHJDEMX7pNlFAagTNmWKE3COD-cS2c3wOKg,euw1,europe
fzTLcTKqIRR8vEdRHwU9Fyda2a6cXqOTjB6Pm4q7V7M0KRW5rbc1mapQNP4rugrmJ5P8D9xLh8EpQA,na1,americas
CeE6d7jz2gzVdwiLj_3UbSwBLXgqtsf5xQOCzMS6xymIYPPaPncS2C5iOz4zljBfuJ9BZzcWd9rHGQ,kr,asia
1uYXUfxyg6QUoO6US0c1WjjaUOPgARSewNH3K-M2JAOZf3ukU4yfQPMvqtFN3GalbsCPGXrZt4qJNA,na1,americas
NUJ-PDlvoDFnEGcTR1VfLgRxvQOfj0iMmfWRe2Ek_kYeTTAyCgo4sZvxFX1_As5Z3vc9nsEXDgEaMQ,kr,asia
JE5iLMGfuRcQpZcAAUIOZ3Nr-R0JFqwUQr_IdGDr8GeKia8P4lbfqiAbxsJw_OCCLwdfhQKA77vYVA,na1,americas
xg3OICID2ybPzfmHSpwZZ1lj2y_ooNHK1wRKj9xw48PMV1kLa2-qQYnn5Xt0scgjaEpOQxMMDuuZjA,euw1,europe
ribYHNQ1Uu7vW-KufWAaww7FNbc8pPVdLOpwOEFXpPr-1sVudRL9ORBPgaKsTOUVdf_u_9kVrxLHAA,vn2,sea
UQlziaCD44fp7WZ9x9OCafXmEaoPUq80mn5ib-8IMQeUiNiVQ_wBGx-GEuDwTv-R8jLkIx6FljZgPw,euw1,europe
zI2YUnbe4AmzuqowD8EyPURsJb6EJ-MKQG-yv9jQOShwSOaoOafWJHM4QrCDWdxAGzix0AKZ2gpANw,kr,asia
87R1nqh1s9zOEpcgdQENNeuG8iBHjjrD5w5J1KCxotHmKYwQP4_u7OwmuYiSIFlYwEqGgBtWNEz2eA,vn2,sea
mYPm4GAI7rfrHsv8d4RMbMs_-eLOZuyyWMDKA08DlTbNGXECVLJVapwkO8-3veaLcMNw-RxaN1aZGw,na1,americas
DybPiVIwTVXrSDnYQYNVLxSnl5lGy2IWBUCFwVA-ktieFUqF1xW-kU3dPWEYorB-Wwbo00Kj58g0bA,kr,asia
ViXFVyh8tnHIEWYXyAyr3iDzmgD4yM3BbO-8Wm7nZjacsqVzMjh9hvv5kcR9ha30xbdW39qa6ZuxbA,kr,asia
HPMjaHKCLfnv29GV880rA_C86WNkM-Fr0Vvq5RdBl1kSfKmbbILe1FmqvjAtj6Jcrvl_NCQL0soOkg,kr,asia
vhZwuPYGxhwsE_mgZn5DstXOS19By-nXZKdinMIDmGJ5A7t9329S0TyK4gewBLDx4uDRCmb8B0jBtg,na1,americas
EFnaSsoAwccdmN_TlF9M_MjKKChozPoc9XZkHub4dEZH2RyI6BABawFTguYKGUNA7xi-_1t4ZXEI_w,na1,americas
0n7Uy0dgVwk9vwwSw1Hv-LxbiPPGyiZGPDBQhu963_tmGZDx5dPGGl9VkIH_W3FMDWPGYlbXhpqPKA,vn2,sea
MN8AKPgdi5onloSLxMhNo7Nq1MFNe_j1aLwj4xTPeSmTMQC1Im42mrKuY69JPGn6IF0AY8jBsQ2Few,na1,americas
2PvvL0pbfdb7p2xpH8NZFqVKFot95Wx0lTWFbunJ3GbIeYHmkGAiRAZ5exd2JwnTtlZ219qryNw1Xw,vn2,sea
vCWVotRytMOPDsdA9r4-96j9Di331_SEbne9O2aSTM66ek3a29QZnjZjL4DnBfZNh-Q5KVn715L0lg,na1,americas
ad6-Wry5Y9WQ2tM1Er9mPp0tBVfX06c6KKZfBuy73yoWK7B4rNtZ1TbZ3Sp6v8URdDjD7KpUgM-tOQ,kr,asia
O0J5D_WsIUW64hrakpz1D7VtMbEy5tHelPQhoxS3eS6yXHLmYEZlfqMXrdQ5bVBMhfuYvAAYEqcYgw,na1,americas
c8qx-ea-Mx5GhBrlGbF8OqdVyl8A_H4tTX5_goGqpYqSbyhm00abkSwaCd53GfjYNOT53i5Z8ekMug,vn2,sea
e48JOKbf4o2Jjh7h8h7r4xFB77rmUwg3-mnagLjwkAAwyF37cZhXpNG-2dHh7gEP9-5kn-M_vB8tAg,vn2,sea
FRkzH7AAKMp-LmAa4rXqzVQcnkXyjibifmrQPHYNqw6SU-uLz8_KVlModQHZdCwElNUsaEldcVubOw,kr,asia
gu39K7MdCFjUe6jrLE4A15lDnYKYyjY8lO-O6hYV1ZER-pS4y8brvYtZR5mK_hIagIdfYFqe9qCt_g,kr,asia
IpKdD7nYYpTArLM4bXw7AkrimOInfpDDxwduofYykTsTO-ABNs9msyM4tJzK6Gcx5-k37mvvhDDg5A,kr,asia
aUP82FI25rll6XfDoSGG_RIVKXOf07oUDdpcdiaHklB6XQZC8skspffT_v9YfwGKAdfa0uMc5Gkl2w,vn2,sea
7hmFZwD0WrZ7M410o-S0T_bgM7j9tP3hB6ztoA23ng9ViNZAawFNcETGDFsU0AkxpLYASwihpK2o4w,kr,asia
3enpBUaiguIdelP_V2vXvm1P4Y88gsuJSOzZ1z6s2MScwMWzkIgMH-pmz5tKeu3UFY3K3FG_yx60VQ,euw1,europe
orh8_zaCf28qEBK4BgOU5oJ6VkdV8Wb8xLJwfJAgvRdhbpcwAtYMsGha5czV4B-HABBMnT6PWFO7fw,na1,americas
Vdoic9SkOUdm9O3CS07pDiCcWXqJMqvSW4RpToOp4EHC8ak8tC2M8hGSBRyz_OMqUyqB0kdQ3sJ87A,vn2,sea
19cYEPwifpuSZxcwx-kLOd0vhTb_Ou2uAPzSjAzhOCVNph5vt53svBCdTtlT488nyP7XAtZ0RC7xkg,euw1,europe
LyKaPM_sL1Onp8QCMFo8fh_pw8JDHkd-UhpLRboE3mWNvA9Wik4K4K4lytv2vt1XGPMRKCenDk3xHQ,na1,americas
sQ2fs_3YxclkDGZdTanweR3sEzGn-3ZV5t4mRJc7XTpZglaRJovaqa3nUHRuC2g_ALU5z8xv7U6HTw,na1,americas
v2znZ4z91lnfP57dr0q_o59G1948dXjmKTUhVxYxAVJzFH-KMVWL-CVOko-NxAzNDzYoFiEVN8-0JA,euw1,europe
U5y_wbzMNlD0eeT7cG0Tv_AV1oFSvGdzhic6mDbzReHXq_bBg30UC8T5xxqXc03sC0OLjt2mGQfVcw,euw1,europe
-HMrKbTPnht7PRcV9zts-YmaWANMUiiauCTtHxvE37rV_-xbcCPqYBVHRFA84cGV7CmFn-SJm09kzg,kr,asia
Og2uq7lIr-H6rIxXV-CsoZJoGQWfyZxXGwTuxLljBaj3cgJsufcVrFB5jVh-njRrOnq0QAvs06tipQ,euw1,europe
wUF-NkAz0UtUieOww5DCR-8_wHpbF8uC-K_vD40vrJAWcRa46HBwRj7wfdtI-mS0h9OY79fOMiEESQ,euw1,europe
nC8gRU5PUEiOcWIX8Eh2MeNqx78YooQEBq3LK9F3cldvosnOCJheLau0SnKBHM9j5lbp1pdIIsL8_Q,kr,asia
sQ-IF4BRToC3Spiw-OA6KvVX-tAFybaLr3JVUFXGdBQzuHJ-ZvjSs5kPLiM7K8DdsWJVblsrsqebgw,kr,asia
pmZtsj_vD_qkAdMlSPGC-0U65JRb3W3p1gF5Ym3dDrhra1m6sx-FQB-nIR4RVMSKS2Gp9jD7MxWW3Q,euw1,europe
6bRTaZszYFX4NtJfa-q1d6hVVg1sZzX_C5SqevnT_fdVNRPXWxWfQPSbQ5bSfLllqjnl_N_5FHj2pw,vn2,sea
71zwY5QgNrl7TePm54uH4g_2FaAop5gBOorvG-SJ0HjDfD01XYnjjXi4YK68nlKf0DTpAiTn2eZGPg,na1,americas
pyusat0IEccY4vMxOVDeFwmee59G90oBicK2IZbDCAT984AQ5LHYIh2wM0-MOEUSlATdZl95DaLShQ,kr,asia
qDtTLmmomNZl0eYjZQXKnhK0uym2HWtgukIGisS5Pyw7l-6t1N0njrwo55cpV3tJhowfX395quDL9A,euw1,europe
cXOJl-ap0xm81SAGWyOlsHyIShs35OrxmxX4JNyYg71bUwLA2VXHvWAl3w-MDj9d0hQ6uMe50Sgv5A,euw1,europe
3UlZrjqK6BXu2IYw0e9JO47Cxhs4jWsn5MLfCljsb0EgK5PLNTvv2PgLOX6eR-X-tbZWAGctVMcO7g,na1,americas
PjJIl2Sb1Xmtct8EHgWlqwRFpAx9y3cn7ISIA7YRw7QSSr5w6g-leIDk_mYx3Dr09vHz7OXjIHayig,na1,americas
x3VTdr1H9f9MHcZiZEoO5Gwf0TWzzZb-lIlTPH84hfcpKwsXLPSkBKJ_bcH8iX9yU98bRWFPLS7i3w,euw1,europe
AkQkCg7aQsxM3axgpzo49ZuY6ntAVkvqrs9przgNWf3AfchtoZ7lfQoq5zNXfSJLM6KvLzcOfT4ldg,vn2,sea
8bHktO09filpg1YSTDXaCEopdunpMav5a3aQBA-a0RfGKYL5LSYdmkHBztsenPxS3l-6GvG3mTiSyA,na1,americas
4byXRv5oRAzIaJVg6jFSF3sXHn1T-vB5ofT_og9UayY3oDmAX5IAwDAZPSWBOPUy-HGHforIosPCkg,na1,americas
8XTMW-iExsNBlStMn6O3sIxCpmt-GRUK2vCZaRegU8gn-eJvVGTAgrIX_JnDn0DwTCsaJwC0B65XuA,na1,americas
WG99ciTOKwzM1YBWJj3GMKaxZQEZj16EcBRHi1tnEZHUL1O2DKIDpCTJTsDJnWnUUHwipSo8ZFqgCg,vn2,sea
BJv_1OrQkiJibgpVLVm_vNjby6oImf39p6fcV8RM_cxWETw_yTmJMRnwboVvhZGcMakkGvrZNoB9RA,vn2,sea
GQXjTRwe9fdAWOheKpvJH95BvxDzAWjD02ASF0AzuOk0_XHj7UEG04_lEADidYfPW57lvra263xZLw,euw1,europe
MtiLSvX6FDfhSFGFlG5N48vfPHn00peoxMJYfkeadDkV4U20Qx82W4x5RddwzZld3n_Yn4whxsAjIA,na1,americas
xba7Qn-QspvdJlQ6HMnkU8Gu6ZWNiKIRrpwnRQ9Vz_3JLUdv-TMknzhMu98Dg0RQBlfyaS9cSzQ8LQ,vn2,sea
bcYlqr4XOp445RbEOoGZ8MFdrenprydggDZAHaal_nPKbpAeE97ZlC1utMZ8k5QpPcKdfpJMNJJYLg,vn2,sea
NNlckKsYxvCylCECGvGS0BsDn9tlg6MNWCCUH3qZ92tmYuZiI1ufwUVLJw2oWGm70-Fh7bqBrAnpPA,kr,asia
25nL3uE00fMqas5nJ-9iO6Uub3JXNZz7Kl-zMz2XpHhnMTuq9851yA9HYSzVH5Uvi1zDG6kRl2ispw,kr,asia
wiBujZCRaPzdJFUhup3yTK-jEQqmQfFKn3IEVmSPUwbp36C2otidWWANqzdc4gyt13asnMPWcIrx6g,euw1,europe
ZiI7lu6WwpfAAaw0SKfsoYfgArQIKQCf9zvxKM-OA8XzpPA0axyoLer49wpx_8t5GZ15daWo6hc-Kg,na1,americas
mMLlN8OZNvigqmGxuXAVZdO6JvQavoCLjsBmL7tz-p3OxN9ETZD1a-6f9EzHALm5KeK-hxHyANW_GA,kr,asia
ULKp98iR9RQA96E7e77ZYBxLk5SYCm0fa-oGd6G2CyYoXBUbuWQ8kjSwLwhtEkr7wGd8FJKmcUa9Fg,vn2,sea
ATFhR0TDTq8AXISoDkomXhzprEONRU63mgpUXefsDCCPKV60_MTpZL3_VUd3VNY562jguSOhK4h6sg,na1,americas
V9pyTtAdhTHrRGWfMbqQPT0Rf4YiVzvT9NjCL_zIS8Q2ZewoP9td2uIrEXd5F8VEE0QXOO3vr5Z5Ow,kr,asia
AlN-zimVmO7rns7pqTiWPkK9v-uqcYgv-vOF_2yMXozLHRFc_6EWHGSG6_Z7bZDwhrDw-e4FiH_tAg,vn2,sea
oBp3MyqjEVuX_QXfI_NqmAfrYOvnPmnYz4rMFXLFBLM3TbJ4vB9Cf9ECA829Ow4hEQZtMnhQM_5djA,kr,asia
PVY_1OnBAER3PqSY94xIur-3DBObxFpKR5ZVfN4Pxx9DIJvPm-QG5h-nJbGRl8FX7GcErXVogfoyJA,euw1,europe
oOd9X7fz2cNGps9-0lIIT1QTR-YtsbZbztb-IIqi3NKsCtvBDurmg7bOQOmgISLIDZ_z38Aoap_KHg,vn2,sea
uvEXQZxGkQHsm9IAtiacPME23gYFnjNTnN0gDzbY3-uZwC9bF2rUPnl2GIRhKGJE_rUMXtTvT2N_Jg,na1,americas
6fmssCkxnf7FEc8a_jof2e8lVm0Ere-ZxygxDllQW591Fk9e0HTbPICGlMQbLfzMuypJn_HExD3S-w,euw1,europe
KDMKpeo-zTN98BEcV2vqFV7mMcnbyqutYrOq6vwyKOp4luX2c5hf8jlYzjLDbOjAZj_aWetLrF328g,euw1,europe
ayk78QCPkU0mzzeTPxJ0-Bw_yE0pRn1henNpQO0KzmG9gGAWht2zUnBNV4I0sK_73ylukdM5AUwIPQ,vn2,sea
-Gip-lq1aeI0VlwhKO47OGZP-0-T3vx0R_ImUodQl39Z13LMlbJx1XA3UqTX0x2anRCmBa1oRHC1kQ,kr,asia
STm4yK2etgeIcLc_V8xMdGpx4q1xobHSr-6BpKl6EMQhsmFzHufAX1tOeLwqdEDxd2UnRj1_quVNWA,na1,americas
nMqGJ2Q3SHFciKytEwbXvzGhp_CqQGTgHUf3ekJxFbA5RUX56j66gQv5JXv9HK4b_hFumr3MH7102g,vn2,sea
KdgjTMTM-KRFr4nE3aNZfqwwn2jOIHUZp9Gh5gmqSvskWO91vuGF0BzbbC49aWw1hbrdsFwJJYrawA,euw1,europe
DnV5qgtQy31OJYur76VzZdXiV2bQXf72L1egubLERg764PiF0RrUvLJKR2l3tu4nd_ra9Ug7s7KX1g,kr,asia
fhZL0pN45uJUpKBdccgQ8BetW5nqm-v8PHxEjPK7GtvbybLQfRD006BaqZ5GIbqylnUl7rTHLDPEdQ,kr,asia
nJUmlOq2yozEFlHGDR1XESIO09KUDugNc8_7-PPJXvjJKoEcm8jDATzGX4px4J181lzJJD2Vd_lcDw,euw1,europe
3DEbwSHO9Y1maVCS1BWuqwTmNNoM1fxyQeC0X46TynY9pznJQBAgEZD4Oqc_0eCbBApdpMstsa99iQ,kr,asia
KBlG_U-srua_XyMDQBNoBmDkNiYI5ev6lhNeu6vTIMmX4tbrkaS3FjI5hjZgknjE7n8IC19QIZjfng,kr,asia
7N6hVDSkmiHUX-ZdghByDjY5BdNqZvhvUQGjQ2Swrppn96jwz-vdGosYil2GV7mZMpF24TqvzHC06w,na1,americas
O6J083ZVUiZ6EHFjtbDwm3p8SPW5nKcl7kNTfOVWt6QPIojz4l6NCX5ut-cDHeKxFw8PbsuOq39ENA,vn2,sea
j0IGLnjccMqU3LWiaPVKdHHq1Rmgg9UMzEtSjRPAmtah2W_36M4IZdNsAUZbAytdB6akNlO8lLWc2w,euw1,europe
tFY44105Nv3EYLlpgI5alQYIhG0ao89aHV3I0ikodhcPmo7NMB0r_wPtvUpAoICRqFFoeCs-wF8yXg,kr,asia
YqsH2eeI7o8b-Pg-Ml-UUiNKMEMeU65u7liIT6ciMJ6PWZJunLyCHlkli1HloyiaeUl7kN15j3cEQQ,na1,americas
d8as_424Rf-2jaTWdAYQnBCfQgzNV82_67XbZUoyYtaVVL7FK37Gi4LNnlRDSAoX-szeE7DjxvlbhA,na1,americas
HFvl33oVw1IrRl2Boe8ln0kC78kqvFl7n1_Axci3Vd1QqvV_JGzDr9be_erfUBc0UcAsB4NoX7LS-w,euw1,europe
eKfyQ5Lgu-1AwZWmui4PlEqvJm9_qlyfMLsMtFthYjQ_hnNw59BEC7hKaGWSCLRoSnbx9_05-894jA,kr,asia
VO2Rlpidu39kSO66Rl6hQKLQnZTDNMvUGBu2mYFxRdJ_SIgaO3X5XDKf_iWFrSgN692tVqLsCyoQiA,kr,asia
su4qaR6vFO8aFbg2ADHSMl9s7cZPjEVPPBSPMEyEyTdlKPBDZmBiuHBlStiWpAYHFlpZNICIp17vug,euw1,europe
GWeV7Q1xrdpPKG5fTr1qtKqOJGeCYUaW8JzRP8vR8T9WSA4VwQxxD8N_0nk2ykUwtUNeOWH8CadINg,na1,americas
OVVOeCbjANjYeHWDsDHg6TP1VOk14qod-uvLOJznjTZWMkZ7XMiC14FA_SPkfrnOjf32peUDZjBNQg,kr,asia
ta498Brki9SAFd6eY1TSkF5br6sv8lSkVaVnTBVTxjniOWdiceVgec7uxtTAV5lgUOX6X0AWRw3a_w,na1,americas
KmluhqqovmsCctMYGYcXg56fpMpuZrEgt5mLOGnaxJ5k_G3sAZJNcbea9Kn5bUp_NEfKEnUQynqHyQ,vn2,sea
YsGAVAXkGa1wQ1FK8ZET6CKh2CoWDpALKtO34tlgt7y5xjubzFStNtqVx8P7Zosr27f3-Mvp66OsuQ,na1,americas
lRrrXR2ACDgQjK2Sh5dMX5XZPMCv9CUsf2M_eDyx7sCBgqFAYOSFmfaS3YUVVrulcTCR4bUPQRjoYA,na1,americas
2emTpaEbmKnomFnqG62N3z0aXG1d3j0PZsrTAuVnXsmzW9ieI5EJ7Y6wfgtM6LAq84Mr8F5FFkR9MQ,vn2,sea
m694oHGOfRQDZN6XENQQRaC4oBqWJ-8fBRuL55jRX3SwRM11TOMafihJQef_cUIKUdEi4ae4MGlMTQ,vn2,sea
e2dNloaFX2iM7M9a-PeFXsoRS32u6SWWtb83oSgEU0KI4l5cMeZW9cKJO7-o7VAPQhDlwT3cNS_hXA,euw1,europe
Jy1j9283MTdmOE4WVS_BIFARsgtKhNCByBbRxJxDfbMYGMEtqUn1b9OviHriIDtkpgAiLLRNdZAcsQ,kr,asia
3SsPWhMqGuRBN476iWQJl7xxyqcMxzbi6vYV6mtW9YORL0WpdrsV7OmGaEG_R0BZYlsZdygqbbyARQ,euw1,europe
Ug3_A-qNGasVsqvTqi55y81VbpmmaGIzArEWTjJ9uvAg_0QU8kOMwYe8Ed7TsZXMcPIpEX8XgofEDQ,euw1,europe
LV1hcm4lhmX163ty4EzrZ91z1pDMs2RfgkHXT7xFYUdcjmzuBl6BDKO9ibxelnZCJO2Wb91PzKb7mQ,kr,asia
yqrl6HNlX1idpZh80OypVH92DB8UUVvru8GAEZ85JtZV4SzCo9qHQui7TwzJiTE72vh8FK1WzHldjQ,euw1,europe
MQKe9-SeGW1qstSgT9onUEKlFFEADXWAf_8icCS8YxZQ9o5GdyEHp4QTxjgvuTKwn-tKsF_v_2DTJQ,kr,asia
bNkIjhzSrjDbLXd5ILnzj_ThaYisz_8ENzjEVyD0AU2Z4bKZUYxZZ2ad_vbdchtpjYcHXWFw8q2frw,na1,americas
UCkdMdEf0B5s64VKXiS02Rknn7j8pY10hRRLXdVEJdp-I9yTcnLQHS5SQG-wHEuRyRwD5k1XmDupqw,vn2,sea
XJcemaiNN5gld5nv4xgxZ3JiCYdlkf0cLra-KBEgcNYaftWLjSJ_cd6EGS4pBqrzUZh6hHwxNkRZeQ,euw1,europe
gzCzPTDNpsZYZ86uuDbdlvkx4iRsz8mdR3u037Pn8aXI5h51R37X02N2xXKJbqN8oIZGokLcJqSRAg,vn2,sea
107CQUThbtRFcK29Ja2WcHQLtL4bLaXm7BXIzrnYCqz1dbbLnvM8qduMTtFnfj9y0C3pIUop0uWK4Q,euw1,europe
DJg4yFhLWZIXfprHWgyelsrF-ikTpPytz8ClI4_ctgqXohIUB9leCJIbJzGo9JgeVCRqb2Vgt59D1w,kr,asia
uDpJnXhx56OpTsTZGKUThfDsK-vdCkMVtdg2HHhT0ZNaWLKlr2Xvvkz03VXd7OO30F9u4S_6ib14zg,euw1,europe
YyHCwUhYsh7qlyUEgbc5JnbjIQRF_tXJR1Lvapr9a-CK2Yy1ejBdPvwracVUGn1KuN0fQle5PiNY9w,vn2,sea
hbE1fZYeAyOI_JfZzmeZZMV7CcI7-rogVIsIwR2fv1pLiKFU407E_bvqbVObWtfXTiZjMlMrhjjqBw,na1,americas
Qbg8xoELDNoKmivl65YRaZ8xBTEYU_VqNJJjN3KubGdpqU3HYY6d5Rqe8PcSUhZ3UhrQYoVquwHp7Q,euw1,europe
mvrkVcoyv31nPJwMvNmr7i9ot9--vRulhsJgzisGPocMds5nbLEqKQFLsHWh8LZV9Z-FYlUmzPjy6Q,na1,americas
J3f4X4u45b0kwlTBwt4ykEYmUocnqB51Psnw3lXb4RSa9IVkuTDAyMRuouTlj3wueoYXA1QfrsmtxQ,na1,americas
KTD1qw9DZf09RWeCLhBx3c3AF3-RNcZJ_kgeYxVKnmbJ3m--JrdunN-sJzEU8OTbJS6aR8nkLQfBDw,euw1,europe
bhsR0k9BWxr9dFHf9th7bAw99dp4s4h1Z-HARBvEjRzLxie1lK5eWNuNZzjNN5pMTQkUrfWz0lfUBA,na1,americas
2LtAw5RR7Z-K7i76_CF_x-cJzy521uYjyNOfoM3dAQq_1MpFztL0ld2lUMxlsbQ3Gb3n5G5ztVQqlg,na1,americas
XNFTcak2MLwDYeV57VuUzlnmhdvVoppy-T9kFV4zIAVCaSW_UAmxfUBczgjo_aVpQeGoU80JG1WG2A,euw1,europe
Pd0X2v6ZKgRrGQpXQtDTRHb6sgx4RqMY55spPfjcB8hlHUzURdMFT7554nQSDx9eXSlRwze4otguJg,vn2,sea
zb8k-6USaOduZM5rmRizqZq6l0-nyFrfRa3AmC7yaqAXUaGpH8IvRLVw_I9GVkjdjk3OyWRN7Ie30A,kr,asia
NxhXxoE5OrDRNbzJJGcs6riReTeiNy975kXV3S0I_iNgnsU4im5lYIAB8sebm1XaPYJQKgbZxUqWxQ,kr,asia
QzZ-y3deON9W5jM7KyaiZy6Ai_OX7MYjtduu1aGtC-jTH2VDHxxe7x-47Ds7SvuSoRnxxTpNCS2iZQ,na1,americas
s_EyNYTIgrIdPR-hexuwUtL2XhaGWO2z1benACeV0KgB3H9yCEAIpCVm7kbAHXCS8dKJlw6ZsO-NKw,na1,americas
oTzYCmw27o4sPeJ5h8O-uhfDQZd5ryw-ZPYSSWxojC0aP5h--LxyedkjTiP3eLQuN9me3lEp2HVw3w,kr,asia
1NqPqqTD25SL6ggKc7VHcoQ3QYLoptLn1CiFC9_iWnDvA6vKAHoxc6keh6RnhTI1d4rQ3er-FwrOOQ,kr,asia
PULCmesZfvDjXWDzl3A8ij7fqypjKkTRXmR9zlk4ZWHAZM-wZWY_XDYW3fg3Kjh2mMhDqEWml-sFlA,euw1,europe
ovstOFKobjOOnU-MWQEKue4dRUZi_CY2jAHxcCzGyrDLrhibeAonY6DIydcmAa6QdVwkyBsQMZRQ0g,na1,americas
VF2h9AIKd_41DwG5pHnLVEq_eO-CDbOcLi0f9MiTS7w15kLx37xroHRXdjce-HEhbW4wpaYpWYmBEw,euw1,europe
5EDq13dzy2l36QfX8UHe1mdTQATBynk3ctdAhjzilI1hUe22l-gOyWfX_K_jfx29me6DOTx9H7nz7A,euw1,europe
8rNSVtXTAXLEX5Qoq2NqS5YhLRw437H1aaJNVfpksFLGfIAXKwZxseZ66YT-5IZDM3lmmg1DdMmp4Q,vn2,sea
FbQhrswMAMvA3rqkNwFkfO982Q97aoLtbVyKvTj8Tj3JPdq7ZAmuoGIMvsx2j6Ags8cd_J06c0Y2bA,euw1,europe
YcE4ezifadtgClrDT7nkHLf5zhqjtkbOP6O5t-cMeywpadmG5UDmhMHIDFi1AOqfpJtJhicxVhv6NA,kr,asia
Benrg2D8k1yl0QgWZwTy9mJjULTrVL-RoxgXlEiROqQCXuN1kCB56R5cXUnI7ECnfMFzp5J1WKLVnA,vn2,sea
SdRyc_nvfwTuMLbwnh1x38UjKH5gdXcU_yvQ445FCRl1L4zVwbXfCLZ4HO_dIw0HdS3qYTCL-ALC0w,kr,asia
ouH8MC1RlJ0c1zMAO6JSFTuXMk1F1DLZpTIljMIBdJlxPgE5PCWe8w7x29IL-WCoTX7qXKFtf5ngug,na1,americas
LKrfW2v-tl-iR0YxC3ZwCDlqcK3XJQkL0DkQTOrLigSC2x0SZ3bcrixKwtYZsWprODNjmMy7xbqkHA,vn2,sea
MP5Xqm1O6jmmB-UObUEt5_CWcW2C4Cw0XdhmS0Sq41SivIT7gbg3fMxOvNMK4UEH91huUQlcotZruA,vn2,sea
76YdbVpTe7ABa9ezAgFIYlZ6a7xfJW2US_4DZ2VCQWsDy4XzAImHlXPPSr1hDSKbunDD1JcoeGZcKQ,vn2,sea
OxGzsE26IBybOmFeAQZXQ_UHhu-dfF-5Mb3V5jtKkYjT0kZxT8u_x0yTxbJRtlfw42YrGly9Hj09Hw,kr,asia
v885cWYeOejzQoEngfnV3lTtEZ-BuPATNT80qg7lR1XGVfgTT7bKKN85M59_5MJQ8aRCvhhcw3mMJQ,vn2,sea
xVrzABJWl_0TIODy8ISaG6q1C6KuTM1aHUtN6X-D9zEe9UTZ9qBc2jvZUewFnwzcOF45IhL102mQmA,euw1,europe
1Oj7Uq9lbXN2gAQhRVJBMfop_96YM12ucVzy3HrZjJ5jSHRWYz8ZUo5KMNzvO6OIgmoFUUzdGVtK5w,na1,americas
rYDFlE6cT8T3g8vFCf_mc9pXnUz1vh8V9EekAU6V3AwsIENWxugQ4OwUddXGFGSgfEg74_37aXHn9Q,na1,americas
71LczTVmMsjc5hOeXmlfSpo99UTiDZGbEc_rJ_JBXgaf0J6xJ-siG_30k47FET6OzMfRQeCblmzHkA,vn2,sea
pwjQx23zmrThuDtFiTWFW-_qtprlTC2kBSNVM39Rkel3dk1QTyu8jj2SNoR-zlNNogpk_El0LxbSQA,euw1,europe
JoiBANgat0H_6OoPYc0vIiIhWjqlsoOIVeIu-MmTfmgKhvC7OyCjQ_Onbg9zhXWRuxkNL6zczsN9KA,euw1,europe
zK92_thOLRmrZNDFvfQDodT5-WcjaGKqE_ouMixcp7DGThcMTMX5DWwKN3tD_WzG7qUN9K57CnD-QQ,kr,asia
2mToDhvWLihtX-jH1Lv06-62N-QWpGP_FYrTeViVz0BXIqmbndY29xjVBVu6QT8JGr8w9tpxJ9Jvbw,kr,asia
uyKKr2Oxq0Ios_GGxneXbBnYx27tAHXOnt9vl-ljHYLqElU0f1Gu2ZNnskYimbmt_nOPncUnFW_ROw,kr,asia
z2jLuCiXJGvBzZSfTfM8nryFIWbrbZeMZZRMtOrawZnzmxClwJ_bkIE6_RY10kOYUXwT8DVsjAs04w,vn2,sea
Hym-BKscXNM54YRtI__-LywC8M9ix-4ipS7gPo79Y2tcVLg8Gh_Nqwt_dGSDIPV3BVXqABOTF8paHw,na1,americas
dS5v5RXvW07qroAt2rk4_CTcm7ulaq7x_ePTJKTCB2kMIpaKF2S18bloJc0jQzWoAPrb95XIWnTEuw,kr,asia
PhnstNfG9n86oBRRmFMvpv4o3SmHvSYl26v6HZGzELUtM9ffQKiospdat7NogpwnvEl5YVCxR11Zpw,vn2,sea
xyn6Dp-TSxdXcnwAvdhrHkwJUFM2RIK5yJYFFwbjCgTPnr94BRFSFulJYXnAA5Vz3kixlXHibT7PTA,euw1,europe
p4vuKbUGnHFWTp_Dl3S713DLLsfi2t5pCgaG9VFIfN_kV5cHJn01vmT2GjDBd84YgyqjXyr6p-aL8Q,kr,asia
Zf3OnXZ12B9vspgvCd1nFVfL6KwQNtLNLhu6l9EzMgvGXEoJ37cKKK_mkp4qU2W9gWd6PZEmck2W3A,vn2,sea
AHX3e8pg2QXZRphijweZsi-ovghnTto4pFscx9PiCbx_nkBT6wJO0_YQQp3HO6ps2hXH4Cdus3HxLw,kr,asia
FcqMnMbz8Zbr46S7oTgJQmK5s6V-kuVjekr62rR-lsZp4RWEyAEGMS4C0yqgtSqstfMcyaNuTcuLog,euw1,europe
bSrp8XpnCBTiOUwTEh7O2Egfn_X55QWNbs0f5mdadGX9ijKCDFxgBSayJp84MKsGf_P_Djk7vwohDA,euw1,europe
XyK2xELOMbJt20fjl0q9mg9Ys7K9RncA-275dMzwj2m-iZThEFIO0w231Btr3tEe4U2QCPvIV32MTw,kr,asia
lH1DObTJEHVmkF93xRdIne3Ejchf8eNyNQDG76nNQfKlTQ08qJFP7SSVKUO5KPwjD-dQAAtVp7JgsQ,kr,asia
YAu8aTH14Vk7gceC8GOx8U5y2Z7N_9e6j08hGDGTNNRY1qi0viPUg6o9XWUJJxgHnRIKEUl_KTv9Jg,na1,americas
fNKZp3nLgilgf9gPGgKrzpINkqNd-u8qhneL4CAOmU8k5zHqR2jK9ROvC4hdNeYtrqtg_M1hyRc2vg,euw1,europe
Tv19P0qTLxc4KUkxWSejjrWgrSYHOG1s3Eku5nqPlZjHyXyokKoiDHPbRTnCdxXS3zYv0-ENCYlCVQ,euw1,europe
NVHPrraglTUMoU25IP9OFudRlZ98d4FVrE9I2NnRmRvhBnIPPqcqTzb18piCJMVDPL9eRq6e70isOg,kr,asia
0kboOxNguskTY0bIhgV2qeFaY76ANyAByb5tldDS4ib7i6NEnrGRoBCsKOtQ96n9im2Tyz_5FoJSRA,kr,asia
yGGpJd1oFORGX4lAFjuq78vDYCcbOFPYwFnVuOVMtqmypxObap8Ppkp9jN8uJvWEjkRWM5n2J1WXxQ,vn2,sea
U4VZsr6M80wl3EjBipucBUlcE_HnKjbzaW3d5PqqhoFmyg8R5MwSY3oVpC5eXnU5jKVD6IfcBML5sw,na1,americas
RlBkGuRECmlMVinVAujUAM9_4RnlFKzt87ZrXVen75qSVbDAhsNTCCYs8vGpY7XbEX8FbFU3VRmZcA,kr,asia
hwbLHhh92MQFOFZOkN5i__Z9QIQMSckmItqn1i3AZgQ8SUm0V_UCt_fHfAmrMT99kU0JciSpKTkjyQ,vn2,sea
9pwBHmHplTveTLGHXxyrBvJOIdmZxK5fz2gaZv8xi0KgS2btZYu9FrYT3cMQOKYs3a5ST4m3ujNlcg,vn2,sea
P5KfsDtjFbXXG4kTcCmYT4GVy98wHWFE0D2uQrzmDGHZqsPITKi6dzXVi1AgsoxGtJ18m6DMYKCF2w,euw1,europe
MBPFGSPGrJXRFgem2cAz62ICiR2hq7H0L2gLYmg364MlToLnMI9vxpxIw9ZbfacePtrCjEF0EWf7nw,euw1,europe
qFEnUNz4OoBiY37ci8O0STdZu4VUsg7JvRrWa3uqadpFGAL4jXChUVc9xfz-dX2IEkdhgdrNQLdIwg,na1,americas
8_xn3A7wkIyBZDW1ZlzP1aTUkVWAaBt4HLRf-PGapvs1P2uKgMgQ-YMRBg845xmbnzI_nRuLAAokbA,vn2,sea
3UZYeMnWHuEsj-tlgOO1MvE-kkp84GFjjWCKzEV0PG2Fc46GvME9V97X1UyURKbE335ybJm-jFlUPw,kr,asia
i0dheUVzFBhVK4_mzZv_BMCxm8wIs_Xmcf_uMHGaw6ser_NRzkDy8mVKiZx-9B-06Eg7pw-Slv1qRg,euw1,europe
_nadyZK8Q2XHpaPTt6imFZrR6jjOigmdgkM4Ek6uq8_d7RL4vCttozWCBAkWoyMC2N7VoGfVNvBdOA,euw1,europe
oG4pMolV6PTjdbaQed4l1pDcOSq4hIoqH_4W_69unsc7JRcUNJirK_v8n-QHF7Laq9s5zUha2w_3xw,vn2,sea
BaF6ffPFycmPpDmVk4JBNLmOolOktVtfDD7bv_JpI07LLNvig9DREexUPurdqABzR23WdSLKBaggog,na1,americas
ItURBPJC2GyhlfrYkIkaMYFykUmHp1f6cZrIsctSw3QYDBQSFyg8Thb3eBussSmhIygrgvcNJ31nyw,na1,americas
oZp8gm4hGXN5gp9fgoohh5hTJxY_VemXMflEzziEcGtFoJALgMYZAZRn3dW1GkCAdI1Cfz-YDQxIvw,na1,americas
WG74C_U_L5yVfed_EbwnUISLvYOXgdtGyNeI2DF0qWYTneVP81lqrBag74C1TDR1bhCEwiPi7EC3Ug,na1,americas
tBBerSAkjMP7Es2zJ8oGFoUuRdsiMr5tKM1wpMjLoxzLY_-e_qS7qbVEKoXo0RXwO07zjzUXIj5kUg,vn2,sea
0LTApUhKPi5pssYaF_dxPo28vYShR66uWMSIAheAM60Px08XoOhfbNTkhfTp3E-LzVyE7oM3JZkj_A,kr,asia
GcnIzD_AqAhlm8pwHkQKSkFwyQsyj6EsvKgpLykvJlDosqI-QHkNgfiXX1Y6YDRcgLUKu0bU_sbfZQ,kr,asia
NiFrXMw3dvKS1j-3Gw9OxayQrZ87GUOUQoBg1tySMIJz9C3nZE3KNkW3ofVZ1u19QJ_v0-2aK1kWbw,euw1,europe
2b1o4dZXsCOKfXfTxVuZ5hNrdDevbnIPUcPcUFc8f_wzmqf-DgxCWeD_nE3Q6L7TKb-1a2VTOW-l3A,vn2,sea
QhWHY4o8SL6bMEOg_EcwKE3oGdbdwEkHaKuxZqy-t5KLH6pWErp9WsFL0_mGBBZWwUKzGEOf4jhHYg,vn2,sea
igChlGhfRkusKdf68pXA96-4VvxcXFXZOxqRtf5bJtWi-qiesuKvWrJoKi-3o2_6doib080rRUAK3w,na1,americas
sU4BR5y0gghai3pP8HJQh3R66K5DUFcQ6q8m2_9K6V-qEXJBvKvEWUlniPjNV5yclEtjU0YjPUdODg,kr,asia
qAnP-gj1glIq2WGivuz1IuqQEzfBVp2cqbNKqAkvqT5ykV9SdlqRttrrciKJCE9a--toRVxj6pcHhg,kr,asia
OsTTQuuVIkEtV4c5Iwy7pYEHThnof9PXO6rs7LLxJpCivbem9BXS9eWJxK6izKVSuW-aFwx-me60kA,vn2,sea
1xfkF_udd1CNBPXK-3zNBB9SnA1noOABDRI4O2j4FhcK637xhbEbwuUSMHftrZmgRj2GbxONRrbUyA,euw1,europe
aH4KllbXxR4Lf8RNlP1j25Az-aS1gZDGCdh7CJDGVDGOh_hbMd9DeS3_7BHyGtWYe3QuIrtleyl3Lw,euw1,europe
ewTXIeBL79ckMMC7yewkR25RddXy-HLC9JcWPjA1wkU624vXSA3c7pIIy_701TM8p5sg6I4ucXnKWQ,kr,asia
1Rx83kDJmpSDZ3s-ShnxB_teCRka1NTzRSpTuOn11CjXcOa38brTmLMy_4toaAe7wwXk1V7GAPottg,vn2,sea
CpuqHmcj9uHjI4s924qTm37qdZb8-Q1L2y-3G0CDuXfE1eIcmf0kCvcdXk1zKu3RDg6N5yQvG0Tq6g,kr,asia
9PdMprnfbzJGGSkXGlqUu8SbCoC_FKNRCbNn6oV9H7f3-esIRIHH4JkZ8ncbP7l-iSRaOZXvkDs_yg,na1,americas
jzxQA13tV3jps3IILNBiW9OkSSl0UNoNa4Gw5OlndxsgtMY0bc5UgI4Oe2wfDTalT44T-VwopPqFiw,kr,asia
mcboBzbzP16Q-pWtvKSV_aMmFfV0BORy7NFOQNwU9PmsMoozMGbDI7sciVqOHTGqog8Sm14LFwRivw,vn2,sea
45zik5OGGKrB-zk3izj4zC90K31yjBB35sdL0bzgfd4oRtNjTVhE2jpMHG7DOn-y8N3JKCbMbp6_xg,na1,americas
0e5GUkjoPT4tO331NpzwsXXRh4jDZqadBLgcdlJcViyE7cnDLD0ukP0z0oavWTidfpItS0baZqUpnA,euw1,europe
deZYy6ukQ_rOPwPuwZWFGj37l7o2gTe-aCRgcIPyONhlYDGXfm2DoWIRYdI6KjQpIwvnms-xAQJ2yg,na1,americas
RSolnIvq6kHI-qV1ommSwaTkrapvKBTWvsCce7ZLLoSLxTafExkH0-4oO-iHh9yqryDr62o7KO7IGQ,euw1,europe
VBbXtGRHmgqcTz34Ga625b9d4YhpqwsPdM397GiWk3FZ_5oJmU5tgyk9gf2qiS7nq0RfaYI_QHOOCg,euw1,europe
Ertl15PoHytdQqJIRd5ibJJe972L-xgxqKXG7OrYOfi57hoyG4m1PGwDDXABEvayksog8xjwCPILMw,euw1,europe
2m-Jr2x9jvlvxmkK7VIHA8LSq46865vYihjtenKh1wc5kaUpsp6pvT18OXemIzJ6wbCSkZXv44j_ew,euw1,europe
jZnrfbAp1SqG2_VehYYWTZJxy2mtEsdo3CkVbW-9YZVDjsxokUyoRvv0bY1mekKycn2BvpMI83CPzQ,vn2,sea
CQWxJh9n8wcY7G8XdZg4oH0iqaqVzh869N-qtwfg-s6uBGL6zcKKGn0C9m4KSwyuo0oWyxvWWCXL9g,euw1,europe
XxWo3ztSbnn4F3bryHNno-hXzeInolPNq6Pn17K6Rz_BXobKAbaRPYyiUR7c_Q0RH2I5u1KDnV6MGw,vn2,sea
sRTPtP11q6i9tT9gKvZzsTfSGMvOHQXP3aHaLXR-9048XBbAlywmnV92iahR5GR6n5ZhWWQpbMdYcg,vn2,sea
u4wW4LdqTE6tMrbJyujNceWdY9oPGu66_36D0h7OKR-b9ow5Ghh0KSR0kppN0OfuYgY2dG_mOhWZ-Q,kr,asia
wU7HXDx-HL1tr-vn-QxUumF38wdwe3ZvxzAdx1TqwaxBCuPeU6QaphcOu3t1dVWK25MMuUADjap1_g,na1,americas
XbiprwaqunRMJ0GLlDZBiFyMxPZd6n2JpuJtdu6w4EwfP56d2Vg8Vm8fF24Urd-4JUaCv6xgp7al7w,euw1,europe
BjiT6pNJiYDgBhLo5njKOsa7aSxuNewDDFUHoObt-ZJl5EOw0fplba9OqS0_1iY7NQrEccK10JBXxA,na1,americas
LxF9V8Rco4LK3KcOsx32fvsgvhq_eeXomP0fbHu-TSorp-3_-vM0aKrYGfACKqf6uwKq-ZJWFJ__3Q,vn2,sea
5JgFjm2RlNlT8oLSa--0R8klys3RlSwvzeX9WucIJ82_WYrfDZpQ379kCMjBav6R5gw1jzApYgzQxQ,na1,americas
rUBiisy0icY3vWIf6oJaPtrfixkjaxyWSJtW2naX1021ywBgevJswr5Ax4KIYTtJRckWjJAq6W7T8g,euw1,europe
UgLnAfYqLrPb2Om7F-LsGqpy9nL2lTnrS9cdcqfuxTXPN2yUjnWq8xz9UMLN_pKugRKO7t4FNs7QlA,vn2,sea
Pm2b6jfZW9r5DYYNSWO7m-juI7M_l9WR_eqBrYl_T9Mc5Ua-XqrbIHO2lc_JlYLwZFTDBvcdyOUtfw,na1,americas
_qNIlwsXupINffOdp4y3xwzSqLQ48_vJYXKHWOmxqwmHPdfzlur1xoI51k8KKj7TIOg84n7IwALPvw,vn2,sea
Iz5LRN_Ai7AGOBUb9pEravy9cs2Fd_edU0wCAeghSXIHDRjTwCrS2AE5YsFZGQXDTYQHYIeYckm53g,euw1,europe
Yo1PjkZMdqvGTOIBwW33tYOGqk-Ja5DYGz6FKZnBZCvaV5vdP0S6V7Cm_SX7muGkR0Xo9Ubuj1X3BQ,euw1,europe
1WmFCuX9yA0H0OcEbDo98_V1dAawRAaNZ1TJurDxqFPfrGe1pe8WNYz0MXmF8zXEjNlZEQ9TbRWcJg,kr,asia
EPsGoIIzir1YdBMN9RIxQ99cDsqHpF_a095UctT-WO7KOL_fntTxIpJ1GSmT4fiNiD9QPqx8taq3Vg,euw1,europe
YDfT0XX5O5NnWdxVaQW9-ianKkn5O-5EwhNlW6b0vmxb9JOmZAcGEogeu5nrnvalOxboup-RgE7uLQ,na1,americas
J_g_Kau__ifskH8d3krjkSsrWZCG_1V0TCZaWIPa9p4Bz9ATNclbbr5-lLmskhuo_priMVXwlV3XiA,euw1,europe
2zDJGRfE2byEJuOE2HHC5EU_og5b4KnFD_VLZGK3ONWDYnGhqMyMNQRub7hnV2PiuPZw25Cr95j4xQ,kr,asia
gczBMkBedtkjqyYf-kcW7aky3Ek8J6E-KlsndCQpMHGqXl8IjgWq6FuYcUZgpT_enyfiBnQwMaFo1g,vn2,sea
ac6osyu_KS3CNxYjlYHt90aUPbCAr5UE_caYA9bNpjmoeguPIkQU5UG411RvKuPcti_Jy90LrmKFnw,kr,asia
UYjZWb-6BPGonFzn-sKz3-r903BytTug-b1StcvEGZqcnNtsWNIBr4iL8BojLF1mVe1t16lckHf2mw,na1,americas
gOdK9NCBJPcOd5k92e3jaX490eyhe2McmncPZTlJmjUlKGaJClLo1d7dCQSarYiycSkKCjnYRLNCaw,euw1,europe
arOJlo9BL_pAtWyKWWLyCj2dry6q39vLYtIOrzsY4Q4mX1XJp5emeuMdXxydLSsGXWBAB4XnxoKZKw,na1,americas
vuysYPfobQaWsg0_dHFAVqW_bGxdB3ZrEOiOGOkw3q25mSwgDjyf-GK1yBhC3StqggYQwaBqOd8LNQ,kr,asia
uBnaDzhlJkpLYg9NsADquyLeTamfIKWfRMASVwb97bAfGy8_No-yyfu9O_PBoUf3AgwOmm90OFAcmQ,na1,americas
YfYvU9eLy9FRn5u925S6Y6oLQZUaLChkDpC75it66R6qULq7tfigytfS118iLTPc5TKqJg3S-3OqMA,kr,asia
QIAMVnp7VXAN0q5uiFPxhlqsoaeHbPrAZGycd5iLEstVdyrnix-4lHEE9OMhA-PEWajlYw52Cm8ajA,euw1,europe
DKMyCuz3l3ts7OHi-YT812VGE8rqMTRvdvPVJG4UuWzaVcG8YfJFue48X0wSUPLpY8HdXy5Ml8T0vg,na1,americas
v0nKpaoBpqDBeicWqBp2qLKRpMluziCIibGA-bZSrgF41H-IrOSBubbrAHYY3AEaQZ5DIHT6LBV4Sg,vn2,sea
mMJEYeoZq9mNkF17Ivw71c6yBxwcOdQD6yQjmcbhtZLyQjLOjPtO947jfuRBfQ0MrXGrtNX3aSs2zQ,kr,asia
uLCvLxHZQFcn36py02hg-5r1V8uivb0Uktiyd3RVF6o7Xo-OcXpGq8l7L_sOcR-zCabIaoMRemocSg,kr,asia
RMG5ImmC8Ymh2Lz4r5hQEXh3FWP4rgO0cJe7syjuFFw5KUtxzcrvmUApzzfLfvbJC5645QMBoJ897A,euw1,europe
hfIql6Kv6HatH30ZGsAKB714Z9Dt9tRtEDnTqcR94ANvIOjS8DnilArelW3ubjfbYIkDEpZTvjLQFw,vn2,sea
GvSboop53jNlksRNpf7Etj6skraSFMAyPELn6PG4xNHlH1bR_F_bZjjUpSWVzNFO_9Z7Elx-14FxtQ,na1,americas
3t9uOeIAuyP34AKyIWNSgjtwhWD91pkbqXtDzxWkF4RbAvDuEZE_MG8Lh5rZOFNoKaiAhUy3x_uTkg,na1,americas
cf7NnEZ0tRRPa8JABKWaNXlZ7hIB50vwgp2NpSjN_T5UEDvplofJ9YrMzTdKowYXZ61_uVTbg0UaLA,na1,americas
N6mrIeaj-ZgUsFWHLCIla7E_BD9wDwujF3kM0LgnYfWPrRgvXpL0Ce0--s-jW5KzHKbNoFWzQoWk3A,kr,asia
sXfeUMLxr5z9Mp5pcPbrgQsS3NSRrNEExabOZp6V6hEQVL9f053n8aGUnz332TSmW5Fd1onzEYE_6w,na1,americas
HJPzNS7DSgWrOrhB6ssK8Q576qKvwCsWSJT7FfNDyYlBKK8aAVWqR429zxPfHhwYxlUYSdhYDKpMGQ,euw1,europe
_yF6oEQQZ3xhnm47ek9A0E8U5To2yZc7mFexSAqGXb1AbNrEqyY_Zea_tsR7UVdeBvsrhNNeEKLO3Q,na1,americas
h7hNH0t9M_4ZwbBDUcJm4SWIwhSKiwqqC2vpUMYJ-Z5OHH-bG6vd6TMPN5eMTmJ1sMVz7DA1b40b8g,euw1,europe
TyLKTzffIYF2BNOdU4WnAn_W9vG23bFDS85QCMHesMbgUdpdSIHcCYMIxCfwN1X1JlEHEZr2a3lDmA,euw1,europe
mJeQUg2wnnNYPEavJm-pu0MmDX1f27kPPEI6y5hVWtZ3Nc4HKBnlGykY32obuiqOU9TjUoPv00Hnww,euw1,europe
dWbdh0fT44X341DkGQpm2U7pl847_0kp8grxusO3x2nnpo3Ahl261L0Wjacdbo3oluB6HUQLQu1IrQ,euw1,europe
bkYrH-6HXS6N24Tj3AiJiEirXLupoMeqXs5R80NVY65o1otbpR2-aGYq06uCYptqChmiQEEo-H8zug,kr,asia
czvdrR6Tva6INqJkMp7SrXTdnlAeqNYW2BIlyyQCeFrdEJ7SyVsdQJLfemDEoKnml0jVTKKSB8fEnA,euw1,europe
pUM1lf6OhKVRA_tdXpfFSRtc6ltiVtWmptoElCMyV4MCnsQ5095Lz24ZyHKItvHUxJk-fBc-Gr988Q,euw1,europe
dTbLkV4Yr-bNtRQ3I2997UEnPF042dkPaZ-0b_8xGxczAq7CF3AUunU954aNJsgARiNQLofEbyjqAw,euw1,europe
vHzemHSunqbhDLBrC1v4VDBUE5o_T74ozwRPYfRTgQgPZ3BfvAA8NoSqCrzBn0gsGYxc1-m-GpoJNg,euw1,europe
pNllbstc4fswy4u_ym9gTWuMHwDV9OXoY4xGOXJ1SmSWdZO8VVCtJA5-v0M1BK7QV0xrGk05E_u8Sg,na1,americas
0Csc7QG8Z66uJRu4VT1a4hNoP1MH6M5wQzohDd-HN3X5Ss1Sn3L8JFvjNxSLgcoDVbLoWLsj3XVcvw,vn2,sea
4x0Dv6D1SxZPIdlLTwwNMeauqz4euj9T_yHZfMjU8oXIp8K5BFMS1LQDjWH4bPQNf35ao2godKt9oQ,vn2,sea
SDvr2ifsIukufxkhXXduC2fjs-nwdqu3SB3xm5LhidJLAnZEaPA3C8BDqj8OjyldBx3WOakl_FD_PQ,euw1,europe
qDQQDDR-pD4_SjQGXkEB6OVIEumxpeFqtx3dhMWRR_WSDU_StCKzkD8l3JcGvTmzar7w7A6iClIsYg,kr,asia
OexfW3JeNjn58A6ZvJI5mB-PmkJxIYvv6hpUfl2eISo8Mup790cAE8rQ7rnjNUHhYdPwoMjRK6BTuw,na1,americas
RiPBxmhjQsEjdbF7DYEdSUnP7oLcBDLhLgnHb32laz4FRk0OQNkR2F8wbbHxGfL4ZcmFYzKVgis8kA,vn2,sea
3PeEzGgKETkQwGrw36dO0ZmboHdYY06_lCziRpZ-gGTzvvuPZXO6cK5ORhYe1tAi-C1-GOw4xD8QuA,na1,americas
e-rdHxg7HgD4A-83R98z8jsOFZit8HrR_NVBBfn56NSHjas2PH6xfrQQ2zvyBKHWqb2M7DDCkaxT2A,na1,americas
9vk2oAvVhNkZ4ZZ0BKTPnWWarcFcWF6RJjYbRMqYja0c87eJPzo9CZLJPPN4rgzgOffy3icaCRehew,vn2,sea
b0O_qYnkbuAL7j_h4vEHkd5OcNvOfVm8VIMqOyXeEOEaIRRSJIwUxJRXzzINIHb63tvUZd4Gjq2aTQ,euw1,europe
2XG6yoiVjgr4zwg3X2J9FjDvFeTn-cBTlFAQSCKEmOjbPheP2dqDaiIpkJ_tnTZI9e-v6aoLAxsi6A,na1,americas
d3eotZCnlomGlkrfVvbWzByxDHU0Df-GnJtC2_kcaTgcUuR-2m2ANFJDUYS-88u32pSWzPdKkRrmDg,na1,americas
ybsEFUZAM8S7a4q5mnFv5pi0tNpH5WJmAUqp98vcJyB4rplAZJjBW412Jqy2HrPLvB1A9Y1XrB859g,kr,asia
Y0nO-eqL70DYQ77jg0EuXKMokjY49gywF4vD-1SRMHFP8KFlG-j4z26vojTeJAkVJicrIbrIscd8jA,na1,americas
iUHDvWcVSXF0Cs5YQcDXZk6dz6WIeeHhjTxLbJrmLFie1iKnDWX25Q1ak9G2ukkQPAdZar3stjEH3Q,na1,americas
tkgGlvnHT6KfHIRtTSE8xB23errBlG5r5CV8VrYclDXZMQHwgYDCiXsFvjkpDIVwe-gRK2ZgKbm1FQ,na1,americas
nuW52SFEbbk-d2c_1h9buMrDqQU8p6bU4v9GOCJBJJqKU8fQg3VmKXqmI6SJ_bTZoijhV6r7fbUgyA,vn2,sea
FulCMbctlklQ0VVZeoGt6sTFywO6JYwDzqhVRzuRXzanpBnxRudgi2D42v7oMpbHet9UFI_7cLAQgg,euw1,europe
Wl2SKyR68Y2c-Tzdv7l_9v_rC7piuQIc9WQq-GRet-Jmm3d3Tu2WpoMnzapgufLBPS5srSaIRGLiqA,euw1,europe
e9MjiquHP_JneBH8v5jirw1K4LqVnWEnrDmTGwXQyhXm_QZvquJHcfzXCwT4LYfc-B0Os7L1wRJfjw,euw1,europe
_G3P49iWVL1l9cSF8Mgr7vKD5A00ZmkrBzxo4BKOBEBM6Ixo-IW3BSjBhaEehR5UMGpb5ElUpI59fg,kr,asia
l7jj0pmKkFo1S__qlUWIjXxg_GNM-aLhfvzND967ps5AvmfOOYbOB4CuFgoGtkaIDXf5DD45F8c0Tg,kr,asia
4RVlGAdsiKC8jTh0t2bVwy47uSeu6pnAtE00L0OXIrvGwgrppx-Hj_wtPHSGs_5JAoNlgvYELksFoA,euw1,europe
R8P3x9lZ7dVoWbkpp5MjNs6DVFBAAd7uDdKZLA6ELMzdwJBsjoG07ylttledBDEv1Ab-FQ4hgdCWxw,kr,asia
zBvf6aqW1EloFZoX-xLQw43ec8tBMZAvQMY5ddKVycGVvf68-7yRF7HEJjjgo_G4xOs-38eE8wA-pw,na1,americas
SFyYrmvPKz3UEAjXU4QUl3wcuWqfZKWruRtIyGijBtmxYtdWkU_gi6HRYEFbVoO5tl0barn9S3xc_g,euw1,europe
Jh3pbJPfyoxLJWRW_yuDBNs8sxiDyPw0g_Sw99drbUoWFd4iaLjFifvSft4NLw6wJhwZFxxHpPcrFw,euw1,europe
nCZ5QynaFbzgFfMNLQuEwYLdvivMulKHQLLLNj1HJGlyVm2ASv2IMIcKZj9wbadzP4YiFQsc2LkNQA,vn2,sea
mad69fw2loQB0gwMqn73Jpsfo5Hz--sylmMery4PHQQKKpynDwjf3yiVTKQmRzQRFKinONnwgifqZw,kr,asia
bqWpp1RTzOLIAMI5OJeEhzlYK5OwDDcln9C1idFeMjZA2HZq0uZSZMVQ4K4U7jSi9kbMzYGZ4q06Dw,na1,americas
9fEt7VWiUAE8vuQoiY_irZqMw2DWJI9UBGODqpJFjp_eOqyapPFvI55_zUfsqVelPJ6TLQxVN4Y4hw,na1,americas
v9yWIeU-kBYmn3gSdcLOCiveJZs1QPT-bmLyv6m18lBY6CySqRIpHO4-sJYwl-s-X8p_1m8Qh0_Puw,euw1,europe
w4D9OhZ-Rd6Znmou-ok4nl6MEkP7T73wHtLh-PyCIrvQ_RupMpRgATwRRugr7PataMQk8y-rD73tvA,na1,americas
5TY0MtBZ2hXe7EWUXTAtH0BSh86sKYbk9oFmOLek1R1azOnRApJW_16LJ7PM2K3DklfOzRbRqakPMQ,vn2,sea
gNyUiLya0LWrADJApYex5BeerzEBrNrNBNHjFB9WkJtu2TsWvx0alpkIO_xuWDj3IDx8KQR7SaoB0w,kr,asia
BIB_JB6Pu8jAJjDtPhFY7hmbGQPQMxxUr3Fx9wmzPTb7xt_WYb7TTXr3t-0nQCNhNzaHhCWr5JAfhA,na1,americas
QsNZyG3AjsquGaILCSslEQgtEkZLlgncSdKftISseOBK5onJOQiH8ij1hdJcTxalxwh9DCg0s4sbqA,na1,americas
qQnuxkNspAjQ3otwt3jN9obmVmQjAnrHDKL14mOo9e_LN9JYXHQWbAZvw35iVLsTrDMnWYwY1aIUMA,na1,americas
X57TrufHrlg8ducmIFiOqjqBuEYkBEaU58unjZU5WT-kXoWRwIkrBxJOxRaqyb6456z41gVWPX8sqw,euw1,europe
PydBAWF0Ays99CRKmULn4E9R-GTxgfkP6-D3pWs8bPgcEEZUfenrz50L0Qipj-ncYW16hL_lrdulxA,na1,americas
jmsOABH38klUcpgdOd_YqDRg6qDJp3m4jaoIXqYXzVzeuok-9vg7JOm2AxgrjjS_7ZMsRx9E2ycSQw,vn2,sea
J_kKmGVJNDEY2rRbVxhzvAP8UupATVHHBnc-JEd2tqq6uDeI6xHcGs5sEfc8SUEEE2JfBFYvOJ-zvQ,na1,americas
C8bwAqKgXoYFCrQ7ZT5CS6b5VBe1TYmSxtmRb-EozFG6f915TRhcOIuGhNSHvFP_Sm5jZBpW1FsrKA,kr,asia
bRzs2es7bnxtv3m1S0hHvBFyVjEhzA5u8nsQSVRGBeyNXXOZJEnAOPyPFJ_lTUMmM4lGkF4qxHPJ6g,na1,americas
ItupqpoYoGhmJ_KNp1lDy8cI-pIUkGIzpN6z4-vrsTbF-BkN_hFEkwwTK5UF4r_apWfUL8viVuCidw,kr,asia
QvsT6ENDIc2-i0Xyz0hztfb8zwRG-JPRTwJcKxE6pM2ToRfS8o4SHduju0MXzSL_BXRLzO97nl-90g,euw1,europe
5sO1yOhA6qJ-1TKmikEqfuzyr97TxndUs98JvOQE9egqqFtwHU5SXCPZVgGwg2e2DubvilN28LiAKQ,vn2,sea
P_VQYxRbxfa9fRRZQP9Otr2fniLxxocJuA43Jyafm4bimeGe9R1ZbCUKSlhjr3smemuxvwcg5T1q1A,kr,asia
CJoGQDv6_xxPPVTamHmuM2sNFLxLIjvgUyiXTP-j1X-UFfKYtsS5ZuSokZKyxTnlMaVc3VSmk9oKpg,euw1,europe
V6EdyGbETXelZxp8mTgqCXmwuBBV3QXch49iaIHX6mSXQ7lL2DR9YMvpUuZF8Ij9Id8gJh1AsOuD9g,kr,asia
w1g9AJrwacfiXFIRX9M2bDFOJlbkDhcleLY00BTPLEeX4gcpR3uweSSizq7_D3tLF81-PKAOeRocpg,kr,asia
LQnHluV0KgxT5UCTcJWQu90zafDTLqwVzFvTK0HaYuObtnibSM6fpqVusLGzkBkWcVP7SNr7iaOmeA,kr,asia
rONZ7Q3ij1YU9S9U9Jw8VVHdd0sipen3gugWgdwcBx0d8TEJEXRtpLDp9d3d68g9p79STUW3JPQbeQ,na1,americas
s_mn46iJXzIYarjN0SfeJXUxGHwlh2MBu-Fs6oQ7jS4KReF1MV1FAVohKhbSN4MAEoWxcrrDPHxMwA,euw1,europe
TyxoUXDY92KzvESBGAl5AZdevhoCmVCp5AzwwjRPO-80sLUOu9_gt3DHd6w4zEib95It7i5yvFYa8Q,na1,americas
jT5FAjktl9V9DXGgGwdER5VJ-g_FHkZaqg9KZAB57mG3xiTlXA-IzEJ8s1ajPSe0sIBpQvsoaALuCQ,vn2,sea
eGix2rAmVE04KIVRm3cG6oC3Gje6sAkFTiX2fcKymu0e8itCmaW4iFcoBP3vCpSECWClC2A8AHNh9Q,vn2,sea
E95VyK7Vu2-8eRz4DewVYYT-MXw05eMyDbqpUzDLr1vFxhLXO_cGt4b7RwFUBdk-_WGi4uzQOdo2bw,kr,asia
E9X2IV0sM2KxQ6Bp1uz4UDqHD8fTxfPE1R6o6NgM4UBqy-Aw_pP5ptnvmbi7p2w0eGJro2xAL55ZXw,kr,asia
MzkgNRhvehmsoO1JauSoTCx-bur9RbZqN_azklayZtBQIk568X6z0yqu6jxP7arzu7pzonJe6fjZaA,na1,americas
Bz-vHPm1a0nEAA6VFJK4DDZErAMVwVmR0IO1mTmDQ76tjHLN_pfHEET6njJYqMN5OWVMdzzMn_78Qg,kr,asia
mdbyMZN3H8yZvOrTTfrYAM7udG4viDzHf6tK75iPFyhb80BH85vUPtmvmWZ8LtEoUhhrDoJD8SZF4A,euw1,europe
3TzW2-0gWZnY2vB2YzxSuyy786fO9syf5Go-WaR7Tl_eC-f6mGfdQNIK8o0FXmuYR4p93rUF4ODRFQ,na1,americas
EGwVSpWTb5s95kmatJUpTwTlWVdPUIUcUXrQQx1ji1mp5dkl0y8G4BaHh9UWrY6zgdYPVpsqUXzZXA,vn2,sea
sBo3yhn4MWhUVyPuQKEJP0TSVlxTs_Z4sd_-QSbxU4XqDmuOoOie3FNQJqat0f0ZTunLh9B5Xn7VWg,euw1,europe
WwLU-2d8MxTVRIao4V3RTuS0CLL0MW10WM1WpNwkMTlKNwCUo2g2UnoGJtTkVesY1spncLXC-kz1NQ,na1,americas
yC3Rdut8YI5FcDbzpXxMkBXP74bjKPf07ooMGygjevx3c4ATE8HthY-206xIAmANUyDZde0ZzIjfag,na1,americas
dg7J3gPCui5-Bq4AQpLp6yEgw6UFnmqxXOir3wL6R11wzBanoVV1m6MBGuXhk4Hiy5dLMRr-AFvJ6w,vn2,sea
7D0KAXoaecHMlgJLSwMvDXslmGEuDNkROAxu-Bl4lC4Ki48i0P61U3857iNR99kxt8kt4j3hU274SA,vn2,sea
AJh00-Ai1wuL2MD4-34bDeOze2OaPInxrm_fPEDOIkcVewHat7YV9DbjUhpHO9YEX1IwaVI0ENdPUw,na1,americas
uuyu2_EC8Dgb-vp0WbFu_C_wCivrTV_CPS9uBWolq_Kzpv-isbuFTJHDmUkmXNcMDLD9DvDXWbPQQw,na1,americas
tN6Axol1XavsTL88aoPpYIbplaAprTdkhwl_TihP4NxYqgJcGfmRYLoakgcOE6aolQ3loWeDUopzJQ,vn2,sea
hLqI6UUGaIt5peBOCoYR87OwmYUDmmab9pfn5QWNdLT3XSiIqHu1jPRbOKB2ApJOfbYE0XbiMPCilg,kr,asia
Uya4XtHmbWVjw4Ut_xAbiD4flnMXriyDvhqw2bU519vg0Oxg588rfeAEYJbbb6uoG0dhFstr4bWkGw,vn2,sea
LnM_Zx2Cg5r_7m5QP-TKSHEDL_cW1bWW2ScTSBHNQyhnMWewG2OKLfZTBJmAZn28fnBuYtcW-kujbA,kr,asia
Di4_wKPWIsKDBYrCjXt82rFfYsyz-XlS3ZwvJMGGHg8NzkC9Z2h6FuvWt0q3TxBV-M34VVqhmai0uw,vn2,sea
K_VajnxEjuQpKrgrLMtyN2cKsXPyoWDFv7-BhcujoROBdND9mnQg2-5JUyGOOPFdMYSMGW2amiwBTA,kr,asia
KuCtbFk6msusBRQFUk99TwmVWx-67ssKAYOfTFsKMG36Hxx6_nMLSWJX3wkR3t_Qsmlj1ITtqqFLEg,na1,americas
fAk8pp-YxYW-4tV8kiwI4x6Mm-5xPDS-daaahZg9C2QNl3LcXUk9iEojFv6T_UFP1iVtqC2_V7E5GA,kr,asia
rv-YxW76KrBNhtkT0FA2okHWsNmMMgRblNLrbg2llQIjZzweLXnyULNzSWn9ZaYa9hpAmeKu3U_oNg,kr,asia
kiiyDRec7zjAW12quhZ-Bcfe29pshqrPZMm79NFhhitAtVm2Y5F-YOOwUi_ISVu5J5aTjJ5tfWzHtQ,euw1,europe
1IUtWnmjyJMrSLzOm_veXx1K3UJjxa85CilIimSsl7-BbA6CFZq-CadS9oDG8xsElPslT1ABWIPlIA,vn2,sea
UtA7IQWaegG7tYr9470Xe-OAAgMr4wbHI_GkilnD71_piNlLXydfdXKIHr80DoqT4-pSet24ppCH-g,vn2,sea
W1ukTTd1n7HOu5VVWHUQy4EGBU3p-iRnlx6IiDCPI1SXhStnvsUCbPeu1mM29suUOC_mIQwPAHQidA,vn2,sea
nyCsJddVIsLcuLA0V4uUESn-x_LUqCiSeiiXG5Sy_dlPWuMekDw5VRG47xxplbogcc3NZ8oMHEfUhQ,euw1,europe
r9BiXuCBYbncKrJoREPZ_j_wGUXeSzOpGPHN8keOdz3kour3OvpvDxp45slLrKizgWxrDtFMKqXx-g,vn2,sea
doPlqRGOGL3dgjiwOtqTnfaWwb6DZ-pmmnOsfsS4-8S-4JaMvzKUbnNzfjZ4nw5RLcDyNbCi6SoKQg,na1,americas
qdzO4QWkx00V8yvKgWN3EUIHN5PQJ6ySyOhbbRfAS7ZueBmPBwj2Z69zsjzihIY7cTsf3wZCDzpwtg,na1,americas
4SR_zcZx-iPirztmARm4JY_0ACbr4asgPkVylbiJEn-8zdFbrG0x5s9LBy0Tdk5Y5Glj1d2Vpc6Sdg,na1,americas
li6G3eF2bK6N5WXHKEmHhAQTPmoucgwewA31JuR2ExixnR7eZuAWAPLKZY6mcvb6dIBvkFZmTP5Alg,kr,asia
s8fe9BiasgdYANv1rt_o6XLT3cm5Nyi9eWntD4JjiB94Jm_wWh3F_HB75HdWDEr5C-tmAqmoyECs7w,na1,americas
u-nu6E5RZnXjYzqfcqO729hddO76FWymzAXF9H4F3IXLD0Kt7fgHbUHe3D3vZ80Xm2FOvW3htVXroQ,euw1,europe
G3lauiMTvNrYGFQyln5PHlH-6YqzQRF5Xm7Fw9U06LwU1_QIIMN0dtKlPQrx4-13cqCUcisvYhpDxg,euw1,europe
diqAibuqupHEjFJtu_ZwKqEDoUhh161C97D9MW_4vbszszhr6y8euDRqCVeucgC1Av3gF5bLmj23eg,euw1,europe
XFgxYcjDFlJSJ5yYFfPUgi11Xmp7OXnfPkR-U_uZS1hCSNqSau8GrSK35X8nmqvD6iI5xp-oqox5Zw,kr,asia
Y9gCWRTelone7lgVZqOYGkqrJb_ibHK8iud7FvFXeNh6RKSfXHJCReDnumRf681rZmh7kR-XJRPAMQ,euw1,europe
WbXa8e7un4xNVRlifecj24isTh6-2Ii66a32JW1Onn0nabygkYz_IRbcor_R02YVjhUj7wb1vObhhg,kr,asia
1e-Pt4YCZ16AChPvEa6tKRqZCrv93bKvGsCPy3O-ng1VtFG3bsbMt0J6w6QUlOlI9zJ0n_SwVj3laA,vn2,sea
mZpl-Ik56o8p8cwWkNA3cA9wSmsFdYp6SiZeLJXtYY6v-JgRRaFa_Zl7PEqm9_FpXB-ohMM1nPXYpA,na1,americas
TqbsbDy1Pxj7HD3GyU-PrC37AnGOXGQcbOoqLxC8xrkXikYTX8MSf-Y5yCvjpjcG5Iv8XKY_wscmRQ,kr,asia
aWriBSi1RvDvgZhkOBig66Xa6yBL_Pp1LDKyZJgPy0tW3111r_p4Sf5R2YU3egpmvByLHaBbbnlOYg,kr,asia
AyHVu0b2EaDHirOquOWiXelYk5mJzw5fvMh1rSkLKZHhB_RD3pKYmrxRl38lmFantHcHomOnNv-a-A,na1,americas
aULGjOdydAMZ_8qY6zuPXdaGgZm5B_XaNxMndqvULOfFy_SgdxIeWkQfeAlMP_O7ywFtsuIjEqTOpg,na1,americas
b_njAScoZssK6koaG7cySK16nW3IA_XGYTyW0XhIqRAh4fkyPcg3PmNd-REHjDefRgvRMbQRq34NmQ,kr,asia
3UuLtvLZ8G4A749coq8ywLXzFM-rrz_a9W2Dvch36onlI5RYQ1IGmo4fY_8Wk0aJKbbGWiU-lIZIUQ,vn2,sea
JOK79nTGxKj2PYf7Io5-pwncK3vESYragUZ2LSIPCDbYL3rfoI8ZIw8xeGIqz26KjLldmFZNPyeRtQ,euw1,europe
Xm1-HzTcDT7-gRe1YR-CgS07yE1hc1nabofnykZTmexGyxbtj_EWDS6uke3Dc4ohJODmD_nuB5BfeA,vn2,sea
8f4Upd5HJw-dk5oIoWpkGHQYbtwPNAP8z4k6Du3Aiy5lHm33ZOKKINH1qGmOs2Qy8BJruoneeOD-hg,euw1,europe
-QmbDhxcUl2CjoSpFCbx3XwkRPri7cp28gMKhJ91i6Y276Kc09dPYkYG3nKlx22x_hYZLoLSSvsv0g,na1,americas
w7R5G2O-FJbQlu4OLGtbOL1xyS-BGndIz0EwbYhjR6_GhMBSZRi8n2IUD1HWXwxpCM8TDINM3XlcyA,kr,asia
JHY6-a7gQlINBaRmNpjnvX6cShQS9oIzTm4m40Os4p8ZqHifovGWI_JrulHjEEJhxWetXDArFKbMUw,na1,americas
tJeSmufvUPdzh5mnZ1qkb13YwlNuEi8fZioltSELrcbm4aIInhLSPNXm_k1lMwZE1T9fa6cH-62fcg,euw1,europe
bwzQ_CybehHSFg3KQcNQdROZLHr_r5_yaCtwV0PLbFDKh1ZHeWXTQeqwcS7Qf2T13JQ96uKYCKSsXg,na1,americas
UrQbhgJJ-OwMZ9uqmI-laDsCtUVZFQohiC5mIuiuPV27XLNrLqkQn8E7VSyXdi8NwVIW467-03vdFA,kr,asia
k5Whvn95bbwVdXfncPSA1auvbew2Xf4AOesc6mCQ-1bT1RV0HFwZKxVkAAvdXMn-jH5pEYI7zu8Y4w,euw1,europe
DIBHwOoHMEeTHK4qebeF_LozLixOlFLU2SgHF4P_3RzCTuGHhETTOA_rqDx9q1d33PmUst0wicSVXQ,euw1,europe
tSAuzXfVz7cdjZZtGsrk0yaGTUAzGLw05cvcMefwBCx6y_aqodkHmuio5Wzeww8nKnBhrdCxEFaxng,euw1,europe
qjrp8uBp1v4FVUSZc17WDDtCVW-7_nz8A8wu4yBL8Zc6Q1f0BRfVkkqdAWfDwov-QIxDu_tg6JT75g,vn2,sea
op7hBeUVwNAzne1dbmTg4Nbj6sTNWo671NGwvZDbI-0ujU0i7GNkhqWVvzdl9ZQB18dcm4Pa5Ls0KQ,vn2,sea
ytiXsmtcFLIyDB3QuWEq5M9U_9eDZ1uMCIRvGQX0EpHpvw3XWH_lvj7QZG3S8kGiYf74xGxblKiFMw,euw1,europe
n_YC5ctpNcQmjP0Avq_p4K9UbBTZv130PzrXaYTR8dFr3ARVAgo6XGEQ-MyUvwTFwH8d4v0oq6ujNg,euw1,europe
legrPve7Zq_kv6HuDit0yONWL1fuTmVEKK63aV1KuWJqHQHbfhkx_b_fh6G_uIr4ChjhTRvoWW7f5A,kr,asia
44V9d8Mugu-Iw2fehHnQAeN2EMd6lx1qFtwwjd3RcXojer1unrZZJpdl3zr7w5yjTJ2rpc9gCCf5Jw,na1,americas
uthZFrXzAKCn4Id5t8mKcvUQseLNDYHcFKC-X09CC9c9jYaRrjktj3hOBUXfm3p1-6RRHIVBvlZIog,vn2,sea
7Q8Fg9HfvkSGwddkzVYuOEPHtidYki0w1VV24K5WX_KktWhwvlWNAFI7Xn7VIZcrNCbLipdKgnl-vg,vn2,sea
qKPtqDvsp_SFp7jDShrJGhnwOwbBK9DXU64gwZCdfw7e1upYIDLEuloS4HTguVBJ38rnJHU-fdBcfw,euw1,europe
WetgqcYf3Dw0Ma7WBjrZiDhdAZnbptX9xhyifVe9b8iTbbniZAVdKtr4gxN0G34Bn2smyd8UJ2BRNA,kr,asia
XM2R1dSKhy3dXYmeFWO5v76Xm8BrkqKx_nDxIty2hGPBvMoJoC7N1OQj6c4ZJAH5XKh2qQc6KJbHyw,kr,asia
GNbrYnfAZx6OTeB3hMQRwfMli2GSayGFKOPYO7B3DbTkrfcokfoJG1_NJ9R8IoGhdSikHz4a-xB67Q,na1,americas
ykhzZwmmOS7GA1VNJhIna_NiLEpTCyBqdEE86LZiMUQSbmvgCL-7qtV4PIlvBiLzZNBxPMmhF5G9xA,na1,americas
hAarhrYSw196HWy1NmedFRMenaXUbJrwNixarbwdlmO616dHPcWXN0q9NPe3r74vUQjfmZZl509NZw,vn2,sea
TOwFNhjltVfFe8eUtNzoNPd-4TMsdgXQJA-A10eDVUVKVxoK1IwrAZOS4wVlN2B6utAx7JeraJnkcg,na1,americas
A8FV55hU3lLVQwYKEHoPua_NSerkhx3L4t-0H2TrGInRa-ztEvpAJuiBOpb20EBOaHVIsq0Qs1Jfgw,euw1,europe
qwagJRfQAzT2QlCwNI_PMXOfYFQGsYAtsgQR8JZVA2BcXlo4bBI20ZojPP7CypSU9szXeTcEFLpqxA,vn2,sea
4bu73L2kKWUIt41cloM2QJJtq5yJlJ-qFwl0MbfKLMEVsXT8aumu0VZ3f3UGbdy8yFnvrCl0dGP9lg,na1,americas
DbFluYuzbbOqxwwjzz1orQh_gUbY_acEKiZugUChlZTCZqEVrJmuVGTlMdD6CYZd4YIvKleMs_0W2w,na1,americas
JoyAG3eO7Wr-MqZ73f9UnwbetVKqEi-z5ciaZVBH8t6I57Eno5SqH61PnLjTUEEzIfrDdhtptvllJg,kr,asia
6dhMcbhLPcGPDz_6ymxi-uVkb7D2ghK9NVC5EVm-nQh68g8ymgHAFIxX2wW3RXGbrrw03ApRjfIQHw,euw1,europe
Zx4lC-Z49phUL1aKKw3xfJNLnAYCEHdCsecDVPIIk6uqobRikeGLby7EHhDCgcRjV9LozT1mOmgGDA,euw1,europe
qOT2K_rwLhGb4f_7y6h0GbcbA_Gfh0ueJGiZfmYSkm0u6gmEi-__mbkNCkL2EdPyC9mGCxY1C8hGtQ,na1,americas
NDCcns4qoinZ289vxf01W65ZpV7M_Q0KM1rCIzauMumtY82QVm55UcfMKxuVWrGRqDBpF1w5fArOJA,euw1,europe
LZ3oUwbYVm4RQGqQYBrBsTcw66lG705otLDciuy0kfdY5PhTMDWysQ4WW0oe9iufXWy3R4E-R2Vaxw,na1,americas
VMQa4xWZjkXqmrZ52DL3OW8TjNdJwl0NCiAdBlaAH0TMz9PbSWOblzOvG7dnE6E7PElwCHavcoPsAg,kr,asia
4rdJ9UKe0fdlZ38SHHcQmDeA0omJHgFJyopHFNbTs2NSNAC45x4FOtmGrzczCiOplFjV3B2xxFSq6w,kr,asia
ZUB0yT49F-FHTMFeExAz1K-dynYpEgFWJ1zNOIki50EecXmy6CWdifocK9AXecU9a5nJg5nvL6OgRA,vn2,sea
UHIxlamzyaB-lxfiVsS6fCuHRsHlGYZQEP3LebkJtJo4-4O6RgOWDGlYJAB5v3JvdJ6UprAHCgH8BA,euw1,europe
ILNM_7XlwZYUQH789UoFBVe58_SwfVVTsCeC662HMYjWuE9E9f_EHmumBTHf1l-vVGhvfh-BHGaKxw,euw1,europe
TsW-nXJIhVbhw6dLUdGpuSKiwAMGDfDmPssVpeOBscXcz4stfGyC7HDA0-N0EF2nJ9f9fLEuak45Ng,euw1,europe
JBUoPPJegq0e6HudscqP_F8dBLB1I2Y1ejsHEMKGDVNaWKrLfZ9GPBpLff_ZE4Pd6-pAyAlGN8tz6Q,kr,asia
LcDSByUv_dRTz9gMQr7V6ts95cVsxI2zLePbQHhbt5KcYOfgUIGFahoTxNKcGVExxok0ZDreY9LrXQ,kr,asia
y-Lghxvo5Y4wfwNAQ2yd_0o1vMeTZai86JX32posVt_CF4A9xIIn37A6b0osV3Gwr62JwWf1kZFcmQ,na1,americas
LCoo59J4-5v0hd2KrApj9_P05wEg5x6f944hYFiNYwiIEakH7z06Nr4w_rZtpeJnOJ9_JnkB1E5Gdw,na1,americas
J9CGvt17GgdOTIBgsG7rxUugwTNJBaspQLGPYMJ5F6ps85pX8XXoO-2UF709vpnlHw4xz_YEPP7kxw,kr,asia
oYir9RZ2k2-uzJjxhklTs2jlGtRj5munvKxeqquszEjSj07VX21undUTdF8m_SiDQr_qBq4KkphJpA,na1,americas
QkuVlj7Cn14aw-1fK18lUue91ZTorF58k4KILQoQ69btqkOd_6VDWFkbwPagYWOjuocujDjpit3JGA,na1,americas
UBv9wLEposMSTkby2UEmQs48BSnU4gYTAx82u5yUCcNjqlow_VXdTJ0x0RRs0HqqGCCgdQO-8lFP4w,euw1,europe
zhTM0jR6g6LNZdv4TPKON45SJuxfVyKGwPsCric-uhYlyP9CbRkmasVOkbDhcn-evSu8C71NqUFelQ,na1,americas
WF9eaK-DaubU0XHbUXOo2LDjndTa507_7IcZUCPI0S38s3Wd-l_wPnI6hgoX7Ig4U2D8SqBKl21cmA,euw1,europe
1SwltS7q2oj3pcwQUj30_Fnb168Yx97XYASYXQ4WyJGl05TxVhpP9R4SSPqkrxEAxH48Y-8U9Z8RBw,na1,americas
GiVfUV5g8edz6m6SDwn5oqOOhw12sZzHfqn_goVyu6Y_of1gwPoB5SR9U4khNfO_dmEOv4k8Vdn3FQ,na1,americas
mo5pUlEoJoSCLdyQpY0ZD22rcqqTkMzLxvr_6Y8eUQn9_7gq1iU8_Wna4auqi0jGRfPtT0Wda-YqHA,kr,asia
6ESgf87pgDSMlBT0-QEmkZU3Y7gPFY3K9ohLJz388ybAX0x8iJZHsN7W3BZ4fyDCsBycZI83jCi12Q,kr,asia
62gG2WKaAX1c4KzUTj6j3KaePnvnw_cGaRG_5qU8xZE4H4gDuRaJ5aT3rNJ-PKpa4dDMJ1qjp2kdeQ,na1,americas
mI8ptAaJPL8Os-ZH0feJ3fMp4EJy42jzBTzb3Vz24sUT_tkmkG73zkI_5K8S3MlL5TQPxhOu38-V5w,euw1,europe
WiTqu5ZcRpH_7SwLXBb-J1X6wlE3leVWAlwjj8Zk8HC4FkiGqMEovuNlZ7eoDOcPWpYfLl-C071i7Q,na1,americas
Vr9kitdDdVVLbUHBYAONpRzkIcX1ImHen79k6CF5zS7eVXjPD_dGU89AgaYWz-aEsRLMD9A-fpXwXw,na1,americas
BZI2421jOC0OjY2XhhpplJ4J97ONM5v3qG-vgk7-Nm4TuAZ81rjnva4gpe4P4xxNDSrINkWXdWFdFA,vn2,sea
dhHkPIwbAoTxfE-VmMa3mzfpvk87D4yccAR2hmqF1XTxu785tznzIHChlaEax0g-oSfrvSEU4XwQXA,kr,asia
nJiPCCu3nZywv7H4v-KZ-HgVFb-cUkT_tIU9p7qVlaZCcKw0d81Tljr57cKspUth2PZ_Ri6waCdqTA,vn2,sea
LgVyggY2mPmUkzigu6A2S0BFCRCng2A9AMcCV9tWcNI5-qTiKrhBUXP4VtAaxFQ0sbBXr9-MYT81Ig,kr,asia
SxrK4F7J1iEMNTSBuVO_ncDcaffIs7Fa2Y85s04t4JOOfz00xhFKllncoh5p9YCo2pDu3iEFYN-Gqg,euw1,europe
Dk8hmL_fO1ROkJrHwMU4CGi5DDdqNJXPJtflmYEt9X-q3PxtP-7GR67yLa9lRDOi_wdxZJjnS8KJrQ,vn2,sea
SkDZVG96NhpzsPVJ4Lj3IbONyQIZ9_dPxHjmaRMjCSQw0Ok_AKGJJX68bb7R6uVB1X68NzgwUWVorw,kr,asia
U2x3wof1jJrNe3m6BxDBCtnnOJpc-b3miSwCxZl7muGdQPnskJmMj4zFSwp36V7fwolOST1Jk1OM8w,na1,americas
lsQCt7OoZ-ox_DTSZkNT2F4draUf1KufITLT3iEAsuXbhSdKjc9EXfDJmAs_lBawqDX4cH4QIqR2qQ,vn2,sea
Of502Se9XWrE2Twpwz9ZnqyexuB_srUbSn6PEWNLJeV8SnlvlV_Ijw_y1gMzSBXyb83Ln2ExgQoPtA,vn2,sea
G_x4rBgwqAr5civsAwMX45hB_exwF-xLad69u-y8SVbegQyOZPxIooF3_2GwMCrhjBe5uLq0YuvQVA,na1,americas
Dg-LkdXkZ4EOi0vWN8wqeOWU7ihgdJ3bEVKSPO1i0AuRPQ-rCqY3wGzC6tE739bdtvVefmh3CAtlMw,na1,americas
awqtB1BKsjvb6dinLAJk7LrWDtGR5eRhT5tJeKMYKH94B5vIaIk6S6MpyO2gjVBzJwPpXWBq0gotBA,vn2,sea
9zBowQk9897iOG9ygzNqvhjtUT0EV_DYRpHfpJmzqytuB5D29ATm82PkLVNTpR7TnKVvuA3HvWaPPQ,na1,americas
z_fwLF0WswkaxdUnFWG1x8DAuHRE1v4bNkF7vppgtO4FUWRexF7Ym5jpeq0TMNbHAg1KZJjel6LCag,euw1,europe
dLhS1SOWr4frRW1TAPo6U0ul4a4bmVIwQUNnwRWms1T50YSDeD7y0Iu_ZaJPaNLFMG2LKf7zoi2UQw,kr,asia
GUuNGEQcyvogIxy2nAIF3mGR7bYVqRkUjuneLczo_allIZ1jxIRkKnMbac0eycYVyKcdWSMtQwWYKw,vn2,sea
LpljTXhDxI9XSpsoD8Slf9qVi1GphNYUkaF-pb3MknZxJoDMg7yKoXQ540Z4XrZRGFsF---Csa_IOQ,vn2,sea
0pkOzV5clZii_m15T7gcSrRHHO7Xg2-pCKGFqMRRjPdq-09ehIAAHHondDaC08TQqIr3LW_3OCTikg,euw1,europe
bx60Wa70iCSF0PpJAMY9LbFVNu79Lq1cs2LMoICBUKAKIvzgKguRIMGzE74Q0SOdORoiAU1UENPV6w,euw1,europe
QDX6R9Cjg8kI1honIzwtYU5-5d7vZuYiXNViTXp9JY5f1RTT_TvoLmva22Zmn7pjVcv5CDSqPjicnQ,euw1,europe
71c85_hpnODZMMfUNjDkUgliS-MXBLok2zkW3yLc7IJTLsl5tMd9sHI7vg4tMzKrppxyIPMDuZlHfg,vn2,sea
7eaCk9-YYsAmlNfEAcPhUq98M5zmopjduouOVo1dswvVOFy2FnVnYpiOX3FNS7EqQFc9XeK-LNSfBg,kr,asia
iz9hJGQ57xUWvdKKexTM0SjnvvfeJRgpG2mq1IjH-oi2nrwH8A2EZZP4BlseV09be5yz6n7FHJuNGg,euw1,europe
5VXRkGEF4ofj8fUJR3rNrJ6ejRRVPM_jNnAmSDUDkYc8k-HxhcMAp945Kxv5_poLf2CZKtS2ctmHzg,na1,americas
ZxcAst0LvwEzF3RmkQaEte65R6bbxqX0-qjbPb13hoK_-qG_L3tOSMWonFwGI_Gi2kDBuANU88lpWg,euw1,europe
48Qf8tpL6_Px-bDB-ckGuwMc0QSmunDWrzTV8eczUOP5f8L3q0MPUx-s-h2t0_i_Cu5jKLaote7pmQ,vn2,sea
o50WqgkT8sB3YQCQWFrUvR6qPs8B14GJ9m1x5TlYtuNok102XgD3-gYD69HaBoNTTRFqLo_zMhRloA,na1,americas
YFIp6mHtUI76jltZY54bpbUpwlUY-Jo2zklSDxplXTy1R7WbFPRMkKPfHqjAgKoZDz61FuZuWOmuTw,vn2,sea
AzHYjMVQrrcii6_xmnmUNWQb2WdfWmwfCb0VQmL8Q4yXiiy0fmePf5yy_EVq-AHiX8GLGIRdpfGrFw,kr,asia
lbOXILbI260CGeNjxEqnTfGJwNdOg5poLx0IDBez9gEzsC7AdKL1oYPG3KbYE12hzfkT6-CSukC3wQ,euw1,europe
1j_cJM6YP1UwNpq_qMdryXy7VmNHmQ7aNDtjVtwV-jBaiX0mgDuBaLA4Mm4XFfKi3YlNR2t42HCNqw,euw1,europe
7NKuJsilu6w2FSpC3R4Dj-xTJ4cU4gHVXZ54x8QVI_BFFn5D8zQyzbog9RP6dyzTKLGBxknEvOLecQ,euw1,europe
0dh9QdSiwa7gEfFxCo67Q8tgC8jPseMV7PIv1xPqpv4xUFxZrRmBbxhIaHxulN6rVfQ9wmqUX8Zj8A,vn2,sea
qRBee9K9CvypWG-vhizQeP4vCxJxHBOGwFhOOIKsJXn3nYmdh1YQMoZbTUXaRyCYAxiIVCJIPhq0zw,vn2,sea
wOl_WeDkr4U5aFz11TW-giAmIrJl8xDpkEG11u8gaJDPFtt7YT7tHNLxtU85aBphbnAqiMNxLi8Gnw,euw1,europe
JFQsjJhpJPIh065slKZd12ncpJexdc7gW9G7nJjJ_Dfoe-RaFl1VHKkPxZ2K-To2rBu9ad_skvTE1g,euw1,europe
4Su5RCmipfGEo4ZJO1oBdmVsFpddjPLoUNKAqsJcqEMZCkFWx5DItxKudExbQrD9d1LtIHl6-N9RKg,vn2,sea
nyQ9NSO605WiUMlH-NRQOPXE7vPbPEoJTt1F79DwL1gfEQpe83VZn-Bsa3oEezHERghB74t2sIeFbw,euw1,europe
hVbyLuXVKRr29Rf6NXNmfxTWbcBkYsabRQgdtAMdlhZxhxZV2dADKhHXlfpKWZnE7v1rK5RALIgq-Q,vn2,sea
E9_9tNJg2qJnrzwQ6JVMbpB3y8qZFbcB1dHfXtsuXBPXZxAZlI8qkMZHe0a22XWawi5sV4H3alD91Q,kr,asia
a4PL0i2y1_9H59xWJXJB6INy6xu3lnwOZnCll2beF6oRYg-BtZhiPDXYZtZBjtFmWs-YJebQTVBkkw,na1,americas
TYZ21Im6Jv3oNlsJl91Zrl0ZUvhSkBI76MZgPTtbGtW_1knwzUXTkIgKLj8RJ-XwV4DGj5GY5SWzqw,kr,asia
YVbXiBLzjlnMLWExHS79nZ5DgJfYuBrcXTg5jkFgFJB9ugvStt2RlvTg52P9kfVu7XCLcekErTAIrA,euw1,europe
V8GApSeiTBtbSciTPb9MlC-cxdokABp7RPc7D2O_ZYSomIAlAXjRglSRjh6PZi_UOi0ZIm0DDd8Pyw,vn2,sea
1NoGHmcpS6bib4iygUX1VLLClVL5m7-saG3itZCxcCTWtz-vqsdE7ExQlQz1az_rqUxkHIrnv5D-SQ,kr,asia
gCIpiKYy_xzI1n-3ARNP-ecq6unW9mNw5wl_fFOilU8J9dT7YZ6iIkGIbwkZy-PKhoP0F6692p_wMw,kr,asia
7Qs7hyuiU2IGnJtUNX7T4J6y9QaGnmlA6Gtf0SGGJyAL3YPDduX---lPaP9pGoANt1p8podSExLkQg,na1,americas
TQLrRBF-HuzcqZjO3U3oyYL-rur0SaFDaMgSmDwJJHXyipUDN_aqwXa-KFkuIyokPW6onYmTejd0aA,kr,asia
X7jv3p2nS5Ro8SAwy_SE51nPVDSKMt4cs8HNsCs6coCQvYs2nrTKKsBU1R86oFnVez3X1Bujfm5F-A,vn2,sea
DuzxWLv6q_Ul4m0PhZKB0KPVBSJ34WwistdajfcisN3DJ462L9-aRnna6FxQzFuH2A_nEbsQ3eSFAQ,na1,americas
b5be3PTt9wgItvZDHmsbP7SNBWe16ax5xETfINHE7CWBv4_Os4Xt3njlmbYiDjLTn_mW3helYVrnvg,vn2,sea
O12Tpwflma2cQiq2AU0pK20UBhZcJr8vQaI6GdSCO3r0PtFwZJozj-4xPD53WOR2FFqGQoexqsNriQ,na1,americas
AJ4WRDAOFOYMIKHcYa2Vqk85E8A_Ua-XuZoxr7AWHXOlq5djcHsodgsxXyWBWvhxG0-_NBG1VHKejQ,na1,americas
Whdk6YZ8s8BUr4-dXsJnq0pXbdJZ5mGxTrPvuW0emcg6OnqZVeGAHxBxSP_5DHCmjI0Udsao8aPKpg,na1,americas
r6q6i7SAWBLP9ySLO59gqP_ARYK5M-k83QOa_bU5KqNZr9rInV_UN3RBbJTY37MKt5uAHyyyXeHtnw,kr,asia
E51RkjF1Kg-t62lUVs5c3Q5l113RXVFAu4XvsKBowv45v3s_WEZ5i-SzGyQFMbteGhx9ix6etsrwSg,kr,asia
s-7XhaUYbmO-jcu_ExH-22J5g82GhjsV5-HMXSlz7MhNazzaLXSXts4LPPo2rZcIT8PqhXCaNmPAdQ,euw1,europe
PSNdiiMiWrSXqmBDxIAWaZIKP8VbSQ_qsgmX22Y1vt6ap862O_GQCbbuFUHutfY7LTnilpBC7l1hYA,na1,americas
lnEvBggiIhXiY41IXQV0fOYBChYAXX_FoZMNmo9N-3uLhXAhLP0Zw26sgYXI5G6X6uKbiIQ0DaHFVg,vn2,sea
5QM2T-ITrJQO0hF0xFaj8WFUhE3a2KlU4EJ4KJbDmLO0fww-rPPiMXAp8h0nUny6NTeqak3nkQXTNw,na1,americas
THuGBerbOFAb6_OrtGx0KBBwR8pRDSHRyQ1gL8YGCuaIJIGK49qu-KomCLBxhisdjQhC7kYvty-1XQ,euw1,europe
tN_5aq3xOQj4EIv53LndHT6nwMhSIdYeRUmCKPMXBQZZekKduPJoiRYV6MGd7I4k8NcQHSMxeQl1hA,euw1,europe
44iMilaj-qg2iRtPODATQbAA-gE7yBLygY1gerHP_h21u8gJl83RFNnOd0guzH4tSCDTk6NVv7KFeQ,na1,americas
cNN6GvxczMnDnThM1lyjzdPzB7mBvZeZiw8I3DyZcgmRdAk0am4wsYtJoLldezPF-Nv9iO5nMshwIQ,vn2,sea
fUAvQBsSuc9Yst6uI_33JQtbIjN2jmjui4FWR1Rb4fE0dLs2XQFCjEp6z9dT0ykRG9t7tUqb4FaUyA,na1,americas
QiEbEPobztzFlKtyQXLV5NjFkHpfLLQvGiFlPTBuEglj35ma4WQ3iA3121dXX331U5dMux84pxItlA,euw1,europe
nwJ3GEkivGdHyrFwSEnMumrSrJXezR2tfquuZkfCJCAIKG0UokTpgYWpZni2vkscypj0aqlK8Ii5lw,na1,americas
1Z67eOrBXjAU6zmWkvTNwpaWYJgYmT5CuKKZSBd9riM8FIsfeqGWLr8tDS5HZB-ag8LpXGDzrIk9ig,euw1,europe
bUlAZKhcVBFcJ4PdIcWX1OuychzFoPJGIIEe61nhwzK0TgawQdg7nM6P-b6fvZ8GRcTZyBqkwILYYA,vn2,sea
k6w7WDCT_KEd71L5wRr1yBEezrZjyGc0SrnFXwgJT970xOjswkcpnfQcuHgq3jTvZPO8qm_6u01k0A,vn2,sea
g4icIc1iG47HEswfmE0h9Mx4xORX_KxRVhLnLa-oD_4vXDHHBs82FYLVMdSWsHpz5hqX89AQjUBGRQ,na1,americas
8jguTW6aWhyKmBIgiRU6OvlZ4C_nFZScHARR0zyiOE7segZx6i0gpb-yt3xsP8qNfNmTYKzAkmu9Gg,euw1,europe
_M8Z6pqE32zjMSBa-C8ZdHM4-uUPMjP6yYXyxcaJv7_fwPUex4GXvLw4BNMHBe52tv1tAtIO0tD4EQ,kr,asia
hOlQKloirh7ykio-Rj2Z4LPj-lod1Rma5mVULI3fscv78Q4rbyKoQF99I0AscNzD6huJjAPZAoQ4cA,na1,americas
7ya8_y0A8VrrOELkUcXomzKtfVKf7ktfEBA0g7jovPPC0Nvq3Jl7EPVJfIbYDd5efMvfD2740zLqEA,na1,americas
zSDixBFZwoVKDGsIY1w5TEl8CBiw2YaZCvIDkZLPR9ToDR_jWfHtAwBsuGDzpKjduotFcqfdBmJwKA,euw1,europe
TUIss-ZOx66VaM4pyo8wfibJAkkuJ2BFNWmc-Xwl7Dk5639X8Ivr53sfr2FNyMAO1PK1a_lIayc5uA,euw1,europe
_sha9OzJmL_pFtwoA5CKFg45XVFgOCCTW5cnIIy7IbILDZPl1hhzwC65BLywHOQjM2kkazHXRc45Wg,na1,americas
fu3tpyhQXLZj6hioJ8V0FORxNF5RmEs-aKBvQcpK5hclpanuHCBAllQCs8wNmhGqWoHDbdqmmJQdNQ,kr,asia
SB7oSKMkPBHBRccRU228k_n7CQP5df15c7gP8ee69f5QHp6Rr308faUn9R9VVblPEWXNtHEPbEzDLw,euw1,europe
wO_OXVHnyoW1K9sexQoXPQv9Kb1HqGfY-ufB5f1revoxWYqzE29iOpPPh0m3J9TwLHb0kpvkWlaZ1Q,kr,asia
104Iv1u57tQFrX2yhQha6oLnugF3tWaKKZW3bzjby4oDtOW0M74rn2FjVukBLPiTjnD1P9Lwgq2GEw,kr,asia
tu6ycOoRTqsLKZKZPERu3p4a6ICWBUy_G7E6RWeI9IuGVE1sJAphQRwttOzIsIbtJD4owuIKCh5p5Q,na1,americas
-4Ydqf8zrAKSsAw0a9BUAk6QF8Ial-zPwNzHzCy4VMLF7S4bBtF5flS3sPICF2XfuDNRfQ_U2VR-jw,na1,americas
2cqd-DhPpN5dQN5PaduHVQFhLnlpxweUyaEPMj-3pYXEM6L90Ln5pH6dIJ3EF90aHh5_VJOr73dibw,euw1,europe
jFaxVs3ISq6ihZZaGuocehBf83NSr1Nm0TpnSVbDkdxbQG7MP8KePcmKVFrb5nbSbtTZ-BsBi8mg-A,euw1,europe
NF53km2rTY8xzhM7K6v9pVVLeBjU7Hk6PNNO3S2b5XIUIxW1BkIEzZxsdPs7Rlu0zd6twyzO1in22A,euw1,europe
8z2tMVmXuN5KrjXuKy23CcqsWjwkwFVHopBO3ASIRW7xPImiUH9sbwKQT4aBndFp71zpN6S-EvJBRA,euw1,europe
CRBhp0-qOrX7rFDJOscJAk7rH9kZVfqizSfVcCK8lH5dKF1xdxEDSOHYdjQ73ew5NoRG2YJ7Ct8O_Q,kr,asia
uF3VYx1P1EUvQ_4DLdTWZTxsNP-SMRZQKde86_8499Cb2H5UwAQLw6NRyj8jrRF_Au0UrOIBA2cpwg,vn2,sea
S9RMqpLp5DYND-vV6n59OYwecz723F9dR8H5TwWbkPRRkcBETZzgVv6J1nan9vWx6ABdlt_jHwsKZA,kr,asia
00IMvlSZ1w5LuHm6nbkhH-v2f04Qpco3_PhQyPSPYBxEUqRADrDLkZKlD8i7A9Im0vbzak43EAexOQ,euw1,europe
I5Zq5fNwbd7xzNZwuAdB_hVNrDQmE_bc_asUIjoKONGJAJFGLkAfwn6T8LrU5lAJE54Ts-gymJXHkw,na1,americas
2vY7Kt1eMbr7FdCosHGbjhPi5VtfF9uIo5L0fKA9raKrReihAL4wh5zLADq4i6pgabjUdTQSULH6BQ,euw1,europe
84Lp8y2mLFPwd5-qgXfCOUhONNYBgZdcGlbGBee_BTPgspPTvXFqeVfr-17mSzEuVj5XPjM8kJUsdQ,euw1,europe
ejsxH3Pf5G-bBROJUs5ThAz1nqpD1C7XF5heh9dFgKxdnu4gzltLdWPYWXxYD87W7nd79I7gtsVTjw,kr,asia
Me7_M5OOS0RePtKn5Sv0hwv6FlYVSODERsh1_TdRHpxD95sV0YUfnccRwQY_RFo9Rv_GKejZBEfGvg,vn2,sea
Wf03X6JY9hVRZBsjOvDwIfC4TRwGGDUdKZIE6UDFdndA3w1gBZfOIxtTo_-KkNl5m5LV-8NNAFOx2A,euw1,europe
MKqiB0cbjL9sfFaYiypyuxTc7Kkyuk7mRl3QcXEacb5sIsUUTwHrKbtmGSZdZnUVOZ1eesqdz7bEMA,euw1,europe
8yA89-5mXw71gJEXePth0PMMnDmohlRaSqLvlPN6FwIgmReBklTLxMfID13CMFyjIbWgnwUZ4R6v5A,euw1,europe
Ony110SPwclbsmVDAgQAjaALeHd6ZxjrQxPnwsU8TAKI2oiDVuDOPz6yxBLK_lFvXT2xDuuDDyTLRQ,euw1,europe
9KPyBJcKeTIrJ_GmEyTA3s_69VcHrBP-RQ93u6HD42Q2UKE2Q90vPTZJCvEZkt46DfNRHS4izUiSYA,euw1,europe
RgNlGoU2RlRPKxZHWmMrG5pN3GPtCkRoZC_I9kpCL3i32Z8CFq82ey6amIqfOvEDxBoVF_NWH5C7Xg,na1,americas
XthBZyiDeeNlQYXhBZ5muDUImAS0jvkExxIA5N7g1Qod8AHeP2wP8dfDbuQqH0m-XycvWTJSui5hjQ,euw1,europe
NSK0cxhKCymjkmZ1KrB8BK_0PhByoVymPg0K26zh4pCckt0GWIukhOLi-CVo0EjiPJgwctCh-wIkzQ,na1,americas
JwuaiQiDkJVPYPZRWMcNBPhqnRPW2qT9DaoOpWdM2r6cUrqsxBm89rhtah0FyJ6zSIBkH6QNxssLtQ,vn2,sea
Xo6RdGinXOxcD4u8JCWmfA1Rk1efFpo0SvukqXVLZMtDq9vX1AWRVtzs0bPj2-pYy_X8uU9FHfbwkA,vn2,sea
JnWQlxVOb0sOCdkRnmooIW1nc3ZKcripMmIxvTfOvyYP8kRwYn-c7PjHNSwP8ZzVXuA_7-8Rc9seVQ,euw1,europe
oHbN29u4u99rPGM5GrCwcvNgkRZcYl0gGxn_OYRdFqY_69kcvdVPlvXPd6dR1UxjkpyHyEcy-qLORA,kr,asia
QJB1egIRa4FR9A4qmuT-LSU_wf3PeQoYNQGST1Q7RgjZ-YShQpHzJhcrn-UeN2se6c_ZeXL-cItgWg,na1,americas
8vNPCemB_CIPycQD0pXdHPOSWwHFKQBh3u_z8hDNWL6mGsgLVBK6DPnJ7q3g6mJ0UHdmnMNlrz-d5w,kr,asia
NzDChszonTh06EDcLdinYgldqjqo6fMHq1N_Umasvdod8A8CnAsSRrfMdVIwWHyS9Rkd87JgoenHdA,euw1,europe
zwBsQVypw8bxw7ioTXcJ3OTfnYhRj0rVEox1xU8GFvv_kECghj1QtVIg_YMU3eXz7_PJv4NdxSvTUA,euw1,europe
VY_qSitxPqta0tyuHru_Uz_0mfveXD2Hmxo-gmAErH9t_9NPW7Ks7PyyEgRAvS5j97x2nbs-zTq__A,na1,americas
y01WCh8Xx_STs0Ybwcry7ckCsAwOuX91yG9AZs-Gt23523kMOsj7uOKeWG8VOK6LqPCg2ShjZ661IQ,kr,asia
hpoRf-WxYbR0LnrVKeagJylxPY8qTt60fFN4RlG-ynhOcjV8r3g6gGHED_DSRfc6Q3H6XZuBzi0bcQ,na1,americas
dw5_8iuqMfh_QuHR7nMPLVfYA3_YMQqQOrmiGcAUwY17wZvE52uXlUPtX5Ix1iUmJu8ObGDceG2ZMQ,vn2,sea
kv8jRjFn4ukEUf7KWYTUyr2nZOhXtfVNG-3XWnd1zX6oVhawEI6L_mUO6vY2Ki7nvWhwIahJVLIHJg,euw1,europe
1SfB5GuFVyQyai958Asom3Ie-bVQmTXR0iOOwiWBNEpBJrVdsQzxK_p2pVbOxVDVyeYdBzU72tMQUw,kr,asia
0pZ6ZPefhA6gQ-rJpD02cbgn3jalIO3ZpCbYnys32mGkuOqomnTQ4uuEyTgf4FzD9SCLznQ7UiL_Jg,euw1,europe
Re1TREV54fgy7NUoLgqCpNMB9RpC-yoXI8HDUm4Pua42DANKe6u21b4BtKPvyMNMOD8qF5UwnwiVlA,na1,americas
XPYhdWFWuC0aKbPhhgAR55dlrBtpg4Ui1yvvN5jBMLS4qAEgA1eHl-FvRPQfmmMnkio01CzTSRN2gw,euw1,europe
n2vova86_t-xgxvUVRgPmxWKPb5U5vKkpxExOowNjUUdJv-r1LIME9EwuYn3dKvAQcKAfetRB-2hpg,euw1,europe
WjNAZq2cBJ2wHrJrCf22IJAU-HBqv__Nf4zTRGlHIM7RtC13YtuMEyLo32rCFqF3H5Vp4AjFgRG40Q,kr,asia
7mobrmQHXPPDf_KNJZubftI2HiCGfKORwFWFqmd0f4qOCYuAWviykjUL8m2cXsk44boV0_xSI0DGyA,vn2,sea
j6uMqhiP85q_x4rqKxeB9B4fFsrDVdJmelUUTGK-NgFdVwm7Qer8h4tJbBE9Wm7oRnxGeSdlk1CFlg,na1,americas
tWP3ppAea5rMti42UYIELYZIofxhs02_2OVVsRkfUnoAyjC0ZHmDwqChe5v44xM9jh2fnrPTw2JBfA,euw1,europe
qVS-XctVdD_NKuXtRk-rkN02gzLo0oUrFUAgN_10sfEFww5jsVx6ZTqRilYi5sWG0AfqDUFO91VAPQ,kr,asia
Bv617HeGokD252OrvtkquI2ebtQcDzs6_BgR9cRPXgW9Xk_cLhub9zEgt_Zsgo7wrLM7JZH244GADQ,kr,asia
Xp1oJcTEE_XW0DWjRO50C67al50xxIFTTk6EvyWNSTy51LybZgH5khZ39xJv6Ig2ydXlvBsZ34CirA,vn2,sea
jx6fWXZaXkeV5naI6jxA1ZVTj7SIGND9sZCVzfo0VERd7lR8a0Qr5hJcHYddvIi7Y_Rp_SAgU1sgPw,euw1,europe
5bWcVR8ECOX8znKPRnUC8uIQaNECtg-X5ro2fDoOME7_RDf7KHHZ3Lem668nZ4B4XCmXoMj2C6nhFA,kr,asia
gIQgr5uOP0AnjS11UYiFZNKjffkc9M603kmPO5FLeYzXM2ZeSIduI1oP9ACE60EsEzyMg__2azlrgQ,vn2,sea
xVlmk_eTtMygOd8EGIqrJbcO50gzzPepA2rrGcBFHzzlWb1MCMhetbS-DnMdiX3KX3MIskk3fW1QIg,euw1,europe
EYUSTnhXVWe79ouAyfAVaDDqs1y-usqaBOOY0qr_kt4K7dCh2-ZaOVBQRZwc_d_2_HZaHhVSXtum2A,vn2,sea
PkWUYhjUy4qBty5Lce4U5ZJik2EJMFgrVEhwUOSrsxiXKuNsIhrwQUy98ZQIJK2pEL_HIhxMwb0phw,euw1,europe
rG2CJNDAG5yxx5fpqWj4sR98hL1o1ZGzOkXepvP_intCMJUEmKzdpqTcs2FS7ff7_PjP71RZMp5b2Q,vn2,sea
VRRwg-SPReHfHixDB7j92xyZYEFZAvOBHC7omBdBuNPHEz3OS06assvFgxlpZLmvEkcFSHtindOQkQ,euw1,europe
OKLvQ2sROH0iGLEePzYZsJJ_Sk0ANDQpRqzRL4Ds0Vshpb19ioqjVE7GhaWWBtSmW45rSNSJ9Udxng,kr,asia
94OL151iwvuENEgPvzmDgiPefydtny005V74vZsvk9i5m7iUSqnSnP8BjFslYqV-oocAgi36QzJpGA,na1,americas
VYSqD_69I7ekdiycO7DSZL0PuURMV2Puf69itDd5WA8Utnnu1D5-NbpKVz421QawQotZgS-_DTkduA,euw1,europe
Uv-atX4YfIe_hj8HPXPiPEYJdM7CFwqLtD2fy2w8cvqXIaas9sD_MZ_5zT9YFS1oAxfQAu6RvEqw5g,vn2,sea
LM3g6njxS8GBVqlJuPHleg4NjG3elIPvsA8-4WgHpjNQZfN0NwvYYYAXlU6vLsKeQfew52G2Espskw,kr,asia
WIGH0gRCfRxm8XX-0UXivw8zQvWARVIK_VcXiTbTb_8dUux164YDU3HruO4ryfFbIFqK81690gBfeQ,kr,asia
CyO9dWHTSqOKAq_VQxjMUZubU1sqhIfGCdFzaDozL9CzxFFQ0TQ87lf5kYC8QU_r4xVZ_ZW6Ifs_wA,euw1,europe
R6G1JIaYSeqt02h_EAp4f2d5PWuEt9xYsTLpeXc7sROW-8EUwuw54Rki5ddySBlscaseXJtmx0WWRA,euw1,europe
Cw0YoF9Obo774wVbaPhgvM1nb2pE7DQSmqd2D57mF6nGeKZoIFkzBupxDvr_NFTK-VzyKdao7whwVQ,na1,americas
LzL6Zfs6pCrnhnVV9828OeJgkTwy0bk34ofUxS3ovYVN3pb-2K_Gcdoqd8YntxxSWx4gi6Q54ctd3g,kr,asia
DaQ_OtohsAv0eLI-RWuz7mg66Ig9OF9G94LRXNUVTRmeHPYxbtAcDIoQBrp-eaxQ6NMpuFOfLahC3A,vn2,sea
IDUB807zfF6Kq59rTh3t1dmqkQ-fIP06IV4_YLEA1ooFGKjKK_evig17wJFKClHalKsWjn0Il8Gvew,euw1,europe
E7aXQBzLy7EAdgLdONixPrZZKNPPVTvI4qMvm-xJw3JoH97_oetean830HeB9sJzfZcKrj0bH66hLg,kr,asia
jCZbfgQl76ED6sVruAfuX7KsiDUD21EaVi1nsoeWmKwx277AlY4OtI8NdLjZVyOUTfj23hawrDxAhw,na1,americas
dgM4ZKOJbk4YQk2iNRmFv7Y0LbG_f0kZkYv6_SGnk6XI0Eqa5G6_1QkTIZjP88EzxLuzm3rOYdUGUg,euw1,europe
MfvduilpVg0wdOxfDt1ldCVlUcx9gt0PquvRrU5xBO5QwAhkHQDZirgsXCaU--Lx_L5p3Rk3vvaxNg,vn2,sea
LrCMX9dGjTQIpkjR3WuVYcp6s0zmo_HPJHctkw-4jp1qWqw7EUGXwnSzNHCb9ju-uvlopa7eWxVoCg,na1,americas
-XS_kt7rpsHSB6z_DemmMjnTikN-056ItEzwXDKjp87PjmcUH10FD06fCmvfMW9BD_ANYoJqAO2JUQ,vn2,sea
sMEX7b6crDlxq4HYEUxpIxw0hROdo87oIoSrwZbKYxd8Ujp2dDRx74JoJbvx7RX7iIBow2_qgPIAsA,kr,asia
RkHHj3clg7o3FoDpdwcsiZk1ku1_qYNCvlbv3FyvflwvJwMoqedV8KbVFGmUtuRCeoRXGIbglVjrug,kr,asia
OBlVBX5pLLn5xhdJ_a5-tkt_C3gaxO_ZQLsuIxYAsrX75YCFx-rbKmJxVttJEeFY-sG-ut0KYOddww,euw1,europe
cIazddsqgjURHHNLTrBbncMN0IayZjXfdeN6OwyhHEQOIiN1J4u8t4IaOgHeLfZinqLK1-BoJHInvg,na1,americas
9cNdCtF7_5RUi-ZUlAsdeV0odZm9men-a91BW6S__M4mOLupg9q4STuH3VWHppB2TTugQJEiFmmqQg,na1,americas
b9JU19antD634H9IXBEP26gzw6jNyB46wnEVdImx1f59KVWIisXs50dm5Y9aA3wFvMBNMxFYPy1cyg,vn2,sea
Iyg_nN1HWyWh88ngU15jD_Dk37SMdHnCOb-zD7zTtzAsAupSktHr8U7va4LVTGp_C9Gsh6l8qqDrHg,vn2,sea
vGyOJjaPzFs95Qt4qp6DwRJe81yRreZPe442w8WtDHKz2uby29AZi6Ov7jQdTYwHg9uEFTf1WkjHQA,vn2,sea
LhIx_esQ8Q8FBC8HJAILXmuF-bqA8LjrN8m8b2cuizquGM2tDsvEEpZ0CcyBtTEQovBNxD2svI7PTQ,na1,americas
fgFw57rjCweRkKb5OL3msS_7hsJR8AqdIUFrnbTEQMAwqERe3BR18lZC41hDIwvYXUvec2iKOcsuxw,vn2,sea
ubPqKy53Jk4UfXwUg2H9Fkr2v6K6WgqCKLA2YhG4QIQirepIr63uHrulZt3cJh-0fQeFGfmH4QqCTw,na1,americas
uZ6Qi471DGUPXPSfQDyXsc9CMR6faCFv_e-k3TTKFnOXnzW5B8pBVU49J_lNiZq0osa189mQ7SQxAA,kr,asia
f2YQ2zOih4XAGq9rq2leiXx7MbekyTodYBJZZzb5jcYGtqKJRxoPqwAGH1njMaG13sejWwEnp9aDOg,euw1,europe
EKQ7rtIXmwmRppy-lo-JMgWsiofsZPJk8cBmReQE0WeoZ3hnP_gus9Fw5C6dzQsb7IJcQRA4apZ13g,euw1,europe
iHfAhJPJFGGACksMEXs1Fk3uOMonBnc6bsskflDF398C0TUindQmsHJEUkozYsVUSu6Yrs9tNG4tWQ,kr,asia
qKmZdWnBiLbUTPEI9WUojL_J0le-eVVpLDUt6Pimp_yfE4NZMROn-JC1gI0J7yj65a5ekbthzAzqIQ,na1,americas
R5Ei2d06mG8F0O7O-5JLi_0u8wxp9yNlSOAGPgJl4kiHO3-rZ8Mi7NtaYxAXlvNEAXUx0TQR1VpB_Q,euw1,europe
o3H0vlveHV1jUiJAYGGOBcpE-fh9sxEVXKkWxm1DvcEuGx7goaFOURSakKUuMauprMMeUSkPC0oyxg,na1,americas
EuKneDVY0LjmmLf-YTwr19kJ62xJEUMcdIyw3GKNMtP3NC-pvQvKz_dsUWsaL949dq7w6FziyqRS7w,kr,asia
8ZPfJYOG8rqiGXqNtZByTOYcIQWpL0Zu395KOAjCUz1IOD8w2OXwVqjnbuklohojantnqgSajXcv-g,kr,asia
Iw94_-xBYHznEYRu58XcExRKXDYD8RPgzD0-mWQeF7u9FbNrXbMflXnoBCfYsGk2R05cNLUJsBrF7w,vn2,sea
fdCwBTjFM5CE1K8WEIMz4uGhv8D-90FKgYii1atgs9ZxiBn2wmUAZSZpVa3IkpwJmJauiCOcudLhxA,na1,americas
_SJWXsadR5B7zuCCaCr9-1eFjRp_nVW3iN3k146niMi7uJ9k08VTKTVKJcOZnRhBXnHvZ5WkKKBzhw,kr,asia
LPoWJsBx2NCHp0fd78HD2sXnyFOg6MrK-_hwfxIxjPbcuIKwth0kwYTvpd8ntF4HWBACHlNYATKvdg,euw1,europe
EfKl69B2PBSpgJgBxqw8wK0Fgh3YVccFg4rjn2kisMwShfHAbCihvGtorF_JyP2DXiEUQuotLYAaBw,na1,americas
j0uw5mxKF8OS8rRM39XugLLC7WYcaK63Qw575G8NHc7js2oUv9KOrOfBUU1btVtT3CHNcU5toIWhyQ,vn2,sea
AmWUxtPHtF22QJ01gjNSmbeCNfziOysltp9Vos43GIO0w1XVIfbClnQQvFEPJbVzEOr59_h2klBW_w,vn2,sea
tjdfwQBGSgHFT14aiW-1yyfQW3cwkpAx5EQ4c7z7G5R-fTlxN1SwuPdyakkpkMdcCYXSWDET6lAuSw,na1,americas
3I2SnQgWHMsZA0I-5lVdh7MawUIGyCVZNwasQsIYwdu-ar7MVDci50Y-iM_SDP5QnogQ2efvdbJq-w,na1,americas
x3R476Sddmd9Pgg4aBy3eDD_VHv3SvUCAH-Khg7rcjNU7H6g3h1E3eSN3XUxj17jBHxx5TBSkgtcUg,na1,americas
g3wom8jeiKCQq555TVh3oZKCC-An9_5JHNKcLLSf35oYKzxrzU5y9jUJnXWOsNXmzQ75dwzmzRZFFw,kr,asia
ftYnNyafqKqOLbqiKsxX-9IDilI6vLoUu_RX2l--oiXHxf0AK9oa5BKYg9Q4TEmSHvj6yZfiC52m7g,kr,asia
Jaq_l1aFfa5IglXwVko9YFvgCT4OPTgYR5mRKsiMFIwNLCu-uMqCXN2IVfLnvVdU17GtwJfCmAzJIA,euw1,europe
H-ouoav2dMQ54u1IB72-b7Z_qmv3CBeOjvph2rWaIz2DGfXBiyx5wrGabnXRvMNoKej535aHR0yo_w,euw1,europe
3xq8pTpGrZJs1JyaIIVfKk2El3i-_asL0K0tDIP4NvVQKZGagI860s7HdjzWxvMHKxA1vp2sl9DuYg,kr,asia
MMAKCqzhx4bEHCFMw3vSCAYVtWjv2bq8NdUbAtBw8clKIhZgGRa7fZslsMEaUnzQBMdXdk6J5zA8ww,kr,asia
SsSsyptefHze2Ym6XR-pBivLIcDgyUcPDwc0157gKBW4VopedI0e3014TqgGBFviAlz3uU8U7dd5vQ,euw1,europe
Y8DTBssujbVf2eCkFrwxgAj0-CAbxSBaaAznRMxzEWUB-8f0j3JKc6kaGLNFV0OHQYt9gtCpVscecg,vn2,sea
NSbK7LF2H2jt_RUloGwqGJUZviMFVnP7V4o3Wum5iMMEdltuPQZL_D8epNp2Retfr6Qcbt3VnkGlhg,vn2,sea
TZHNFUbgZXLccX9OJDLdTwUJq1Tpyz57gzvp7Pr9JMw1CduOjNHC5qnOjz7muJyKW4bpC-88_8ed4g,euw1,europe
usQi946Iu_0vvtuKqa472eb29UmGPP84JKkuga0nzWejPTRs4YIt5oJV6LfwCdnUYAP7aZnINEBlOA,na1,americas
jsxh0YmgzypuY9K5ZedJ3B_c52brNtMZV5eHkEwUlR-_eJFU5NIC3FmKOGPmmfAua0LOTMzo2S8oqw,euw1,europe
flCl2VXQAU5RdiI0U3XPT7BGK4w-ViSTG4046SJyvUCgz3_rKWerRZGlWqjOVBFwqiYnIoYBHsyJng,kr,asia
ve76YH5P1RITGbjV2r-ygkD2kVfPPux3qAzRxRdlSU7-rJeXtZhIPCYYQzuYoIk_v12_mwLrNmPNLw,kr,asia
gmtXADw3UB5O5dQtP3WBdUkgvt8LRDxwmQw5sGsgp5j-I-Sk4SowCrlN2dOqDrErFPuVoWu6uJ-ZwA,na1,americas
xh2m682BHPejzVg38sLKQLdCsvKFH5wTG9byeoLdtttxyDwNIx8CEp0j7axvveNOWrD2QeDkbEVQIA,euw1,europe
087pqMeBNp3bgyjBkbUuWe4qwUQAh_-v7ccc19iYM0tCblG6D2pxRo8Scm-N-hXhZaR2tXsVumorjg,euw1,europe
DFANgcxx0VZ6wPANZI38aSu2SxQDlLsVOL5SRD-0D-2g1GGlMga3wegjiYLKtVdQbeCwKGOxAcyB3w,na1,americas
oc0d3cGysj3AyRbJEtjN_rTHF_F21Quxe09Nr4LrYAOw5LKPYbhIKyWNNHg_pfPQiyy4GdVcNBifWg,vn2,sea
AJ1J_iTZthcuLmR7AblOzDKVX04EtA5VPwlarWa7kIz1KWkTOpdccc0u5oczCqd46H9GBAzaQo4VcQ,kr,asia
AkXKGnO1aC6aAcHCi79MMOVGv-gZBOwDH-lhKcEJu34743aeBJ-hmgRtve_YhevbpFj4gSMLof6QNw,euw1,europe
qKe0tkI3Fl3H4YN5jNGHKkorXQ13JdS65Be8ke0QuPTLQlrbwLwmeMbTfotlgrGZ54Zvtr0am59veQ,vn2,sea
YS5zJPoWO82Ces0PMIvfwyWc5PKwrMEMaU2Mb9FzFLTTj2iIZGKGU3qSQPbyx__a9g1BhjVe--0uOw,euw1,europe
lW0DFNXRbCBVuhG2A1SNYiOWAni3qFyE7MnjGR0IpObyQDQ5mAbnge83qw6Wx6lquUsuJAJ_c2_Aww,euw1,europe
mvd3X7orStWbEAftbE5kTBHUR6ZTONs4HJ1MAsvBspVJAg7Ib05ThAUIj0F6q0md-P5VHmSlnyAHKw,euw1,europe
WLXfS_K8T8nBKRO1h0Vzke5I_gIvmjyoFFtDQeG8U10ITVMSBMeMPaglB4ygXlXpc67J38wd0G4pNA,vn2,sea
9aEO4xRhHTxyEPIN6Leps375WhFF9h10ZrMaYArlEjuTk4-E_iYJ3eaDzs-EXXsbxDL0JHG1mWQlkQ,euw1,europe
x_DOETo2GOgEe12kSh-dKqows_M7Ra9rB2B3019vFeQj7DTE4w_WKydI5ru36xuDFqppXOjIysAS6g,kr,asia
YJOSlJhENlUGIpe_cdNQYiXPAzxf5SEwU3z2eignA7UiVoQ8a9BMZNHanSvg0XZgWpJcYiC3lOLaOw,euw1,europe
6JUWMNgoqQ71Bncq1zGCbhk4YBuIb7FXaN0l360OZJHtSDtgHBIssx-ye_KZs54qCs1MifzhYNTBLg,kr,asia
r5DAk5YLmsC8_wyUmudm7XtJLbrxMEdRTVFhznpnLoz9HLJek_jl5U6zdWdAaeRmYYp-3erx10Etbw,na1,americas
OqeNwNc4kqhfIdGravO-OesLIBzWECTv7PkMo-LwFptv3jXSGwwII9yrgfMdo6Y-ffNRUWqh32ur1Q,kr,asia
rNbpSjsx7YTAZ-dOb3UZ497RBvWXiXa82S3w4uY0ZiDwfN2iEF0vjID7ftNXeO3UjKQIMeAhdDvz5A,vn2,sea
hvR0SuJttB2PBqq0uyTwS3rBH73D33R5LnzSp21WaXf8KNBuIfJq8RzGP9ApKEASupqYaNHVyx-76Q,euw1,europe
925ldAC9qZCO9PGlPFDb26aioRigeA6dweQ9UfNwpBZXrb70-XvIKqac4yFDhkq0v_IPd0OvQ1AesQ,na1,americas
DiebchoX6jlkqNAVjjxv73d8DYBFUFLcouoQl8xkke0so51OMg1b0_5yE3lVuV1J0HsKzkQwnA9fZg,na1,americas
nq5_LfonCIDIs85-SMf9ZoZOyS8R8w6Weh1N3sXn_9Pj32xZQ4XNpZsksDPQ1XaxfIONg5jRYcPWQA,na1,americas
DAoy5hne04JZ2mMgqIJZtrgw2_k-fibbmaVLyNF6lnjepQQnB1rPv1U71sXsBHYz0RWPB3KISygrOA,vn2,sea
w8JDbGE6Yg7i4VzFdj-VhuRb4lIJq3oOjg-d_C4eBcIqi1A_PV9TXQ7jdaKN3aD3ohk2cU4n4jxFxw,na1,americas
yo0fB6SWuFifWefZvc7jkLzbKwqWTcpbnQm6Aqr1I9AwuTwsCk0c8O9UCwiQ1mhKK9zfcMAGDtERgQ,kr,asia
9nA_BLanA4D1403RElW5libtEUDmJ3Y__hpLy4lp0ygjnubfsmhPK6WwXEbCkAiixDYPL0yPr5DFWQ,kr,asia
ztC4kh0do2iLkxhMYDiFAFXGe8YyqJMRoiq_FhudL73OVDIcc1F6rZ6EwA72z_f2c7NT50CILyla-A,vn2,sea
s2hTNfY7B7bf_7fe3-iCowXtytQfn-uqALePyjVPFvye_Ms-LlVk_1i6nFrAlx9O2lyCM_2nRkol1w,na1,americas
O2YYvHW6aj4W1bEwQQXlZ-J8GEUv8WIY6pHOYJB0XS5rXSsy2cVirwOFpEftjv3joS5mA2-p5wb3ZQ,euw1,europe
3G2RDMl4hP_1TkYe-9RnHLaq_-0d3XCvO8XKXlH22HB5vJFET13JOoCPB3dsxk113JWXZTL8_rxlEA,na1,americas
Y17_UVIhQ9N75WK4-WUxbCTmYu2H69eiC4f2m09iAwPAkIAAcSsuoz0UzYkla-guCuYQrVIHmk7ueg,na1,americas
eUkfSCl2-7NPviLq2KiYNh442Tf1gjIPTPy7OvOtF_9Vlimds5Kx3loU2ctYmsTphamgkIJNn255tg,euw1,europe
jICgEOKWLlqAnQN4X7dbu8G4B-EEloiH-yAX-2-nwofNdTbFt6yoWKf5iW0RFt5IdbPrwJ3f34sgZQ,na1,americas
J4RSa8uaMP_7fqwu2_8y4QcX0EtgzR6uMOGm2DLz_H5c4MaIaDkIE7nPmvSANvnRAxIb2uVXuQTpTw,vn2,sea
lRFP_qs05XLCe0vOK7Lgw5ekJ6QlcUX43_j6pP5XmfbMpu1ncXmJbkHKB7aqRTwX5MwAqnyr14fNdQ,kr,asia
lw-29MkcD3S5HiFFzvO7XMKwvKmKx4qibN2mg2ab5ydXmsOu1DUtH36aepCQG-493WGMLsNHvW3u5g,kr,asia
3s2drjeQ8cczM-NtM4epASY2tXYuOv68uS-j89fEG338t9eZYdBSC-i-iFABLp2OL4eO8MzR_ZaSog,na1,americas
sP5vUQZZvFOMkEywhXSoOYGusIrpUejXg9QiUXSdUtofmxrOrTQ5P6k8c6sS71OxAziCaFunjSM5rg,euw1,europe
cu26F36O36MY85zN0mTjo4zjZ-bDlXLyg1jQplrfzhJzMzxu56mCKZCQXXv44GwgsC7N3SD1zsa62g,na1,americas
4yB6ODBAM3U17orItQgz8WPhvYoG28HzmwtIUkgs4re183CVs5AeXR3C71QnoIyXVoTmDPIV9YhnmQ,kr,asia
9kdrnvc7rsIgai094pjJIYOeWxhrQhIAGFtMgkokC7HCFH6YR7KbeOYIV-YjC4o5_owFlneeQro6AA,na1,americas
Fr1bcTYP0mexDp6SQofzD8v04UuvvY5p3_heG4EvDKNnYfJLumPDaIHLNfMhXE9i-6fPoDB17G5syw,na1,americas
6pZTFEJ7B5COlbuRac2F4ADsNEz1IgBIym8G-CQJXLWqO9ab-3Gcmk01d17Ml-JVfuHyJbqkMqI2gA,vn2,sea
lOXw8aoLZsPa_NzvG-oVQBa44tzfd880ZxcpQ3cuNH2XF5BUkZZyZv6FQWNM7X3CpZDLb7BUSWI5kg,euw1,europe
hXt9-tF-CMgNVHauQClXY3GQSGFZThRxf08XGjz_vrKU1X76j-3SjJoibL5ITrj5h5mOS2bZnR76jA,kr,asia
ySv16L21TizCUC5w9G93RCA_HSnSkKlQjqRlURohJkSqAJEnXh1dRgjd__3-8CsnbuvGLKmIi_oUYg,kr,asia
fLWb4p4czoa8q4wrmx_j6EtUP1qyEMYCNHNsoQTFfI5zeSM8Bs5QPE4fqrgEpBclcUws7LHmr52Enw,kr,asia
TQZgT53WiMDyjrQhe4SsUQiLGcFpajhOg1Ez7HsMcH7AThqAfjVdZNWSgVdus1KTqA1vEnV8LL1iVg,na1,americas
8IBDVk6bP-WQYu6c_t0wLDK0hGDRKYUtHDaVw8P9dCfBpA_AoncghsAiqJOHjf0nszkTQSWtT2W0Pw,vn2,sea
IdG1SFypRk-_HGlTTb-jDpY8gKwwMBzX0pkRGw7cincepf-Hi442tLFNnWvVDeZZ6BWghbSbSimiMA,vn2,sea
0k_VsziVe8sAJac9DBc5CCbU_ecKutOY6Vby6O_yUuMeN2_YUrUL-C4Kydg0kHMjvZovvRW8P_IQlQ,euw1,europe
2QexAfhTT-LEy2x6CGbKP09HcW24pBbTbCEg3Qq_zlyhxaTKry_2My6nmqJG5vf8ZC-gdbo2US-Qxw,euw1,europe
S6Q1q2XvmUTIobdkGvQ923zPjj4zXV2POIGjjmonpjiUTPbv-laIK1hxrOpHELpGhp2m7fs1ewblPQ,euw1,europe
nF6sdv9JPIkJJn3bFrImB74tHBoUhY9iriDWnTZ2JUGbzyCIorzly4aXHLvDXmZdiI63CJHzndplzw,euw1,europe
U-Sh1uUGQewg3HtBdveshtukoOS8O2NsUen204_4da70A4RFJFnGGpfP1AM3YHGmIzgvKUl9tFCI4g,na1,americas
lGkgINkcZvr_Cg8O_ub4zxoUVwFggNGv3lYh3x6JVWkn8r2la9vJ1gDoJKw9Mq14cn_yHcIEn4JP4Q,euw1,europe
htfj9Wv23KO92XDGoEysMeYgr9iP6IFuZk_aFHnLzUEx8qkiG4f9OMVNAff8FgGqpTTxEXPwJHqhkQ,vn2,sea
dkd64C0FCdqnd0OTaloGIinhYsVP0ZzNPyZbBb9QV0T435jEpoeTPsfGY6eiRq_fcdszd293wKNAQw,vn2,sea
t5ZpER_HkjVW9ZyntHuhRMnjs66jyUfQQHCN4pqLN0MDqlhCp7SHSbET688I8uC47Hgv4V0VUKKPbA,vn2,sea
BtwkkBs1Z1mmq9Ikx3ssZAK11F65C_p9dCHWKyUwTumTltJn32oeoK_jP6LuwqKhF6wD5TDPtw6ehg,kr,asia
4KzM07XfVcBKTBdVg3Jd1l0tELZ5zezZ_Neym00eRMcZIOC32X54iAj3Bs1vq38DuGmV6aCWsU0W4Q,vn2,sea
AH9WaT3A0VZFYE4UkqWM4wOqNOsuVdDUGc2YrAZb5uCxXf70wLnyC3x23xsa2494mnNBtA16bVQ0-w,kr,asia
T_dVLcko2hiBv43TyNRNYQwV6VjqdhtQcB0VQERE0QGLppJL4qizA7_dPwsAIJ7H59kGCdF2g-ADFQ,vn2,sea
MEDyneVd-hXdF19yVLD2faUBWtrNb3PUjWs9qYLxejjxcQ6LsKlg9KVGoGp85Ksg3ReAP-vWgdKstg,euw1,europe
jBfDr4U47473SSemIZFZKj89ikErTqstdZulbmEvNZ4II-PSkcqb0UZQvVBD2jFQ9Ykab1cq2rW9QQ,kr,asia
Ajoph-LnF-vBWQfUO7w19AIwjedz5saNveD0Pk5BE-3CogmzwEQvNnN28MG3INbLUbf69yNIIBEZ_w,euw1,europe
AAx70OJYUlyHMHo0k-UKIWjFgFPfZc_IVtq8jq6Vu64r-y5V5w86gEgI21vuTFjo7qmkoXpDRVb59w,euw1,europe
xcnYaEtLwJnDn8_rShvyFDgKjN6y4qZIBmA0P1RGAUQ69BbCxwnWFYts4n0l4vta3sU9Up-TQLLCpA,vn2,sea
qcz6uWlSkh3wsA4Dbq5js_pyvympIngMg-pEQSPi-j8-f8EeXBw5vvKg6COL6rJgTY5sMsLbu9Rj3Q,kr,asia
o8V-S6oTikPhSEYbyRURB0Iorm4_iIlIc4lCIqX7nepp2JgZsfuGXPAIE48q-wOknv-_rLE0gLte-w,euw1,europe
36H7semSdRRpDQEo3dAAdmCKpn4M2P66AEgSA7UMs5m6EI9qYfnJNox2X255QnBZF1cUwjZ5HBACwQ,na1,americas
_uFtGrrKK2995M0hoCztbkD-Ci4hYb94t6XgRDUgxe7zVtn5OCA8MW33d5-6-IqVnllg0V8UUtea_w,na1,americas
ooLs74Y1kKNtx9tvzVPSHBg1hpHyon7XHS8jvjU-1w3nf_0t2bbWjRfykPcfH2RY5V2sfi_tFp-JYQ,kr,asia
BTm9RLOazVnhgKO_TicvwZo8zfZIfril9jM8pWLLSqgtAbCgWHq7v1tUuKrEzq2DCsUg24_nLfH_zQ,euw1,europe
P9-2q6w9eSDBANNMMaa_gs6iEL96FZDjIcB-uhO9Lv0yR3NgV9UdozyZuhHYRMh6J3-R-KkKbqk4Uw,euw1,europe
vHAUbi_fiIhG8jWYDGRi6mfkbsEuVJBojpvxj3JI3XPBeBwaBPs1UR0-k_CQ4G_HBmlgpk5TV7M9Rw,euw1,europe
bLbr5Ckh0hAt3qGoNvNe2vUWlzIYxAeF-OfBVpJbUxFi_d10NLkBLXstJM43lIozt2twzgoNOY1KxQ,vn2,sea
laNBht3UQ0xNAc4sYE7n6XICfXre9Dx0IaBpCZc-rYb3ezDDSQQgkAOK8Z_-jbYykJOSwgDxJzw2tw,vn2,sea
W2lwgFWYb37cF2dHlRy8s_6PKr0_0pgphIl7wY8yGtDIbhO9H9fB1SdwZMW0lHGfCmlcSIpxiIFaxw,euw1,europe
WsGQSK5WYSK6YJ8nN2fPzrby_lmTZFAT3Hd5DeoWy7FCvcwZnqCDc0AyzNFgQUBohyt6YhP4HVXmCw,euw1,europe
J7jEoVXNXV3Is4JNu_lZ5S-dArtmCHyb-W-2yqjYX-wP_rw1qVGd4DkiJFL6uGZq3KLw4rSeshxufA,vn2,sea
2RTzv1APo0KjANtdpPvyodwb6FlOaZk0D8EZmjh6newVZ0Kf0aV1F3prWzkum-SDyPKciyrFxJVyHQ,na1,americas
1MYLwtEqqvEFqtDL1LPFbud4mC-IrU48l2CE2RrDk-UagNafWOmpV2_xB2jxbsu6BHnlH0c4xUkAtA,vn2,sea
rOjU5c-Jr-EOgnOuTJZ2wR1FYRx6pGhJ8uWfG8J3TWGrZ2nj9ZAD3G_Qkv8MRL0jV_U77FdvxwaEuQ,euw1,europe
MSuIgpxP99yisIFJ7cQmmoejdJyjjbOJORvlpC1o9AbuClqKzMHyUSX3JTjOSsAdw2yincJOsyZGpg,kr,asia
4ks_rN2KFQzKbU0h4b6EdMStatf3uumv8B0lL2YkabiQN64GzQnPTelNo9CQKmkEuXmd4_tJYseorQ,euw1,europe
MQP290J6_TuauH4Grm1olTcLbb4qZjz_5ubtca2BDAkLNImDniiVGNsSaQh34HlMIXKve1u4lQ5l0A,euw1,europe
WDZI6_iQyBUVlUP-EWKYqvxRpGmoERWAXrGUz5i-ME3lMKM9EDxbTqpAsrDcg7mpX_54OR-L54QRHg,kr,asia
yWws4ekHOaFdNehF_u4I0LWqNsX1DUh02yo6sEATEctewQUb6phvsY7z7p-Zux9kAhGX0tLcRZWs5A,euw1,europe
Jdz30IFCJ6KSGqOdoHzXGDzHs4SB10VbPdxDiC5K3B82J4-bAwSUjd6WAQeP40jeqTxVJidq4wvBkg,kr,asia
KZv84qq4pIvl4NR7RTROTvKvh6ug5Yeb_FK7L9qKRa4QE0_GV30-b72kL8mqoJY0RO-8pPainFOwsQ,na1,americas
bYskWRz9U5SSucHc_MjrJgw5w7Aa-2A8qUvzbC5cekTszR8-plECaH1NOGLZOgmgvW0VyKp6n7r8Jg,kr,asia
0y2-6Fbj9bX6eX1H43C0bfp2jIB5CCGl683K5OGRvaL6k6mjBXbBy6zjgHTLgh9MziX5pSXNyfddWA,kr,asia
ajlmrGrpjYJT-m_bh8iquXJyQrSF1qpy4aS91uUP5nlGQZROrvXsy7Wl_aqGBVL9lRAr-YI1UFo6Ig,kr,asia
Q-gKutTGMCujzwDY5V63bvkTlNDYg9wpi3UMo2PsudJxSJ_G3ZAMyaXQdliiwVD1jBrJbbcaJhtEUQ,na1,americas
UlQVrM1Y1cgVxm8VM26wv5Bv7MddpHenvR8OBR0cHonfUw3Y6KB2nfR00BnBxF2unSl5UOGM1bF1Dg,kr,asia
aoKryHmkJao_2nEEjOH6Fb8rjg-RHKfl8GEzwymzSGiDOduluJMS3hL-opLjmEcVee1D3SQdkfcWng,euw1,europe
823kWQ9mBBmJ3sOPPZocqnG_ZiF6jbVWlVNtQGaXWbwfMpmVCaebR2IWlTblY9Wpa4bP3AnpXPb7yQ,vn2,sea
zzm6FuJ0IrgCywTiDgmHkrkcVTJyu9LjHrsV1QQNqXZ9sw7B1S0u01XWs7W1ljFL1tdJZiElu1u7eg,vn2,sea
AFLcy1BooY2xyjAP-maNC9c5FB24Frh3Nnl7FDivRfMd_2VvNao9dgkMTWhlEKEpxkkl4kwWKVrKzA,kr,asia
4iaZINcrlIKf6DE-UMEeiBEuyBDpI18DjKOSlj5JvKfBu_IQxwfHErM8t3j2_IrdqK8AJWEwmcSI9Q,na1,americas
YsxGmatOkc-fpue4LbsCg3biUdfXGi_zn0J9NwtNh4G--0xqUVV2i6vxDHNBEZODm5_BNoDPhsfkZA,na1,americas
LXqml_BWttv3fjLifTLPTg689XgTRK1o6NM_LWm01LWbVjhTQCis2GNUMbGWhzfwrnZhlWImNipw3g,vn2,sea
2-Tkz5QSu-62vLTIffrFYy1vpI7nZpbIQe5KJWN5uO74BX2UT5bLmCXSG98M_dOker5MqC6tKl-PFg,euw1,europe
2VTWVGuGMKtxdx1OVx8E_lUDOtHezD9Vx_WlNTWiI3gmn07YFixOq7nJfHn277pGb6mk2kIhEpok3w,na1,americas
E0LBha5FW2cMH_hbnTr0jGfHOs2WyGEuvaVIfrNxnKFLVMqcIB7i6m-ZgWyhJ5MvQdAsrUJC3nFaLA,euw1,europe
emlzbLw4vowXFJXhHRBoJvC_cH8pFxABOvblp_8LH5dpPY8aMFGIUjqmg008jDStg8HaQoxZ17_fww,na1,americas
Vaym3yD7S0O-IB_boaC-83SXPshZZdJRgemc1mkjVhLL0Gdb6sHaK-j6B8aH2xX0hir_tmAvmGoLyA,vn2,sea
uQM9dULQcN8kylMKSiU2BwPEUnDzSPrxuHWooqHUab9zshGc2AgPlWoVFRNBGA3XRESnS9Aay3uxaw,na1,americas
7pbOQlV1mt-3r5ijVsdbS5iccu3m3W_1XsKuLSgmNui_BdxPlyjMxBIHgkRzYOQvhckvO_98R4TSbw,euw1,europe
WvNiScM9-Rr_Uxiss_Pypi_gwsVQPfqNnirRmXgyWFiNtqvI0sA6vNo5RoDgjZcLG_7GQ969xG7sGA,euw1,europe
tjeaRYeMeq51UkEjFg7RZ20aEIrCHKdMyFUYe-NI26U7fY52rwjZnCZWyIz-_z_Ci2x803r8EZm2Pw,na1,americas
jYHcAR--l9iWAzPn8THKFkkWFi5Yxm8qEODr333OomEZ1XHe-m8O9XqNZtYUAQxUe4DDfPjfxXmUtA,na1,americas
2CJXwRPAllBcXMniVHkaHD57PZKos5bTWXh_rp5t-CGJgaMjdpDDNPX2wPYUPqm85xRmiKJZrkGBGA,kr,asia
Bc_JBRnDsHkCXw82FJJ4XU1KLOM5NuoaE6oBvAiT2K3uvgNuLc9nbVSa8quXPiGTS807dCanXD_UmA,vn2,sea
HBd02Eb_kFyhvMxDGqWp2RbZSIEkISOZyK9bL2BpRw5teDJSM-tNh6yyzwYOkpi-PxQEJTONxS4Ixg,euw1,europe
or8onwmAp7M21h5E0RxQCkJZeS_YPBEZ2t2aoNbJRwTemBhcGpH3arS62elidkNGaAw7YfYVZBxAXQ,kr,asia
i1Db6buz8_9qIQLLo9nPFH4knF3f-TZda_d1KFqbHDk9REhkOLo-RFUm4o7EfaHLjFW4gLXHf5SGXg,kr,asia
tmPJxpR3DmkJr8Ubxz1WQi5WC94B7xao_OgyBMBe-A44SDaueKt_eWxahuMAZTqcbXspM-jz7yELyQ,euw1,europe
r9WiMb9i_EDPv6cXCv8K47mpnLq7gpxIFm0UPMchk3qbTjJ4z9IvIulXjkVsL601IuaKXmGP1Qhryg,euw1,europe
qIoGt-mI8a84IFWFHIgajKG65g20kif0tvS6-Kv-udibKonsz1k6f18b_sdsnqCSpYR9sirNhLJVAA,na1,americas
hPZC9pG0UsIVf82Lzjn8Y3cQF_15zUNv9U0QPnl_1NWOr1QKuCrdhEiXhwg2zKDKuSVvwfpTBuRy_g,na1,americas
8kq3rWEyUC88ZFbUkx-IpWsfMmI4JCfGOyXjZN96Zx3KUEZpIuDgjZu7O6v6U_BksQl1AFwNcrxhpQ,vn2,sea
B1h3d6Xy18YTCFLyJHnwjyv7jqjpAMyJDNcDnwdYYb73K05zuhyqV2HZQwB68OOx1LiZQORcFR_e9w,na1,americas
-CGmSyWUt7f8U4raYT7jnmfYITZYzzs1KFfGrxmYPC8TZQtJyQ6fCjbGF7sRF1Z2Uh6nIDGJVLQKUQ,euw1,europe
RVZ1BB7OIQZ_dkXHIvGryEmHgpyTDl3fDT_gZfZ2p0BN8qLA4SBxmgrC4r3nwQoQx8WU3z3JgZf-vQ,vn2,sea
zkIMWu7o4R-6gs6q3wRmAaC8hLn40bJ1Kul06LY_EPdj-UwtYoREDPXsigAMzWiCMLSt0wiIPc6axw,euw1,europe
9FASnMiHJvXQs1Ezw6PgHBBcMCMYlMhdlepQfW1ynEnmlEbo-e1g_CfKWoqGhg3cE02nBrCUyW84QQ,na1,americas
zP4oA2_nhBmadJJApwPEQRgF4WUyTfWFXT029wo7Cpz1IpMjwcY1hrjYGzvaOjeR-V-rIu8ZiqRjNw,euw1,europe
FjZfaRi0YDlvl_-kSCuYrdMHPuyndI-ee2gzSsQfKKvRQZXS2KBYq-f8L7geOc3h9Y0iIrJ6383HDw,na1,americas
rJ_h9u1MzIUPw_YKozW51-SUQhtgDOW1alwYl7CpfURiDOPapRNgfhbXpUg-awa8PvYcwc10uHmQrA,euw1,europe
Xwo7ygOQhgjs1vVPZ909PDh1BZ0_C_NZN4JMXu97EaPLONk-FZenoYeEivabrfbYIXAlqXUyQpuuZQ,na1,americas
DjkCE_Up6W79Kz1Dm9o9r6tMKPKgF5N9k5o7py0ta3RH1qwpbBWgtpzZDCgxX9Ma6BEpsE1vujkR0w,kr,asia
ddKNmrL5yZVoAQNC7BziGGZDIum_dEmdbdVAi0Tnk9QYxydv9LeeKbAaFJRAFm5Jvo9_yCDTNZwl3Q,kr,asia
PqA79OxZcDfQc8rRHtUZmmBHmcz8JQ2JGKEt_DJ-GQdSJiyTMwrGYKeq43FV4M6PVpzA6KYKk7QCzA,na1,americas
tHS2Je1R--rsoL6fxsQ357QTS_t-GSquoCJ3k22HuWNAWcKLcr5xG1UqhwCEcZ_HbuZxZwHO4EhR0A,kr,asia
uF5ed7c4bGqKRiHvFbKh0Ddo4DcdeGlK0ZiIZU2c_TOOr2rq6S5b31NC-jlSKK-rXHdMjhN2jKX2Lg,euw1,europe
p1V2kX3Vb4JswxqPZXsGiGI6400Me_6DUyC_wTZVrQ9xZwUXVaAf84exRsZB3vC92nkWN2WYgKnB8w,euw1,europe
IY9iRSxvCQStovDV-x6m4Q5CJf06ClDWSziZGUp6KZp4cIztVMQmNZBbOCqXOqwz6BeiZR3fuPi1AA,euw1,europe
88husrtNK-Gj6RjdgvQlvwa9GSVHHPPSu50SfeSExnJXRlOxENBIvNWKjQqib-PPvnJKBcAyeGSpOw,kr,asia
yZlGNUlXbqi4b5-MZ9nHutLDgfBv834P5FEzo5C5Be8QNtMtKoR_6l3lVcDXw-i2gqetBuAg5pJNDA,na1,americas
DHUrtJRvrWILPFTr4Oq9W0TUJnY12wuR1t8Zmq5j5tR9NgTe7dqCTSiHXxHshrcYR_elMbEOZT-j-Q,euw1,europe
RmkoEUE_wxwKMUsfcow-1BfJTNMPwHOkYJbtZBcihgUkbOsJMJ7RsvPeLTeMDFMFLYiCCseG32NfPA,euw1,europe
pY-OXxE55R6EYFO9E2MwlZUmnuo_oicU8ikG6yG4zlHZiOXnww9p-lGFuRTicegI70FLYfukwYBQTA,euw1,europe
RqAMQxF3hzCtPz450wpK6XnFUFY6lP3Y2xqtQp1O2klONlt49du3V_zIjeuRigwFenwWDLpH9i5nHg,na1,americas
v_ChDCyAMFDrwxqBTye4WfIKv2hxeNxphxGPPnw29ae2QHd7mKkNIR5i6lyTf_nCgoMydP11UDYwFg,na1,americas
ioyjZXE8z-sNjsW8VIzzWHBvdi30HuBFV7AtW7DqKUqmxMcwyVmrKVHyl45nuvYBtARvUc0iq1oamQ,euw1,europe
c86KrOt-nuW2X_p2GELukZ4SGOJY0R_0fDRiCjriH1a-fMDY-2vW4qNaX1lMCfoAbr-hsZSHzFVTfQ,kr,asia
f7S7CA2blWTRN9NDYvYj5uJMh_T27iW5XvNO8qOFVZX357UKnZVLTctfB0_3SU14cnpjxEwpul_B2g,vn2,sea
7i_CzVIoZU9_lGCuvbTMZ9n18Z53oJcMSdIbC0rHqr-QhBrT7Rxj4LNX0El2Gz1lZoPLtBnjb3lj2A,kr,asia
XPUXdpZ8MObDwv70crs-FzW3M6Xxp2SHgFf19aFk25w5bNwVnlDRl_nl_y3VlZBjp8IQR4TgHm0qsQ,na1,americas
F2cVw5dX0Rgnyg1UfnDhto3R6oqCYnNA39ZRZLmVg2Xi1GJe6UqCOkX1k4pDKBozuUMJSPy9r34ThA,kr,asia
Z4eS5r_zKfkXyhBJDYTsTs4vLS1nIVkYIyOaUjzt_eMuplR-hiMrRWp08t-ZCQ6BRfDqrye1sid2gA,na1,americas
QlfUfBT3cWJIl6DrnVE41cadxAbRfAjED7Ff3fH31g2IT8HiCFak274dY5TUu659TAeuW71UCIcteg,vn2,sea
1Ofa8ikiW0B9WQCVADHT0y97BxS6Cf1bsqcxoIwaLHrbxbr1jsCughIshLXB1HUw8SCXGvhoRVvPCg,na1,americas
sN6-hSzulY84ormW97c2K26dfw6GoXfaOk7bzA3R_RSZS7SQ23fvV1AHPjEWCLGGlcm-BIbuOWT6RA,na1,americas
RyZFEE8-zf4YmtNDVMZv85_vN5YYLv_YlTuYIniN5hP3lbcxmlDdk-OLyo9ehsTmh-eiJj0GZeMP7Q,vn2,sea
LZOPbVf97TqhS-xHeI3TGl-r8_HG97ugvX1j_TRF9bfKIj0HX841Q3bJZk7cjwgNsBSrurSIpBPhDA,na1,americas
lfCXFya8_E08vsT5FSVwHBiNkJaUvD1kOYibzFlxLnfTjmrcLl4VwYxht3nRS89f81NGZ5-jXLAuJg,kr,asia
H3TVy9npJY2wuJQQaizs3SO9_-IRr71yrEIVFHktQ0GNpUZFmvtReRdO7FO4F84EFvx64DTt2tS13Q,vn2,sea
VEU7LeN_ol1KHiEdDgL2J_CizIwUnQ6HiFlNdY9o9CsC3Ejt7B9xH-VQfE1x-5nDdjqtn_sMzRDMqQ,kr,asia
sShQSUdlhqjiqPpejOBQ3Ff9fWiA8kUpxY4yM9Fccf4POKscit6PkqqvEXVNPy6Mcy4pZC-I3lzRSg,na1,americas
lrk7vIbvMdxQiC6VV4X-OaGxWjt7XfkqlapsljpNnnt2Gs02a4SzMSYgvnQ6LXhpnadnV2xQZ-T6EA,vn2,sea
HbJpxCaq-p1aTCbny2hBwkQZgVwFCyFxI_3l-l5Qr6TfNSUP56QWF_wYchox4H0Nm-2Cr2c4b32UBw,vn2,sea
yvtMtapWFv76b_KCF7XEcAgJPLvmzsfzC3_-4mZrJaADnh745Sr6-gGHuHV-qo0ISZ8iwNzag8YCHQ,vn2,sea
mxlt6-99p5y9SObmxVQMpvEHFwkYr9aNLm1CNsOSDsS6iZ4ly6gKqrp8cmlp9Bo4oNs_MWJpAP7JVw,kr,asia
MaDhqo-yKmaP_wqN0jQBdYweDewJSmhPqMeE1AVwk5b57tROiWe4je3J_8mFE2n6NAXo_2R3Alv5aQ,na1,americas
BLq7tgH13LoB8PaqIG0raaYUdGePVDgQdO9kVlFeBiFDSccedd5lQVH0Z2o1gFONjhMDnZKf84KhHQ,na1,americas
ElxpL1NUF5NF9asODIuvjJJBSGzrPjP8jS_sqo70i1KORzLN3T7WnTVCdPnRJc58lJUj5vJPQ8RVpw,euw1,europe
7HY3fx0_W1kja21hDx8Ttplfm67StWZc-_q_GfcUUNUTsiCPaZGMO2gltF9kmONmHwj71nGeOsbdHw,vn2,sea
lzl0iM24RkwwgSmaL43m2y_3bkQ54_ghLj7aBRF61wnFQUFaaPBGEGKYhE3T2bXmpWUyC2arwi3Pjw,kr,asia
13WVIhLsIoLQKE35nPeXAbpJTCTpE6LR4uQnz6rcZSurHa1bUWSz6WG0M7hlVPaH10vOBJfHsW7rOw,euw1,europe
l7R3Q5frSrbRIwICEdD03mdijvx2s1e355efovfZgaZnqzoeXuYglCQygPfHOBnR7r56R09zZ5mluw,euw1,europe
fCttcFttGiW9YSHhlaErY1P7_OxEvuRhJmD_SKlCfurecq-tNjbIxczD_UuzoOU497YGwaZaUICiEg,kr,asia
BCDtqEANRGijPYkV1qspBImZeL6uvv410yDIh3w0CXpWUn3vOE39Ai-1uD9vCVtQe90Ii6yihcpwoQ,vn2,sea
8kxwMHyQwNyTz-1q_Bv-tAp9xiRZFFCyAgoB7b1fSkCv0fvAyV_z4ww0DtygHWm1D5jjaw7L0CWJvA,euw1,europe
CRfZN0aoEIsPIb35Yy4qrQgGDQdFxFyRyvVLgdrSQEWBF1UZSd7XJV94hBmVkrEgPJBbRvnIR8W1FQ,kr,asia
56dzUQ-l_BNVm3wb2ttLrD3xyxI0vR_eQCWf7-iHjLDpPawKCcR2kyuVCxGjK3ImDmbOolQMlAmBaA,vn2,sea
9qbMhLte8qbv0Lf5g3PMnS6CPmJv3_xlVWuw5jaUdNo-h-XqiPBTrj3G01sLyX3M2EaHx3ASL3iCcQ,kr,asia
egqOA1-3NwJOPFAf23KxIjWFYTKuCxr25P7VzkSgqfObQ1uKb0P6MEJsaWBG3FY7op_KujlGY9-lJQ,na1,americas
e_ZoHysEVvwzF27b9a2aVCCVQUBpNBDoUklsj3Ezk-i7pKKa66zUHL55FmOMdqwDi2zUdPQTCZCGxQ,kr,asia
hVXmqWuP6jZa6i9bd9HABV-OkNM_2LfHo0MBHiZ85kXTG0M9bVZhYCbH0tewKyuRxJ_DLIoggiKTdQ,na1,americas
nDX9eihEN4N3Qeyb5he22XWKW4Cd1KIC_X73v3TgDRrMV60H2ZAj2zmSoxj67fxBUmIZQmomufPu5A,na1,americas
KSnwFEJSYFwbClt7KyHaI-CCY0Lyx1g8G0yQZoZwm5xDNtrhajwHNYqJ14tiN84jT6yCgEAIKRJYOg,kr,asia
dZxJnqwFMfsk3Nw8AfoHquf0tr2QARgkmRDPlH3bmECvFFG9ELG1SUmp9bMg6Mos0DVU-POpUara2Q,kr,asia
zfYD0rUlwk_YzUiOeNxopSIGXQoR27-6zhTACK6ujT1VvTVr33u5lCUJeMF4e8NcrDimKr84aSsKPw,na1,americas
80EoEKHw_H7iJCZmOk1GhrcX75mUyxEQHMeHFyYztScZ9JOjzkP2-h7P-9yPW3V1MsQme7Rue5aX-g,euw1,europe
7su-BlV1snonrXjAzzTyA6v3YarPVwnWSSphVUA5KSWb_SjN6qeW6TX9AkST5W03aLmeQe0k-eHLsA,kr,asia
dd2GVmHL5_E5hZhsAhNFgorp7Ntq7ry10ZDpFOPau7vrqDnFWttU9dnhkjNaoU2Fly-NpZIQIxFtAg,vn2,sea
3LwBwcRlxy7c-wxXRr1qNKNfBzTZTHwelADvDEqkm9mcJkBBRbiOQfaWW9XU036f6ocPuG2KhCEGNg,euw1,europe
12k0_R9X_ZJCaq0caUXE4h9PpFh1Cs9JFS3InCTQZiEsJsLZ-BDxm9QwzKloL51wSzaapAVh3tSezg,euw1,europe
g-LeVshVhAMk654JtTuxDJ1DOce5T7H5Ya0-bE7s6Ovljl2havulkLXgoKYZxmR24D4P8-0XGaMETg,vn2,sea
w9_yquPKOPffByjNbT51p9LUyL1vBV6t2b0lN1igfOuTMDuQcbdVf6yy0CxkGV01jbzqZt7K2bM4cA,na1,americas
ZcveVsGZBp4hhSeAYVuXAGcrWVX7ogWPpfxe5hf5_WgvBGLjRQI4G40x7Gi2pUuM2A7vy9gtgzmCjw,euw1,europe
ULflmqxEfk1AVDqBYI1TzniPueCSK2656HDIjN6TabA177OoaJpGIi9w-0SuiyxiEJ9lMPVhfbb39g,kr,asia
aH5SaTn_SwOg_u8eFa4NwLA9KrYZMAMr8Kf6KAkQnlQLqF8uk7wu4eXzwukXtcH9s36fJUf_2YU2BA,na1,americas
XgSO6NDiID4rPc78j1mnyQJn9O71ZXCnI18qDl2nshrdvmw9uCmdK2OMg5UJ4PXJYGa78icACqxeow,vn2,sea
Vyxj6Ga7Lye9lcx0aI-mCazPFfisGGhdq34Cgv_soC_Y7SD0Js0pX9Ny5VtzBtpOaLuYcOfxWhW9CQ,vn2,sea
xfEuTqz7cRGb9y8SJ0BndZ3L8sYCxePtCvwiZ4bfOvxXiAUw3S280Ckn0pg9fN4ApUlBM21JlAMCGQ,na1,americas
F-Dljvix0oSKwG9TWWXn5wAjtLL6qBSSJJ6pgHOlEDIrW50VTRPk-KXhXIK21Xt4i9TL9DZ4Jx7FPg,vn2,sea
Czm_8Dg7Q1oQWiHyaHHOGGshFAB0WAR1DyFT5D0yQvDGnetGi7f_q8I2RZ7UUcG_iIVyfTdC31oXbQ,kr,asia
PkWJQ_mWotXtuCXFrSQNGxpLguAlVGRq1Blar-O_fIdoETB0840gKZ4bvul73If6ImyENFVWz7uOGw,vn2,sea
db9p2V4eecVhmzsPwp-ruYcDlhqpgsQwg4tsBTqoxo6k19PU_G78ik28xW9VkmtEkKNhcWXA6r7feg,vn2,sea
BltUy0dH-jegxWw056K2Njb1wMCBD2AEUdkYaF6l7qGs61gCGEquumBWRZTeP-XIDeoHlZYAqM36TA,vn2,sea
q3cIk__2q71zYxuFqW_6Ja6htWPhaDTOd8HTo930OGf1Vfu8L9vyocNM8jDb1K8aSecyEfZRwKkr8A,euw1,europe
tKWDFC1SBJM-5EzyXBShhVeKiAr68WExhgQTYa2kFNTZyPpv75n4dZqQMo4ll4NnCmY_Vg5SdnoQBA,kr,asia
3ONvcLKHhu6XggxyDCfL3qvyTVoykb5fI17j-VDE2eXR2Dn81uH_9_EhJ3H7OtJG18K2OjuVFW0QkA,na1,americas
sEn-qHtc8iaZ_k8yNW2Lst1aL8aaex-6mmCDdkgCaQNNvZ7dWgxXtpOYugHfXIv8qbwhYTgxG8drGA,euw1,europe
S6cdMQBjxK0PiotWCus2l_gAMdzv9WJPD_u2WFxJguy4wMTwzJ7UDN8qE81B4_FNaEE8tywo4fuV5Q,kr,asia
h7q7HfSTfAcF8w-yfQeoHgB-ouacXtdS7Z2VE5slyVHpY_u3y8nncNM2zGFnHfEk4TGeQUDpA9aI3A,kr,asia
3s9M2iLnXmE4zoDeaWei5JsyqulmL0MtwooeBl7g7SpjFY5vD_iZG5be8Ph4o-gGttUW3B36uQ3ylQ,euw1,europe
d43ITQpp_LuQEwXeiOFcjHcfJj7l6IjOfGab41m02IgIiqVgAFZfLmhcBeV_CZq5VD4BKkRcVH_LIg,vn2,sea
68jSNGXPpoN7N3ffJP-Nkir2ScPpvxAh3L4C2I9C2hBlcOXFQP90ZeewMDSCnwO3d8cReGlGyUwkJA,euw1,europe
9C2WvEX_78G5o-pnsJjmiBtxju_fW2n3GdpnZk_n_Ov75pO_w2BOAQQ4SskOJZAcrxCAOPZ5908EjQ,vn2,sea
HS5m20qo3hFWna2xfxy37kOtT8kaTNfvGfO1SwzoZJY3NX7bBqnUPMuhfn00HWkp7WZgzuwYKP-qOg,na1,americas
bGi2m6hGih3D3dQEUzSV95cMehvg88acz2v7nDzCKfmyZlCABqFql5bUjLajVgf3Ltv1VE48Ieb0hQ,vn2,sea
3AFCnL6Dwd5C-zWewFKJtZ1yhEWUlDqYDy_tSDJIj_3ICE4leopkOMIDdfciCSbolFssoJv9kwabZQ,euw1,europe
yeZ9Q7mnutoBK8SspOWwUqv9O7q3BIi8EgIpymIu87Q6Scl7osRZdX5naVEEQ8nT5Rfcq2ixQ3S4nA,vn2,sea
AD2RJVi0U9QED7QMENOkfwuQN5pCIzjR_yqu3yjMsdJ4ixdHWpDh2nfJfQ3CA8rCf8bgWrhKtmhj8Q,na1,americas
mQmcqwvWqbIMyChm508yXH4a6c35aNWx9QruMyfXvaGXnpDY3mlNLMzhojKp4GPstoW8cmjJPyDPQA,euw1,europe
HFbnEtpc6BxKeb9-9elZqzsdSqYGnSQi5WRSiLZrr1d-6Ka9i44-PHuOgu4WCL-0taO9H-N0Gc_NCg,na1,americas
nF2f5D5cN8gs1Nv97P99jaEohQFbffjgbRm-xrOyg8QBKzzr0BUCjM2uE3vIwdjJwjO5kV9EMvwrsA,euw1,europe
lxKPVkF9VuNsVg1TLcV1jAwoOdXwLBAmGbxhB8hxAr8ldxLJbA3zrLOCNKHG1p4_b6A3DW2-NNh1Dw,vn2,sea
V4p4uE-2S5gvL-W2Rl_RoylqBfDln9bh0bvNo6uudWp_fpah8rxNu3Hm2aONld1M6XtuDzfSMxZgKw,euw1,europe
Zdm7mTAzf9yZy3ziepkk1es0xNbY5TV5P3jA7keY0r9CKRDHWxzXFpje6FzzbJw-skMYrONMLOXtXw,na1,americas
3cUzpqxHl2gliRoZRBQczzFPayLsIgI8sz1M8NanuIauadrZ7bJ7R3kg941zZnP0Vm40_L-L3x11xw,euw1,europe
GMm1RXmIfwKIkPy4JveaQf_ffp-FAm22aHFKw7_C-yjyTmc2SUhkN9Q46jU5LhSeTjWPcSokH0yuOQ,vn2,sea
QrVCtBnRFYr2uNTNxwYsjKu0z4foagGqYqz8TD8i5d0h2kSmJHhDeedbuiz1Qso51uqPXdSM7CQLhw,euw1,europe
tZ3ucpL8mbjvpJ3ZM61WIg6BfpINn8XhwQCZnqpMqGcTYUdRfARbm7qADTwGwRnOq1DKX3xFvrw1Jg,vn2,sea
1p_lrzNkJzS-xM7dVHVyFcQTIqVzPYTrgBxDq9P4t9j9TGd7fFgwliZziXGWcP0PMoZpr8-8XN7xzg,na1,americas
-3RN1W39Dq90_wkWqWUHVAdg4MkppSbsrWulen_0ZukFtB8b6DQe9ae-8GnCPVJPJhxmaFGj6Tnqlw,na1,americas
BkR55E1dVOS7zH8swHxMl0-P5kzCBG2A6c690TUkZ9ufUx0DjMAhzr52VpbmlgEUpFBwfc7wGSyv8w,euw1,europe
AsWb-RHDcfhgGZfTsLcWp1pKohRBnXSXqA3U5qvdqfqK1330xCbKMTjFtfoTx4JErbHnUslCMSYSfA,vn2,sea
sCHQMkO5Kj1x0NtV6mxeQhm-zo4rmbV1BwrjBdHtg5SwLwcgvbA8yc2Oz3vzXvnq0wdLlgXMChX2mA,vn2,sea
_z4UzUd__YvagK5T7x8-1IQpy7-awr6r9MNPTSPN59er6OIIGT3NdGwhPKxyrfxs2xvgaqerimoYJQ,kr,asia
g3ZWkedRgmCy34qwme_UfO2moAfJIOQtpjKkkPUswFI2R2d88COHAm361C7JkjUFqiqXTyr_mtDZ9A,euw1,europe
LmbXClBvWxJJiQM75t_-eXvjw7w4f0zwQBl07I0uO-NGQdNt0P-4Qy-JfO44quKSj_a66Zv9L4ejNQ,na1,americas
ScNHAV0JrAs14FkJ6RWcKqZSACZC2BNwrYmD4yJGdwP9yUpMbjZyR7MEMv0geo1T3SWi-ZND8ReTtg,euw1,europe
gQ5Obv5QRoElEwTkDhJdwb-lYxrgV7qoMgretoqCk8MwaTqrWpcltLqR-lpOaJZZDv3wstqffL8XNA,euw1,europe
gGga6-Tq6MKJ0QksvGT36Lzsx6MBhSv3vuGKb7xXjNo2uwuq8u1ssgIw_RJDLJ-06RXNfWq1HXRpiQ,vn2,sea
qY8K7HLhnxegJnyN1wvunPdjdlkSVHrJrQBAxk73JnHnw64vMehRAbCRDZCwcwC2m0RNtxD1XrIj7w,euw1,europe
Q1PTR02RhclIoUtb1EF-XQ9Gc1d9-qH8rVmFPgt8o7fNQvknmAIrapShIHk2GG9x3yMzpRxP8e_z1A,euw1,europe
OpHC7XXawgpqe_rf6g3N6pv7suoQ1aOessz19m6oTn-c5a-z4PSvP1nBZC4gJsqULMHBbVxEDdBd3Q,na1,americas
v45fbvhUZdcIawG_p0l3_aKmhDIzr_cz3_zEJzPJZUrUEHqUiuUExmbNVJO0wuNLKMsfjzsEIBwCTQ,vn2,sea
aPZmnEQ5YNNPNL0P86EJd4OWCwvJI_pQZK9OimFcs-QYZ3Vx56YieemTCnhb9OWXo99M3hzQuV1BGQ,vn2,sea
y2idWGgyDc66rj5PaYui7PB8IyxpDfz2o_wTF00rjit_T-BBVd8yzhmtL0VtzYqqXOycksf-bScsPg,kr,asia
IBxYObg15H8MdDO43LxA6RRiDb3ILjz_DyXf3qvzT4TGh9_-VscBsFezyMA3WWsCbKKUBsEWd6Z29Q,vn2,sea
kEvFo-2KUEAz8HDgpN-CUqBaRtwFEpQB0plI-yKxVv3MmmQ_03TC63SqZYbG2Hqlw9hCd4sxCYbXlA,kr,asia
7P4uXXQ8rTp7eV2aB-IZoibLX5U-k-BOD1Nvgi7XOPijvSfcCIxCjlRaDF9utwnudu03KaQidJp2-Q,euw1,europe
MH-f7EerWueFWwFQTCh9-GFeVn0Q3KVoyRPE81qYRv0bfLcy7cpDxfiPXc_NRl3DWBFW0iBwiA9dNA,euw1,europe
kCPfxDEl-t2sWlkh_PpHXzy5jNnvMwTdciESKEh3diTyg2jg9sT7qx77FXH1eE8vWkLO77EwQh-yew,na1,americas
66Ko1RCrh_VaJ9pzimKANaAOK0LBqOkvxTMdaY0pvFoOJWCPGc8XopvTPNY5Ute_U_Z9zppy1hqn-A,kr,asia
XCMXpTzv5ULXiG76xfxGuuB1mi26CN9CX5MhPkyMFAhHgD-q2ZXe0zd--IH659CNoWQwuEKVjx6vAg,kr,asia
eW1KUqfMT85NfQeHGkzuyt9dxEW44kUDMXsMC4xiwbpy3DTkogxHpediClBW5Ctmtk7zvyftRVtc_w,na1,americas
VlBxyQJKKtlkn00Id0Q7JJqzZDptJ-Gs128HQ9mw8u3SoYjpKrnPq7c_ln-0hZ8XmemuuQOByPFk3g,na1,americas
wBQrpjbaFPSSnZzGo_k9d5clhIccwPXFkGF9wcTwRVTG6IBS285xdv1EjiBNjt-xXnhPHB8__BC15w,kr,asia
wOaVR-SdvncrneftLS7UESPL11nQ7fcPnqT3CY2-fZydcsERJ-Xlkx1gScgOHU1bWt8pZE_NVIvDnQ,vn2,sea
o9xof-p55aPeZMxUyEOc1Jx-KK73fEqIVs_sS3MFK8y1Im5UAxJXRcAiql2Y8UiN9dOtoNVVk2Lu2A,euw1,europe
oHpGAkA6wmp0BWIRWzqSd7aakRcCNrwaebdLNbxXw7_vcxfk3HjVitQhLE2CSTsUHM3De-CXg__yRg,vn2,sea
7-t5CfqLU7HpgVpC1vBDVtMCtsYaw75RWdoputG5hn5iJkHCdGxRl3uY13375A1GQEK5yniEUey7FQ,na1,americas
NcuZee8ntbtBm8OCp5jg_uIbNxbTiLky--u-BAFvqELKtDGDTZOTUyRMCu5I26XsND3ZB6K1QnvvbQ,na1,americas
gJDdkP7xJAXk8PlouA5lrQtjsS2W9NBE8Fst7Rz1NYJ9-C3bvfqwQFrx28JGYJLxtL5OlACq3QCzSQ,vn2,sea
cMg-Oj-5nuIWP7Z4BnnVa7kxQ2btDScn2uo8T5gk_cOwdafnaP3OslLd-Atq1kVCRJMPfMHg-KrVDw,kr,asia
e0VsrFBZBkmcZSuZXTqnMzrcTu-XYZPMtJKKxboPy_u0FBbuAy-tQnvyyHlCxN4ex3-sikDxgomU7w,euw1,europe
u-DVcpYEiGFTL7LwL2EJmU0XdR1_we6Yf4qKwGQ97W_i_VwI0ES9yhUbUTpF8WS080DSGsJedUlOYg,kr,asia
_Rn43saad42TzBhRSCT60FGXZPdWcy_OQAjh8jxal0WuhA1wM7eVxKVc6ZJCbwdvj3ubhyQMXKE21Q,euw1,europe
2UryZriZutAJOgfFp-8cvkQxrE-Mefu65326loravrsYaUXD_4YoR1OEoznIAiNLqBdefCmNhW0vXg,vn2,sea
nF2Lodu4lZXl_1HNSnnjbzqPPl1lNbtg7AscebhNIbJaXgkw4GuV-qfnbPtns9fabUJ_tZaCYFbvvg,kr,asia
m3wn-FFL8QFTl2ZIDb0-EL1e0eGxpnCAZJobgm5nGTnBdM7nLPsDQjtfDq9i-gvGxYPtfT-FvgVIMQ,vn2,sea
ZpUNiHM9y_mW9W8mJt-sdi9yL0g8zT6PBoZDsO8PUiOZT_cP8C8uv01XPRKZ2baCS91vxRXJHoGJpg,vn2,sea
nA11APLLm98hMhnPgsaP-vhR-xlbsd5fUGi-OUpRXVURpXrTUbVcThjfkqjDbESy_s0v4hRv5AjuJA,vn2,sea
wqdpiI92ACWWysaZDWLiTS6Z5UezvSwMVPwpn93uQz7ZTkk9kVdX3y2Ti36Lq8KS_EGRPvOkIOnh-A,na1,americas
RfdWiiB2r3krpZhvCqiIzRL3OefWuXBRo31zSR2lj7Ot62-AwkndHHrpXGnkTo_APfjPK1TDgPG3yA,vn2,sea
978_izHufHT0G24PKdctvaGlSXMrjr70aBsFNsFCDs8KiZRlEaxe9vrDEZpGg30NMC_3C_5Ws6Krpw,na1,americas
b-pfzWhIzvBWI1pxng1QQXFvneBXBJo7yS_DcDDxbePeW1OcZLeUToBmRiQDkYjk-4U7fOrrJjna2A,vn2,sea
Ok_yayVdsc9ydZZnfBmOsCkFpEhKQdTWM5aD9HgBI0oui2qfIkd_48CyTPJ2HkCR5PUpWkel-Ghiag,vn2,sea
WPjhdfx9a1YfxRJ6gfZHyjSQLCybIj9DbkvPF72c2iVgADcv5eAZgxkVojqeXLiS5bIOz_QkiacLtA,euw1,europe
--KRWo7R_QNtugV1wwX5FUs6GkRyfS6w-o8P5iFa1BAmkcH2MbjFBKzaQFCj1IYGU1uVlKehWmGggQ,euw1,europe
pFV4x_BxsxNG19xUCygLR0nx7bgow_nu9An5hJ8flfIFsm2fUFDFuvUg3P-felGZeJiEB_OUVnrcfQ,euw1,europe
p_Vr1CNhFJ0L30-KtcVtf_IkwtMLGSs1WTfwOLHRhNtijBjnh1nJfue9QKNe6PO02Phe2aBkQWWXlQ,kr,asia
jz_R4z77fnTuqS0QC4x440ecoijwSlfyEf0quCQyhIbvreocSRN4qDmHbtdJsjAgja3N26Fh-c5tSQ,vn2,sea
t-IXj9EgExzDs1_EaQCSxBW3MEvAxIRYQgDmMMm0p_iSYMOQGtQirfdpM8t7dn3LHBSJvt6AdiFmtw,kr,asia
QQClu5Vqh1Wf7Y8ff1MAKvkZ8M8ndt8Ho2ph3ECxDUwq7iqpPQQtJTYdikpTlGvbI7Ch2G9IQsQG1Q,vn2,sea
we6XzQbPvtbotUgh6UftaPifBT5QqmM3Ybb-VOFs2Bg8YnqimWF-4zmBctdrhShj6dH64O0T3GJuNg,na1,americas
MPCV85l3eZaQV9llFv1cbJJAH6JK2fCVZAeravaQ6b3txXnAcV20UlOAXauPIY4Zr3oknyrcestiLA,vn2,sea
Vjicf52JAGB9hfhF8qAYYCX-zB6z2JyyE6wnXcfVwTqa539-PTpddehRZ5OlznEhfAme8rSFSxCRiw,vn2,sea
UvY2r-SMqn-bxOrNfzwVkIHdFYH-pug6M2g2KLo26nFSzC5N5CHVnfu_ccVXEjPkdUgSRFrxeL0BUw,na1,americas
LN4lq_XdcXKqZUkZpU-e5EbHyei0S4mceiS1EAoPoHUoufaUvCOce4N2DtGuZwvephth0aE7ZNrbNg,vn2,sea
9oIXL92SYdHrFOafjbXnlLBZzlXr3xR62UDZU2-MNZPnTF2cxEZcIdXwzUWcnOYhsW0C43teW0o8Bg,kr,asia
No21Gp8T0MpcKgnAplFC4dL66RhooLbZvYS_jsG-cw8MC6T1cW-5BYN-vub6x9i_KHcyzxCsMn1ncQ,kr,asia
K0nfrASQg3f-OEBuearuZ0fpf8IPTVv5XXXAutiad-oH4t5YSq6xY0OTivZRxB0lliU9oPvuS055fw,euw1,europe
n7cbj3maztBSWiAaJmUY2kYNrrf_PlBTVa0y8CkQX4iKz_LV2TWs4N9BstdvxeUGcItcvWb9UtKyYA,na1,americas
jEshZnuaGvr88AYONP6p1FFcvHltloOjJia905d2QFLC-4sBlBkbZk7dvlrXMFrttGtIlJqXrvprAw,na1,americas
AfIN9gt-gsCEyMAZHXBwtZznR6Vf1zUjvFGToqk_ZEukQYlhNFBEcKFnlav5r0f1lJHS_eKKMA28QQ,na1,americas
GNqIV5O5WEGc4tl-BitcfvZK8OJOhSvJ4LaSzce0ILvZMC_jY7kWMwJQtGQyuyHPGGwOZASmBftP2A,euw1,europe
5uTbhJWy6u-H4SlYig74sISJJGDY0YXjaKfKDulo5-PZbm-dRE2q8SBj-2c9ZcmmCA9hphsr_w2Eyg,euw1,europe
DlXyqaCKGixS06lUPuNlb4JRoj1FAr1T345LifC3D-lXPKaA-OoYY_5FR0LixNYfPOcOZo_J9Ofr2g,kr,asia
YSwBeW6FHA8OyfKRabn0ewO3DKOx_GBuwkrlPlo18xmHz3kzG85oQGgAoflB-gsEWsJXz3YS2np5-Q,euw1,europe
O-C8FubrdkXmJBx79cEBzq-S4gViz2pD7rfQJ88EQpruO4lgTNE7rRjWmATdbbMBA5S3ncy02bzsAQ,euw1,europe
at9CThoXWveQHGbS-4lHMd8voAaiFkDZf2SGUMC-0KWyJzMYiGuhU0lHMjaVHut6mZYK41rGO2ExHw,vn2,sea
r8zuJtapE2W33BPTdio2G9HwELT2nuxo2_dkem0fBlIIDVj7_9uJqZSFsW8r3m7iikJIegwIJkIN2Q,kr,asia
7UnVJdI16KaAjw4e5pNFWTpq07gc7OvkeJPGMaitSDdeJFKucI2rNAVdvZey1uaMMyYg5VPSlKcN6g,kr,asia
OIy4PaVYm-jDhi2OPKOKJlv4ZATSWtMDdGC7dxtFJHsGrvV9EofgpuXSgFsmmW1aGlsSU7VWCdyJUg,vn2,sea
LJJBLbMUjWnzaZAJMeSs40O51Axpi9dUa70lxEH3yt0yqxmwlHjrMa4cpM6J3PnZ7RT_Y5KZ1gWpjQ,euw1,europe
9_2euOhynDK1GHJjC5i0AIkI88sNaPxJ2sYf0Q9870X4K09VWv2atjSwUM5YQAA15Oisw7rQ3vro7Q,vn2,sea
Qgsv-X6Z1UyhQI90nnLQpoPwyhJOBkvU9UJzhFuHktvHryl9vSx9SWV-rWEmcosCyIz5JHLHH6dsbA,kr,asia
eUrN5HwhH9pXw2IxhfR6OORNoovToVhMUoa2o-AgP0tvgEOoaogf08oJi8lPIN9fY_tLXZQIG_taOg,kr,asia
Ro66H_1di7YzKtZGiUyhisMpFDyJAlgbLT-1MR8L2Syig_r_eNUDcwT274RtYdXcohhWUTl5Kn-A3Q,na1,americas
cTIlUSvuawahg5MTuS5AI7VPHL9A8g23BTuFvlurnsjbz4Iq9lU9gdfHomVDp-WTwLIE2zthSFoXTw,kr,asia
FSKgafnZH6iJav3b2U7NBvlcHnqhRkc42A_nRuANDEQBtL4YfzPp4xPz0ufYLNBqc3Ytv8LXWp0koQ,na1,americas
CL0WvFKai-5Qz-8VlEoKJN0F0zR97zKkJcWkfUuiGlaNQl3kh4XcHgZATklNSfkpz8I2yELI-fz_CQ,kr,asia
sMPnP1BXM9WS6fZEXYV-dgtSoTb2Ng8j8wbRkSHGooLvK6sA9pgDpgReRQNXKdLQrZ2fjFrhgdVf8w,euw1,europe
UCnpAupHSegRbC70DuEV955cEg7JUk4n6aIxOafnvLW42ha0ZlI0rrfepvwYt_0ztiGVbp3L9EkG1w,kr,asia
7iB5txFT8lBLFponLLEZYMOU7p7oUbGqTCj4pVZGo5U9csBVTpHAkR0sXa2Ra7Hr3kPjnDmfhytUMQ,euw1,europe
UlnSLt9DsC5c7uhgX5adnC1KNz8-FoCcm6jLHrhXhhKq7MPKexAkygw0BgAW6neOczs6aY63z3hi3Q,euw1,europe
-E9PBl1Z4sxGEDXbtX4h97hkKHXrujcgWeE69PDDvoXc_tnQenrQZAMavt7HmyFQf-C9QkVp_ZmgsA,euw1,europe
rukOElne2At9W4hQtUo4D4HPAePBHprETrLS25WGXUAvtJVe_5VDybLI4jqrCx2eQSEtmbFg-RZ03g,euw1,europe
-RJr8lzwmZ7EoGWMAiWmxdqle__wCyEuxun6HurybcJMZ42mptorZkliLbV0_9AJBI0-7UYe8t_FKQ,kr,asia
VkY4g57Z0S0-xvhbUIVGUrzlxInP8fKZDyVvvGXGn2MgGaphBnVNQttgG_odMVMALm5zyWzMApth2A,euw1,europe
BN7LajV8K_QdRNhBqPRNzCjV41MLe1I-zHTc6-yMEYOye0sU17abCR3RaENqgeWvFJ0eTMCi9lQM8A,euw1,europe
0L0s9_rNahv2ebeERtPk9D1K3aXb3QXNrOjVvWnnguBkWixyehE8UboyBYNiYFa9tYo3MTBDRxyyOQ,vn2,sea
uOwc6l13u5i67odOftk2lr2JK2FW5KI9hSvExq483cUSz8hKxVSyk2L81VnRHqpFnLMcD52UhqqdIA,kr,asia
9h4EAHLyLGzseRVyPnmg1_oTCF3RmBmldUPDXnzMiykhzl6o_T_eOEFkmL42vyQ6Q57BxYA9RuQbgA,kr,asia
_HPksW-rh_RcQIPSJJ6aIFK9JDks5XuMphR3vINp7p1tE4vwoWx3gY9jWti1r5V6QHofyddrltI0ew,euw1,europe
bv9LdBfmYmXXjgmt5WouxjerX62c1Q8khQHmh18w5QEfrgvQ3BPH1vKXF4INpJwb4_bVlMMcxjZTzg,kr,asia
OJY0RggLFuHqt3mQGivnLoWsiwWfJk7GmeG8-4IHDh-uL-WQcZpaHvaCZaoPld2AwVFUXLm4n0KEbA,kr,asia
kL7ovr-Mv4-dz4Cs91gR9N9LL9v2pIQnVmxiUoWRLsMM4eeMIzxMtqpRRCfPrTfuJmRR8gGvBujlRw,euw1,europe
jVS5sKJGpSXAlaO2gDvRxfn5T1dt_CIb2tHvReu7YkFoUBYInH_nxwZUIwd8cSLz-Vd4y3-CdRCKPg,na1,americas
_hTQmHJDmCH5skOUbfJVD60o-7_5qD7_QMSz0GE70wKMrAnz0JeZJwOIAugxiEfi0-2_XB2Ji4p56w,vn2,sea
_bsK_yIMnv_WS8tMs1Qext_HAcz44wnuGWC8-SxSi6M2Fz50BCHvk1AHXltBuGdiJZpHKJasgHplTw,kr,asia
4qpvraJeq0RuBRChXeI7yc-paqkMcfnRErDVyC0Pn3G8_xZBm8JhOTqNYNM66KXD1x-cIJp-p5xaqA,vn2,sea
69gfj8ll-rCo_pZIccJmVa8dgRp4I_sYn20tZUrpxelQysr9GHyjF_MeAsHFSS52RlpW4TVao2hgdg,na1,americas
OIDUFUlCAS-dka2o3U0R1lL3Q8SS-fsxCNvlYQ4CDND8sh2TKH50a45evZjOBNyPN1pDVFx-NGKQTQ,na1,americas
XE1GVWkHavW9t6z2yVw6ZhZfamtrHFqAcIBIKS3qmH4BxF0MA8Osw1poAYCzAn-ZEjdfRRvQfp6viw,euw1,europe
AwBow0bHkso_gaqxlNgyK2A9AfjHVwJYHsS12qTtImHK7-UXMopz1906Q0Rz72Im4TvhXZ5FCdgBMQ,kr,asia
lxXoLBRLOG_h2QmvetXLrK2U1bSZ2fCcsD6tMBwMZREtb6uZv8c7z35WVeBrUXEn_zNuobmv0IcEBw,euw1,europe
MVqW9ZXrYY40UKtr0St1gZQ9de1zO-Lgy7YUrneF9d8pfODH-Ew7SxSGH79MgDXKWh3tNTCMhykY2Q,na1,americas
4fnXnqfajxCXbwI8KywnfsoMhTRZS2Tkdmr8OL1iKghTONyYiGZYGFFbZQi9gPIYtRaw7oT9SUnIBw,euw1,europe
nn1Mgg5knme-nGYg2fNuyr2PefPkTWzkBA8FVoO6ipBV9u4HFNS-EfkdBOEKVNfYXZrNCkjXyRsJkA,na1,americas
lOFDyKKEYd0QBll79ywp2npb7sp8luiMb3aQV5OW_-3_MZBkVMHo2MGIGQXez4lJiINnpbBFbezOEQ,kr,asia
Dm4kYJwwdsPFdvMumod7ZuEnggQj70Y7XSUx_Kw0VDMYuyqLHUs0o84AZXE9JJIUb7E_Zl8AZnoNnQ,kr,asia
y7YVgnJ9lzfCP2uZNzJ1VGTznt0wf7f9KB64VC2vk_ujWsgSgjIjqmTg9LfVaydKQjyNoiczgjXmHQ,kr,asia
mlOfImZf71c0eUq4dXkeFKY103A9_qk3ODNVEm3Q8EbsSex1JLzHw9wCkJ7ic7juiJB0pSYqKHUWsw,na1,americas
X68BAAyIlpq96OJq8ld9v4iaM0skwkME7VP6Kiklm0M9ypFAy4JI81GJN2iNtc7fWXvNdOKrfzD3mg,euw1,europe
OR5dutsEJVs7O-IhicwX6Ff0ZNZY1gfRXs0Kd3R-F3FudCvSFqbgFYU6qWstQS_SIrz8iRkuCNhzvA,na1,americas
dPkK8bF3zbmOYET-dGaCzv0rsYTF9fWn73qYO49pk-Bl7_gsZpC8awc9dFwoPWh1zhMLGxqz2D9-SA,na1,americas
wA3MX8CNhmk-woEtZDwOs82OCgnK48DTM-IW-9XDJo1w6AzHkAI2dczkN-XhE8kWsLWHMG2wLZ7huw,na1,americas
i8mCB2-HnAmFZ_BMbAQaxNKrTSpwm6vvSdxAJ-diPx2WPbcB03wSAlbwE6tvA4R7atcdL7oDKpO56A,na1,americas
3Lg8P4CErAa3FtnvopdOKg26bOz44C59dIdbIt0x0wmeQ2k5hlcsq4-aDq1-o12mS_EOL37AoF_Tog,euw1,europe
x0NtbYf6u9AHxbv2-WscDzHIH5iclNeYJ3a2ge4C4HWJmvVpDekYkGDSPD5KOqItZ9NpLeUH5Za-cw,euw1,europe
BuWdmBaaoTt7lW2csi_f4J-7f6V7ceyTsvULhGP-1YpzKgkwka5nEXJqromTcwvmMh4iIOq63ADdTQ,na1,americas
07feTfWzjwa7yf4w7aIM4vzsnA9IW8ZClzT_jDfRjB8omRe01ORxoP2kkvo-1zXG32x1eSwHEquF4Q,euw1,europe
oYVDgvqOhKm79GnrfV--Z7iIUUnf9qAbRb2HZr9pnQgK1a8WsmoPBeCsbD6iPxAGvNnNdhekEPnDZw,na1,americas
8vN-g-auEOjVxSKLFcvxBqAdc_Hv1J1pmTs149oM1YoVNQT2opxW3oBDWxOHqkXEOhNM00M1wcNaPA,vn2,sea
5eSOoO1XKbF3TlEZ_DSUHNaeIY7TQ0vlZPuLJd6oCK57w07XVkqgWjzrFifGBkcMuuuepn2pP5vzMQ,vn2,sea
vNcsnYTgM6HrWW7W8qnOaas9lxcEI0q4xP-nAc_cv5g-Ngg0DIf8H6x1XhCFp18BnSZAPf9Z62K14A,euw1,europe
2Gr84WY5oYg6lE2x_AbQErVB-D10Yzb37EUDcFBuyj7cWPw7BIhiRiT25mhBTxaF6nCRDipLHhFe_Q,vn2,sea
gRVFCqZs0pccoC1AE7wsu_-f_fDayy8oMvDf35xWA4MQt7t1FSLKg6fzZdFSYIi1ziJrjYtVTKKiEw,kr,asia
MTztA6k5pOTBC22GaOopIYvqeRNG9Cw3wjAhFx2Gr_uXX4zYdCkE8777iWjnQmicvOZOrEUiUzOhoA,kr,asia
o2wVpUMfb4wOh9UL_sYriEHFxBOd2Zjh2pubA9OdH3VQNhm46LyPiK7Sw3BceG1HLKlJpFRDKuVg0g,na1,americas
F5miaCc_NuaSd2PvD0xztwt9b8AhcOuCc0NHpAgJgxWdxeNGkpwEHC7f2Q0rSzjFAolmyjnfn0cz4g,kr,asia
Hdv2bQv2jtJjxNUVA6u_Qr-b-qW7-zyqtQMHl4GlhyvGgybUnJn497bPCii6EFiR0GW753w6QKLfNw,na1,americas
Rot-CNMicgdfZPya6t6UzKwlmKJ3evaGT1w5y49846Z6pu754s0AobdQaEf0cUZ2ycowM9PpIF8sMQ,euw1,europe
PEchtDyxgPC7b2MP17ffmLecssV7HR26DNjikM5sGRJ17i0t5znvC-rXjWln5uNja1tisidSOAqW1Q,vn2,sea
8cu5Lqz04FZXxheG95oX3eiCwqwWX2K6JZ3NJlB1M2ErP8HUabfsSCbGzfIxo_lIRJPzqnwGatsw2g,vn2,sea
xKo2q3YcgIiqF14uhNhbPjp8JKfuO3x4Q2Gez1fPo69hOnIkbdTkzvYGyEmxaHKwVguO2MzXLMvQcg,kr,asia
cMVEvQ_R-fd2vpPxs91PRgNF7k8NP0mw6GdIzw-jrQ6VuJX6bT9tr0jwohOWXD9544BIZe4UF2Nkjw,euw1,europe
SQqSK3zkB_5JrFU8yohwaiU3GRBG_LuUzl4wvKtq4bnaYDTy2YZLXISvf1yO8UJtwNBZwRX98y_xMQ,vn2,sea
o9mVdbMkHOURaV-BGyG3KsQ3F-LWUCDTmV4bv0vLjTz4ukmZN56Cv1em2l8XObkOejOFQYQW_J84Sw,kr,asia
WfETDYY3D1T5K1j4kxGUBbXxoskmY9Z3qRCcg0q6tATq4zrYLm5F9zwevTTSNytLLAJrm9-5XyWUgw,vn2,sea
qu37N0IEf7NW0ch4-ClVBXJ4i85Xfvc-AoKVO_gibTdslh8qviBEcfFoD0WMgccF0YJzGmaxoXR56A,na1,americas
VAVJuC1slvzfDqoT_rPGEBoAAlzcbmTpHXeddo5xbBy4HlE6p8Nf20ElvpM_SOxGMSYfdeuxJYd4xQ,kr,asia
dFtPHMpkK3cA0IMPrAIADMCMYJSAcxxmgIbjYU7wAEqrbM6p4MNaBxQTXuJXAIxmIM97HBXX5M7qsg,kr,asia
7r25-jFs74h6Q7K68LRGc1gm1oV63Eiqimjt-HDbQqdMi2PS4IusE3zuy9GTWkOlBW_U5pDEgEy1Yg,kr,asia
lsHzPS82Vdp-qiG3YAP8cHVMoDkgcW6j2mZZnTU4kFJCFPirA0W3Ot1X8m6IOxrAPrPjebmnXsF69Q,vn2,sea
gfKc9Un5B33ImkzL1IIeKPZvc5CZplexiNoFyhYV2jgJhC7FB1yTyX-xygQV0lYGM1CiIgJkWAYdEg,na1,americas
70GaWU3rlqvXxuXeYlUtQbeclabzauMupT3tPp2rpOJBwpfqpUtuo-G49MgIpQnlKeEG2C49c-5f7A,euw1,europe
6iPqmoQRGzWgtG6FmR5k7p0hIHZb_oNIFTQK7ogtKRAc4ML9iDS2niEzrlSZ9zC5g-qL7LcfYVsGrQ,euw1,europe
izn7BPrGLaWfRhF85Bduq1XCJDfkVAg67EzvXCNc2H3rDxKhD0berHcTduj8D7niSn-wt0V1A3KREA,na1,americas
g4hhCL32X36lszvqdt3ZolcC0aiEJt77232wsZlF4wrc9PTc0oX7SD2vgMS9MlwKNYTXWOb8UtidIQ,vn2,sea
D1zJpZUkYD0X5JYpd79LUFztVXIhbmGSAO3vxh5BY1wYoedijQBcMfcYyGBXxkJ8Khi3kD_YpI7zcQ,na1,americas
ypMfPGkXRcPtNYcwQ_ZCUjmTbFyZVO6ZmsBuowR31tjEY4fNtSSXnYu6Rr7UkY_upXgsJLoRZz2m9g,vn2,sea
1h33v32AHzzp9TdBgKnNq31374zIo3tYjCwyZgCBLjeRO-mRFUU2Xg-um8yYryj2WRGn0ITg87dDBw,vn2,sea
w7vWrT95QWLq_nS0SMvwQGq4joNViZea5btNs37Jfc44REGZogajWGMfX6riTRAOJAJyLQv1GMwKQA,vn2,sea
fJwOq1GNGi0-aPRding5QXk_klpagrSvBi5KNSNFSg0SN9UuotjrABhhsZJpAMT_Vmr3WUywkpF2lw,vn2,sea
CaobpZSdGFCIlfaZpJLMnhc3GFnW8nNSedH4NwgEu9lfH_QI4eCSo21m4-wIu21s-4kxc01xo2qSWw,vn2,sea
6-nqAHj1JcO_1J2VXCk0xotIBrVmL1JW4Ag2IRfDJVbfxK3k5SWMnyCtLO16G1m9fcxCLsD5CmwP9A,na1,americas
JTeBZ9EU_YILnSIr2QYA52aX_NTwlOjkQx_zZt9EzuX3A2im-ovOsW_NRIt3T6EvkfRv6kBdBuvnDQ,vn2,sea
QcQmJ_R7DJgkAnRvWuQvcdhLGgDoqiJkQ-KRhk83yn4DtdplSoafhLSBf0venm7Tl7D220R5EYd6uw,euw1,europe
mvM2d3vXvKPE6O7QcEb3dNToNPLqTrkw906qXH1oirBpbCJdjkw2RGXhst7zwWrietD-ll1NiT8zOA,na1,americas
AfRBPRbL759nk7j2SReHA1xYqXhUV-wc9t67aEAMhpyKdzpQeQE0lhAX5gL2wPzdXS_T4HCD1-h4EQ,kr,asia
TgRJybdFHrh4ckmwI7jiE0ExLtUTf6C00L1qhzYPdXTEJolPdjcP9wGDMQ-87vK02ZEHrD8mdvPfSg,na1,americas
VtMhOYnD2r7SHAjzQ_pQvxdoFkxYnTBLITvSmU3-MgU_Kr03V1VJ4vc8KHfV1oMEVPhHa7l25wT7mw,euw1,europe
YF2s96s7U2_9A0DbjSvuvQ-AHbbQ4u_NseZcSy3g5h7mVzHPdeouvy-d4lL1uZ3ueKAm4X6TGMoUrw,kr,asia
nPtt-vtMrIrZ-MQL2BpDdeLc00N7IOboPLfPtJEjEIZANxMSen8SPHnQDDY0U7gruMlzXFkLmDCUVA,vn2,sea
Nj5_n96CDXWikXwG6n8RkrnC-9floyjl-3PmboyIxAl08Xut4hP561fkFtNci9ALdEPzw2iKIikm6A,na1,americas
fQLVGe8yN8UPAlfo6NvGel1hA2CnsP7gk3Cj1IExiXdHws5vgS4OjwU-Bi4McQSdIxl_gX-IYJa2Sg,kr,asia
WsYkxLcjrhPqx80YdWR-8IvO4KKTMCDOjs7DfEIKEWpFxXegKoEfqRnkxaHHpKI4dd_c-QAcB8xRJg,euw1,europe
GN2gr8zx9N6UrgwIl8ZmTsAjFSVWvUfMicZ0yWckWmnFCxyvplP1WUPCRFGkrQXk91lXjgZD4wsjYg,na1,americas
3g6DVTFSN2sfakrFgiRxng9IrSOPDpZNza1X_q46StjymJXScbTEXQuK_ExHGOWO0iwnj195IUCeYA,euw1,europe
xdrS9UbhqsEs8BN_AGJYBM50Kir_VCzViz3RHX73IsBoOUBez2de7ZjjJguiSm7FC9NcnAYvClSsbw,kr,asia
OetKvmH9qFh9YIHKQfC3yuhxuSqw7lMrYR8jrVwwPXbF8WaIu3s4sMNdiCMijNjq5it8sq3RuUt5EQ,euw1,europe
SZA1oqI76jxcrkfdFhEuLd9U89bxGZoywqp1RPwORLSFjtDJPMHHRNPUZ7yHKfGjuvYomDHraA--uA,euw1,europe
zTqblPuHuhyiul1asELoPyKsYiWxNSJ91QyLW34glmJu4ubGX_-G8Te7_XcpkcRJCQad4pEqf1eQEw,vn2,sea
0_48X3a-x41cjp17mBGYKkU7HNLCd1HpaIr0LlhqLsqXTb1jXDnhrStZoY16HAd8FY6IktY4uTLtVA,vn2,sea
x7fql_Gn8u9lMNh6Dn-LdsZsL8Oj1Oy9qo1pkIZkuUWVTMmRDRY2LG9yXut6M57QutXZ6LMgWKYyDg,vn2,sea
h7ZVCC1UdsF6lUQ5LOC5TFMf-k36nt_X423j-pStzM4b6TIZycHZXf6vz9wpwDfjFblM_1AJV3rqVA,na1,americas
-xFdu9oIsic7ORdI2cdBfxnSIw3ANgZAWTKKh3LMOEFgB07TkLi20oiid3hT9CcczBummghUrIj33Q,na1,americas
9KK_9ZJv9jnJF4LzuRifgwOv4yUf5WNKtcIzmC_Km3sSyewegrZcbU9GAh1m_LXGBgpNqlQJvMClSQ,kr,asia
37Y_xzlTjyqHYpNEYcPlLmYFZK-STa-B7y1ZTfSfOmUZEP_D0LwIdZh9bsMnW0tlDPMbVHcL-rEN5A,na1,americas
SarQy4HeJHxqEPQqSla9GEecU0kPNwHIU7-4n1q0UiEUKefLL3FdwtWb3Al7DXeDCLYoHzmD8Ddi5w,na1,americas
3iI1gQACzG35322jaGDh3Vu5Mc2mFUaWwW8ZYpNszU33qWX5QNvgVw9B506mvwYKYn_Q6rEGOC_1OQ,euw1,europe
oaI5KA3ggts3h8w5tfeLvC2wemK3N_a7iBetBjdboxtb2qnyiQsuXxC2wnLn-To52oLRH0bKAyXfuQ,euw1,europe
SWxxaDFlsprpu70TdPHmIHoBQuVcp594kq4XrUreh9hbjoCOp_8dhZb0fPHsEegjbBi8UyS_9DiFQQ,na1,americas
04mwuqdDAURXE4TY9FKEs0eXQystluHT6KuZdIM_5dD5dXC4lOARejUiA8I6kD_7NK4wbFbKgUhYug,na1,americas
x1gfg3-fn8nmbZtDNhwQo3OoA2XNh6t1zPKGi1-PPDTZFOFrhjRX0v7UXYOwsRdDG4swrc6tzSGcvg,kr,asia
vJDktGs2PcDlEXDGMFKC2k0AIeiLD8FVoaTijqQ2sRWN9DI9gwDH7tWTVLyfMN1H2RyFKIMuaX9Jow,na1,americas
pUOAPSkzUxzVJ4CCkFQcl8ZyiDAYwD7Eu3WXNVYxSiogXesOlmx6HDIMaeH2Z_D2-Mr-WExGVfjz9Q,vn2,sea
RzRn5MZFinsWii8j3EvvWq625rpRJ5cYvKVDqEHhgxEuvTjZUEbmB_nPKDRQH2Di-4V5d5C6lOT3Qw,euw1,europe
xDBLDBjJO2ePYJJ4JfKEoTJx2F5cdHdN4u8k_0cN3oW2zsnAKResQZBPKWIhKcux8MVzVei81BeP9Q,na1,americas
xJTs-JmG9tl_FsZSnJqiaSCyuNh1u6wIlNkmOkA8ysRthVJAaRFs6cvffmHJxM6ZcKIHpcWm2bWfIw,na1,americas
1asJtvzGcj1xVrCIiCE40CcpOXSvBLpFB4AZUn2p_GU5ugfX1J3JnL3iQmWl1zGY0sntiJ1LCkAe-w,na1,americas
TvyHfhC_hJT2y2iWjJn_7_Us_PisbJWStOi1eGTIlkmnDbu17y5lCEuSetY-EWjhYkXsnHBltSwWOQ,kr,asia
5nm0h-AGzDpr93gBzkFuFb91In8_dgMzFCMgUUbuLa-BBlmxtgOA-JkZUpQ8xo1QN58wBOHfDigbZw,euw1,europe
OkfJJSCqkSKt6SXoMPRQydmcEPyx-k9irPE4GkNE85MwgtrX0GjyLMa5iEiOyLQrSMfM42FuftU5SA,na1,americas
e3Lcx3nMBvZf6Tb26PhZXGZbXaP8JX1BX6-UAEfo53hgGS1P2VVx_z8S1jEHLEvm_diE4u3fDAkK4Q,vn2,sea
6x65MfGW3b1AJbC8i905TD5uvtAIrEz3aQnVSs86ml8vGwj-k6wfQhs40LE_fCnF9au0DPoic4iIRA,kr,asia
G6ON75j1aCnQL5HrLgvH8VYZPkweEi9s5vVOaUyhP_neHr6XktvU-muO3iFmbs7SsZtk3eUkww9BFQ,euw1,europe
UlTR9cCcS4KBLX2__lKGjQxpbS0BXyunbFVSvo3dJYj55SHj432l5FuGYER5SCZ2CvCxURtidyyW5A,vn2,sea
4RcojC7bQjdFckqEEqKKdstCc-HYG0iewMZmMS65r4suL8NMZhyiDaA7tERrab4KibeESR13RfCFPQ,kr,asia
gvQIJnbqZK3GXH_z7eyJhaGMW3aPK_defjcSxhTDmw9iNbhOisIwq8aJB0ecfwg_i7U5QM96rWpZvQ,na1,americas
KALlkXl5BFqVZRxsrFb-35qtnK9B8BxlwuEYrjzriujv_Rncrop6TX9xXWlRKi7Gcrb7bmQEAiy4-A,euw1,europe
GiTobboIQFaEmKDPOTUpZcQKTzYAA8HO1zyi0dbKR0DDSyItpJ9K9SQlE8YX97MgDhjUrYIz-tyhSA,vn2,sea
dC3NQt_LBuUF6ozIDOz0GInMo8fUl0N6lI371bCrxHLRWjLnBGEnSxbrQEWTjAMG100RkEvt0XcAqg,euw1,europe
lk_qJ6uAB70Jqs_nxW3xONLXEj-BxFTs6Uo9bRm-Yo5d8IvGwpNxDTx4LrHHrcfLSU_SfSe1E-POdQ,vn2,sea
MmCAucLTr_k7ofKHHaNUh0MOj1kDNflHY-eLMWUsjei43dgLXIXB5mvF3j0nj8CESKG51hzg44USCw,na1,americas
3aFn_DI9RI_deNN2M6_kDhjbQp9e_EstXMYjsOaWQOMqqtJ0yys-u9RvuDqei7OFgBEirGxu5bDA-A,kr,asia
eoaEuKgLbG49jEGk1SJFMcb1QHUVaVZX9syHoo_IIOlcEACUbewl3yGOK2dTQQebVCaFDuUEcLJQUg,vn2,sea
Sc2L2NhvMHxmb45NfL_U_oy8oPWBvKcSYIEoobATYHxxS-YTSUxDZ3hH5lUnnzEcpzHg6mHxhWotBg,kr,asia
eU-B-JTQ5ZVQWTGBJ-_4SF62Q_TJAl_ICGyY0j2UKhV30o7ehnMP1Rr-FdytJa4rG2NUQpui3X1_bA,kr,asia
-d8XqcwZDLc39KJuMlXnYdxGyR1M3pivU9pW13qvbPX8PljZ-4Q5BzECLC4EXQnnXBzeLhFcefMzXw,vn2,sea
6JmtaWwqG3xbK2nYR7D1uyitx4BRBbvSMW44p2xLj0xskswuEZdas9MO0zMgzwjoo7FxPeQec-LYdA,kr,asia
-WqG7xLM5x9KKc2w-NrH2cAinPbjVuh7oDaiz5KUA9h_Nb7vH8kR9pfYFNWyQunVgUwZQtqKF2C0AQ,kr,asia
nmAF3N0yjQZCFn3sdN9U9Hh5bIvx0DH7heg4zGFBgkzcPn1emk8Uqt_51WMel6aZ90bdWutBVWpvBQ,euw1,europe
q90EqQLWTspBorzmyyBuzGg-mQep_SKVvj42WMVUWH8PwSy2Z-KQodqdRpIvkYoUrnF0M_Odu8F_9w,na1,americas
xPXTATaEN3vo24Ni0_-gC0OVgfMRP6p7Lj8SJMpkkzt__oyr28xJZu3iMG3jlgn7qyOVhbOJ3POvxg,kr,asia
cBKWphADwyoM3Ui5qOAESTGNYhlFYyYA5sHikhdBwhdL0uBaGT2rEeGdULTNXgvWmesKMdqLZWW7Pg,kr,asia
dltsKLNQL00CQEso-4vCeliX54xThOhZ_Rs6csX391xOOf8h9NJsDNVayVXVt5gK5lFQJSCUcEld9g,kr,asia
Ve5K9sWAAt4DV945pw0RM5xoeL8th2bzJhhAlgKRpg4zmGn1g7_-6LRre9PsNNbrR82AdCAdQW-6rw,euw1,europe
9H65PnBpk4nBdr_ZQL-i8KoFq-bf4D_Sj5Dedc31-3317mupkLWO-GIqSuj3t7kQVd6NXGP2-016xw,euw1,europe
Xuk8h_yPEKjNIfMoH1blMxZ5OjBxjI1mH6GxpRDAAo9Y99foDYUo4vr5Zt0ln1AS2ViJPRJwBzGYYQ,na1,americas
SYS-CJ_Y_MFLZQRMjph99xj7hb47qS9RqSVcJur4FQGpEoW36b0ZgDePknTYm6IAXRqbvnNraY9jgw,na1,americas
oOLaaBh1Y4WKWdFqpz-4_obHryF8z7YXdowr-Mt4500PD-RnpQ8u4eSlV_OoxguC9Kuw5lsLcMfttw,euw1,europe
KL8r_nmY9xMT21lmmYeOWlybzUKa6picnZaJnZeYFmO6VliNGqbm8nMarKtEy6jLYBaGhLgAliQPpQ,euw1,europe
dEnkYxShcVG4ifjEBKM0UkZ822UUMIIIYtONLlb63SXQLXzFSzuFzSUftMrov5JwFj1vQVE2MS8lrw,euw1,europe
79Ky18sEYif35J0u4sAlxTGxrcn7BCkgzhhjMTm-czOcL3sOItm2DyTobiPf23RSLsdnjNMgDXklrQ,na1,americas
UR7epkVXzB2ZTRnL-WKNGQa3bLS1wTJyoBM4N8dJ32dnZjEI3MZ4FIhdTbxLxl-79txMTotPDWR3Og,vn2,sea
vH03xtuLS3fo067a5MHtwd3afoXc-zE0GmANNPvEk6KASja3gTX9ih7tmYQjxI8fpeZn7tdeczpAhg,vn2,sea
_RTsX-rcwM0GNm_gviChCMex1bnwa55y65Wyc_-jQQ8PCJfsJ3ShI6esBPGE-tAckCYRpa2NI2kvvA,euw1,europe
Cv-l016pgpNvl3wUop7k4QLMV-iG95qTIyf29gmGdnay6ek_p9KPTXrJcpuXMbjjnHKsHCpzBru8SQ,euw1,europe
oBD8hBBoycI53z66NfedFb1LYOLf4_a6oJ0zgltSswsUvTIL1a4pkm1n77K4CK0q5ryMnlvhFm6jLA,na1,americas
uXWf5t3tyvGiOXOZVP3P-0uG7dwmVScuAPrMdOObizEQc1xezq0ouL-xdcUkL285zT8mPlLCQGokmg,euw1,europe
i4pTEPJtASCFoYj7-hqx44TAwiYjIG0s0I-VkODosRfHtDZRJOJIfSVBPIElehj2ocpnR3iPHKHzRA,na1,americas
Mr-wtfLDBcWjuKu9OKJjz7u_aA0PZhVhqLjrOKS6nVVawCi0yGvHEqJQlvyEQbfiHQmczTQWM7tBlg,kr,asia
v4UXMi19ohSo2EgGG-087RTZU3l6Vv8X_sSwpIvOB1UxkjxxS9teKuOA1kCXZCRp0d3TxA9EH0CXXQ,kr,asia
BxRwqAiBTwqXlQMZ6uMib1ljQzLNYTEbmYvVZjc9f6BRDCTuORxB1gaRBK_szy4-eqmZJ2sC0GEjrw,vn2,sea
X_XffUw2KtZ3F2j_0V3DkrHM1V8UP1Mi3tgB60MF-bVLX4u85zhyp87XDxt6SNQCaZ12CTIxx5k_MA,na1,americas
krpDNDTBHDvWAay8DJWYpBgzSUfbSPfjPdwzjcbCN-C35KrtTLi8_zbzPZPu3DGVWlztaB2SYpz-8g,kr,asia
EKxsgjiiwuhBYRGF37JjykgusHiu2LfYKC24jGY3AxV1NJvMBx8AmQwAzfqMJoRby8sKiHgP9wUEKg,vn2,sea
_u-JAdlzlEyaoVOPXn0fY7WA6uhw3ZtsAbgAOvUS0YYAS2hqdmeAr5QF5WxfVydSGZWDN6L2pMG6sA,vn2,sea
n3AQTr2IJhiqv1RWCOTSkCjDHGzvAX_Dn11Ptq-KrhJz9RRVLnr5HuF2sTSxQm84KMkp1nq3y0RuZA,euw1,europe
dTt6QrQjUSaxBwmsLZPr6Vq0UWnqrU6BCRkzKJ9Q-UIiM9zLFMEM15ij5mxinY4p0lAeVfjr1ftyEw,euw1,europe
Z3mdYsaCGTVzTorzTIVVfg4HDiN1eTmxXSvldmss2JI4ZPPnEJv8jfPCpSZ2ejHcTQjYgt8pFKupEA,euw1,europe
n2-bK1IVab7THfgGaABMXNLtYgPNuw53MZ-yaQJXmCFDXOmUFLVRpfeoQ1h2Et6Se5ipdDycQjrg-g,euw1,europe
d4ZCnIJNam8v-Po6zfzJY7G0oqyJ_tzcnPsg_QKnLvNp6aUGFajavWRPAd64ZS1zdJSTDbjFfCZqyQ,kr,asia
WbYURCVZkaW0nSPs6NdbTLfZOZesbqOeoEKqu0YNC9tdlkX10Wugok3E2GUvlBtcEfGdnKnJYy5sQg,na1,americas
NDsuLVPQjieiyjaBpYiAKq8J3vuhkpycD7KxwUzChjTZwjtqM6EP88yFUHkIMtz5r1h5TSGO1xGh4Q,na1,americas
P0IIlTJg94kivLkdSrU_gy7Ult6coYFwaseiR-lfsmUKtVEbSIMvyRHgjFzlLUkMGCwguynkDUjl3A,kr,asia
bINJwAYapjYGLWyK6S4EvtPRILSBbgIfAwksnBlKkv7DoQyGcZGMVSqARmKCxoYuL6m4jGsEKb-dmw,na1,americas
DlEHL6WhoTNB6VzfzbY5MedM2vSRUh5HwhIxWTgEMKl1cq_wfW2dEAzdxgi_GB9xYpvnO_WnvjaWWA,euw1,europe
vh_73W700gke0KpuQto7_aF7JWBqLvmQSE39OWJ4Co6mPyA8135Ht3SZdxBc4RBkioJV6-P29shhsA,euw1,europe
bHEeP7J6_RWhdt2OGOFIh-deHmznSGsbe3Ip1M-ztLqlhAXITFXNjIGP8-1K5qnIiDJD34WoT31yRA,kr,asia
OJxf3CuJNHFousUS3MlG30nydVZXS_9Hsd6NkyruBYzqafZhEgfBt8Tq_yCEbXJHAPVkPwSSobDdqw,na1,americas
F2B0oEsaO-6E7HxF6uR8BZxob1cujpCDNzOeL6awBlcNCVbJWkVVckDNoGGdMLXjKIu57hQVZ_MuKw,kr,asia
5DuSd4bbVI1Dwbj8kgnZVUfCebe97CeWRVjvD8r8bgIJGVAHNrkrDZTBx5I7Z1bwXfHkSDcb4U-Kow,vn2,sea
pTo7ocsHadGj_wHkFNpBy925XIH4DqxLzPjpkisrHdtJBC3yBx5dExYderERHZhkLkfw90anRd0Kow,vn2,sea
syiDJTDQJfD8sqHR7RExno-eXD5DKJmzS9l53DdLI8n4B_4Ccy0olkXQ_eKNgPhwiYiI1_3jSuCp2A,na1,americas
Fsp5Yp402cjjG31LxsdgQN-SMpJVLXTapuL5Z0YPU-u5nkeK6t5eWANkZS9NHdDmPUeTeLVxhpZYhQ,euw1,europe
9b6fDSkZapLoIgmHe0h52dj7VvyABNINxrNisrggm6mHpsSRj3744TOi8eKdibr1wuGMCZyVvxGcAw,euw1,europe
e0X_kO8rOCa6mJGDtr4CioHnMHTi5rpJx15HmOfbG-Qlf0XoVN2lf4Vyvr3BiyrnAs3PhtNcQvjnpA,na1,americas
AIKCc_oofVmVR_V-ZaczkAOAklkplVXvEb1VsFwZZg7pxhPjRiTU-m-oA-AjCxPHaeplvZLK4S7SUA,na1,americas
mK2A_oGIrUTBICO4n6NEDKbN42dx3sx43ftaIw2ypq-zH8MeuyOXgihGOvhFj3WY2JMAqWM-4s_W4g,euw1,europe
6ZOnmfnWo_3b0aDuBlZdX7whcOe46wiZSBvoKUPvb1GiUxMd1k8qAHxkFnp87wE8Ve5BLStcxTyTyQ,euw1,europe
WIWfbHS1Y2efeo3Hpn9Qu9zuWORpC9mwFfhXkHFMttX06Astf-vvSI76BJlBZT4f1GMHDhv5sp4zuw,euw1,europe
ctoexB-qdzfkaavdbFy8gWJPIiWnpROVq2DgN7UV0OZoeW7_4I0Pkt2Vjga8hh8C8X4J0NN7Zpvm0Q,vn2,sea
AYNSffZC6aPaqI2IQu014GI8wINt84mukGEZhZCpYbBZ0srzbUbg0CoJTrnMTAUJ6VxtuIwaEJLHFg,euw1,europe
F9Jixk6VjZkIRPWtSs3sUJ8lYqoISThctzQAOT74BJrp7LYFqIY9Z6gJPJFNDgjpt1dIuRt39JGCTw,kr,asia
Wr5qmZ0570EKsrGcGc42VIneKuhOR2v12-Hu6RNdpIF2G7f-xUFIGZVFBA8Ng6ftO16qtl-GTu5oMA,na1,americas
trsv0JXP3xY0PY2RJCg11FvZylOdahPRtsaWTJjJhjeTgcq8L6yDG1KCi6DLIHTY1gZc47cAjn57ow,kr,asia
C3g6C8RVT4UUfCRFjNEJs4AeoFag6LihFPYrvBTDdw--2bBJesjCU1bF9FgyLrb4fSdk14MpYWYQbQ,euw1,europe
mzkmDKqelGG_j-2x89YtHh3tKf8FXkUcsk88HGJORY1VCoBAn_F_UdEh4vWtljoexfxloa4BaqKpjQ,euw1,europe
O1_wzTGrwd_5zL-CdNNu9LIcKmvNvO28URd_tgoACRlu9G0jDQ_xH_Xul2u9f4k-ouuJL51EcGna6Q,na1,americas
Xw1S24q33EySt-Gk029wOymKuYRJnSeGsOIAsJI585x1PbCi75uBc-5513M0kcN2jzvP9QVY6H0sIg,euw1,europe
SkSmaTpBqcV9Z2VHJGh2OiyBdZNH-GOOfVxfjLyp-CB-ON_j8SozFywc78uNn5dARkKQwtOFmoqe_g,vn2,sea
vwJowFr-Rq6w8v9MfOSgfn_kbX16ffYlCwYW9DAjRJhk-lxlDGBZxWE5G3j1oQnPVf6NZ_rB88wJXw,euw1,europe
dw87LToiy_Tm8scJEXXNm2vy7IelgwwURJU8r3McmRsIosouMwxjHLlJvj0o6tJA74QUIIsmxrvenQ,na1,americas
-VyKJ3142csW3aWimQPR5se7TwnpOEe6WK7iTzszHoyhIj_1jpl9mq8tJ09uqd29ViAprLRIfr7ruQ,kr,asia
um-7HdHK6f4saNTPc7wCwk1jxqvZfePnt_iLcWn96qKeGP1KAzKQ4Ibx7JQYg9dQobPp1KwuPGrz-g,vn2,sea
QHYVLp85PLk9GaqrPJRosQge_3himJ491qI6hqSXscxPEmGvymVyVD45qKVVeeRY5nd68v8HawdVXQ,vn2,sea
5F8YQ6_84t058mLoYoYCY_Jbmd_QSE6je39rdQXQ4jUkild24MpUlPNpv8lIOUr4me0t984M6xEHqg,vn2,sea
D7OfsIF7qaANaxEeyn1_cT3l0ZyVmPrY1OjWW65JkFgQYfItu9EjZbYcQXofkPclO3XPNl1lbgyh0A,kr,asia
3Qyolavv3E2a5q6AsdfdrA6irEwjTTawBQzCH0_Q7-rVsIn4C7za9hEGAI-UVJpihIjcg2fHadKV2A,na1,americas
kODry9n21bYu2xamf_-eI8jNBLEIMOWslhSCDpt36pkrMmIr-7QQMBySCerxoRAKHJqvlXULlps7zA,kr,asia
chwLLJwkC7MdmsHmZtZv9kwRRvdagWAkcA4UqLuPVM7Kt8z4SO3PIlCMg1LI-2yWpikYErTS3CqMtg,euw1,europe
SfqFOGTMQmBF4w8Z3IEaRQw3ZvZJAOCrCR3tOrq4Z-VQIhkXm6gniqgPqRQKaR3oH33_9flu_vtOxg,kr,asia
wuwTS3JtrpUyCUQpm5bH5V-1qpiF7dHRjlrxC6U5lIye0nbTyp4vKLip96zKUrfhTSMc2D5xa6x1yg,na1,americas
VW_Dz63dcynmHwO0QwxB4P0AJexjh47UxeCTACywjsFLCyslhSIL-IxZDs2h4ug54LnnZOLA-G4G4g,na1,americas
zbRHYFq4Fhbr-2Qaoj_VXim2kvYYDBaywXtfoRrQA0amA7WpldI_q0RUmyCK7G1K8btKYZVjxigLkA,vn2,sea
gg4mnVBqgHuzNwS3sbkM8p_SlsyMT-g8XooSSvYNrhQhQF72KFAjjXcnXxXUA1IIwlWLbh47s6IDPg,euw1,europe
U6lTKh1S9YongjYTDPfcRojp2ruMp14CVsQsTyNzbIlbBeV87SHU5x0CRnhDrEQVDwZd6sVp0ykS5Q,kr,asia
GRIzTzMoWQzEekpsnFtjJPsbgDHT3rPO-1OfWHHr0EtEhx_ZWhvYO1nSksGgcIbqZ_7kUfP0jmJEhg,kr,asia
7Sy6IwyFAnNHF5anZaln5A5zGJ4Jg7AgdTk9SmXTLshZ6H3svNpPMw48u2luBEC7IXuAj0hCydgA2Q,kr,asia
1cT-wsTXEMf3J_gWwVTsrTEaTsNUEwFq1vnV8_XVFlhikPDmJOLnJvy1UKJ5me1JrIN-PWFbVdYcug,na1,americas
4gpSfYBdKQOR9AA7NshMACsg1c4vfWIoyAte-VALVrcl8iIr43eSVIRy_yIdYxFoFK_yLR-_gF68qA,na1,americas
00hxWO1gMmIxzubYYIy3-s1fiIPjhD55NL3DLRzZaukrdF9rXP-715eJSBAk370XsietsKE_eGx1IA,na1,americas
YsO4oBmWcUVdt4WSumy8JT0u-jXLprikjFHGLxtxaShgiBW7b8Z9rndlXw93teGsCyZRItzJtVZHyA,euw1,europe
uzOgbYW9Qx26zBdD3ZybgzM2Sp8pEMQJt2WzBqXHzgXLdv0E93gaM8M2meAG26Nf8eEzOqCSz_Y6xg,na1,americas
6n9GCxsAdwlQKmvQsH7pHB357RugDTWLLHXy2l2ACJatvyknbG8B8EvbD68yYflGpaqEO32KD3be3Q,euw1,europe
hjObtXyIuuODcUoYTaO8Q4bic0hwlXQGRrCR7zpbF6GJ5h5OUzuY0IzDX6DZVxfcNsn12ZnJnL9aMw,vn2,sea
A839OM8HuXyMretAK-yiM5Sw-4vvB3PbJPhfz43R43knrQtmW_BqN0vBTg6WQ6cZTRTzwOed74ntbA,vn2,sea
gMdDMxNTtHCsmo3pmPLn5kjMpqMz6r5PW8ODqnISmA_y1gdjO88RDF-dMLI69HgJWTFuVrNRYkUJ3w,euw1,europe
fTJcfrKWiP_4wuwm9A15bzNGUYzXyDYfqowFke4yesG-QXkOjfVqHzqTeGs2TnQ-u-vfv2AhR4DRWw,kr,asia
uNi1kvXyPIKha5EBVdLdLYe10zuIKioqUYEpbc7yuALx7iNmteMU6sm14dSp5fLW3a3etlJilaqgyQ,na1,americas
jR6jmiLWaJoKCUUnBy7It4Y4eDQ8lW9Fun_n0SnqtlV52T9gz-1rEZbjXke-44mreIx8PIpEW9uK_g,vn2,sea
9YS0jR-wLL-HU0nNMwrYhA81K7akNfuwvu9dDxLNIAzr6t2CKIt00XOMYGhZo0apA_RID1ENT30eYw,na1,americas
xk72GbOhshaHpCxD7vG2Hua0FfJQlJDaLbxNzbkqTA8ZxTfQmM_XSPsTgp6kvDi-aVeAYbTqwFo9pw,na1,americas
eSBtLFASSWSczmWqSevpOdl3jzixuADOciYqDPts2924IGn7ETHTPlx83U-KO07y54_UKpFRtaLfhQ,na1,americas
SsyX8XrE9XnD0vy-a6GNQi_6OVnWhXhYJvkQexXnwP4ZTTdRXkjO3kfFc9oHv5heP7xDMwGtdWq4GA,vn2,sea
MLAhukATBdJTYvQmmFm396-G3dql4K6xSUgRqc4oZClvlr5jfUNJM9q39-GCIrMH9M-f56HxleSzQw,kr,asia
hMB1WrkkY8Gojw_gwrxTxZc3Pl5wcAspHZDGTsnzPYofNOdHDNtB0m6HBOJyS3F-KzoUqBabDA-WRQ,euw1,europe
XZ4NluER9GLnSGydwiIBP8JAt5I_zic-6uupES4CEOJC58o9ALzfMy8wmEuCLLy3ntKveIcn3hTRFA,kr,asia
Xlp0G2GHfMCJ0xTXLPG1-0w4BL6qqBFnuyeVtc3na55e71b72hJXT4EvbzM7SkGXZae-ieCSB554cA,vn2,sea
PHa95FeDJJSir-_H16qri7a0HQuGUPoR-thBb3Lc7zpFyeDXJ2JeltIndQppGqDKXYAxkFt7IJbAVQ,euw1,europe
0oWWR3Lo5n_t_-C37vMisHzgxkN_ZEG7FyShuNxaBEIuiMMijxpeuFe8afa1nR0jp7wF2MmwmvVQ7Q,vn2,sea
ZR5jl5azJ5Cd56x5GOChblk_Z-tOYzDjLz9N4xQvftEPLQCwJshem1dUD2h0NHM28YM8bCP9GT4wug,euw1,europe
bK-BpC1h9rpkUCmrXdoPWBWZt11Rh4tfLk_XMXcDSJzjdb7WnNZ47Eoiw0v353tEi4_uBH-Qd71ifw,na1,americas
P_ba38EI2qtrMSp4NqHp5Hzo6RgOhp5-a16Y4O28POJjGf_H0_ojj7VxwQo0gvlzgPoEh-kntpN17A,na1,americas
tfv6M1KvwE6-RtGA3zFezURWaIiBenBadWbBiri83AWRzhiE70rPNtorKptQWnIUOL8mmQ-f5kfWiA,kr,asia
RXmbaoGeUXKDzmexcD540gHjtr-i9ns_TCliF-d6geWOr4_J8qL8r8XJB9QhntewpvRGDlimJLi-NQ,vn2,sea
1Zg5T3MH-rQCCwzSfEeRKHXLlWF7HNRRUSa8il7wJJQtGvmJKLAORStRJSFHXnwtLH4Pfv9BuSvDzw,vn2,sea
vOW7Zedxlt-4qxEa3nJhPRlabQCS4vyITs4WqJrGa3fuYN60leDoQPemhz_h81zPttcJNbCUvlYo2Q,vn2,sea
X-NwjXtg8sAWQICFG4dFE7OaSHQutByfG3n_0EsaYDzHgtb6PcjnVCLKLpvJBJ2cSZYWFuv7Y3hsmw,vn2,sea
g1AOGyRR4D2FUIa1Q5e3IsW899peWXHsWDtryHNsJum9wYJbxWB0_xzC30jUdENr1CW5nC6MrMxeMg,na1,americas
y8WSw8bWYsl_MMArN2l-5LFXqIgOWsPtZWtU26t7sitXNxULVUOmBHID-xtkUCTZxOpgxq3DB7y6_w,kr,asia
15riLeeKMd-_0dqbN-X79F-Y1wXZdXlQ5TnJ4A-ZOgFcynJ5jXEjtZCfXPnetSz0_uvchY9vJUYzDw,euw1,europe
zvGEs8v8xv_aC8XKD1vddjiW8aTEOlwJ8xkjt8jDP7pEKoPk_ATOgKH-JqZPbDL1eTzD7_RLPo0pzw,euw1,europe
u_oKAFtSSVaaxhes3WXj2bnZ5UHNNLzv1WwXesmYN4muqJpNMq0XzQPkBq_k36xepskRbEAdLHbglQ,kr,asia
D8sqZRUZ7ICd8a1QEQF02F28WqwrvOXuQv8MNCmiz3mP2dlsGSAt2yGGl7WpfcJmnNIkVoAvtMxT-Q,na1,americas
AYbNtfksRb8vx2ZbPfY6u7ogOPtqQeOUzLxzC4ghqaezC4Xo7aBDYg6mXwCljQKAnpUjlXXru2exBA,euw1,europe
4WNJYi4hE9CDVjpUiNM8cTDaAAMOPPF9bbsEfl16_gXYPgGI2IHPEgbS4Dxvu30JEDX_rm4_TiIAoQ,kr,asia
m8czHauMkJxfF46w_tYll3dMqnUXTBqWIwICfiKEE6wwDSdqjIdnsHPcm1GnL2IIv-DPKi6eYXQiQQ,kr,asia
05UpmBm4ggI5q_cw8qKAmx-VxR2JXA6WGXF75dHBXM7SKNMJ2G0fwfJUaZyooHe8u9AmCVAciwWZjQ,kr,asia
nnnCb2rxWBA6X6TkzRwUtL-H-H5BO07lTpoaYQ9kVhpP0UqKbeD40-sEm2SVk2fTSFO6ufGsZKY7iQ,kr,asia
eNs1O7b7_vOHyBOi67RCsCZ5ddxobPCh5bqkAZTlEnGDzoJOFUx9zQ42m2kYY0F-ki34BnQUx8CynQ,kr,asia
AuVRuGT4vVXbLFqAHxiQGByjK6FWyegLCP7SD6j8Hr0Gsq4pAMifXa27SBl93M6Nmlt7KUp367Z6JQ,euw1,europe
PJbUxiM3JC2DbSbEQCg97LmJ3Pjmpj2EeXG1p83cImTJdZs_lB1yBrRcL0HWm6WFIN8CU6okUkyNcA,na1,americas
DHdutSt8XbVwajHbffNHIaW6awuwUqE07b_YmwpI99WIqOGi1RkcJNKyVKri7Wo0TjRQ_CZvfT-i9Q,vn2,sea
WniNuTA13-1CT3gKVMxkdOeNDw_E1zoYu1GjKvFiqyLXbH5LhhNU07FZAXTFPhhXfahOW4LFvP-AIA,na1,americas
OR4rDTBnfjQErDgrwp0_QJcc_M9YVJsme6-w3z5H4UjwHfWI3kY3lOyh64EzTOEhwRt-_r-SpqavKg,euw1,europe
qNCgu_sRzJc-u2L0cUzWbrV2_F6ox0j3a2Vmban1zGDe1Gtlvum0227Ppgsj15OeHLTGdmF0hlXW9Q,vn2,sea
ZNUYMR6eCoHUVKDO30muriWzjuq9-lo8epIsW5Mtw3WiIJK_lDSbeSNSeWcv6oeYXrKv1CeL_PeeYw,vn2,sea
I9fmJ8xE6q9LvxdQbcrww0XXNIGYaGNnGnsilalpKtVFUCvAeDenuVpebwUTeNVgsiCxMi2hzelzJw,euw1,europe
4yXLXjrPUR4DNNYLmUnFgu_uvJoRMjt5hVfgkQ9FK-8iZR0_38ynE6gIn-YCEPqC4XuVuav_2LW67A,euw1,europe
EAb0Yc-IYeZBQtkrJ5fs_qlXoqC6QfRZZomKPfOoh1ZsyP_2Dm-fjUI_SCunmhjlpNRI21w-ix0G4g,euw1,europe
hnVmbLZ3VnUStBGewR-FLU65UfZQ1-65bM23C_7pT3LhvQ_mTiIUNzVi4rPxPur3Kv5-rfNmRLaoOg,kr,asia
w4bO4xpwpwme3JI5ExlGpaSneg6rPeF-SC_7WTvvRnIOlfC-ZxvdmnDIBiTFuwfXKB446DhIR-p6Gw,vn2,sea
J0MsO2d_GtSWAVofEw8TMBrWaC9CVg0-dl2_3rS0-8AEvhJbKJFY2SYkCbo2DjclNSH5ip2vHBRhAA,na1,americas
Sx4NRJwC13TiI6rXkMkKaRVgbr6VI_L312vSdoPfdHEus0KwDjcBYcWUoorGoVkwlaPnE2jqN-EYqg,na1,americas
UH6V6A2LINZEnTqpsbwuw3S6ekEw3et2iKVT10xfDLNwKcY_Eh3DarPYx1T5LiFIjH5K67W5r-MK-g,euw1,europe
gSEDxy8Va-BahmA9YUlPElh_jyDKZFFAyfP9K6ogJJ9uFzkH-xHK5HeNQLfLZtfxxGoCbcTTerjoeQ,vn2,sea
cKHlVqf-FHF5MzIJ3iQyKY19VwNB2WLZ649jDo8EP5anIIVAmrgzZLFoIvv3KPefR24yyOZc744ZBw,na1,americas
lpeXGXldYK6BMQ8uidBmNOfl4P_jVtDHazjw9iTQLx-DKoAn0nlB_cKIOWWD2-GJJPXX4Cv51LeLyQ,na1,americas
tFUfE7BMsFKAS41tNYX0kf3vYJ1a-n5aVKYcWs0pxUQyvVRHODv58jdLQ9OkOb4fyLsKiGn17QqHmw,kr,asia
ax0JnHLdTdiP_FZkn-_dgKOAAnqQeihERl8OskQYhsr64lD4PkhrftfIupjYavkA5ndXlQeDWWaOSg,kr,asia
QiRY4fexWuC6nI9RY2HtS5TyNPE-Qy78OcytcaQDtAESamRbsjsUsUXh2HVU_jcf9uzq7dYCmSrslQ,euw1,europe
IlnBbPql7a-DwM09E0kX0FWDBBBTQYyKqUWKUIa0yFmjd__54MQj8Yy3OxhoYRKPBj7wDizoruUh4w,euw1,europe
4v51HzQB06EwWfj4AwDUsvkYlGw2jSlNNOvYtsFqLdew_ci8M-W--KdpviJ8reo0ZkCtI3cYMC63gA,kr,asia
umKLE1pbVxFRB7LhhJRtloyizht57F8mB3FE8XLNQmAJftzxMEAQ8mZXfbwkCyV92hUVlpdTesVOSA,euw1,europe
ZYBVKOnaToPjcEy68rRYvL_tIoCrXEdS8v7UALj7Sb-zYsE6qrL_syfRRgeKJy3VfL9ijjv34PhKSA,na1,americas
jQ21PQW-oaypnI0FDckc5z0WMopiSxHuos9pbKRGdYR_xFbVWRdXlU53xqOMWzwq7j04lb-VYuHskA,na1,americas
DcJdGT72B_9buxwpmsUANsHz0rcs80iamU2_GebQ3wy6-dQxAsF8YB8D8i2o8qq_11fM8b3E6Gzc0Q,euw1,europe
eRrC0xJ4whTo1mFm2a3V8PU9Os2IXyOBjYE6EZTJttoDvN62twM8H28Bc_UJ6D3LkiYH7asS9MOE0Q,kr,asia
kdof7f8H9tAl6mhH1kKOPzxPT6JFfy3lBoeHw3x5oQjObSjcr1QxSCiwQOUaDkG7DU0Kh5TGWSR5aA,vn2,sea
SFXbbNZJCWTnligbg99mF486MEEDUICRuCFVFJMDzqUIpw55qgh8lHtO5S1Prs7VC9R_KtAvS_ANrQ,kr,asia
GC-boEjg501a9a9mPGzS7-_7h_fgjhVyfAdN78DnB_L2loML37Qr5WRj481raa5kTAlrhNwFSEnCRg,na1,americas
J0ymI4DZ1-cvno_wPCPrZ_BnXKi6AlzLrkDTwvKWTPmpkubIonojWAYtDt3Wyu5B692LQsleX73FRQ,kr,asia
CAadOg2kqgRdBNIhyMvJUPxFmS0kul-9DjQD3O1pigTSaMD_85fKV4uwKe3HFPKldOjuNanvsj32Tg,na1,americas
cmoR0mSN36aJU50L4dqgfLFqb73yLZBW4Qbm8M0BAQDdgZ9rcfCft392gwKyyFIpGQza41SyGePTlA,kr,asia
68mSti4pS1Ydkwc3aaVpLF1tfmVFuW2QvMFEjJ8HVxAApOWOqiQHdrXAGZFoKixYG03Q3L9vzxoXxA,kr,asia
vmUBeCPCUfniuo28Vu87nKFBd6Cp7xhSjNzGC08_hrXj663cy8hmMfich339ji1OzDlkEJPx18zwuw,kr,asia
TMelvFoby7Xo2NoWO1CW9yoH-zii-E4nv1TFYJvgkO6kxKazRVI4my2An3AVc2T-ekbnX-8bBK-3Uw,kr,asia
1hEVa48Z9BxmJ7exqQXhRotcJewfgtQhrNEmpy8uFWRIwBjsl4-p90h6F3LXiFNtcBdsWfZNJFHBXg,euw1,europe
7AWRwlFSInCreGUyqin4xBt_1CrA-D04UcDHm3KpDEVgHnvAsBbV2V3Ai8iFa5bnPJsh0Xgq_v2qrA,kr,asia
nmOrHGl7s5tZAqh_3Bx12R2KjaNRLaex7fnoZ2P6OMdSVVHGBZIivXMs9wmauSvUK4_3Y5WgtBMkpQ,na1,americas
wlCIwttYyrMFfhl8xiliDtoFLLj3_lrH4rz5wQfZmWyQAcHE4FbxjVJChS6PPH9xIo-gcH3QXLxoIA,na1,americas
SvHfGVE6ydwASxKGfNhTANf0emcSAazSx-dpx7mr9L_6mpjcZU5lY6lGhxLDQMsbIkGzTDzJkPgKeA,vn2,sea
gARLlty1CHTtVsTnFo-BDb06GP1AmKxR1SL8gZ-lEUZe4z9RSUUq9Jflq3QyaKDYpmcOwCOLT-0lVw,kr,asia
TjneR3OurGKbztcFMXJ6thcDgHen0urmU0kgA7BCh3aEcJXdCnqLM2oPsMzAP6uhc961vVyCShQoOQ,euw1,europe
UcYdguoqvdJFYkaDSw0tWlh74hqdlhlxzdLM6bIn-mCML5MLIsHPDmnYFSxqYuljQ7YUTVKMhXsNHA,kr,asia
uFIbEvP8-htc7mSRvcjttfPLRR6OhZ72kzXXOx571qhcA_mEgCVDyQSHKB2egsVLAUCEH6J2CZkhcw,vn2,sea
0cQcOT5jV6sXk1B9zCtnO87P37wvn6yG6bdlW2iQT37gRiUXl4V4dvB8hhZPRXtntVrtZFsYSf9j8g,na1,americas
U4M2rt-HOo8pQJoxPaYTpj9c8gBy7VhGYzF0Vrj_52r56WLdkRhcU-9STYyTBdgRWCRwXbJcpXv4Zw,na1,americas
3vL75uEtFgWfW2oVIa4RKEGSRJVuMqgRSAi_fWT6dBcJPh2MWFgQ4o8oa1DMH7HWvBOCUhhItv_C4w,na1,americas
3Ii1HzvrYxtW6sd82bW0wEAM5B4ONWihTcRBXQMo1N8DZZvS5SmikU5S1SLv0yIBNPvOq8yjNfqmrA,na1,americas
8bsx_GVrIeS6SoVml6mzwINIVMzX0m0Wu0kRxNfgxglKn8PG7RzMVJM-S29hdWXogIsmycr8yEIzGA,vn2,sea
asnHgZNSyzJ13lEdbyJ98HZALszsSW6RR6TvPAnml7pJi9xsO1t28jVvcrbLBZHwjAEq4A5PTC4_-w,na1,americas
9NJa4Hzb01iwoETrmJMTO8aDO8JCMWcCPI0kNjDsTHeI47YWFL4uTvURATQ9J_-42jAoi43vyoe8pA,euw1,europe
LJAcgLZ3PK3XCsySGBHi7Rf91uEZIo-AIF1axpquMQg_5zAHEeBmOYQ6j-li0-V3CTibpJTGfDM0Sw,euw1,europe
qsg4SlbgH9t_lGkRLZNa7ZSiGXygUeX6jrZoh_2nNHNA_5sxUDZGCTeXgMWetHfHMdMXDj_fQz8OOA,kr,asia
Yc0mM0QSSkSH_lxdc-URo7_nUzFhBfdx3lECnAAz8G2BGQH0OP4JXrzv79jSnrjuznFOOMvRJuPvjA,euw1,europe
0U6GxempofOKi_ATEBGw-7gX1BurhRzvcbv3A4XM3sYh8nLSXspgd_0J3N2X6OX7PFOEASF1ZNnAqw,kr,asia
ETXyFqx3CfRMOT3Y_2LeSZeSDhzM5-remGRiuPG7qU9DTcu5he3eH1-IcHMLdSY-WCX6v9r7QH5F-g,euw1,europe
4fcxhEVZraJrfw8Bq6oN2tOAT2bxOM-_TO2crF02piTq23tyqlh8lEjBx-GO_mjPfi0Gij2bkpjSRQ,vn2,sea
ApLyTX9tBZmoFMFCmm_qSmz_5erGJlPDhcHbEV5EomtKCptDPoFnizq-CmdIEF8FZeFNiEYTl8jxwQ,vn2,sea
2IJhw6M5eGOX-o-PI9Eo81OCVBzWtigIn9UftLD19_p9weFiRsRy-rcOe7QwT5Ho30KkOiHX4JYosw,euw1,europe
pELmNJJXhfNIAT7DCYOBlPRGY_H8a2BpmgH6tlWs-L3_bt6jlnCLpADQtQlDwcYm-rxY8GrnVbGQhg,na1,americas
Luw3pclDx1wNcO3zbPaAM-syGDEp9ed0Oype50KBTklx57QJs7pcVYa-i7a4-R3MrWenTB-q3a-mWA,vn2,sea
BcIW3tgu-qc_v9wz8LiwDoHDLfmNmib4OOaVtfi39e5oNNpIPKQXCR1yXWodbZmHDx-tbgtKvJDYpQ,kr,asia
LlKkcgc6GSgj1XWegVsmfnf3i_fZJ2qkki2o-c6g5lgYXImlU9EHgf8zTXHKOZNuGYdwzO7zwUpLiQ,na1,americas
0AbWAa4ZZqtU0BwsK7AIitSHAwVegkA_mupazRTTyXuiIqLFGz8czfIFzrmaI52_y9KSnOy1_iYwrg,kr,asia
iGO9E9WvCMGG8t-4T-F61EtqedK4ErOr8vpZwCp-Bn1uqPXxBVJkvgio5mn_XKcsZgPfBLDqg9fExg,kr,asia
2rI_M2lYz52pbyWBD00z0jqAXJ7XZJ8sZLBPGjAOG5cts27kUgIxtX1UJ49yM4SFDdYf0U9SJHYxlg,vn2,sea
9QZaYfpwdAkNYvLYpxqiueWtJc0DWr1eggExtaK7hv3GBEyhCK0JWH0jaUglGpH3riD157BThVIQ7A,na1,americas
uA0M-K_xmK8w8KBkcMu8x-46FXj6kRPn40fCfbIo9acbbjOwAGwwuZ8BiT5TymtsaQ6otbyQVG0E-w,euw1,europe
I4LDMpd_Q-ZINNF66sf_QkA84_ZF22r3ztMxco1eOQlRjND0dkkEJvXPKsos-2k8a9P64Hy0P4m4Mw,kr,asia
4bvIvDb4w30D7ogCM3z4dpMN20mkHxm09ZtpzeUmpEnmXboOFat6CfmJvZcBqACyjITiUg9mvvo-Sw,kr,asia
Ah2YwY7R8_zSz97zHB6gn4O6TSX2kpXUAvizCYCEsWqzoUufcGFczyQ89lOFe89-N3wxU1HgRVLVIg,kr,asia
bXoKRowkhYVom7jy2Sfcfogq7Y1vu0j6LSPlWqzGo16BLpEB6r6vj-QkDTf9GzfNVT-oM2gbDLI9TQ,vn2,sea
Y__k7f1e7EZPMLOsRmb0R_FMPvu2iyFQPD1bA3tWFap-v39wqqV-feigdhd_n9VoLP5rEn9Qp2PBYw,vn2,sea
Q7l7RDwqqtdQOT-SDLXzu1K0pFAoqgPbaeTPI18580Fb4e95rrPnSExgd2LV-zP5N4ps7vNv5JLkKQ,na1,americas
gwLpcgPLV6AShajHq_GBqxKvza7rk0kMhiS9GQyLYb5_fcloJH6-v38BNBJ8aEhqhqb96FneSUdCZg,euw1,europe
zcrhV58H1qbokhkISzM617CB61LF4KgHPdewVW7gNKLwY2QsKtu8KK0jWrPLPEN2RqaEaZfEwYexCg,euw1,europe
pQgm7UlYPQLI7vqYpAKIkoNdXuk3r5DiV7OfuUGrDEdLgLQcsAUTVxSDKzAM0Y5R_wDGAcRPjBmRxg,euw1,europe
DNsMFg-oVb10hr2ecp1J5kc2fL-aXpkJ0UpjICp0hZ2dsJEImqwh_U3bNTcJ_uGC7dLJx0T2bxFw3Q,kr,asia
awpfcoj8tntv49vta8_a__eaCbR5FkAMTEr9itt_Cso9XHncSI5jUjL5H2C8QwiguJYGuifdbxKykw,euw1,europe
uS4k3Uycoq7OaQcfCikTqodjMA2Vyj2dISDb_KzwA3etkBcj6f4CDcYJYFYTadqCFlKWAWQuJwgxNw,na1,americas
o7TY5JsYzz5viX-_uCtZse5PNx7PSju54ijf0vCZZ3ra4Tc3l7_78ZEavgyyjWdHVj2B4iei_UoZ1Q,na1,americas
26whajQU9Lzf-vBZgVXDJGlylNQIEq1CrDmK2Gysan230p31li1E0DR12yr3-1ZkSV2WORngWURx9w,kr,asia
Sq94w4LDHSsTNM7hQTRCpP472RsP7OMKdpF2b7kieDMpCm2VliGS7CYJTZLrGsmE_3eodqQ7diAgkw,na1,americas
oW-tAQCrm-oJ22IkS8Fdx9h-MaltN90jOcJvc7hrDe9naTPPhI8TlAAjpDtOZkeTZTxkPyxtWaTLMg,euw1,europe
zglmDep-i7JzRSEdoTgUzXuY3Yc1AZaOH_8lzte8xTiV5V8WEsevSH8ptPDnay8JNxVqfZ72jikZRg,kr,asia
XIW_z2E7AO0Cg30H7FH9iV_mo3f0NBdKQHmgR8IBwpvS4r3H8ESf6wxb7OfHkNYaXobo-EMaqsdWIg,kr,asia
OxXOBU1OglmVV7Gmd7wTw1F5lWG3C_Mt0lI7ECwxAo_wddwNro1Jvy2gyR2cGWruztAOuqj4XzENVw,na1,americas
ImaFNT7KoeflInuaUA4NWcLXybz8Bho_ocjJKxq0ul4JSa53HkyIB_U1CBBHbCO8kVV0eEfktLZGnw,kr,asia
TiRMjU8QslGZLC1t3NCLXy71WB-9pKtPxTk7ElQd1V7I2TpRB-8ZgasoWb0leoDiQhLR1RIAv8QFmg,na1,americas
RgzboLs8OjzrsqruBxWmTYQIG424fW72pug2kvYb6eFbygHIdIdmAtywBG8BWkcuq2582ZGoSD2P-g,kr,asia
E2Hie_e7iYTDtvIsABsYp6VnrxF6t1sU0kuP9iBjNADdM208N7mRFgWNzGHzT94CXZcu80u5zjVG3w,na1,americas
cS8SdpqbrAp1edBAnWSkyWWg9D7DY9q1XOmOdAn46GITebty7d5dCNR4th5tgWn-5R3BmGRd6zxdLw,na1,americas
7DA_X6P6VpCYueDURfOqtBVDkPDNswVi5qAEvpU4oV7bZv9dG6MPkzscJyYHfVAOEvtg96cAO2FURA,euw1,europe
kNyD_LE6pJ9JQ7TJWonphSrciHD4Wppr5NpOmfYsCMWU8pcyJIEwEf6U6UBi2LIzOybKaJ9MBz8Y-w,na1,americas
Qw58sDTEZ-Lqhz5-FlzM13dt4vx-HVzQF6Iqr-0vnFmsxFzlWCkDIfdwPWKHFI-3D9pxnaE83iut1Q,kr,asia
l3O8o7-GYm3RnMyvJzTmjuVFMPMkrXIGJkfx4hVLxP_ZSsrW__CPG2UgSOwYoSL0U0-1A31cIl2MHg,euw1,europe
AHzWSJG4lkQSBnDw3PJBFFKoib5KBklmSEw88n7ARQ6PQkkJWz08YL-I3Ypjfn0mN1QBwElM1y_Akg,kr,asia
-b-rZU8SSjzGm8wcuocNMWELr0y9ddsv0Dg0gwr0I1yoFPTcHG01aormDxCF9mizbASY5YtdXC-PXQ,na1,americas
TY_GVBv3YJh8kJlNMyDGLJMe0bZGwdfIsL0OUrSvZ2xfsUnKRM8kH6P4VvmyVXfdX8gMVnLr7os2pw,euw1,europe
Dc1Xjt8IK5gGlWArACR493q09UL6WZhLK95tR5Uy-idjY7KOcDHuvfPDmsV1hEBZE7rigEFqGgXxYA,euw1,europe
KzKRuJxHnNkd9lXLtNpCgSD45gUHCmXaGYWEmZrTgZrr9jwxZWGoPIwJ7GZM-Wf4QJA7eLUaSRIAOA,vn2,sea
NjcmOkl0yHG3ijk_mfpHKa1eOHt6bv3H0KGWdhmvkJZomQQPhy28DYgF8dzspu5dyr9gtMU5JGuQcQ,vn2,sea
Dj7HWkPSBy-E1jA9OT07QldAtTFcq1Dhp2oSSVpi09t4wfDE4c4-lCb98dJiqJQDEyBeu15QsA6xWw,kr,asia
d4FDAQ6mPfQGDNNvrNZZje0X-ZLY-gDK64YfEWBdHWiqR2nhOlJrYxrU6c3mtWyS0J0LD3eOkE3NaA,na1,americas
qxDET-WBKA-nhfVemnbCdGKthIHIcTeQoGNwPFCIQvUoQo3OFELLSnYITzR-a89yIT6r7LUgWq5XTw,kr,asia
1ia5OVMjhemmdtbBrz-CkNwRxMxI87JZK_c8F5EipUI-0eFRzSPMrrhvJ0vLvOIy0rX6WV3YdTaYOA,vn2,sea
knF9BEIFFyadH3UIFHzWdIV2JODkfuJlGmCMDIlZvZNuPSq7sKabg9x-yDhIefAzbDeb7QXdtsiCCg,na1,americas
vC_ekR5zS1zMxd2eBpQdKZfyzHsp2U4nEdu8vgc1wQ_tZLApK2FbpJqUYPTgnsRcPgnuJyymhfb2FA,kr,asia
usPyiDZtIojzrYfIUYN9soZFR4O0vJvMW_zY7n7P6ir-uraDzDTD65hZCmlB3N4_slzPUV6r_sTbxA,kr,asia
JKqqh_Ya6lDocR3zYsap69IpIqhdaByetdgmoMZWimuxrCiB-FUmIx_0ug1fBkkrhmEOXS4SdplRiQ,vn2,sea
W79XToUxrQxKBPFZ2_yU_c58tauQMPp_jY60-IDRSgl3zd_MWMwkrNSHXLuXGqyxfzJZFfUPCR4csQ,kr,asia
cPSWdzuvKo0EtGhJd3ufpL9MD5qcQGPjqKCX0iHJFFUkd_F5S0pEI8EHK1ID55-CtuKQxc-2b-GyYg,kr,asia
_ny0y3eMhfrwd1NX8hi_37gE-bnTt0Ms6xrZuTLZDYGNcShfh44YrNl0CsqrrjjopanpBSQlZrYmyQ,vn2,sea
xpUZJaqF2TWHQBz4ReFZUKae01fct1OMziNXUjihwpgmUTm40V7q4Jtsn-3KdNdqKCMF4ppdRaXeww,euw1,europe
RyKEU_I_zdDX_Dg2NUFzoqDYWCGPr_VKA8qsOVwh-iPdtQc5QY9HvE_VNOBfq6O36M5MAIwILZGKHQ,vn2,sea
C6SO4AWKIwubX9vQrMAbaI7vxnrbkuBqj3UPp9exXCk6mGhPxm1giJP1NBuF12VFzwEkoL7wY_AIEw,na1,americas
WluyO66WyAe0rABb-R8MvJS2x_m5GBO481N-UEZ9NmnSS0sSeTOMLjcQDK91DDrDydR9Ym3z7TSzXA,euw1,europe
l2Y68dGDdAZxUOduKrZQO6Dug1oQZd6v971PzDSmOXKWaWIEzP9wAM5fl5kTNz7CqMGJEmieqWt_yg,kr,asia
VYwDiEGhUd9mgwX2emXIAXnkBvAq3TaEkbN1_gxC_3N-RCileKIiXDiMBsyiUJ4bGPo31Cy-A5S-rA,kr,asia
ocKjQYdth_Erv0IHEtH6YyWwL_llSKoXsTAhfTdSW6w6uWpfCh5ZkyMBYQKAvyXAHNGSXd1Pk1Qh_w,na1,americas
w4Y0WvseakWBgmSpddOZoSXG1tm5F_w8slg1Sa6Etqu0ISNbQChprnkkPAd7mzhPiQhSK7WBsn-gOw,euw1,europe
sfKfhiJP0UrdtECGLS8Ql3xUSsm1a__raGqDQYS0fJIetrEAyN577Y1MKidteDSHfai4SniuC189Zg,vn2,sea
w9Xc8BY1C-53oo8AK89umhWatajoTQTbN7kBufkT1mw3JpQ8i_3TQufHW4PADiwFKqQwOfNQM3pCxg,vn2,sea
2BdbuTdu7ioREfjJSZFouAm7uX2wDVE1OJPxXNumk23cV1jyJi-hB2jKEMCHq6o5DoFngUJrgaUwLg,euw1,europe
e5zUmukZoId8p3aMb6T0tZkTSPL48JzrZXg87_ahkjXVc3m8tvQdyLICtkXkM6A54zvtFQfFMeaFPw,vn2,sea
Tu8aZW919XRfveJ-Gv1KrRbk21KNBOCFrTpRigNr-hJfxHCOPj7HPWTRp0apzwl5fowcr-cTX4YBWA,kr,asia
51ulrq0r_Rgqb_zI-0FPycH_nt5Jblk0vowE2UtLa9Gu6VHLjpLsKle1rthp1LJWIFlHtZt6lR1zJQ,na1,americas
klT0AiEy3E0aHTHSVqNoXiSbF4rS44QJnVFXO5Ri5On6K38axWZa7ApHWzn1OVlc1CmOs82UGWI8PQ,na1,americas
-RXBtBZ0SQhmZ0sqSGivCg-bah4JCuxggoRJbYO_UGT2XX0g1YMHIAe75qGqx3j63hmeILW8mYFDvg,na1,americas
OQaJyjGRiLqAFNsCsF1ruws67ROvdtTC8Wk164uSkKC1MO7w1tYH50ylRh4d-mGERuqbJDVao-yq0w,vn2,sea
BB_Q53_sc_9km0LlB6G6XNs1kn2sg0U5b6ixmiGTzoFChxagE0zHofGBuQFJ7RyPlfgxnKaCe7s8wQ,na1,americas
rpQdPgUE8oY8gRyfBw0EicuICM8bspNFtI5GCc1aErb9ZnvODaax7BxGNNOcu4T2yvPY_fzKKIgCLw,kr,asia
W9ql0fXtrhxhWLmi6TUUFULEO4NQRKXYZ1Ae0h--zhydI8n2hjcJuwepmJuDcqhQdKEQatdvhCd8Jw,kr,asia
uj29IQwPhg94hCcniFvucrM2a76IzsU7e2Zmq1H4HTChowm9Vb4PSV1tgJTGpiHTBEeuapbNYWXqkw,na1,americas
NjqsRe2o9prUsNqcAWzOXnLQr4KPsMq2RCcsaPDuBJPRtBdvVMJg244LTVTCaVVkk71_mqXKmK9DKA,kr,asia
H0ibL72kXtoBrRfXv02DPBlnZIOMgvCHOOjHb6-ujq0tEowtqYdMh_A3s_A8srzTmkgw2WKizrUxIQ,euw1,europe
nVH-J8aDsH8QY1ogZx84cPkyctj1a5MDyuUbCmrkQWKn3_IaWbNq_v249XKHjLJMAWfgQcdpMU9-4w,na1,americas
eF4iIVIyBK5kBgjQTYXF3qL-r9PSdXXe-pcxmqtSWR-dlnvig4_lxw5AT0FIZJlf6QRwm6sOw_t8lw,kr,asia
853BiEnCZFze0sxbjrukBSLy9dPy957rucD6wpCzK_N94wDWHVfSaaJG2BnRJH7qyut6dcyRAlyZww,euw1,europe
LtTjwcFqEiVsQMNZdzYwoUE0esDoKr6wD8scfIUvdR82CNVaqXsAfaPpm8jOHiMiKUL5S8ieIZ0d9g,na1,americas
b9L5AvhIgPpTVF8CCzTNLz0M7qWrZTNa_9NreHUhG9-X4gFt-4yYBQ__HU_jcmrd1mlkQEjJ0_Nz6A,euw1,europe
tOR2d8A8ussYjWlpH5VDaMTWI2q8Bc2_Nx0mzX7vAyX0HQbA8nGc9aoFVvFQF9t28G1GaN74xd0IRw,kr,asia
xH7p4UW0PJagHel2hFDM1rm3Pwsm8FghOknSkItsdacI3sWccYwi1bEkGI3ugZMquYFzZM_Q6jPRGw,kr,asia
_D_v_R3BocPSI9suMKxBqW1B_JmBfrCu9961N_YfqDSRCCAT0ffF99UdZ9pSY2pZEzsfzLzsP3f3bw,kr,asia
NzzH8YbbwCfcwDV-v-8Lz2vIrn9e-XGyLFqtk_qpU-KY35WLRhqiLmb8WITtzEtDX29n9Bthukrgew,vn2,sea
4F3q6wFEvwg9YbA-21Ghp1balEo-zSW0M1rW6XknI-kcYH-CkRTommvRKAvHoLjyLnnWib2s-20jVg,euw1,europe
ZBuIZk33d6NmbR2LALUzl3LI9n2FWlIFU7A3WVCzkRi0f4MdkVukTIHnpTR30wcYp0FsCF7kOZnzMw,vn2,sea
Feqxk25Pavkc4nhD4UiPZJVpWwg4TPDsn_ELJYrZsQOVOHKWe_H9wgFLBWu9LNj18wAk36swMx2kag,na1,americas
tqQ_9Dxe1JNCVrA7jOnHJF4xFhhzE1EC-ymPXEqKsF8E7Zmp-ZCGFm8G6sWkQVLD0uVSFZV-hFQmlQ,kr,asia
ciPWNbhcbz1LgSY-Zsku-8GFfzJ5riC7KLZEQL953jSjQiyjLkuMBfGVqsOrJPmq2NnAcEcwC7d8rQ,kr,asia
6W7wTczyhcjHQN6ph_PQnO1JxdJPkWSQ-G7vNCRVNtpLLz2Jq4jJVn6R9C7ca3wQD71dwtGbgNQ2aA,euw1,europe
XRi0uwuH0H-ENeFy7kTDhDPVVs8cn1opjg4jEIsrTBSkDQtU-gDzLpt2FSXVYd4z2y4C1IiPiS60qQ,euw1,europe
dwykYmtrJzf4U9X-vpZKp9BG4aWfZCPUXx8KO9phxCu3pKhhMyMQ_EM2RBEdQfvpTKABGYX-QZSuTg,kr,asia
pEfdDFQCyYUWByFrDB0EQjQDZAWCRcU0i_M0UvBjXwoksIwbn7S-qzjoVl5RsqKn8FGYg8r2mbRCYw,kr,asia
AkOPg25RQ9DserOGvk0V1t5Gp91U8Da3Ss43CWc9XFrS3Em3PIzQsYqqAhJHXmWpyofWYd7UrzT6Ow,kr,asia
r8_-t3YRqZUXOB1Kf4-V5zApQ0Q-1QcBMTANrGdeAqY6awQj__kuUvel0s9lWsMADwIpJXSv_Bemfw,kr,asia
27mlmttAwCEv6Cw0znEl7FDo5tQJQsczLSTyuMQJSlpoSNid0_5RLbHKSHem368NqeiXiwWdx94kFQ,vn2,sea
klJkefvKzJWrXfNGq8Is0WMhQ_OHdq2GB1IFHP_LRE2TRspy6ahczuV-koCaGIQv25nAElisnhISSw,kr,asia
fzUDzoZ_XoB0h-9PPSTgFnmg6rxZyRAE8mssBWsSJQ672xCCzXFzNE7P55bmYPPC0KoPVEDNvxZI5Q,kr,asia
INbmI_FPYE0Yb3VGAu0ulDeDJJROrlFbxXs3wxXLQTX4S8BVtOqXvpN1znlLrztrja3m5nfBP6_umA,na1,americas
b4bCDN4lMOm9uFMEhjk8kAO9fs-UJH71JOkWJFlNVVPcLvhzXWZB0eoJDSpWwQoxdxfX1iHWqK4XPw,euw1,europe
nT2oLggdlivEgIRZzHgYGD0neZX6cfB6xHhWutV-lCq3fIYz0HTZ3V1pWqadSnaKX3nlkfazyvfTxg,euw1,europe
enB10bSyT35AkeKY3D2Cs8paoSqrgfUU-dncGaadgwI7_Y5762P2MY847oxX3Ry3ZkdYWVFUnFL4mA,euw1,europe
Ir5bXSbDRbYL79qr2npQXbx-_4y47E2_dnskmm7-cvLNPEUW5iJQQMnevrd67NqkYuOQWBsRVyXQKw,vn2,sea
VKUOnM6bu3CfeXyz_LLuTGNX7DU2WteAHOy3UUtMu-3hN6L1WeioD3s41VD1bVvKXvGvZx4zuhBwIg,kr,asia
51p0mozDjNZaw2w7VgsrMnfQY18eBb0jTiZTW2Q4TYq3BDzviuMJzEeXtfVu-3O7GVIHtF6RQdCPQQ,kr,asia
v0iqRC9rS4uTcqorLtxIE0_uaQYqY2c0vZjPre13thwzmei_uA_DufgN5b1cah8-lqciCawzcbBOIA,na1,americas
dGwKs1kLH8l33b41gL_F2IM4Ro_7cvStWRZSuWV_bduQBKNauuIyHk7DL37ULiwOAcCyeFqLbDZ-UA,na1,americas
qaoNT9g-EE45Vvz5r9FUufTNcV5HEtzm8OvnuE2n_Y0nkKgtzDtDsM54nwJUkUe2Lj6ZqIkCFg1dHw,na1,americas
RE-rdQjhZeWnTlKYRovyVxvhot_zYjG76nNzQu_1ed9s1Mb1E2WL4fEHeOzKQZOUl2SHun8_7ew7Eg,euw1,europe
KQKE8zAceFE-vULNgAw4-SdFOPV5lQqbZmE2gsep2iXK4MYQhiQWx8AmT6c2BMvcxACWArZPPbdkHg,kr,asia
vzhCiehSvyVfIlsTJsU3kocz8K0C3jvhG78AJNaqxszHh0zVwmVB-WZKcyAz7MUsKqXC8isCzfvo2w,kr,asia
vhyfDHmYOAnM-dHngh8fVKQiZtDLPDi1uML_fUCV5_1mXO0SCiB-hFoPTQ8BhGA1SW6jOm8Gxx3oAA,euw1,europe
3Q3GwuAS50VDKcqM2xrVYl3cHuOCq8jAQqASYIywiEoECGzskej1taWRNipxhcGz0K_GQBeni1anKw,euw1,europe
EJ4DfpCv8jhxBNUCoFcharoJBud33NZ8Svx6p-Ey2ob38kghwT3Tktgjf5hTDrZ9kA_4-PTSXv3Usg,kr,asia
s69hUBTWPgA8z1oWf9agmymJp2OMvEGfW1xDpbez2klRcgdiqtzH3wG68BbtkPF6Sap8I1bycKWUyA,euw1,europe
U4w9qyqf3TD0Cu3FDL0qqAq6SLw7ghQ8IpfcMz0Arl7T7LxwcylFATSBITJOJuMAP1AKw_IDrmD7JQ,kr,asia
Ss37VgS3BkXe5lAQZncV6tcmRpTvyr1OzMupY5uV8_bQ4HyuDG2n_g2H2CtJZMZlvAUeV76EqM6jow,vn2,sea
8ao5HbGFIsCDAp1kYHM9jBwrOcy27-QB3qDUGKHEIZk4EsHr6G9usZN6evOBckxdE0JJ98piQmYIXw,kr,asia
9SyIhJYDqHyjHu9OQMvZ_NeIvOGn406WXUrRbzsC3PWxtBs18-SBf2jLxm4pCVaMrf-EQJZ0sGPdUA,vn2,sea
JxFBI1M8YpAHuLrlLOx00537oeoBcVIfKSrdsUYEN1hdU08dxNSzSNOQ92Pl8Ykq33KdS6-7yyxSzQ,na1,americas
5JzbXXJBBHw_l5eDxA3Nc9AJFHDVbyWobxQt4fHeChpfjjOX-2Z5370lgSvbD95noOVRW8l0wRD0qw,kr,asia
PMdac59FF-DOcO-HTzir3WRf9zZ5olabNuwJ42DR_x1pXlCimUOm4rjM2_U7PiR8I8EvRnC9dHeDnA,euw1,europe
5_zwC5O67pa1-yfzVxYIbSACR9Z_xaqNpQUyJDwanmVrabr8xPv0YrWM16LdAFkcEq4boNS3V-_quQ,vn2,sea
m7K6csfzsCq59ocBElmA4l9RZfm07yDC0B3X2eokuhWdK0d7XMys98D8XyA_6g7ztKs-TJlSgOUBqw,kr,asia
Xe1MUlEeZeOPTj4bzaPpqsiEy4BScdE3ihQTG69sipk6O3Y4DZfJyDy7tXgkA1cWxudVVz6tRvoXuQ,na1,americas
eGc1ffQ4JUCP30dctACNMslaDmtm5lSm5EdzL3Ml-72L_btpGXn4bc6DDB2N1hzazLd6jXdd_tjxsA,vn2,sea
pXYVJNfiUi_OQUaqgNhd2zZg90QpCHkGisWj29aSPua8_JyXBTdpMM_wpq6h22ZdoRZbspZ6yQJZpA,euw1,europe
6hjWHr5ObhrZkMbaHURG9GraEhCQgKKsuCDo78J3Y0SRSbTRJZbJUI_AMruQipuPzXWS1ufIno-lDA,euw1,europe
R_oOvxPO30HDP1h71nI_cky6O5gdLPPJQRI4R22QcU6VeGH08qBiYUS9FOKHWAa-cUgCVrYeYDN2Tw,kr,asia
dxqA0kEEKIpXZVd_NLCGzLFyRPxGkj4kF50whX7nF6SruzSIYawLDPYXmvSksLgCv5VaUoOJeitziQ,na1,americas
4j_jFtsSeAo5Umg_m_UyO8He8LWRq0owe4GX40K9eVWZMp0dxYsecfpd9zUJnJGCTTUQ5w9MfQbTdA,vn2,sea
_fYNRA389i5ZIhxYaKx51r3UHE8wWa8ENtZrtLqfz07s2_MMcJri5zrVIeT1Y3z7gSgsTAYGZma-5g,euw1,europe
-loqwzPodwK8jie5VkO-YZ82h-5eAslNooB_TUgXBvvGPLXnJSoLiSBqccMX61rgKk05FYpo4bd4-w,euw1,europe
uzsbKq6Yzve86z22R_Ne0QO0-pSwkYIwEVAb8hPEseEhuTipiyenQ4nlsqEpfRN7iM4oS55wSN4KVA,kr,asia
DHi_nHxSEmTnpcyhyrr9268ZGAE6G3YOGDyVdzhJMzm3IdohV7790dzacGj2ntZhx-rwmgdPuRVV2Q,euw1,europe
SYIANA0x-QYweyZ84r9w6Qdj3Zrd4LElUveJXYK6DvSCsXWvba_YCexsp2TunB_C7YLUFYs_84_-Vg,euw1,europe
sYCh0lEYUIFngEqXNPniwavSGlBVQOKNZSqK-Q8JcblYeFloiDMCYqBFWcTBmSsiPPrtTlYBpW8G9A,na1,americas
P78E8CYcCF5L5DS_4KUGIB7Y841v01fvJghoWrb7dwiOf3iiuL2JlMaX9znqkPY58ffBifRKlkCA9g,euw1,europe
8QTQpJeIba7wTf2SuKxEaTmrFstnLXeMDCCNbZZ1aHDQk0M_F73kATetdKzkUcG9U8dpVl6xtwiEzw,vn2,sea
YDHt0nZOOtYwuJutCz5XwHnK_tD3OvIHxZuiYEmF_mDAfCkBYQ-lxPFz3TToqyIIuQ91HPPFwRrfjw,vn2,sea
HRksahaepqiy4hpYv43fHaYiZ7GuTi6KWREDyOVhLVwLzW16y_zNzwAg3ReYfP2O18UmuE7F8I-70A,kr,asia
iEq_Gs1gVGmgskYqinu1gnetPbaLkuUCd6mUs57tBOUjhT2K5-EvO93624-ofz6_k-ZGcvkn72__Mg,vn2,sea
EhdWt7_7VjT1HOaMO3tQphTvf65FHy9RIJAfwYZeBlsM2gfpAAn8WX0B1Ge7_ub7aIz9xx858IUxZA,na1,americas
D5ztvCIFguZ-nEgRioTuPZD5oug2V7uJHEYPBZWP6pYaY4H2Kiph53mrMY5MItBrbKKehtRXiL96xw,euw1,europe
qFdas0I8qGFJpvh2nqhli3Y-fFdxNlbdu74x5FlZfYp63UP65EhEG1YyTNHN0gjFjFydvWBXUlwblg,na1,americas
dv6TPVDYDaZVmXNpa_fLil-l55AANvdDTkrsoV6qCtCEQHonqSNJiTUo04V6Tj2ulDJWe_SU4jpy-w,euw1,europe
ep5A3yNgUuYOQVKDOLWCW7x-_y4oyy5nP8EZIzIaGvH_f7k25QbWuzoQmsdPNbZZswPMaP6M7Vmn7Q,euw1,europe
ZPhQp3K1MQSHo5kEr-tMq7H2Oi6v-eRozmxZZ9bq9tV9UTwxWxX1r0VF1DUDagj6D7TUwL9F8UbQtw,euw1,europe
kzbYPmD1WkBJ_8ana0M1ZGFGUhP7aV8k2-tglsUcpFGAglbi3l37MzxKQ0NJVTbI9lCxFypjbGaAfQ,na1,americas
w-noPW2cLwJO9YpFRF-F6vlt2AAI76AANKXDnlAjX7_q3u2dMBTPmojOTtS5YIWFPUufT4v8LKgQVA,euw1,europe
1ttrE44J99yKg67qGFUuwZklgIcaP8ZW7RG7M0CiIsAfp7px0u1QAllLBjW0zDYN0hI_reNqQ_ar1A,na1,americas
tpKyAy-t6SSe1SxKWs1w32TZMQn6oFFbCw0plJLxFcyI1M98ilwEfJytMEM-_f3Y7zVHQprM_TdXFg,kr,asia
JWILD2r0KbDlSU0Kxdos0flgzZ0uWvxSpQwqb5T8NMCL8TpzfbxSqVs4vQQ7TsmFxJ_VwUSu_QEYFg,kr,asia
-Me7j1RZF3-Ba3WPRtICQDPCkdkjdnLUS_bkG2poS4yTpjDPu4hdfYOPkNSu2iKdOqfFD7E18FopWg,na1,americas
1_zQRD7E6euu-ioFnA6XAr8mho_BQohfCfMa3k3sTQmV45jSaFnAKjvukeluICiW1BxsignlC_yt3A,euw1,europe
6JGXKRMw8aNTHijcheB15_gzIyCgtjTrq8-rHiN7P0650g5D4r0jnoVM4kK7c8zfG1SMc6XVPpgnnw,euw1,europe
aQea03ZNc_g6Vftibzei90wosNkJDaVnuNMaYgHeBsDmYTMat4PZFSbm87y5d6EZFZHQokG9Brd2wA,kr,asia
qUz_fxN0NUZRxkRxKhSv-WKBksvZIFUduoczzS0jBkKRD78b02mY9Y1AMgmeYn69bQ7n86pObg_5vQ,kr,asia
H-Njg3mUQma6fLXP5oq69HjtuMqo3wD2oWW0VPu9HlYxRrzFzqnqllaXce25EnqsypGfMhiunKv-ug,kr,asia
D32ibHFjOZ7ftceot3HNG50HcDWVlOnwwfTi6OWziynvzZKrafTZQFLKCRYCvVvMcYEVE0SrPUrx_w,vn2,sea
CAtW6dxO-iTREwbC8nmpXCLXkCjPpGmjSaeSD2yZU7ZAwdqG7MOQP5WSXmUP6KLEdykwJsjx2LL2Lw,euw1,europe
r-CMiJzPIw12MrWGRRhdJyFCya3aGSjka9OVStBCPXZbeRaB6LTpX78LgiNJ7SuRQuGdXeyFqqSHzA,na1,americas
zcWl_d3V-WjIS6XDRmTaRmcXJVGjALIAyD_uZWfJwW5voXSIDMgs5ie-M4I8AePBC4MgYZeiGfCfsA,euw1,europe
mD-JFgAFnBD52jem18JkUlSxPzpg3gqD4UEd9IzRYK7ydMsGVW4PcVvQIzpJ7zfMpcEEQ5bIj5p5kg,kr,asia
UvBpba_mnl0YBr6tpiPchV1CWmENx5MsCAqw53pNd7Et3SDFdDmk_rX6WpeWjulZqrNYqMGQgFnBpA,na1,americas
rh1s9Gyaqk7jTSCiaitYoXG7KZDpV40z-5GiZE3hQwNGlgP-vVVaAUFQvzK9uYK6USGHaYpPaX2d8g,na1,americas
K5hA6AdUBdq5xzoyVI8aIZSLcPzd6_rR7YqeWl-GHsrG_qOXwtVmjOmQHDG41OxOGHFJ33ohqU__fQ,euw1,europe
PyM02ul6m3jIkWmJfWRjn696_3yvToLTlnuZaPpw5cimH_1t3mTR3tQZiw20JnwQSEoJhpiwDnNrMg,kr,asia
iWGNowg1BpmqPYRKMvmmEs20B-crdxPYOHJbU0NEhA0CumQzgJ7LVG9Dpafy8gbicuxoSRepJvmZzw,vn2,sea
ECJAQ3kFcLcIhSmtYb7QnxCDfKanFo7Y0dGQ2QI_tdpckGnnT28hlVkYkSrM7_CXigOT6V6hw0faKg,vn2,sea
ys7vVkBsfVfulxcwRNDs3XnPZkPLPsZjUC6NYUzsIYMdAA5XILBYiohk-T4X-J6Ou2bIm7mZxlDIww,kr,asia
dhWUVmf4kg_ShpZUftxYXVe38GkOW_d-QBtkD2nmcGt6PGxqEPsyBvbvrmKyUOCMWF3Zl5tej_DVGQ,na1,americas
iI-8UgRVfjX3StIOkiaErATCMmOm_tmOKgMRu1vA1t29dGzGkKOVWtcoEa8r5o6RWbsnuDjIL9jMgw,kr,asia
KiCQ9RqaeRDeB2-MORNkpRUu1nezRiNkf6OPrqXU2KW4P-Wa-uAgwU_j2RmU_6c6XxINaR78VyY6Fg,vn2,sea
2O9AQOfJ3UazYoxU0Dp7rd3HL1QD_dXooj_SvAnqymJlSAE6Atk_BztLh8fq20gfANbYYTag793g2A,vn2,sea
Ur0Ms3bKRK3QKXPqh8LTpbJNyUfjJ_j1fQIU_hZ1IWUNGPatfXCmc8CwcXqZxeQ0bdIxX46OsCHYOQ,euw1,europe
dSalPtJfRfkYAqdEJYB0edzH0E4fBfokOGy4uEshYvmqvQT9mGBT52ElQHLhC9LNdSPr18oVBJGgJg,vn2,sea
1uDqCg44h07L7u36fN5k05Cy6xOqewspXqFQ8-gvWCCAD3X_eaDhSHIHxiW2YBSEMQ-pvNGrzm6v1w,euw1,europe
uqEiZxEpjDezWNJBy_RF2RwEA3o8rA-7iRk2K-CERNF9_oDVb63S94p_Tr2xcps-RbiwiFTQeTkBMw,na1,americas
BYtkCdHRA7TQXp66bZbZpMLrqBi47CxxEXviavuejBDsrDIW-c-Rkj5BHkTSE2MSs1xJDbO9KbrQKg,kr,asia
kf66EW_BnXjZ93MxpgnFHXe3m3uXmgjaFT6VhDbUewV02vI4Psy6RDXUwfhD0cz3FLMOoHbxvCzecw,kr,asia
5q_pO_2e2v-w3Z3UU3vRfveuuYhQqsHvm5FbyPID9r89tipO5gHqOlAvF2AVvnRnvNN00a1NE6EVPw,na1,americas
pCjDWKGm-O_mmVVpkPJum1zLBwRWKYDqRPtX2q5ysugFrsB_OesfKHQ9f8dbpS3cORKEgoyxnbmXtw,na1,americas
Y6DYgWcjrpOvj3YNiUbRg5M2mB9wTvBy6AAazj9Ib8EmWAlaMaYrBzP0smiYdS0g3uDePSv8sdWbZw,euw1,europe
VjaZATypqIN0SfiP3ei37R6fVB8PPgrq01Lmt88GIe8oGhpur6vKAxTmIDxjol_efnyc-4vIdTplKg,euw1,europe
XtUsq1OpKjUqa1yjSCrT9hS1Qww9Bs4ETiu-oBstZ_Xunyv-KbhMvtKNlHWvB-uAQzAd4aB6IUbsRQ,vn2,sea
0Un5A5H68aCXc08schEc2hIOq-1jCP6USD7BvQQw4nBFPb9QTGn8m6HjllIe7M2jqPODpDc2e5Q9Nw,euw1,europe
SP_1fEi08U3I10EQIMISJBP1qJdhbP0RchQnY3gZIl8dd2pj41xy4npvm9qx-xN0Oyw--SrkZ8gFiQ,euw1,europe
VGSTyp5WBndqfnxk6rJaq2bjXvz69ZpAqakOME7-7PQ_Y4q4QS8xKeHHu8c7hPz41mWQ7E0l-HD7AA,vn2,sea
px3_XiSFNUf2QuS0uzkBM9SFiQVgeSMp3poO4dnAZ5gkTnhIG2a4qZu5NQ-HzvVf9wYMPF5UDBWUZw,na1,americas
K_D-RP2Mu9trnrwU3OByic2LBquAqz0IwMsAh4TSyqqZkXgQbjVr3kSdZB6NGrru46Lymc1uHEYi0A,euw1,europe
rK2yKZ2RciCq1Aj4c2PqK-BWUAXdZ5YFYT5Gg-6LjvyGVgd9mDAcI__vidKi_4JltF4ReQkXcsQUbA,kr,asia
QOPEoFkVLCEJ2jnHHiknTRMvay2NN74SyoczR6wl_AsTlkFV-o3B3mDsouD4Re1eITkjFanv9jg-MQ,vn2,sea
NdrMlquVOVHU78qUtAK-AIvgx6EdiKokWsreP7vOywzfrCKDZpT9-5d-IemSfWeJB6hTU9uvYFa_Ww,vn2,sea
4CEa-sAHHIWZQSsmMBl-DtTyDfnAXZ4zecy7wkAzJtehyb5bwbu4PrskGUNuINMkYy5wEVo0oGT3Aw,kr,asia
tKoN9MnRZeQg9w12Wfgb2O2H8TyBqaPOCmkWdnGlepWcfD4Ulut-J26emugR8aTfZtZZyw6yfXKcYw,euw1,europe
l3mIS5w23KQ4zWbOGYhumIisls5pg-h9MWQKETI25g9sqA9xO0a1uit5yu-tYh4UYIZc3lNj3bwLVA,euw1,europe
AazwgHq4_hhtmU-5wome3JOILRuHs1HdXB9j9FlY5eU22QKgOJ3-0qP0fy7VvMY84-aJoXWualdVkw,na1,americas
yWXKQY866v0F_0txUkUmr9ueRUvtqZpi_4ySszVqsD15qI9VADmJzqyIfwuXzqCxdPoEFIIalJ2iLw,euw1,europe
UXEcKqU55jnG_Ub7SiqalY9BZd7qPhsFQhbmgDYKVNyuw8Rl0ldON8aA4q-E5Lv_UteGgLWqttvUsw,kr,asia
uqjQLZ4MVjZNy6OowzQTW2I7WvZ1EYNPVi9VOMn9BntMYJOkVoG4J_ihl758CyIpRRGVP3vT9tMCmw,vn2,sea
1y8XXcbcZ2qeViOQxC8985IuH6_RXlawuoVAXf4ZIGbCVtnrGqgB8V4xdpx6lBtiZi6jG-RLyaggxQ,euw1,europe
8mFssbJLNtVagpavQ3chtWT6iZ8rx7UzJkQfjqoBgpwEg2YPnuOUftbStI0EqjCnv8rT2nsERDx7MQ,kr,asia
gnTxIwypZKlzcAyTdVx698GzeK4WWqLIgRdlLzNNMQExs-dyrLBtDPxL5Q852h4QcS8-fUjog5Z8MA,vn2,sea
VYL-xWXC8NymPtg1AjD4MOFm2hI_QLvS1wWYc34Tyfc20PaSAR9bcdVVojvizt_bO90nR47_24y6Cg,euw1,europe
3JxlKdL6OT4jOSnjLPdVm6I8HeXQPn96FsY-wuxj6N4jPIfc-xCXez6WuXgPEiCsYATzhPnNdD7YFQ,euw1,europe
6O1uqT1leRwhRhD3Eg3EHB4ol-szC-l7Iq_7jwiT9USvkjEgfAiDOsNG2IqtHKoEmR-lydOj0AoW1w,vn2,sea
doU2JMjc1NQrXcSDhAruYnG4goYDjIAYrhf166HfVPDkierfI5qDudxihAyw2MkqOrba_DDudw5OZA,kr,asia
q8lvL4Ocmp0_rykcS961p2nWA_rcOyz8Yxwm-5mn6bGK9vQh3jGvFde0H8ropOLGjLo5KQm6svYaVQ,na1,americas
53Wv1E8mAFH6zVo0T5FJaIyqLYc2FiE47n2DlVM8Q2OvO5KII7vGKC96-o6HTNRS5wAVrn1jTnCbDQ,na1,americas
-SrykAN7pimoslfaRAizXZS20KWwTtm8__hjP6-Q1Dot_nxAf8c0IQCJVqRLbs2N-PapoIf0JzcrRg,euw1,europe
wY1TgxsC44LGAIrnQNLlrjZiB-v29Jy0LPD74ZNbAjilqfv7DwDNtoPDogmkLy3cCbn1jj6CwovfsQ,euw1,europe
ARWQQKv3bAVBHD7CEF0hL34iAxLmCdW2LVM2DgPWNRGTD-7feVxIQLoPJHXK5LEnYJTqu5uauvObaw,euw1,europe
jSo2LkeRP5UyMoXNIAMlBZ8O64ZUfvRbIH7QZHA9AXepsTnOZ-uEOwzPrdmRCs9baJPNZ3CrqGrFaw,kr,asia
dIMrqEAlQjKZxe63on1-hw2iUYQWYLzj5_dg_TV2cMVxGEMYWrKnQ2QEx1h5vRcPd4P2d7Q_ygCtOg,na1,americas
i9A8UE65Fe0YuuSOK4KfxIIW89ASyjPLldDaNlRbXpXpz1xY7F39fcdyKF0EuSDI4SCalVKs-56K7w,na1,americas
slBA5MvCXK-E0bYuFgp9YEOj-RkIHqPNlA7_Dx-9Wy-NnLu0cCgkQ4xO3FRUO8vc4szQseHtu8vFlg,na1,americas
7X4_8zfnk7kR2KUA1Scqa3l0Lk9ZeS6KkurB_rt-t5n1WjY0jct1aMi1OfJCxHOUnDKk--VzqTnOvQ,na1,americas
B63pW7Y2g0afAo1zEgS8j43RMbfoqGDfX3mSOs1wYCrN8F_AkfNuGp9LwBc_QOTwtFJnijdbQyu2WA,euw1,europe
_vWpqFcWsUmnxWjL6H-Inudk4rWw-Dr_5NSz7GWPKgSqL4BjBbBfzV3UqJs34U6OuLu91zt6S8k81w,euw1,europe
B5vRMW87rbdBQpXcoUKPt8ccZMoh_AsN7WkkvKCuLncr-E0X4l9xVlzJBYWKykkplNqvO8_YlT0Eqw,vn2,sea
PV17jwL_cUfJZIfp3TH8ZdPdWoxfT4VxQ7ww2CYqgXqr-QtXdht6DIyC-jEIMHua8R8J10d3tRjYcw,vn2,sea
KUfXmbFH9IVSrvIgVWyKTr5a1e9RsC2HXTYcl5zz1L4IMOroyztcf_R8nxamndRKqSzybYNIfBuxBg,vn2,sea
RESScMmKiB8hByQG9WUlvd-n7jCF0OO743Danyp2GscSsoqIjRjoQMw9wveO4-AaWcLvOXaIFxghPg,euw1,europe
I-k3bLvdax60rkwNxff0oGWJ3xJL29uUT3Fy9iWqxkcijKHAAdX88YgYGUzb0gj9d5Y8MxEyzMoQ0A,kr,asia
y_Whc4H46Qx8JRftfKGDrPas4e7_W0ZUKWyGfiEtN9ihrVbaMvVrFmOVDYDDDE8D0vIX6KpGAgQGHA,euw1,europe
LJjdSXQIlemdj5s-iRDCVmiHCEHCZiVMY7vaPS6l-ngnv_vODcLZgYnS0hCQR6Pn09IIO18AvKBs8Q,na1,americas
kni--TeruBpkVDFbGalEaNdf3rlLFSin9Xb4gwpC79mCn64cQEUh3X49_mQKCNmJAZqbE4iw2jjo0g,kr,asia
nVm_Nr-deABnARePVAiGffDOj6yCpqHHNmvU3sPt0NeQ33mfmToZx7Ze0lC514Y3twB908tiqb7NXw,na1,americas
IqEX1HM5ckMfaOocE_EXD-qtMr615Xpf6wEvJqyMRaPlJxeQnYMd5H-mnYkJZ6NSr_4wWsQIk_vhUQ,euw1,europe
_hbBNcYl5uSVN0tgSI1OJp2UWicMVWuL86QQIVyFDpzGsv5ECa18jBnPSpvzTMIIf6HQJ4PbErVbsg,euw1,europe
QWBEwF5QG55PEoHsgjGFUcOehqgo8Tib4U1q4soLki1x9PeAWjissDltauMBz6Kwwm4KMRRVhkGMaA,kr,asia
amFbDA_tKvrNS0ea9KgOvu18RobtQ4UBzCdXayx7WZSNpeLI9m7OjkpJAL876k3_UR2ciNslRtU7Cw,euw1,europe
EuPoKVWTQO7ZgVKQkyR3slNOBXm1Tcj9ej-jO4axHSQkULiNVWTLd3e8MoVugtLkrHJGR619AnI8TQ,vn2,sea
OXtdL4nue73TQIdeuewu-RK8gP5kzQQ3f_srm0kgFeaKf6QHrnk4DSj8R24BmcT9qTAy8Yw5Hy65dg,kr,asia
NR_BwfOfE8Os4rMT7m9iCKfkvPPn6L_bxixtrGKxfLpCxu44RCyY6vnpPiIFxMbe9RfAgOQpT5OCrg,kr,asia
fy_Y35xSwfbdNK4Ub0CJImAv31OVb7mu3rkoJhyr9-vQAh3GlWFWUaxRxJmd2Kt6VXXK1yd646w6xg,kr,asia
UiIlAhFyHJosDPXrJIUzD2FElPYz4l-V3zB7F3QibIAwYSAzG0G8-s6Jda8vbVYwlL-n2Pt6uYP6WQ,vn2,sea
kBgepBtziqoRsdu9VgbJZLbrxvO-GRsug3JUmlHj_FlbicNY1BT3YIX5JCBkNicFECDM9tyXz8kySg,kr,asia
lE-oE5RSW_J4PqPwcc2i8OyTXrsCWPYoi3Tw7FeMCW8OwqnrAIWBiFcdo-NMrRPm1TZoCbgh3x0bEQ,na1,americas
tcrSbT3zgRmWjpaHxWcTxwjeGuoYAPzM6B35Ufiig8zfQe4hjij6QqSovt4jsmV8lbk26ujx4YQ9NA,euw1,europe
fQ2goHAiW5trD89p0tbNJjjNdUccn2g4fbabhO-iGQK5o1s4fHNGhHeWVgxopyPEtfg_qHCEBFndGA,euw1,europe
kMRipgrvJzVg6fDRFcOtVUb1d_0jLt-etfuGVdeFrhC3omVONcVT2WGd3lPMYMKdpqhSakvmrMqhug,na1,americas
H7s8QfZeSrwIAExgyxxGIavGlaoNJX-pPmLz3msAputfu5Dpsg3LG7CRgt9Elv_Xrq_IRj2q9COXNw,kr,asia
3y6I88P9vVJby-LEaCKfJKuKuxT4MHX2qi5K-2cDkWdxhMVHT-18LmDWd-daWI5ZxVfw5ET-Yh6XAw,vn2,sea
a4lTNcxl-7w12Rh3_mc6oVEDsY0Eg-enx5UjnhsEP13NAAEBO9uWPkvjTGxMxpWK0SIWRF_-Kt7asA,euw1,europe
lKPnAojrBDhiXSGVOHptKE1RmA9RL7Luo8k9RVYzWmzK5_9PkuUNChdjnUnG_TZNiHi1U0il1ZST1w,kr,asia
5WI48ouIWcqklOooYZ_e-prmuq4NX43LQZ1syk7rXs1jla3QJhyDsHh7sQyYpdJjja6frMhwuNrGRg,kr,asia
uK0q3oAfBh9IaZCE7Z4uaniheuHtHlJ60wvtSzE6xG8bAFgvQITRDNUqb9yu_yAHxjEhGZ8ANQUj1A,vn2,sea
OJrgPvy-zXUZC7Nxl8qtoew-6seiDYdAmEY0aTdQdoCuGMGO7asgsbhh7rO9LZGe7Ud3M16wCr6sRw,kr,asia
zt8N9xrzfmHMro9I0T0-QFzfNmvLcJQRfWdxvRqgGBgBkiXoU0KMAJGeVxnNhfUQH2KeF6Wb5bFtKQ,kr,asia
GOl1xTZX0OfoFskX8xCmQtqIYsVtSg_0raszE3hQUq2aNA8EN1FKoqUF7qMZt1Jjb_OEPo1uTuDTOQ,na1,americas
GgSvMUZalQIB_abF52BWkSzQljU-MTBpymsov2X1VKtFfgOIBmXelCJcptXdzb4iNgyvBXnsd-4cIQ,vn2,sea
oroyY1-KAJJwB2ZaYz9aFs1H40mHk4hAJP099gx_qJ3x1E5lr-PduD9E9DJswUfSA28cQJ1e5sHAnw,kr,asia
c5qEds3vJee6pt8sh84DHhx7ePOIYL4FgcGxpN5v6yJfkHn8Jlz8lrOUNrX3uSOLCNyKh5UEzDuINg,vn2,sea
54hA8Cqb2lL-TIfPVuCeGMazL_lkJna2_QB0SLlzVafEv7zzv3iJK-6FqSvlhju95sneBj6uQMOiMw,kr,asia
uUtzYoZYC34YdJy-JerWlZYBG-J_h_Y1eEV_iDd4dsPPwQsYqR28hgLSekATRcBOdgCDHiRjNRHlYA,kr,asia
v6aim5VGpIT1VXrXuFoXAS_2L2-XuAKhHLRhKA4LS6KMU-u11InQx9PbFHj3L_aMihG_yI-Nw4PKlA,vn2,sea
LIafHJ5oWxNdoDptMf66g_zIvLCuhpIK9kHEhHkT9nnxphNvTQon1rzy-b0_5bMlHlFKhmvNO6sC4g,vn2,sea
trfQ3zgTBkYpRWdDB8ueyBJ3gC0tjcZoCQoYCb6kJahOceUFvwk5ISc9UoLgPD85sbXZK5yA9TVdYw,euw1,europe
AoGgl1L6ewp7QrlpbCCDuRu0sAoSE_YiZm3mf_z684hYt1SUXdNkjtsYIi_KIPCl4MTDdx2yPbajbA,kr,asia
lr4pmOj38R_7G9cRVL7QmKkS_HiBqjepN5Ch3-8W2Gw6WZWs-IpxKIMTs6fKQ3kkZ6v-yPd4wuqrgg,euw1,europe
SVvhRh0ku_dEF0PI6B4vKT0uJpohgfEXKjmpt36AygQFo5Y8ZU0PZvRgqEaKYdUXhp2WqdDoj3xi2A,vn2,sea
wuIHFOjO0BbM7aTUQNkfh26z12u0PZQzkxWIpStObR1zB2F_c8iXpAlRtXlt1u6sLzgXhBxgwT1Bvw,euw1,europe
_LUKG5m30KhgAizV53bmyiM4XNvzClwFTgfRYloTl0Am6vqle0Ps4LVDjtdBywzKn0Rqwie3Eenvqw,kr,asia
kg8S9FeBSHTzkp1UfjUdt1WJGamjdSi-HzTspSoZWwAHtq5rVzhEAnBZbOIRAr2pj3o3N8awtxXA4Q,kr,asia
2757jAou-VqM6u_Ur_78JBH98jZs9MRzxCvDp2uI4OABBu0j6tNHhwnquxrZDiZCualwLdoirazHFA,na1,americas
E6sAnESXoGqkxfIxwrlz-9WnsOS2M8pMJK59AtiJhXiJH593yBf7gwY2WoiYuYvZjFY8u-I6JKyNWg,kr,asia
11PwrvXqV-Sm2L8zdGbBiUOm-pxTYLC4foOojo1LzdYkStL5UCTjMc6ub-b3eM4a-aKyrd-N88_g8w,euw1,europe
e17GWRgSyFl6SA7kqbYeaxJyucYaHGsA4vZrYm0kmU3iwAsIEEdeWsgCkqT-vtkZVW9qba8fSACKJA,euw1,europe
lVEjXP733zlq8L-on_lg1KQ2t-PfFzGV7BrJOGyMjSpOvcJvoPp7NLmgaV7cYl5frE8bgu1XIsdeSg,kr,asia
NhiaY_GPk8CyIInqyEqjIcWSovidT8eHQ43u1AcB-4ngVpoacJijlQ_4mf6nZr-pBNTBpCzIg7xCZg,kr,asia
2oTowV5lHfR5oThSrkjfWKWHb1LsvBLNui_zIlxZ3RNM5dW-ms51_c4AD2kupMjc1mX3kkmnvOrHgw,vn2,sea
3jIuDVBgPOEr7HtFN1LDpnPXNDew_WnaN7dbSkxFQWyaHKKsty3O4Dse8HmESA0hWKrEPWUHYNrP0w,euw1,europe
4PTrI0QLmirAI8MGZOClDZGIVGbxun9HufYG4wTMF0XJibnNv3UvwFn9RBpZJihqCC-TqbqffHWFvQ,euw1,europe
ckxzf0vXU0UF88ogylMbDJ3mKSBR8oq0QpZ_lyX42piu8336ZjpcA8K0mIud0m7jnxsJTEyT3F2oIQ,euw1,europe
xXG4dQTe1byupaK-ew2JcUuGlxwzDJHNlOJjsYZPTLDOvobOZuY5ZsgdehhPMAKiiSLg79YSaUHW5g,na1,americas
5yZ6ilz9D-VmqNY78ntK8nNpSC0PtUCT2HqvdJCH4Bv5cbwSBRTWvrXzX6ExRDq4Q4459lptxeqW5A,kr,asia
QUYbNCYfMR1Xpj6R3Gg8ZgbcXMYozwxNWPfJloZv9IEG15k0EbaIAypG0kuPjAQYw6jXlLRsQ7GvUg,euw1,europe
l3PwNzLDWLI_qQvM3ocmTt9C3-HcYZ-G08YrqTO_FQBr-Rq2gM-S6Nne3tJcEpUgENie7sXVhI6zWw,euw1,europe
DIzW3rHGkrfyrY0g6pZMWVSSbJIW30AtaLSpb2rtZbVfKCAmNaB20Ev0b1gEq624iVho3hrKR94uBA,vn2,sea
65SKPNETcdk326z1gHIj3zESxBYiPjiMQ_Djp6vH4a4nUqdJYocw12sSrBt3aWm5xHCxw0l_3saj1A,vn2,sea
2epOlW_eiLsKZRzVbhCSwol0n7O6uyDwdwCH09pTLdDRIaFkO_lQyX_hNLq5iyDAj0a6w9Wi6k4Uig,na1,americas
LrV5_AbZ27f9FIQhoXtbifo8uGA7g2laAyyd33LilHXVhxFMkssAukd6hdOhNDwQKxiXARB53IGhuQ,kr,asia
AAXkM4lMziKcq4nCp6IACn9MnLvyc2L2OVVBQ-dQOJsTwrHYmhTOkSnZVCaAo1YDqZRdRJeVJaQ22g,na1,americas
rz-bbCgnNPVb_2NxpeTCquWV9DPPWPHnurJWiKHkKAy_gm5XkcZiZaJZKw-8ovGVF_DzpTSmMQEUGA,vn2,sea
fch1fK-bS6xpMyfU_ymaW2TFaMTlovxs-70RX_hn8unvqYrJNg1oxPrtGsU6tg-Dlv6E91X88ESjQA,vn2,sea
_OcwCAvOWbxHsPhKF3hvt77Fv0IQ4e8Boybr03JznY6BDsNuikvM_E-TcorWhixpDpzJAZ8yDC9a_Q,euw1,europe
OXZlAxngAJbBZqZtPuY3UYLi1HlUd0Id0xSiY_tOhB0jjU3kdMl1vFfUx1oKn0DnvtlEHnx1mgh_9g,euw1,europe
lfgdPgo4lZ_rvOr_-Fv9ibvS2K1SVWLUoindqgaNEJjaiCiK4SGu1cpGmqqxBvXI7ZlvcG_LNMll6Q,kr,asia
85z8BAyyTCeAzzLJPHUU491MNVZoKAiRTDv_mW3nrYsNheRZoGNQ4scqtFkkoP_SyIEyJfMwZD6ABA,euw1,europe
HzG8gcPsZMvUzCcDtuOKM5NQMUHwLybaAyjDU6I49rSiJqKOCrF6_xHZuHYX4R2ZF3aMehRQHgWF8g,kr,asia
EY2ziaM-VmG-bwdjGzVurcOrEw8QOr7Nz1qvg-bp7xQTOJDJgnxDha2spOeJ0JMDvcCQshleSVTLqg,euw1,europe
qdO-kxulDKQPGRiNPpMUEdnvHAjkNyBGv6eFyEsYgbalG8N2HFJPyy4W55LH1PYkSVJp6lmvm-591w,vn2,sea
e4I8EHXPJaBq4RlSYmdsAr_yfbR6x9kfH52TABQGhAnN037XU9-U3hs17C1AfRpX1cOpDq5ECqjrxg,na1,americas
ZDNYUiaj_Q4DFFgYm-VjJVohwuFbLxd-3L2I8M3iGTdGAro1OFs88QWs-iftA52dQtr9DPeR91-2ww,kr,asia
Ed75SCKyc-cJurRIe_DOvsRuwL9OHigxxdoxD7MIILgvLZoUF1rSmpECsPqiZKHsIxKAA8SIJHp7GA,na1,americas
Dpoir_Kv3kIvi_L6kbdgOAWW6KdF-1_ws7jUBgeQhuxt8TqMSv5NsYq4bY-g1N0avN-EbC41BXIg6A,vn2,sea
KbxW1N6rYsdGMZbEOQT1_4X1hEmfcFYjwzdd9Bd8QQMiWYt3euEMUy1BKslhkrKiIymt0g_KtvpoQg,vn2,sea
Ry8aopbp6U06WbT3fBIlZnSYVyKT1NcjphzIkC0dFVpCQpU6MMRnXdoDNu_o0oRxNTi_KQRYYZVn0g,euw1,europe
tlEvKQ6yilwH3mcNIjLE_1dBfudPHEOns98MP-EK4fX-wMnwwksHe_eRGjcz9GiO5yYSqgYIDoqhMg,na1,americas
C6j_pS3yJR1AledZ8Nd1SjMETUkiLWf_G6NSM1cUXkVsgMXLVzTB93CmshSxQAa1ofx_qrv3j0fNjw,vn2,sea
NEjcKMGZ0ynZeTgl-5Czn-wuv9Qlq1R-Ov6esPCSf9KwrvgcAIRBDbp96yvzYjIXgWn1mhfeGtXHUg,vn2,sea
BHLnyvyoH4E5SQnko4NamHp3fJ9MmkMRXQ72PD7w0KgvxIzO6_sVSdnrR2Az9lEipuTWkZAkwEqwkQ,euw1,europe
uafD1mKR60TAMkpq94epbN6Juzw9Ydvbh63qfyCBrwUelJjr3IKlSAVpb3MK82E9xDGwYxHttt0nEg,na1,americas
-0-fEwBbdDRhqh5PXolrG69kMls_zm41sv177ZHoFQl_nvIlWrdHqO068bEow4lHtQVEbrI_eokldQ,na1,americas
SmBMAS0qcvJG2krfNw8yd4OwjF5SUKF6Mbp3rnb2ufWY9owdO-EXkVWezhUInFm_UjMb1si6cjG6Ww,na1,americas
6tKg6-d4H4nRmvs1iCedzOSNH4MploRl2oTznMHbKoJCXDSEXA6BVytM_YZ6HLr0GQGD05Qp4uv2wA,euw1,europe
uNUw0guNr15kP2GGmpfASks-0v74PVeR6aLtIFTo2SpsK_7oan-iO2CTkSvB5rMgk5L9HOkw853uhQ,euw1,europe
_4D42qqtm4lz-9sZinFmyXxsvb1J9piLUU00MOBSZ7E9DDeXA0IprUEeufus188eAdSeqHjIsxQC0Q,euw1,europe
kKDcS5l28DLOnTuwvgL5SRkCfm9vANvmhOLk0J-UiOBoUiTD3arOf-LWhsX1lF_LTJW_WRYhahfOJQ,kr,asia
8j5A0gW_rtYjheYSJK2FdtnUNznhXLuKpxVQa1BsGzIaDfJnkKCWsiVfH-NSNbJsSnIU_wFaX-B6Bg,kr,asia
Mffx8BTToybcvlCdVvutxDQzf-E0PHJli0UPKelq3mUbnl81QGpBpyvQoQv71jn2HkFzPnNsRqN1PQ,vn2,sea
6Bf-ZabktdTTFgowbdCzXgOEuR7Tl1T4b1aOxKH8PvnAza93SqGUYdUZLhhowiGPe_BitX-NpQqmVA,kr,asia
hsoYY08j9XUPf9o6VB6L0liGpLXlY_Lv9GBwzLOULzOcuiIizlAxMZPo0yVuRmIhGPmRsAyujTfuSA,euw1,europe
PvXtE-DwOWxfsAz55zCaHBkTX2gkqoAnm2vJhz0JCsHoc5u0-cafYc9l8b1E_5YXZg2oWKRGS5tl8A,vn2,sea
RaVAGSqtZr0fxZMxN1FNThKkpqCSkugvjiJn05bYjAAeZuj9uA1qnZbZ9KPKQNbwZd-CpTvG0PZnEA,euw1,europe
X2aiHSzz35AFOK0yqQDZs0yiFgppYD0RNwIA9bgt9vHL7WSSaugvS1Oe1KIwoYiY7stwqrcgYegqSg,euw1,europe
fiEsrz8XgTKTEGv_8pg3sLH5Cb9dSrNuP2wHDq7ctjLfeKYk-y_wiWXfTT3OIeBc7Hw-lUeGLfUk3g,na1,americas
jK73pLIDiZgcDhZBPqJTE3PM9gU_r7AwAZOVqc2KmFsz_cv-N0GrxQMBY54LcTDbXAaGAZ7NKtuK4Q,kr,asia
QkRFBAwBZc_7gTtzz4qEeQCvmo8jFoNu454bkWuTPkUEoU3TKMKwf8DYqVUc50CX_WHSGPzIjO5cBQ,kr,asia
m4X6b-KwHsaBSFnyMZljXiuFPIYBRvNWE9K_WsB7fgRUHXGxhAT1menMhToAyPIjbcEOWSqRfrBczQ,na1,americas
HOLISnEmKotPDAeTS8gz4IHt9TW99NylRaNkbl1Y54tbcJPq8WoOEYeWWDRRI54HkxJHsih-FxDP5w,kr,asia
lbiGY-wsfKjhv20dbmj7jeyuP3qcKx_yPepFmyCbdI_X5mNPPG9yVRZnKGOsgyIO8I4KihYlKET8mg,na1,americas
KoJMkcCoGX1xxgiqaxWTfydzEnpJA3NB4Q7YBErkZ0laOifzwlUgua0fE2dCDQEgVdHYnxCB07Rjxw,euw1,europe
ykQYFm7N90E_H8oa7wXZwqIrqMdpCvQ8m2daSyypSUmFKI5wTiyR5JBMSnWsoDr2k6mjs4d2Oi62Gw,euw1,europe
djwEKjHsLXW84aJOqEl8MHaGgxY7UAa9Ng6o_0tVGwTRpgyikzwkppZo7OVn233aMpyjHOeA6pgjaw,na1,americas
0_9Q693xdahzD3CenOSZah2q-ViJa7eUarZGukuzIfe84_lgani4URGxpnuUKTV1-nRDA_F57bPpbg,na1,americas
a5uH_yPNrS86TbvLk6b_L6QYP7IGyRu0yKYj87AZL9dc3EAH5K7JoZezv0T8xlnjI9q6uoj3pTN63w,vn2,sea
QVojgoSHtUztaeId38GGML-hK3g7hS3WOPNxrL2ww5MdbaSe3dHmbIX75A-FjuNs0ieBC2jinTy4Kg,na1,americas
B6-zu4ulgv4yqsja3Andr9-zy7AR52P0rPYVca1807UFUrMZhstfMCoXM5idmNUlPObwcNOGupJ5OA,euw1,europe
ygCsHkufsE9l2eBh7vEpLk8iCsl-h3qCno5jZQZ-KS2jO07c6yHZ8LuEBvChXQKHzjn3zef-4dx91A,vn2,sea
MID9au9pCRdc1eoQ0Ctn_3BlYxyi-dHA_wC2ko0jnAILg6gVmCdXK02_9S3NlhJWGMTMyxfmZGFQ6A,na1,americas
xnTYvyICzpPRlE_yT0tkf_LjcAVNkHJd1BX8PP9BiXvEs0x5EIf5D7JxoOjOcyJSNMTM064BOKQcuQ,kr,asia
0Qv8anb-UCkUjJQC_J8E-53SyFzLEKfhi4mAMnXJFuBjlZwo87kmW_4ZsW29k3cecSt1XbK1slpakw,na1,americas
Lg923WiTKYkhDEHGuXSQ7qpamfcJ-iXJiv6bFosETnbtHpYV5oTHFDepNxiyU6WtMSOsKKRyjUzsTg,na1,americas
e4BkzlgADxPhtisf2i3E2N8Z8yZzQ8hmahGgOErD2rTBQbkcDH_x1aLPlNbgg6jMNOUDPbNaRyBrjg,vn2,sea
dDTvSxdbok4jHQq8cTmkcyBjp90P2RAtDbuaUawCKTeyaKmMCX0t987xmMVYAOH3M67g_C4axfW9Hg,na1,americas
3nUlFcHUZjgpKHJh7eCoK2DYUt_ysgA-YMmaF6RBiDt5CnuXllJE8T3vQpbmXFLDOYR6f1U2t7GMZw,na1,americas
7M8vzxzTG-dORqHLaxn3DhFgYpaBVAO3aTJOP-vbwJ-YUiEsbXJviqhtj5_T10D_Z8vDGL918agaug,euw1,europe
Zsz3-_0gzBsZemnn_M-xyAscImVplXMu2VwUA5Ui2-xaq2ZH-FWI3m3JhMDPb_7chVM7pXtqgjcVZA,kr,asia
q2x-cl81stoVeaYS_TGeQhy7hTHcTq7HnXznGbhO1QEtm1R2arvwMdpFKZnOAlIAk2_bznGm43qfkw,vn2,sea
JqI8K2PLcMz1L5RnwwLo0mVmCv8DmsIhXyvjfbaCknDB86KyA69KcVnJwc9EFA7kPOG4fhbylN3PMg,euw1,europe
mZx2ildZYBldeZjvn9DPqkEle5JhffOvCSyoCkehHX1hChXEjRWF7vGVDvI27Hyx9K0RvKW4LxH0qA,na1,americas
IX1fd0v4_oXo8Omh6lFai3-vu6mm_pMtcS9_VgaA0aEjECWlh3RBTrDxbseJiJkLYdXmM3OoLyfGXQ,kr,asia
t2pN_EMRKEq-aPANa9MBbyf1IOKx26WgEKhLJKfGopjKk5GqiLYWU5Xyc0l_vWtD9iBRxXL2dmgd4A,euw1,europe
GhD4Dexhyfb7HbWIUeR79zWzSKnpFlCHr2NIOv4yqBmxAflbSir8-6TV2RiOAxEdrS9WsaIhVd3xHg,kr,asia
BviQ87_kCIM8jDCdRzM-CE3wNPJ9jeZoZFb3OJDcZhUHidxevZzYXw7bejN9oHOxdS23o68q6_Dymg,na1,americas
6qT_PQ8wVOa6tKmFMuoe8-8LUAHe0SRc_SLUrbKwVwC8PsOS0nGvLgWBkixi5oPRxfx127XAjUHrbw,kr,asia
xDRBoOvH7vaTT9pmuRMe-IbEDz6ehWnRT4owtz5meErxUvh1XmIpnJIqZAwPWfZahQqFUXgOPSBMaA,vn2,sea
wlJFSDVaO9xxep0mOktdtL_5bnKZMKekJ7eTZBAGjJFeKZhjzUmMCMQM4Cougnfw9HETuIP7oAAJNg,na1,americas
M-Uk-gJTIFRGTtCWqF0Z8sFYMfl6PxB5eyJ3vSt4vDnOn2qIp0NxeGM5f8S7auv-iJF2uqLfO5XXnA,na1,americas
ucm2g5N0IKtuXFGvtyQ0r1-MfAFLBouu6Xk9oq0nXtuvH4JTTJnaHjM2emXU1HXNoRxwzcC0Ch22TA,na1,americas
B99bUswroysDmhLfkGVufqd1sNX49Zh5XnkkAT-EmLgSlJ_p16NFUPtx_kpWTJubKEbZUXkBi3HFxQ,kr,asia
43iXDj45Nm6n_SsmcqWkECvI4QnQAfAD1naI0R_Dq-JVyyh8hqwQcCT7LCQZwCEeaJxTFfW8cL9igA,na1,americas
hbtL3HKLG4XmxKgpMOaqELtvL6bE7vcuwWaPLw7uZwBCRoG4PNNa2FSbQPXcelMrMcQp0y0VvGfHGg,na1,americas
SmykhfBEpXLbEOQ2ZQpKsVYHR7-Im35016alPVL8_00LD1F_O4UR9onrtlUc2ktZGXIP2VY6R4z3cg,euw1,europe
p-6kuVyvou0_Q8yM7s7RHSsdukyQMWmr_862c99MKaMS2RBk5sm1nOE0FznbAj9SL0ycsfJHmYrpzw,kr,asia
5C2ACUjAj-pZx6kZvD9RSWVU3KZ5nKWegv8YFfWUXKMuxH8ZFgU4a7pjuYqqKHxnTkg8aQAnif74Hw,na1,americas
s95_ioKhEBcysr5XXFMWgePhIOlzhZ-8F9AdONp6UyF6Af5m8pg00Cy2e_80I0kt6Di_toUYtY8TtQ,kr,asia
JFKfSM7j6nFrIhm8z_Zeph6bFfi3_kPRz9hdovNgz4-ihyT1X4I0tZ4MukcikDCLskWTjyGvtf5BWA,euw1,europe
y0yYN_bZ7sWyd5NR0msxhr9K__s3LeLAQkLnCwFWGehcE2Eu0JGYM4cf56Tvs37kQ1JZ3pC-3DGjRg,kr,asia
ffUkgfbCHvCl-XvVns22P3QOVJO3ih-r1gpRlbPhR-wYDQ-OxZlsI3jeSHZSWuL0NeX6I-PoxpJDIw,kr,asia
Lkzz_TkVs9pOSHzuzT-xNpxUFH_Xe4KOL9sERwgMpfi390xDLQG3x07D2JSegjRIVpenfUVCST2gpw,euw1,europe
TRToeZbyWMHb2HTrdXK-gYTSkKUN5YoB3nydrn9bGiEvzbnh-q0ANio8bMEDOqvshsHBYWfF5KN1lw,na1,americas
6MPxBAzacg8OicpYfYIRrFBLIzQdvARDeyCMrZ0m0iCDdodN-8vNQIG3HVFrU2TfDrN1kHxEzQKt5A,vn2,sea
HzAWbm_OhF7atPjUtGZzY7oKqUYiH1Q7TNpNfXet1hNG8zs3Z5pAGxaQsL4lG4BuF8cgb9DlqytR6Q,euw1,europe
JFvOF_AU8hfANPqdCc_zOhDGYZaLU619MsQuSsbVRkFVR8EW-1o4I3z9LFL0SngNos8Ws7Mj-yUZQg,kr,asia
IW7jUDYTHdIg6kScg5BW_-Qf9_-L3xPAC6SxphP9h6GyF27mU52Nv_ATldmiNZEqtwpQfbw3CtvEew,na1,americas
8PMjC6zLtAM-PQmbNjD6Tz_14Tf9ybJD1Bl0FtAWUAhyaoFYspNmyAlA5wLtUGQWEssTz_kyRcQVtg,kr,asia
MCzyPWryBw8p4drzPe2mGXJJtwiN6Cto4D6OGhUg56wXEpJK1BBHWHdX9waMIL-DeH3Hu8Yoet9nTw,euw1,europe
ARk00udWVEVMpieTAOiuZqc4ETjAwTyUZXBmH2Wp1rlBF7hAYdVjHPQytTtx4oT6d2jeW0DU_wYwGA,vn2,sea
HVeWTWYg56LCQs55Ll07M4tdKJ74LVPo_V3C9tO30q9x6LIcEvAnuqS96GJ3xP56rANGDU3tj9QTCw,euw1,europe
bwoZ5KHKUMAcTaPhP-KpPyIka8M6xveBCeL5Qqq-Ohsup76FljTVzfm2PhifvjWsDK3aao4Dlt5lPg,euw1,europe
PazxFxpo9c9sNwCXzuChMs9m_Cqt-TFAZNgqhjICuL6V4XeBO48W2E67-Npw3Q_8TQWyY53jcqdVAg,na1,americas
iX2Hy7ljtqu-s0F8K9WljGV7XHqjKo49OS_9QYybowTcYzW8Y4vrcUdlfOlVD9Hcd8g6w8TQDL3ASg,vn2,sea
34Ho1XFTPVTmAXhw_fc2cN92jvHXpsL_VbadyPsItA1_Y9X--H6P7ojQMHo4dWdTFNqR-xtWOZr4kA,euw1,europe
iaNmS2q0J5294__7ks2WBmzFQvgWaBrGVmmbgc-v74mURQGM-MwK93HLNOGoNrsF7SEt3tF9L3BSDg,kr,asia
Sx-rq8eC-rw6JHjTTPbmugPA65RR-fBZXdRzUt-M9W7BBgO2mPwiaszNqK2cvAhYIdjoQeHi24m30g,euw1,europe
tkxYVJUzjCf_rqIkOLI4HINwu43CP_TJi98CEs2cR16Ip6A99iRq91IWhcHeqQ70c5PljDTQkMsiBA,na1,americas
0Pf--CAaxeGxmLTHAvSs0fwnkMS7MJyuN2v6dTZAJbwvSQub4f47XfSNKbF1OcthJjsdMTh1hUSiQQ,na1,americas
Hn0qUi8r9di2WfH9tSAXcqvWLMTwNp1sS1SbVAMmRLgk8_a1--Dq_Yj78B95s-LLHWLMi3gdpSjnXA,vn2,sea
9MmCZ-hWnvPgGs45bpiaiu-POBBixW7FpWgUlcRIUZWc8O20uIGsddtYTXd-NZfoHNhLZi1u2JdyrQ,vn2,sea
Zjt6C3fn-5aLwqdS0zBqGBj1QMobXG1q5r0mHgXdjiwAYDNoSYhbmkhdfo1O8IkNUlCAU5Kb5xohfg,euw1,europe
VIZ_sErrHmYIbLI_Ch72L-qzjstFJSKYAxU_qKzMO15kk446Qjf-b3FLYqO_1TcyJFO3ODz8B6cUsg,kr,asia
NhckRqUTRX8cpKNIofJQHCsyhic9SL6OAhhA09a7elvEviP8JW7A-y3m01vB5Zsn-D4FHJDuOYApPA,na1,americas
BkzrlrCUYgY7eBn5LzhscmvzNXxGEavgmoHfMSQ8HFoUvUh8qsxnpZk__0MfA7IIEWrUHipABJrAbg,vn2,sea
Sg5D9SCtDzR5mAjre8QaasK6m-t1NwDuRfhC8j2fH0ruwSiNlsiNL3STFQWCKCA7jwu1VnRvsH6IZw,kr,asia
qTlpaABL-nRBw9KXguwsYQ3tyNx9q1Mxr0s_AEjLzPkR1I3s5MgJ8zKC5lozpz3l_N6SacEmJ1rp6w,vn2,sea
1MVQLL3t8NMVbxTwdbVJYTTIby2TJr1xDyA467y5bxB2LVOLXXNRvTneEDA0TSleoWGo_19lt1l53w,kr,asia
xNIawCSFpJuRUl1X4Yuo5i4yjlNNfMJvcqgRhjSNgyZOX34d2LnKf1dYgN7VKhnRZX8ex0OQXJfGPQ,vn2,sea
BH-7m6w2v7TBFF95LgNopMS2EYdba0JYgrDHIziyna99Jx1V1Z0mzy0H2-T7TDaXzRHj5H6r0sru_A,kr,asia
xOLHBdyX6x0NcVlDdwtwzyGn46QMLplRfPBXfxknMhl2pFygHIPxKCa-ILCqR-dzAtnMMigN6zXqgw,na1,americas
_u9tZ1fKNPxluCCWLpNRhGsXu5KswjEFKyOyJ51GhCc8O0OX664DkRgwyN-bkq4THjwu48Me7EuMDg,na1,americas
5mtcuLKwzdRYTIWg4eWFdo217l-0CIbS8d-XploGop1cJjmd6CM0JIdTNg1fnY4aq07thWvXG7C6qw,na1,americas
T4iEqwOJ-XJQ40zo0kzeT3g7pLQz101sI5lXmO62QaS-zJD23VJI5mxAISfLgfmUP7cpiS7URLsCrA,euw1,europe
TI1FM8gUj2sfYWIQ6Cw4uuX54J-uu9e2w5J_ZV_lsZ9_mgEtkmBRramgqwiIbtAW9X3RYIxbpCXkXg,kr,asia
Vy3nDvP9dVjCK6-6jFkPVuLJABo6X029_AS1B8Hxxt15bdfsp7vErhuFawTYTE666wx_6eDVzzKgDg,euw1,europe
J_clJNWcoj4r8j-9piABGPYR8y6-veEtTVEsDR9y10RJouMK443iYMjakRswA8dZAUaVQbOS69jngQ,euw1,europe
ThsMl2qoaZ-rh0FMN0SIAL5-wtDsQ2fqYX4gRD4BBIg9tO1DBEtqqk0sFQbn_GCGvXu46VSfMSeSIw,kr,asia
36AZZMh84Hby4mu36u8eNNb2q20eBWurDt73Pqz7Ckpgem-zW8FfebEc3v660exh3u2O1k35iNpKkA,euw1,europe
CIT-kBdumetNWXv0sTl4o7tQU78k-bxVwhjpe0WYKrAEQlLKpcGPDOUQ7wz4GWAsQ_i0xQwz8mhL6Q,euw1,europe
SlhLXbURWK7JBsIXjtlsL5qNtm_jQxNtZo_E_ctZRZJAArgh8K6H9KcaanBxC2GxBuhIf59Y5WUU9w,na1,americas
6R6sYaMHvE_6ZAqHtS3abFJ3aofPKDYVw4wsmHbaX-Y19e-yeTLLQeQbWQjcmhqLJ3K9OLBz2MhjIg,euw1,europe
37TuSegRVKUWI370UFQL-qyqCrAzyxtxbmn8FplFsnmra0fTJPpdbzN-wpdtRoABYzuUTSTTVOKIDw,kr,asia
nOBGdR_3dqyeIPevXhGgrX1cXTGO72rLNBlb6G4F-JOeH__V36zpauw8TxwYH8tCuo0-YKGr5vRuEg,euw1,europe
iIxHmS8Gcb8K_TnfDbbpBDogkOnoSmRRpe-rDqwVSKg3gRARyHzf7_YvRJKehW2fuzVupaPmw9eY-A,na1,americas
93URWmZOmhc5CCMlswiJOS67tX9vgNw6tz5Kk_-eouuQEikgLuueE_FvVPVZWRBa8jvdnsJu-Z9N6w,vn2,sea
zYkXuqKZm-razDwKNcz7aGZSpd05_yjuNUuaC7vDTMTe8EEyV_M9xUeL3EKx9QrOurq8rv1YNviaTg,euw1,europe
1t5r4yCrgMdFDP3CLq0oDSeeFJPxnnmNg4Q7NrnTVXOVeYt6PJHR3tk9pi5RrXVVHVkhQI4GK86j5w,na1,americas
oTbDfNWq-Zu-JIQD97oJ9CqYoLL9ujuZRW6iuG2BcSYSCGpHPxZ4mEld5ZyfWhzl2gEWLTASmqwe8Q,euw1,europe
GWUa8wCfyLcgUFyl0CM23RhsQ_YeIA1g5SwLIIMou5rX9HAqJLKeEbOiFtcoRIhvclXTdu6luHwKRw,euw1,europe
c3gTBoi4UT-s750GyRywmREkp6wr5-C7YGJSJblPXcD3aoES90Kr2mIlq1uu10OlGI1yZwglsC5bsg,vn2,sea
jhcOCxzAHMP9I12lU8r8aCYT72o5_stfRneSXO11iEWnd6uOa-tPG9njRJY6ZQGqoVsfmnifo7ZvCA,na1,americas
KLg_8VXiqhYyKyHtUxNKIE_4LsgJyBNSxSoBqWfj7H3WDA7lz8yj-4V34qEqMRRJF5ZeCIQHYLQVIQ,kr,asia
V333yMskEUjxkAG3mNN1r5iplj_aN-Yb1DYlv9IrfN2Hb2ZtOot52yemBR1Jz3K1lerEb3pQXgDuLw,na1,americas
OpQnvJ3oDQf962t5zuZXsJIyzhuyPM21worQgPVK8eqlpzAC1pcjW1IIEeX_hIyl008BFTovRdtrCA,vn2,sea
ifkoRdEhuTFZrr_9NQF0REFTMia3_f722xUmB1qZFfTiUrNjlFRos9YaJatfPRNL7AmD21ekJY6rbQ,na1,americas
hwwshU_Nx00tfWv6cbMgLuKwJLYFh8GDlEhItzu021ObuGlOP4Rw9XYZi90D10xqxkPNv-VLBwZdXg,kr,asia
9Ah98ufmEXcBZ-eLwZO2XI4pCPt5oJUGtZzfTy3S1CcLBvY-yW_ET0dPdVgjvulRL9VHRmWAyylFCQ,kr,asia
Zxu5ac2kINWRyT9RrvLnK1Mk3lb0iqw61n4-SUE9Jqv9vDS11tAyzPoEdT3kq4WEYBn_RhBpbkDmPQ,kr,asia
cbe4_jo15qRjOSAlgHyPfbJQa03GmjlrRgwFGZsbhFJ0vC3u105oBWOYkHtF-mLuRJb0X7QFIKphUA,euw1,europe
qhI1UDJOO5vkwM5r4OUb3zv9-9HlxHtTxYQqru4fkLLk_GwVoqgwhJZpvqjLFPhdtyYma2EEm-r6Dg,euw1,europe
AroB4Tdi5s7YO6AAD1Lxw1Ep-Xj37PvESvD-QnjaMPXC2yH7kLbxUm1nASI5DBfz7c5PVR4rgAq-aQ,kr,asia
v4nmRDsqHJ7VmQobVKpcrKYurotv0iy63lco6pgflBicbACblAHyMq7hOY_tKVqpzuUe-H8Fi9Bb7w,euw1,europe
mfUVmrXS3vyEdbtHBnZ4kuzT2Q-aejCdkv4iwXGiQlSBBxHTK261YZiEJFtnHXU6FgFJ6N05ydD5rw,vn2,sea
53xNx6txjsZ3JILSTFRVPzP9hdtXr8QW1S1vKBV8SZ7ncID4CRmdu697y739cneaWnoYCBx2JuxrqQ,vn2,sea
lOVe4qFxrQcM4rLZbIt8GZ6FFoZe5IQTzAcft1EXR0et3BYOu8R7ZJ3iyOheuT1PjFlx7-zNYr4iaQ,vn2,sea
khPZ_vExLaz9mZMkkBwT3jCpc_d9UiqSV-v2Jtuv8V3tPkKnhxkZfcUwsn3QT-tNx4P7QIH8bbG6lA,euw1,europe
NMIsBwpxefIcrx8C_jNXFU2BhvugWRUAPx8_bsKsX2LkqZmfD-6Qo66652oWUt6b6oHON6-3r76xow,kr,asia
Jt7z9NKd3M2C82mruW4HWeLMW1fiDLzOrR0-2Y_nBxfWtMjbhfx6RJWCLyOVllSDM3H4ugc9CTmaiQ,euw1,europe
cQwp8ERgEZ_Sy1-MPoxtwaAq-smhotP1hof-tKQpFVV1V9wJyLueiD2LQ3q6asulN8_7rMl7RWBPjQ,vn2,sea
bwZz5SkyW_LnPid56colm55yQbrtmOwQBDR6_1sRNoYiuS5Y8zxaDfZkaTymC9z6ETxjPL6F81sAqw,vn2,sea
sobkKAYYfLlJcFVDPJGsgZOrR3cDeEedm6CUHm809JyTnjyyscfspM72qHXy94HadidHAPecrj806A,euw1,europe
x_9zeCuZjYd90OoVeRwSDeFffzheld04OHjYpQp24vp8d6RM8dqmphwLaMyt8OddHktyznXnOgaJOA,kr,asia
61S9tGihpNWeN9oM03toPREYJ7Q6M-Lsap2gG4mz9F1eF6_HGiRn6JT8e6hFmaQby6JwPX_7scUmUA,kr,asia
UlFnbSIM5IlV-lpvzaZ6eiI0KevdFkevUruX0caeVn8CeU5M9ZdrO_mD0hghpfhMiuBOUbORrLeV9Q,na1,americas
xu2oLqM-OgcEyyQSBiKlechgG-jWkxJ51WeCfjts7qe8gjKvyUQpW8yBMUVrtMlj6-vddWsjQU7NyQ,vn2,sea
YlrfvdPbKG0qof9rqrZTsAVGLYyFZmJArHW8xa69-G4q43iQb7pD0qHPa8FjDR8XsMV-VidqKAHmGQ,kr,asia
r0oTVIGQGUdPM9CNx4hhU1SwLZBnJfOegCJ4vllm1XUB58YYdxFSxLyQjYo52EUaVCGUEjFDu7-7Og,euw1,europe
AvPdYDO2uvaZazV50ClrrImRbpUYFM6NQKQqin8ItNfBvACVxLKvklkOOLoMxMoGCdRIzUVIUEHtKg,kr,asia
kFTJZmNHZYaLSJ85lMMP1XeJKk2gZj1USQp6IGMO_SsMZ9xkN8vFvQKNWcaswQbLo6dqp_wFjxe0QA,vn2,sea
Epv1h3bWOh9i8vSbkcFFX7cUsEaVZ7x9xX9SV4yttSbqL_Mf3KKs7cdoMTe1C-a79Cfi7ETN7CYfDw,euw1,europe
WDcQ9v6934JClLgcc24lweMJIrbVGj1kOA5Jxw8K-tKLNbggbCRnW41jjBMzxqJiVh8b92qh4Tg7HQ,kr,asia
nAKiJFPJX86tBwVAJq5SvWQC0DqIzXyBHGBTCvIrHBaMkG_UaLYj54bNObDyzlL9MiByz-qPAg-sYA,vn2,sea
jDpj5srAYl_sWfJIZVUioUR2CXgOFSih6Y4Ugyr7EQ6n5tPN_hG7AR4bC5kb7w-KYwQVayDZnfOI7Q,na1,americas
PUij-6bQLWa1DaCsSjzdeO9lFLKtr41qfSIqzxlYQCzdWjF1N9Es8f8sjpQ4uX6qqEvYlzfHXiCA9Q,kr,asia
dOkot4yN4OtTUtrlywJW-KEWx5uSspZvp4a6QVA-aj7biDDDndiaqRsudWlNqWex-E8ivzmx_f4TzQ,na1,americas
3UpeAMmQmJ4ozEd4IibY1k65GHRhWtZIzVUCAzpROafadZRpVzt3iMSdJqwWpxY-qaGtpoWMHeIoXg,na1,americas
RdWPta2wV6m7dhzMWjhA3sbmH-9k0ENWqYXGyTHS3jlo8WtiKggnq_y3CRVtMNRyTGFKzSJy9Uyyvw,euw1,europe
LbU7ST0a0fhpcANJAFJlao1I2oKaIuA-rWv-ABk5TM8V09-a04pem4MOXtKztIzec3pzKks7sSfuuA,euw1,europe
C60Hn9CGE6u-Wu2jTN4RzZWBXkPXHffmPqwHNMRWHkKwhkSMESaSlheF52sAeuFKVqAQ4RZieP46Cg,kr,asia
ZNpMK8TBoufN-bC64RDbQK2EccYAD3LjZxarg6Mrn_gWVQESBrzpSc_tF9xYBGxt48PP9alGIHymUQ,kr,asia
kEwkv5to-wxqPQFr6m17RvbPj4wENiKj4PdCcXQ3noanuLcGE6bo2htYrO4sIOKXOLZTKI1PXjkdUQ,kr,asia
4r8bmpNpsrQTgLcSmj7KzYM33dX8kyN4IBl1_0-A7YWrk0tMAQz4xg6j4YOOoe2cvoSCPD5voQrXIQ,euw1,europe
vs9J9vAHjksnzpXpMm4q5rQj4XNMOn7KJ0JCqsQg96kwv5P1J_SPe9W5JjBt2WKZi5sBQWQ9QanDYg,na1,americas
TRsp7OqTChwlxlUOnMgcL1cy_CsnUJ3t-CkVmVNHqcG2QynNyFz3p7bA9_vgNRbUEfI4gQjsU_-2KA,kr,asia
sZgspoAitD6N2I4pC_zu2ltYsZmSYnKm73qM1QXeFHMEZvFx8Ff7SuDjWIT5vivp_tJ522Q-iYMjsQ,kr,asia
IlRWw5g6iZvfBZ95A-87o5SnRnpONDEjLoH4Kc5ikot81y6MSDAZLE64kaYJlWRGLmY7qSnwQd4yAg,na1,americas
8lkHgVCS6iOyKkRLzcqAeVY-VafzKNXd5E3bLsrKLAUsZWAHuwky76u8qujmVX5tTLU3veU5fbD4jA,na1,americas
V64XvTZ6XLemt1I19UHWXdAGOxRjQiaAQpvUT_VbOu5EZJo20OfxdjlNpKBs854oIRI3_TL45JV-gA,euw1,europe
jrBf7VFOCwkYRJ9WyIA2TdnKNsDhtBskgEa0WyTz4-J37DqiNv1lu8XMQxdEl3RwP7k1AjPTFmgV5w,kr,asia
8a5L76cYjh8XpcBvjxaD2uG5_Vq4i-W-4R2hvl73rTdAvqB4G8wsZUUmTrQhh5eeQhIlyjy9w3bcmQ,vn2,sea
ZAkRJQD3r5K6ysN9sg5JzgmHBfDr-cmrdGrD4oDeRBJL1ocTTk1FpijaJTVmJhdiOmuwO9gXhssQhg,kr,asia
QSRRXwOLykd-23aqtJAzBV2Qf1HxSwI1wmaFAu6gIcr1R7oD-tePOg8GpYCtt0kfIVaRuy1FinxCwQ,vn2,sea
_gUVX5eWGqeHAm3nrGgdxrdB7iVzh1_-IcP6jgz6ZWTE5pnFTExD_FzerTceASlUSFRVGGrRNSTAgw,vn2,sea
PXLnlKO585Jhiu0bKyXnYwulZA8ogyM3sntFUMfGAEyhmsNzSZZ9IWMxFmSRgCTwDf3YOb0jDHMTqQ,euw1,europe
2MvylE4YEOg2KpG9l6hMifM00Q7t-uaymn33GKIhKtxghJ_5uw3OUY1hxE8jcQrdMWmDutOP0ErfjA,na1,americas
ymbUHU_hO4ukyygJnmnnN60Cpg-62x-dDHgkNX8JjuVUsuYI0VzpkGDx1-d3wyVuP5ENJlTHQ728pA,vn2,sea
FcWy00Hf6sVBZ9oEfhA40sP5IYCQyGL5L6wPE8DTOxoenfMUy92N63wVF8FpNDBA3YGnFAfX3Dz16Q,na1,americas
o5PbytROimTO9c_cgevqSkmtDsxA2GRB_9wFFvQ7HxHQlmxxwZbkSxR30l8ujb4sdhQPNCDQFMzPug,vn2,sea
NM-S6E8lTCVONl3IedTdWXJh9686KuXzJt9BBtw1yS_UNlikD3Fe_uz5rQkv9ouUjR7tTq1OnPxfHQ,euw1,europe
Px4n1ZN_RXi4N0-Bo9LgGZF2Ehme0Uj6G3zO1f7xkRsJdb-AWJLBpeD0qMu3ay-IAQAVSp1xoUE-TQ,kr,asia
JC3szQrnbuDUJJS5hwOIwyYlZLHw9i62Y_UJCr16N3yv_f66aSCZAWf22keydfYKXrfKXGoJBFaPCA,kr,asia
ZEefF3Bj4l4jxlE3qEbTcG82P8AuHLhw2_AYZLabByXaJlv3M3CBd1ffS1P7Hz_sSHiIvjvemRYx_A,na1,americas
x5NY8um6e0cAozApLRxiKSDmb60u3cbu9OHr8aooWe13lLZvEi5vV959tWNXJP7ZtYnGj-aIElH3AQ,kr,asia
cJEg7r_Q5WFvXkK5lv1IB4qxTG_bz2K8Edzakddpg-qxB6KZVhwoCiibb3RsH1RGH-ji90TCQxLiXg,vn2,sea
-frlAoYPFYy5Afk5aTnVWhBdodfDrMk5qLH8jHiLajSkgZLz1J0afN58aVBEAIjn0CzywtF6RGtcOQ,na1,americas
y_3rpuzDJ1HMZQbojmzTNWiJIRjDwfXMczqf5QSS3aIBsboL6Lent_ZeTyWu88jTf7xmWocRwAo2LQ,na1,americas
usojARz17zrg3qtS6arVVZfAcDWP_mR0tcuJ2s3qfYaFCFFx3mW81hCEErqZGKa1j5c1MlyGWaliVw,kr,asia
QVs66mVEEnfbTnLugjh2d2S4mYNJz-F0wiCgKv7NWl05BRABrO3Jlwnbnh9-c-oMSTQPmIEOGRdE7A,euw1,europe
9UtMD1EgtO-506gXJnGi5IfklLNGkYsvYe0FyQ2bQlOdKPEwS2PHZmPHHTkGQM8bspYGiUT5nIKMNA,vn2,sea
RoPjFMk_nWARtMv8unD4jBOHHznrB2G6D0pdvKFy5Y0twfMFccKykLXb_vgmA7KRfXZs_0StWhyhqQ,kr,asia
wNelhhMd6EFKu7_g12nSDpbCxWx2t_LQyyG8at669gqMQoQFl8qHUOBSyS7IT8bMeGAJHjaHJW0rWw,na1,americas
SY3Vv9rQZvS_zhlyJ4Q4APoILNzfqHBkfjxfFcgb8cuD5gZs4G-qbEGoIbp9EgX1yarW_pg6Gw8_GA,na1,americas
_NJQ9AN9eNvhwOrNSwm8FymeKsBkIzTurQQpcCMYBaH6KUFc_1mSxhUwVDbKJ9B_5_4df1s67ZwR-w,euw1,europe
WJn6LlQmeUfVDazINe6cSFLg70FVBHETCAcKFTex9SaSeqn8YRK1xm0n5q6PzsngLYyOcdYAAu7Irg,vn2,sea
fhUWNnoxvN3X_f2wLxRUaRgS9EnGdDiH5-Yj_mfAQSY2TGKN1y7T2HHItjw-6-LxW6WIEEdupTfD5Q,vn2,sea
aiQXYSNoTOPfuydtQywnMjv8CPejnUYu5EkB-X6kO_vtpSke4gX32Gp_1nDIlWYM4I3OKkAZk9QkgQ,euw1,europe
k9ymbPqFKKiWZkU6kQMJWglYxF-sLmKMOyLf2rew7dLoJWZZnLuIiqQ2oPZOFGKWpyEpeZ5OTRVVAQ,vn2,sea
_aLQddpjIeTfJTRIEUSopPbAwBaqBIHhhGnZNn3rDggZet5Mcu8CIhEZ2PNEkl2aZP9YvnpYtrD8PA,na1,americas
XdpSYH-1SydxOHNUjFXOAPmDl-O5vGuJgCpRx0R7WW2aQnSM-NxR1Ywoi3Q7IrdKbppHm7Tjn_A-1A,na1,americas
hNQyGa8VL60Jk8B0VjC2AO764v_BvgJD6e8W4E1ts1ZV4o9D36WQ2DJ_e1ARvbiD_kREH90tXm2-lQ,vn2,sea
QQahcO5SyjqGkkd0EQKLAFgid-72DRhdpTmeA7UXDPHRcVofiWASTzJA4C62IIVTE84sAps5eFVheg,na1,americas
OKNOMfjnKhYv3b-Yy-VyeMDdQFB7xL1aWe0K3YD4_7DfW4jbTlefxOMv_zOT1Cq4nYqfo47cKhqJnQ,kr,asia
v8s5CtzCVEStDII4-uom9Ba7AT2AOORo9DxQDMT56EpwIX0tH9yvK5cDkijzoB_2JWttbj6CBlDTMw,kr,asia
7qfNbeV7dUoICgqPuL2NAdekwJlWtM-s6kuyFOp1uXfBccOcUiVk4x_JfOsYKzCtBrN8l_mOaePZIA,na1,americas
-GmYQZnuDKdLfiXgt5vZ9syCv945fE4b0TnDYBPvYzGaNxb_edUzez99yNAkbqVaDjD5z0ebqfVVdA,vn2,sea
LiRF6NPQWHRWZXbtN6XX0VYGQR018j8it9lHcNusyB4EKILUb9s6bSd20pDYtXJojb1l7TuGMZ8y5Q,na1,americas
KnTy_SE9m5EPZKWomBqYZJimjMt09aRIxOPxqSAzkvNRW3h7LDOjSexUfOmvFgv17bhe7juaMeP4dQ,vn2,sea
n_gpzW4P741w6BD5vTla7k6pZmy3x4xEyNY5LKux1urp7bDr2Xgsa67sXmkG9UZ-7Cb1xoUIhtAbUQ,vn2,sea
gpZnYzRkF44KDbfgfjoKrNukDdQXPEcDNHVghl7cFC7geQjKhFKiwRR_Y7YAkjp9vOy-T1j_j-dIbA,euw1,europe
OE6YmEjmi4WqrGStT2WtVX0qQCdam8cL6iM9C9G0h0sRR7_Q7R8GetnQxSNJ5B-G9IFuXyN0DTLQyw,kr,asia
kdBI-H9NcjnIk6M0e8SgXBQxs8LanV4CcxsHxK0OMlrRd2_xP09mWLFKSuvWV_eVQKYX95UdL4jXKg,vn2,sea
Cr7CWmbT7RexRPBYN57NaY7RawVZvIpynvvtoreTVaQvJ8GQNUDAv0XHXK9wyZ8rYerwVOkWc2UWJA,euw1,europe
rixR85pFbQb5u-VsGYMGYEDE_j2O2_5fDMQxNPuK3QOnigH8Gn3YFKoALhsmHF0HX70xK0H-LPeKqQ,na1,americas
5AlJZQlkizIq5aQ54Rc_F_xQOBhpWQhRvHcc3DJ_KBo8Z0p7BgcsKilbDiiP5X7mASJKZzhgFX-hEg,kr,asia
qZvVcPqSEIdeseVks2VBQKZnDvPZHux6a3A9Q3GXmhugkVSlzPTtRLxgRpaxtCgWW1U4yrQS0Fi2bw,kr,asia
Q6vU4uPgJAf9SqhjXhq5lgLC7PzKfeac_7B3Zi8Sxl0Jh-lZo-9dfkei5aLeBXMiUXgKVdVzNMI15Q,vn2,sea
ml84SBxJ-3k9Mp9U7hu0iMXr7gIW74Cm-xQPLgxuNE-wB5Tw8RXA68OzGHiLkFrthf0QxL08_ID_0A,na1,americas
nGWd9UH0xjFogR9TAERpapsYd9KltPynwB4bGMHvKmNqHJIgpMKvfhEBxwsIKXBCLju3fQ0p9-QX2Q,vn2,sea
qbe3HeOuHNBTeXFQnSAwm3wmM_DyJRMbvCZZ53alRBu98bNdeVeUtlZqrHWb-CpDi5SuQk9idCzglA,vn2,sea
OQ-UkdgDT2vhTpP4QPKo0hd8MKl2MrUPgzezKJWbbrvZBnAnm0KcmuNFUWCZagit1HJFRur4KgZwaw,kr,asia
b-GxsoXwZOBTElkVXZh11BTQDB_BGbY-wm2jXahwg02LL8V08_3zcurzH8EqhQep23Z51qOLbMXw-A,euw1,europe
Aoyji-Gt74SUKslCUe_FT6fIcfue2M5Nde75w-q8gTcKWC-QbBSSgKirJNC3hgB9CVH1qn4cuE_glg,euw1,europe
8u6piPqK3AhzDnQ0DxexPIRX96nV-zlWFiCtkiCjB9JZxbnQ6Gn2oKxa03Och8DLzs8xwy-ubkYlpw,vn2,sea
SvBkKxfxkjn_kyHl1wn5D95vMMnmxQZnrj0gMPy9OzeKd8cBFSFeEv1GXyjC9_BnNZsiR7RSEZ931g,vn2,sea
51qOThrSR2XTp4hOXgODohmuV5Pti4i92A5mBwhk7QIG3r6DP5zzEqzzaIXSuRR-k_Fi3OjZ3zrLEA,kr,asia
jA-US53FWupk8iJx4k_A-KO8_Xv47EjotADV5bxGl2jc1qiTaBx9CRVQuENRxdYJIhQjE9AX-XeNMA,kr,asia
CnkKM6Z8XXtsq_qRDDQCpmatTG-0yBRIJHZ2VuK8jhXVOn1NGVEitD_tunA_J30gW3n7Y4Kjj9H7nw,euw1,europe
YjhR5ohR1VzgBgeJYjCwZSn6cZHbv7idNGKTlu7j8E2fR18cLIvOCBYX_i_zTzL0J3-72g8bSX7aHg,euw1,europe
0scvQpsvcn6yr_iwshqLwAFCJdaw_0-N6gi9C9AshhektHzPM-uT0qsuLv9X4-QeEJmTVAbAYiEKKQ,kr,asia
28sukkoxg0aZnzi9LCUABaLOLwmfUceA51qziYFaHjiedKY4gS_LqOZJer5Fxe--PHOrOkB_WZ6glg,vn2,sea
sC8TJtECThvvDLLdrT_3xiEVxPYUtFKezyrzshu0j6XkuBdnNWVi6uc_P7ZO79Tqirw4noy4EilJGw,kr,asia
ROy8I-RjnfZVJXOWW2YcqHw1LXVTN9Gx1heU8mU3bHJk4HCwOy2G8_EpGdJ6TWKaX0x9glcG68w31Q,euw1,europe
G34RkGIX8qdPQR1K_0OteFn6tZeoQdz-SqR7vIqaOFNlGvAYQBehJOX7kO8zYZmuQCfKTzU6ibVY0A,vn2,sea
Fu4h-NZiHV6y0QiOMTwFMJ74y4obLpKEZ0p9Buv3unjjuZGROVHXVCgtalkkyBcJvYj22P3oPGDyDA,vn2,sea
uUHsMn1W8ZHLel94oLPx9FGhkIJDXWI6HRdAlJgcHBniZbvofsX4VQXIbzSAGBf9Tky7onzntk4NIg,euw1,europe
IjJkeRtjoK1Lr2UKjNMDoFQ4PDYjTi0SyH2JstC8tcV-sj75kiOq9gvakpuB9mCqmCdyTIlwfk6D1A,euw1,europe
BzM_V7Pn8nJ8J3JzcgHAQFIG39oZm01T30dIhjrMCQ7dUnKWRYP2qZaloxzeM4A8foEskmuiCMf5FQ,kr,asia
X2M4xzi33dNXNeVUx_QHo0VM-flAXW6Q7d5ap1WWvCxsxFogf_hy4c80gJUQDUbzprhksIwsXE9pxg,euw1,europe
QDjEI5EIg0FV2f1-mzStZSMICv5yZyvsqiEIb2kByGCDCuN1BPlNtaP7bQu-t6ZK27v6nSGX4B5ObA,euw1,europe
OaotaqGoJKQCloYgOJFIowG8D4s-149cIgfmc8_k1ML5eELqHMs7DxIBU4L6pH7W1MTHc_1YeATR0g,vn2,sea
ZtI2bufJInQaPsMXA-Uok-neg8J5LELHqWxR8_5JIXEzU3FLIB2r3mByuTJMheoRMypEoHHGDD1mKw,kr,asia
gkVDWEtEkRfmMsUXPBVwzMvzDC8wHig-mxS1GVPQdUZ3-5KnBHN1TtcYXfLozPZPQruKCLq3z9-wUQ,na1,americas
XnxoPfxvo1IVcf65q6FuKaO566zFMQvTP_ubfs_KyJZ-yUxiKwIyBxksEznk-40a1XpDFwJ-T-EJfA,euw1,europe
VfC_bprhj7hj5W9OgSb6nrnDlL6i7ebuMybfNP8NRw1xc-LMRvH3rY77_Kudfq3p9_zPORgECZk0wA,euw1,europe
tLqBF3qQ_I4qkdRQlvcAQiuE_ufywd5QicWvlfofwrz0moA3hIGPUtzZcyOhpYZgoa0Y_6kCa7c7Jg,na1,americas
XG4c9koxicQqiuPJkgyUayzFhqYGkj8M6fwWik2xqiLvjeNcobpK0odW1uOtpPGwIRLUsyzcfK2_2A,euw1,europe
ijJOwWH0SvvlUmlLCsEQBNTyjxoev2ByHhWp4KBPPKs8D62CZM_ux_knHdSPGLD6DwW4tCjd_HmGyw,euw1,europe
krQ0oYYPm9n4YSeY2VIKDEkTXQoh0YIHSPCIsw0teqWe6Z_vWKe1DQ0Z7QXKoX9y68QuzOae98l8ZQ,na1,americas
-H5Ua3Y8jQ1ypf1Sfoy4dI3sFl1zj5hVpSpIKjMacn7yEKh0tq6T5jcA1KPJJ_Q1aJlRmtTNrdvB0g,euw1,europe
TRwsbpMMFNlAeyW7hSwYZuWNLTZSQSqE457gEjtxeF_1XYV8LlFR8tdFlCDTTm3mR9RZe6wul6qWnA,euw1,europe
DCoJzOBcdshD0YOzRCQCXhA8_oRiCjAvfZ4tUK07LjMVQeGcnH1F-8fp0dekv7EKQT5Nxc8vwti5IA,euw1,europe
RzP_xLr8QO_TcJjsjfc7PmtojknJkN_ISeHX1NWuM10YMB1AgGe_kKgUItMhp5MCqKD-6ncQsuZqzQ,kr,asia
3Oa2Mk0FnqWwQMELCJ79ZZXIEDsonbCoZOwM3IuH_L7SYZJUNZY7CK542wju1a-vDhfoyoXia1geWw,vn2,sea
rtuPWH8xFOd8s0zlFWHNwxGWI5Cv1SwKvi5KZt5TfsrvKGKSmPe-1rYjhpL09Q8q6ll4NIk6vOvJvQ,na1,americas
asrvB-NXORAgfyqHOVMbob0fOFvfDsghtxxa4AKyPUBNtkWtWRbE3TQVy6HTOrBQt9ip5R8G-9bmtA,na1,americas
P3IWIC6DgUHYJwNB9D0ehruT_1Lnv7W9FldhkmGs48i8PAMGc-8RGdgs97_KK26YIYSN8PTbr5RPxw,euw1,europe
0LrcsftgMXd0TIlgB0sj_WTkIYRRUIiiBIMOEyTC5FzEGP4f-AebSc7cXHE-qF_acAEIIRFWgm8bLA,euw1,europe
mi6YFjTlpBVckZV8W50Qekuu5gng9j062hdQrL97Bq8ImFpleHvrBLlZyWEfplZWZ54xFe3zqLFJ8w,euw1,europe
5vFobXMzHGN3IGv1pwMuuIz2U3fjfR_bE14DOTp1q_6HBVJj6WAtvdbvbYvpiDt2OYpxwIV583dr3g,euw1,europe
Un3BEkxU8t-UGpFizWxijdxiOjK2mWUtUg4XluqD96_TTzP_wDWuG6Lk4BZbVK3NZN8kNHQAh5aXBw,kr,asia
zr3bjEzcRqIexaXJkIXq7K2wki68ttqii1869sUAB3QETVFuF4sJiB-UFbFg61J_S3h-a9mLaX4nWw,kr,asia
xljhzfq3jpTpdAbay85kzjfkQ1G_O-20rOv_RTYVzq69y6y6sRXDNKsG7Hj3dNfOg9E7TUaaUN9nfQ,kr,asia
L9FQQcVv5PvPOdcF368WIz8m1UZKuiCYdacLr7hygG4ACjTM0jWwEFrkdkifSQzs0ZQfHaS0iymtfg,na1,americas
LYLD3btOeNi-rzQkNa5TByhjylRvqZ61hi_GVzrwAoCXcSF9woVQ8K37LP-4xtHbicfcP7_F0MsyDA,vn2,sea
ILrMyMN8P3KYVJYDPWvOeXGaZfKWSJAjNUVsAquCCGIb2al9xdhxEN6wypFCqpCyWOaQB3gM-v-liw,euw1,europe
Kkp5HRR4lMP6BoApNgCdOHizB-UeiLPTdI1gEv1RXOc2mEQlpXEcjGOcyVCnBoMSW2QJ3TP1nyba-A,euw1,europe
Frit-YU2yFuv7gxG1gZ_uXgxr2YVuH-eEjZuAcwe5Lr1fzearCUt5vBKXAjyJ2HEDpFWRs8RuGvlpw,kr,asia
PPgNhSR1evEPuS0aMyKfcwp8KEojmNeFyIPhyRvtHWFr8Q9mzdZHg3JScg1kalmbXv4cWcbGljUpcA,euw1,europe
05cuFb8A_Ds-9hJdtWL37G8Ctm3PFakkW_bxsI792HaU48pfqzA4h_iWl0MPqvZteVsWhM4aeBkMhQ,euw1,europe
tKpG80pdpDFsyM6BSk9GMKK6BZndaXFWqtC23_lbGE2m5z8wynQblikn-NJauW9KW2pOBCrnkAEjiA,kr,asia
aH-j4XBRpVQE6e7bKacGMsL5jF2cBRqJoRurquWrUuJsxUsKuuesfHDo16q4sLmHdjyFZboZ0_kLfw,vn2,sea
_HFfONTZGtZgiTX4tsFqm9ADHMn17Vraw_esvsFxwg3v1-nfzGRCV5DIUNOpmMIQ5Oy5_sY3h3fBtA,na1,americas
nggPZxIqxkfZcedN87HG39wHMSicRSdEqeDoUuu9eDZe7PxdKXOz3vR9204WbrDrOhsNTie6V2iTyQ,vn2,sea
rsTB2EJVeUdfFoJ-ypgFTyFXXnTqqQWxUEXOg8qpXee4-z79KJAYSPaCrzy33oXadY6gSNXNZF_4vg,kr,asia
AqRsXRQu1XwRUj4DS_UaWyjcMh6a5HuXRgeIv1cbHY5tgKlyBNrJ2NLdJNn2X3jpgRjirOFL10fM4w,na1,americas
NP3JkBptJoCcr50Jq8U3dAHfeEa15WR_PgoaGOJEcAgfRBHkI6LEmyIeAJSJ8FyA478Sa85Vdra2ZQ,kr,asia
_q7azJ3b9LLAVu6s1IlcBHSdWtZptjyWh64Roir4yLiWgqDlcasTIapjUhKbYZCIngC6JVtdPkA94w,kr,asia
oAoDd_PUYRKee91pIbKFCYxpr33VbJCWyp6Mmmt2vJcxfEdn9SZ4fIvxf3E7QPfhtHesvEJjJ3ItrQ,kr,asia
pgWSpOzHAKkH8R2r2U17rQEvV1OOYCfN5EEVwoMs-pIRJwUlsh4zvpPxyaZP-pVT0A2U3vwCNeOZhA,kr,asia
kaSodlICH7e2M9uDwZo7XYdOoxGgVoKJivKt7RIP0QumyV_1hv8KJHiij4sQKjs79sXSFyABkSU3og,vn2,sea
sM-SHbfDepoxpDhlXL7va2uGP_qk4yxUEJylYV-HezYi9XWMFogFCge0ASikZe6gj_Pezb1LHvR-9w,vn2,sea
jhmzQiPB1uQSpz2KI26TzGQQE7_OQrlbXLgnJjAMktFGQVEGEJI5In6OVXD02WkE2HH9DUyDAHKP1Q,kr,asia
Xn8IZlET6VeJFpA13JNgMg47GJqkDOmNn6oYmDE_TXJ1fQNhx6Cu8_7pbOjUsCW4j35fReTsxPUnBw,euw1,europe
xcG-YyLy0mxADBE9aHao6gG2smmBzWIRd7OxYu6HAF_k0uxoV6Bp9Y8HsOyeBlItFEznLGb4K3jfcA,vn2,sea
6CxS2HAg_RbwLXZ8dYqX7xeIyDKZUWXVU3F2raAahvN34xW2q40mM0swSdIQU-1QbxU1XibREcU1XQ,na1,americas
FIMW9jRrEPb1DaTVMJiE9ErSS4SyC1asDo1OywnSU5s1yRd-nTYhhYZQ8TQuaxHDkM-yL8YCMJ-T-g,na1,americas
uhUekbuyTotlUmwkPB2dGqscUM5UtkrG659diCC71pnbgu0v6a3MZVtN3cdxwrwmDkq94mpsA0bwKQ,euw1,europe
jcGfpemQgkwn-D-kpRlMgvPt7hDinIzFhxCnWrcCR1AY7dt_gcHY9gUrJBSX1qXbYLM0EO5lDEVlCg,na1,americas
kkT1ijesE8-pA8yHSblsxi1MdwndcOyv8TnQjvpFS7g3t_9PYjXCaTC9VBvkcaK6o1Gj0h0K0-iayg,kr,asia
JodaaKfz5aRI3aQLMumpU_4FDoI-LYEywxj69BrWCcjmdKWoqN2TP2eWW2IKV50pxYmY0hazqSAchg,kr,asia
b9m_D0uNXB3sZiiPTMxsAyD5HGfyK-cr4hxM8Ca-_5Clz0txji2ZigHKsmsBHvyIMkvy9_r4o08Y7g,euw1,europe
PkijrYEcd9dKFZazecMDA8sy6T_NEdfkHGncLMGr32MSYpNqhUMr5B7wq23eg0xua7_3rIVO3cpxhg,euw1,europe
vuw9pPrXjIYSQwd3g8AdpOO2alr-dIsxQ71_FjaqGX1XLx0vGmgVmufCvPbh3GS5552J7DEP4fipjw,euw1,europe
BcL4AjrvmuQCV7hj2TznoU5GUYPRyNKCjfccZeGYX_hZgPpxzQmYzmn-MvzGnN-HC7svuCFjHnZ5SA,euw1,europe
8WNGpZJEusDGAzpXB4PQ48Y2Cebpz53JZZ3sJEbh8hZAJQgdBYk0pROAz7ZuDlBvQ-UNEmPfr2Xbjg,euw1,europe
aom8_1akBDn_xrA4njL5gRYGw64WnAtaabw9s7nMi2iKQsnVAYMbs0GNonus6C7oFMk1l202UfJ6qw,na1,americas
F_fDUBZRBWbydmt9UOFzI40Tq6WBhYg8q8tMBVmqBOH7hZ-NgliwMKG-3RudkvUVEZ7Qs8Fw1oFUjg,euw1,europe
t16PH2jAJp0QBm8s-fQbuR2QK7401DCBoTnkyC07t7FaXLr2Vlcl59FFqBPXHBVuuVKBw_APxGEShw,vn2,sea
s2HZeiN0ZYIgd1acN5BOAfmM4nAlPBl-__qKmw5J33QbglPAFgJ4Agu0kOSy0NgFQjOyQSppU_G5fQ,kr,asia
7iRpJFoU4J06mEK0BsUP4xFcNq_hj_pF6K955QmkJoGSYcMzpUQ6BNzG28opPWyJ9ihekinm9lohvA,kr,asia
JttCB6m0KZUNWlYthENIyH9OfOH9obJVMEXz4dYKG18k-Eu3L5nhXkxGyE6NZr8eLhoV9S1t4XjrNQ,euw1,europe
mQ3uVdf5yEtWg1jlZ-afJPLdY6A0iVcqbk7mECHmv_rCMNX2vntyOkKZsAIL1jZFBDwiwx5JBr9BHQ,vn2,sea
lK2qDfhHxLIhaiKh3bgP_KXXOW1BtEG3hVc-EbMX4GJ6jzfOaN-fRodP0NVZI3htfAykmZEYqddo6g,na1,americas
fuQhT9Cda7usrGp6FifsiDDkStvXw0Cxmxni-NKT91q1BGJViSD1gZawt-nBQJLClhfonjur2XydDA,kr,asia
st1Pn-vaeg6VIteqHggkbww8NgRrDKI9y_dmXwMM7UJr9yazuWN-XaFGF6MGcV7ZwdHfeReTKMsmfA,euw1,europe
n3cXESUq0tE0Mw7f57JX7inPlDGvaB9rummKoA-gU1gkmlh6huIPLJ6E9rRKCE7wEc--JnSQfTikMg,kr,asia
LNxXKlC-rwXSObauVITJY8rjlViYjXzRi_CoJ6gPKLUgU_IvfdNRZaD3kvSc7M7C2CqlwippvvHrlA,kr,asia
HXna7CAp2rFOZt_gvmzVb7giWQFZYtkTdmL0w9QYiHyaaSL_vB5U4K66OMh6LaBBQHEW0WcVRYiZrQ,euw1,europe
YUrHlL6oz9XBXIl5av6XpINroUZD7NN0MHuuRYhTW2EM6G3BMu-W1u6VThmoVHk_AbghMRc-SLCAkA,kr,asia
XPnIPnAEQz8mYC4kknjXO5EEXyIUwBk15rS5jSIcSVKiOP_M47L-NdV2M5l3vuUl_uxWsUEuR6AWug,vn2,sea
0fS-gXl9MxrnP-2ljqUxwxVY3CoEQj7W-l272Pqc9-cWt8xkXTDqDrBouN1Rwj0-gdXcqXCRjJU9JA,vn2,sea
yIk8sfZmNkRnvU4Mt3OV5a-lNxSqNrO73MWfnmIKxwhfUvZnwY0DXs3DYILjB5c7klpDefZMgArDmA,na1,americas
KbLClSlRxdAfmCyl0h8wOxoasD6WS1EcYjQRWRfepGIuvSv0DjQzVxQPpyEDnEwRPmJMGO3xG4tUwA,vn2,sea
hTOSmBgC5Li2lzd0IOoIDGche64xU5a2XlZWu3UOe4OI3qaBpdKEqwv8GGU0dYCNgGZf13tIE83Mfg,kr,asia
C_E8PyElOxEgF__WkBLrOTGSnNheBRl-gj76qqUJZr2sE6_UNpZe6sHb_VeWgHUSvA8mAfwozk-PBA,kr,asia
K_Auc7IuMrrRgmNJ4pec8LSOdNRtixyWk10px8-vndEOj3YZ9pHdOe367fxK_B3FMdVqKTRppnjAeQ,vn2,sea
bcuW8KD59ZVVKHBa35uZ0wwqAMgh0EKlm9OtkMpmj9qEgbAkLyR3u44tRxb5rOXk6qCVBAzlxz8WVQ,vn2,sea
TnhNlS0Bw8l4wkUR3czWMecW1l2vaSNdL3wOI9WZtZj7RsaKwfi8-XwF3MUZ1eioUdtZMj1O9LNw4A,vn2,sea
6FqI8gIGIiMbsKkDe7cah9JUcU2uAI5IpXFg1U9aI5ZzqR4IxYCgPFHZ9mTB5gs9up6vjcvOR6CGrw,vn2,sea
w41tOETi1SHSATRWEcooM6PZdFxGnaiyCVnPXe6R9NXkeQO2Gh5xXOtftjWS-luiCIq0xrA6wqvIwQ,euw1,europe
UQnBXHmuLe4UXxGY69GJXrAhntXnGCnKCykz1IbFqfWmiNZhsvx_pRrK_7tdAQQKpA8A0J4aK3e9Yg,vn2,sea
kmXqlF9cT9mwxymGDcgKcOHdMvpiLYipaWaw9__R0ndMRXwc7qUR9eUehdUdHSpykjSi3eaYg8av2Q,euw1,europe
eDjA21IPKwHZtfLa-fbNz6wT39lAegkt14O6u7mDeo_MqS3Ash523qQPnKCVRtBl9iUVf4maELZqRw,vn2,sea
_UVxFOtPGEWnM7tSQOwevZii_DQca_-U0WRiiJ6Jzb7l4hw-2ViKfpBRMl1GlCKekHLwEEeG4z3v8g,euw1,europe
6bMnr42o44VnW7wKh_yQVgNnqaD9421fWtotusmgbQNPXZ0PqDfO6JMBbFjYTrn2ZbvAkLSLHH9KZA,euw1,europe
tUEv9OM9jySsNtDpWCTMXZYKzA-kE1IjG6JdGsv1MTk03R7spCEJdP8XcucJafqfo0tsLSPjaqnc7Q,euw1,europe
C-ZylB_cBbs5087giHDskTcwbA1uxEhuuFEzG3SqKAF5ziilVRr5hTL1o9sYh4jerH4ez-aDovkZNg,euw1,europe
Z6PsIs3FYQ9ql90i9mho4-LhoW9HhR1h-sKPZpxuRijiAXDprlpcAMxmdEZzhreFaRFcQx1Dg0OrqA,kr,asia
5HtQDKx9-pETZrVikd2NXoUT9XhHrLHfSSP4SMlgHt7JiCNU2qhQaDrtNdZEAkircidXbEoZD-Jr0A,euw1,europe
PZvIdob-BkwBElJvpJGu7EAfM-h1i9UuIp9DWsDpR9jiYVsOygh5kYdUsWMdZY3cAiQJgwpWnupZLw,vn2,sea
SvNqJkWkSZtpOYnYtCRgOd8qrOfbwMSKv9Ibz5SQNDSpIZ-nScccKd1BPCTD3uc7dEYn5gMLfYGymA,kr,asia
UmwAQL7k5kp8nUU56AVbqYvQcQ-ka12EgdYGfXtQ6JI0f--QCvoyfoE7g0x09L9PHVFGse5ujeTxUA,euw1,europe
8WUDctysmCs0-joflcyhwOe6pwmWh9dzS9uk0HJlhvmfKFmSZ65nHa5mjeBoZO1m3fFMZtHmtyxxaA,na1,americas
R2qNt8YXH4w7XGsXfz6z3Jh6buR_BZXUotLak6Vh9UtFJJT8BsRuBY171xv772I3YoCpnZUrn6UIgw,kr,asia
BlThY-F_Sxif6eH93m8jMCL7JpPTd4qfnjbE4BVQeu8wnziFRRJs8yDSRyGSsw28_zszuPUf2BGdPQ,vn2,sea
4Pcq_aMO4r4Pb77t14A0rQ9cmnyoKAVsfRojAMHBJN_Tg9N2s3ycDKjsn2xAti4UDRLhr-WObUEy7A,kr,asia
Y46sJnCXOqH5Xqj8sUWd53jmUML5yWxi-PA0EOpRFPc-10zB5Ew34QyXl6n7fYGHpHI0YXDTsC6pZg,euw1,europe
3_0DCAvumrD5Vg8A4HP8vIM8g8PmEvYWjTKrJJHECOGcC265j2NvTJmMJi1NXupB-5BMMrV8nN__kA,kr,asia
EFC8-PgiauwAUWt2VHsaqTe8iC_yEfCpC8oGEw_WCv0_odAku9GP4y3mdoUN0CRpp3VcqtIetOga5w,na1,americas
fqSNZKm7Yq6DQUaAe_b_wRD4D2r1Ywb4vylukoH5q1MptOXIbK_P6rhF1SNLjflRyWwrNn447NbGqw,euw1,europe
X6iBt1twhuEaTc9a_wBvg9Moz9sa-0lew56XWhD48Hc2jlkT-3np1SLeFk7WW8QuqRZXwcz6Xaq1Ww,euw1,europe
HckvZQz0_XKzo931yiXUkw74gKiRVpZMciCgxbCnaw7e9L0gn7x9cgBAB6WlK7IBFvzZOGrMk_CC-g,vn2,sea
H5MOtk0FgBEMjccolYMti6ohw6-1jdEoi_J65eF7MTR9Li6Kom1J8LBT5NcWGit5mjIdCUGD3J5CCw,na1,americas
jKiqYhP0oHazpLCyOSq8Gf0yODGa3feh-nnPMeiJ9U-LCnyaQs0iTruMeHUsf74ieMhVIbZC1_TDgQ,euw1,europe
WXzcy9trWGHNfGkNS3gGat3EcYC12QYfCVYw3CGA9GOKaoEdxCqJCbfhZ30LGC3jZlWWzIJjWoenTQ,euw1,europe
er9ET_NrZEd1VFl1iFdPVGUfTvR4AtuzLUfZ4okcXVB6vM8BFSWI-Gq1agHgxmFEkue4nX_VKUv-fg,euw1,europe
FaCN78veJRlYrcjCSQobpvPv6ue8BVVazn0XGKdl93MwAvhdt4HK0XpQ00XzQNHfyG91Qn1GsFkp8A,vn2,sea
JP-z75RbWV-kPUnLFaRHIKsHt9_uMgT2VpUIqhMKZV12cdcawyeKDS0gFJjQ4zPyZZ-NLlkbNNSy5w,vn2,sea
5bv5jurrv1JnFZ9tsdGalTaON9e5BcpIvA_a0vw-XBhyjPmmEfLY3m7tp86KcvMY37wZjRDx6fFKnw,kr,asia
F3OWj08PoDC_qIxSVM5Ei_28DaTJ_5ocQLBbbjwxFKQotoJEeBr0BYplfbqt4Lf9HhbSxEzMf1hjxQ,kr,asia
_DSeqsLnwM0ZF_TjbDPWb--ZC8EuUIWMJ-M4GAiFwfY2KUgGAO1osEEkeDBiXloPFi0FzJn0bbNNbw,kr,asia
NwpYgj_6CC8GDCaI1PRcSe9MUcL281uPqpVj_jcP2EdWofVn5qBbe0AArKuLWqaqNDVUtZo642SbVg,vn2,sea
DPPD-LpwEM16gChatQkXEKyIr8r--ceHAwz8LgUA9C9bSXxbalfPKS0Zp454mHYWcNtlUcq5R0_STg,vn2,sea
12IVbwW29pu48DaDEGTDeo0-CdfU6mIIvUqkjDg9Df6Jh38_451oU-9pOp8nF8oOCJ3vU6M65l2jdA,kr,asia
5QYzAYtWjxO8n8YOLeDvxs6e5rFk8c_dTBenkkdZDyBG2S5a61yJoSEaus8y1e9-PtN5IiGRE4iCMQ,na1,americas
HTgnzYeEprthBIPkIGAWNoQ-aKqYc7YoZ75VUFafgVK8KyEq0fXTg866weq_lNb0qpk0X0ZR0j8opg,euw1,europe
A9ny2sljemeu1M-4YVNi9ET6a65yts9_7Btg3yjLF8sG3PtTy2PABT2ra4Znf6J24VAquYLZYE7X0w,kr,asia
r3-bhGaCOxrM0ofnb2bFN2VNTyQ2GWhD6lIuFMNhaErVW87Xw_8fZRXW6eAckuwkxcpYQNFbE1yfvg,kr,asia
jz0G6Nw40hX3qhKjIpbE7SyX-soZKNXgi_8a2r2tbAx8ck8lNqPAzjlNNqYky0XQVx3_6pgGC4UuuA,euw1,europe
IBKm-EDbxanQRfcO9xDSBjtPIDbbRpGaHqcEAcws70TtzvGhXZcCEFVXOUve-WNwXEEaqKZWTpLloA,kr,asia
lRG22QC6L5RTIgUx45WZmL07iiLkabCHvvho7w0BSndTZODHXbl_Xy9qm-_FA0ar2OtwxXyiykYIJQ,kr,asia
-0SvP5o7qSbGJTDlKq9Ernmn7nd5A1UTXvd6gB_LpUdHc0C-JkzWt_9tM6GLvXJa5v3RO3JB7Jd9FQ,na1,americas
0g6bfDbxlShuTTSpHlT5ukvFTosRsHCLcbcdaa8vCSXlAo5DBlkJ2i9N05IbrXNXpzjo5iElce3uKQ,vn2,sea
ZJpAii87Mt0Sr2cW7kmWTcA6fGHu9rk4WpZBt2kWyYoBvkwYncNMHjhTRENCl6Dm1xlOfg_5ATwUEQ,na1,americas
icO9-wYbk6vB-I44vSPMjUYWrUWiy24H8cBMRGseX6lJLBd9GxbF-CF3B-lXRHC-p-8_Kj74anuChA,na1,americas
59wuZcL7e1ZwiUBxXmGkM7JFuL0Qnz289Wko_NIFqvk-Hcgk1qfSGn8DYGN6kXILMY30G41J9V8tEw,kr,asia
3xosVgMQVrmvnaRwoeKJWEHbUBEExi2YXJdZa-9NwFMgt5tRXCdhr5lkWe7ieep4YkYhY6niXO6wrA,euw1,europe
X-rz_PP8oMBPwp96Dvq-6IvRcZdTCrxlGfKQQ-h-ltr68Vuisg3igNBIm5nn4lvUA3obvOUG1O18yw,kr,asia
lH2kb3_IkmT618AsPsbSXbHuuXABFbVSDmp3-RTYpS4egnNBYO--LASDPAUUbq6RzddJ3ddOFNNc7w,vn2,sea
g-_yp9szVeZ3ppNg0jSb5P060T_tVMe51S2fXt3gSkNkkFZKY0vuFmhG9xRvxAFqi--47obl1KfypQ,na1,americas
lffgnbL2Ckx8rmbSLp8PNE_kD2E9FhkIih-RuFHma52nopi0VhgDfByQg3mDKkV_EG6Ho9e5kRKg3w,euw1,europe
xHaaRUIgCnxg2Q39TY6xoHPBtPezBP1QaANaGHDSjpylSFy8OA8Nfmqye3MYkDHl8v5Zj4kOi09J5A,euw1,europe
6nCxkArQtyCssnbeQT-7UJTm0ffkG4CKoso38qroyTe4cvYCNEvoV5WwcAM0Tenc-TPpvudWhR-YyA,na1,americas
GpaizR5f_CSEpGZ5o-SmLkWBnVsWFHU02Yn6nXeCbKKM_dMLxyLmOuNA4cwy-6RtNT7i1s6YnWVKqw,kr,asia
zT8oAup8irc-rGQ2JaJAbmiABdJPaXjfItdEncVfOu5j4PLaXK--fmOulv7Z5DcYvfuxi4xDENT8zg,euw1,europe
54LZH7CVKCkOfqSc5LxMyAXURA2xqjfNUU94VHRD9auo0UQzIk0pNAfwA9xPgaCqPze75eqDbL-gkg,vn2,sea
GfKLAPTBq-a2KlFEmgfZHXsSL3qo5OEwyHWwGxa2qZ53UxKsQwVWP_g9rnJmpWVblFwTBbbm5LGbbw,vn2,sea
-i9nGQf8yzv34fMjnUg3lhsdb-XF1hw5kE5kyxYBZMT3jyA2HhMYHim7DZwOruyAcpAc__U8rMAS1Q,vn2,sea
zp3ant517FFrbXz-rY-JxrwpGmtZT-ZGoRbeEUuf6tMFjZlOFLWGiaALv6Rf6XUtrZRR_bM0o8zkoQ,na1,americas
jR4AsilZgP13Yg9Fal8KgeV5unIwauTk2UepCrhsDsQaUox7czVpzv8Q6I4_g4ldJ5e-dHcvqUrHhA,na1,americas
u7UYgwbkX8478mTQU09CNRo0f_yNQBjE9a-c3nuwqFHTVPCus4Swuxf7xZIEpI9v7fw-adlHTjZ1Pg,na1,americas
itrtPZ3ki5Oln7J21V-G8YO_m5jpoIiihpqm2Q74DQ4gHP-aTY8Yh8SJ0FvjM7O0d-W-qzSABbmGDA,euw1,europe
fRNA2-f3TGcCvpmQNK40wDPkEF_GUHpC4NVkBhoMtineEOOXLPKDGiPEPRx516YnnREbIsPV8-tCaQ,na1,americas
na5Zm_t7-ApknMBB8ABj6UvdQVsw4JDIxK4rjV3jQPS5v6YECuEugA-A6p1Pvt8xJMCfUjAsxO0U6g,euw1,europe
qhYB711YSdwRqKxxTO1kRhyQ6sqw_i19fdxyqESOZTuyNMOoBGaTRSVsJrVMWr0w91mjkD8doFBasg,euw1,europe
PgOGl_aHH4lrCUU79UFK5zz6Dgz4uWSmlemlx43hZcQSoD3g7j9PVnu4oPzgXiwsnZl08EMhY1TC9Q,kr,asia
IgvHGAx8jXwZGtIpByNPy7xivPf1Eo-QS6tb2s8ry25T9JXVN2V8LhrIjkMYxjbAJjGJ7xl79DP7BQ,na1,americas
Ju79ZEXrokxOKg3p-d4PqUtEVaZP04oxsqtu7CsJJMopgTHdjl9ur7VW0BJhqSCcugon6cdvBQpXeQ,vn2,sea
rHKEbbinXyU0Q7OfTc1CASfBE9FYThBrHtQmCGbbIjuHIENiDy8hUcwa4RcDV7u024R-QUhjUs6qVg,kr,asia
glWmPipyemZ9N0lcLFCnbO4-lvPQOto_MO87bXut6DA2bsO-jYN1ttQy-c-Ox7Rd1S67j7MZDlPdhw,kr,asia
vox4bfhMb04oN4DwVBjoE-eN5HJO-t7rcXCBVh5brgyPQhIjtBPCLtrgka0e_kylprt1Kfv-0t1SOw,euw1,europe
t5_DVv4gF_lit56s_IOZopWpM1HjT9iaOs0hth9_EEvY3vi4Op93BDmfhaP5bZfoa8aFDzs2Qn4yaA,na1,americas
hUPkBgrjcDPEsEbBpzOJhTpAZ41XEJT8mzHUaBz6olv0LMHuZ6kDhUna7E-1w4w-eqLwAVBxa6VgMQ,euw1,europe
x87-Fs4Xs3C2lEo-CRYa_WRZnvml7Oad5HvQplqVdIfqufZzTz-7ex-XLhixqzZi9E42YHFojd1rsQ,euw1,europe
t3dNMxyB0Xv577uMIz76FCDiwkxmGdsyHJytt4Zph5kewM7RE33Vyh7BOpIOd7NOOQJqhT1ayKrabQ,na1,americas
6D0g9QMarl8jRyJq3JHXrvvVQd7EJxGKrdO6gOOq2n4KewPJFQesGpmNuK_xhtc6aJb48PITddwfVw,na1,americas
Z1jWp-HAFrWKgVxYItTSMUpYtWLphnCmVs7vmcXoL-LJlZoHsumesLfaz6_djTui5g8iGRLrNQZcsQ,euw1,europe
uqKXCYumqQ6raKjE4whcEvzcfSqgjfOfM-y-GBxpeRhsagZQ3Zwv5KV9PfD1gfRZSnqFLcZDt1tyjw,na1,americas
bRxZ9T9Fb3VS4atyy-tt8qOkvthPrDKVcFOWSLOjpIrhk9w9N9-lyy6KK-8MkCB_bktid93gUYu7vQ,kr,asia
FvUqxHoYQFccc3AMQhDmxyVYpYwhxOIAVWo0RXvihK7_Vo8eZWEv_UDrthYSiEPjStKRaOq89v_cyg,euw1,europe
TYbkWQ0-XRF5ZWa6Lg8NKsc4PBnSfXWo9NUiN9pw6NMvvYcSu-FKcSPYY0tc9DSJ4kw17fqCQWDSyA,vn2,sea
So1iJyYOsyfsZh9vwBv8lU90X8tOA4pQEjxc-Gqm8hBTs5YceGrmH-K3-w9nhJZyDZoertp80Rn9tg,kr,asia
Grxq3HvcCfrpEjreF0DmZzfBC_TZWGiJVI5ZeMMYwbdUKoTb1k9rNiDmtVTJkR5bDZfa5Nn2Hrfyqw,kr,asia
xntfDmsvM_hblR-7N8o14PPdruK86i874aTS1wwYY89i8n9YpmdV8lI3ca95CwuLl8BrqXr_oDhAZg,vn2,sea
CJuH1ku2j5tDOX9N1FGoS93kPS83YjIerWZvVc9wWWIEftVj13vFIqeTnnflo7FQrSH3ua_75sZ1Vw,euw1,europe
23arDkO5knLu5GRZCe2uQTY1QvFAUNZo580e1lmY0j15qP3hGa68CjOiql8mThSdJSlQrm2MavDoZA,na1,americas
flYcoKkvGWR3cETX3RGFbtwF_-RHGW9NTkTco7sRyZpz7iIUR0QcZ1ZGVv2EKC8Y2-9_SCIQNz5m1A,kr,asia
I2I-Oz6oM7kMvaRwS0JXFOgmpqrJmnngAobR8_TK-KoRFOxdyxF8lw_rnI6Jb-oM0G744GQeruJzxA,vn2,sea
HYAo1fB31U7ZBe5U-AFVcBgeBrgmKXu-AZQJ7zkMU2gziIZZSTtXU9Y3HefiH16Wcg-WS0eqqaJm_Q,na1,americas
QjCdnypUV-lQzbQ92Ar18zdnQSg7Hj4KAHXpvTjGeU1rfKNVjjAiavpPxdLfPp_llDJTdb89B5rSIA,euw1,europe
r93B3ns219_uIQOPTd5jAvCJ0RK3SeUAQjRcFO2RIW-RbamZTpDxUrXw5O95bniSKSZUPNK_ETtaAw,kr,asia
15ce1CpW5e9NHMjJAMXgNq_twxMkBk6kSJyoCgP0NNq3i1PFmShwXrz8gIirouaD5Io-Ly0fNSZ0uw,kr,asia
dgUes8PTYpnV1MgqmEo_VBrbwRd0l7G_9XBgQpsIHIiLZ0ytspSMmEHAA9z4WVaz9NmULtEixrIkLw,na1,americas
sdGHZmf2LaVsqeeN4IAT9rfxH_-_fRjk_LrERaKkg-eIFxU90W4wTUaw5cN-Xnox06WJy-oAcKxNfg,kr,asia
LHujywcYpMzLphU5uMK-SGE23N9mGJzVXYcuSzOynrnxeaumMiXbImXExXzncgJUAxH-apz5kUK7sQ,euw1,europe
CQWOkIVhrIqMhE7nMdWv-P_G8pjNo0Zrz-EYEmYMYHh7t8RYzCgzdPOyeV3YkBhWv3meaCjKFQg4WQ,kr,asia
YkKk-3-Safvzy1zRBWv6pSp5XVeir40VV32ImfsCYVo7S7GNionHCPf6FUh3mysV_zY97Te8NhJRpg,vn2,sea
v7IEPS_fUcnuGbIzeAaJ9IqQfmRCzPp3Kfb7LD7Q_qGCPrQhuvPX9nVwMrzYq9q0JFjJ2vWgBKKVzA,kr,asia
hSic_PZUmRO1LuE2Y1uYhxioFvQHKj2H6xtU3pQMIwl8o73Vqde9h9as-Vt5I4TcUnjrQy798uELUA,kr,asia
6PaZ1oT9vVV1Gj0TGPix98YiPER0b0OXkOTcDcQehmPlWjxQCszmZN7Gaf-KXcczjdpj-0f1mb4fjw,euw1,europe
Dpt0TgoeHhMWGPf7TW2rtKA9aOm9sLqctTvxwjyjKj9IizvlJi9u1hqiWVWTyS_jwqZapZpimppVag,euw1,europe
tHPFCrPW6-WP1VIuOJccmaPnhYJyOmNvCIsFh36f_N7rBMbBsXFIK6wEq-tZfzaDvRJmkJUujE2o0Q,kr,asia
2pV54ZF9LAuOQPt9pDJfjuok31fSgI3i4DjYkzgBAVA01Wd8sBsJo5Ex0Wku_Z7G1365UqevTC69wg,euw1,europe
hcc31CfO8ZHAopUXMX2UfihUU9cMcjYfcEVELRaxl3mnlz3LmMkxEf5odO7TXyT80u-8oPxMLgQEiQ,na1,americas
Bw3VKl96wMSYmeD_VAsJzmY4KqfH3FPLSz_2RpeO0vYj_BBntJe_hIDfqZkITVVFLqDDJL1jWzFLeA,euw1,europe
e20TcsKzSwEffiwgx8bDap1k66jrTYqajjZ3JaqTYuXXoI-D_wCsK7dQx8XlGN6EroceZLM8i2w3mQ,kr,asia
CTva4lDTrX8vDK1pC1RNTBKm-4kVpwMj5X9_vF6J6uIGROG5vKVge_E1CvTKYA-Twa1WPsjOBHNAgA,na1,americas
bXhba4EfRsbZ7zaNqDMLOlCWfJlg6TTycxm_ED0slfR5cbkztCJ7FKeLIMyVabEuHgCuQPPXvySuCw,na1,americas
CwMnDCF8hKIE8JINjGzW2XbKK5UdO1-Xo7k88313P1V6LWuJq5yMUbTlMkeV8kr2T9kdb9ynsC0cig,euw1,europe
TzKbZwrcgd6f5eqLiyosa3QIINdjg3LwyuDwRQ4xTn3sUpZr6ppOkIQU2YRLtmGuOKQSQgCMoP2bYg,kr,asia
kIYVyCbDOKYW4zNQTDEz24yqyUSFL5eX_kKMdx7Jb5eU-1QP-duox8LyfuS19bYLGIEwtmDh2tbVLA,na1,americas
0EEkGxacS9AV_-4H09rwOHWoiPQQ5nJZn_d_mvpkfj3h803LUO8501DC1SirIBPVDfIIFgt951TEdQ,na1,americas
6jOzHloEoirJ8saNWeVBJNUgYsR6bbKPbg38bp9kO4dXMbOhRiXT2x-RmXUbpFol4vGDVRASL78X8g,euw1,europe
d6uDagwIx7JQlb0We4En-hF-s0eiLnoh22DjglWpMes0yZ1tc5mgd-uhd0hby6PuLuOggKGMRAUbuw,kr,asia
qRNAOBGABUXaXDOfmfNYyhUMx58nytLf3XGP0TMHoCEr-LqU9bCQY9y2SM1Uep6LMNz8A5lnazVcXg,na1,americas
9K4mIsADXy_ni9nrtu1RCzSUIYBCHirLl1yxnyYODdQOnTy1_4rQz6GUKiBlu8GsLcl6bKL-tCw6Wg,kr,asia
GaNZSi45Vz1iqFRKjEI9r1CaLpa5cKFLd2rRFdO01Gu5l6ZeKxa2DbHVVKh4X5IBfG7ILBs9v1sAhQ,na1,americas
AM-_HDutZSS3vFHkEbLfozRvWnmJ9Z4DDmpywO2e9zm5RhlIrYqv9khUanCP4GviuiVksTlWEvbguw,kr,asia
xQa7bKIRXHtn-_RyrsDBXvS9TIIreq7B_Ku_05EkTglZM6w9l_LTkns_8UqewzebPqQgF5Gy4KNN-g,na1,americas
kgdnNfPkkW-8kGpMHakYX9bB85FquzsNLz1b5x-4rb2lqatP3gW60YL-eAMAdOGpaddMhygVnKCzuQ,euw1,europe
CyZ5dzfdqDoE6UEYEuUo0CluO4mowQEj3SWP0P5gFmceuak9wAcGSie_q6CX32RYlWfaQEtpBvZ6Nw,euw1,europe
JElp-wXhbMmszAx4Xzo4-62JYIWj9gAg1xhGP77h2KPn88WyXggo1EMqYdL54Osi3SVCoWyj3JZROw,kr,asia
e8euv069T9hfH7mOzaox3HSCK2owhSlc4SfFzu73zzl-1wjzZ6qholdEWTShAlaA4c7xy1eiWirDYQ,vn2,sea
WhnAdqRcvn3nz9J-JpgWsigapNQsM0V3Sisg5XMI-BxonO8MfQHNfLvDLQR9hE9BqIQAb-Ep8gaUdA,na1,americas
eoTWxyIQ30tUCyIJYqBdY4SdhJJnPKlkZfMu51N2w8HRn62F27TC6-wtlKYXO5lDQZgFVk2m6CjtLQ,kr,asia
_lyAGJYELPGO0CFCl-AIrZIV0n8YY--KlTQD2FjcseZwPvqsDGJ9c0Bm8R9i-6nT-SEVA4EFRDxMcg,kr,asia
zEQ6AfZPUeB7W-WtbuzwKw4nkrpUD00baxO2eGXn54nGDtkxhyaNwuZELF7O3FIDF-rZfBncpQMXnA,euw1,europe
6360-tk3DkVVcSRDG6dXKnZNCM7RbWt1oQYGrNjijC1_My-jUvDjKEWADdp5Da60y82JPKSJXU0_IQ,euw1,europe
LR49rT7_2EW9PU5demjiivssgqzhHFbFY1ICpwTAk_bI7ZHPvLkL8bvZY-XyzYdmkWgFzTyfcHPzJw,kr,asia
F09SPbjHGOnoDHVas6Vcdtl6S2C1eNUdYvIHQrx3Zxsv499F8Fk2exzfbNAVorGEVgoy2135myet_A,na1,americas
AmGfCvicpIcyE3U7hj9hHzVv60FJ-mfGBoPBahp1zh5jHBI6vCECngw518TIkUGcThdTHsR-ulFxaA,na1,americas
rGEvkvYG532gwItrCevXC_JH7jWkSezGBSy7R85rugPhZgqdI8e2BTDwgTsgoMSx5V3MKFjvlsfOeQ,euw1,europe
LUuyYjJEsPLS8y7nB-HzEaP7z0qt82wwBtiAb0gI2M8GWTbah0hGCpqoDXIiXJg9gJytMdD0D8H_Fg,vn2,sea
RvHpAM1kCQS3iqwI6trmB0Dmd2NXy-OsR83ormcSmTHX5gi9ct9QtLaj2TRpZWqSzMg4o1QzEeKOfA,euw1,europe
NzyEMu1b1TuGY6bvuR6cdqiwSafC5-wTbuX4x-YN3j5CVXLh-UHZRkOdxRjRScj24nCOXsO0wd11Gw,na1,americas
7gCSvGlzgXARUxGarveFfpZT1NxhaXD-UZZI_1LD_UTqn0nRLIOGLfyMo-ngB-nDrcH0IVzBeCBWWg,na1,americas
U964vQA7nSmW4yIPc78xjOImZ3MiF9IxOSwTkWR2EqKxPlNmnuHGgofIRdKfVEqknouwxxONXCc-2Q,euw1,europe
EPkxBAckEYzRaP5XJaA45qFujXZ53B5yRTescAsRFlTUv12qWGwg9xuS1ayNiiuY78OwG1B6H8LV-g,na1,americas
QxrNET2tNkt_GmzOFYdQwM7W5x9unke6dCuTRp1WResk7krRBEauETVVz6cIHTAv5DlcHyADj7HgsA,vn2,sea
PGd-g5XRi_kuWZS_xUJdTAF6v-Q-rjgd4X8LLzD4DlKw7bXkizSA-E9Mcvkyh9j9uG4Iz3kb7Vzdxw,euw1,europe
muB-nZZtuWBCGj2a1Y_W3w7ftNSYrCIK5vR36O5_pUE4OGRfRtLTkVKo_LlFXjBxO09Tlhd5M4_wTA,na1,americas
RsYirGAmEK_dgPxrPoKxCfI-tq-nhoSHhGIhWWsriLjZd60ZIVFtGvR_Pu5m2ku28YY2n51xpqEo6w,kr,asia
QLtEs-goqK_KXG5UmFYELxLYpVWskbkXRwV__L5I_ay8J7kSHF-bt_ut_mez2_GkGE-VMXeox2sVwA,euw1,europe
aMCprB-XiByf2MQb39Ueef77S2cELgUIugc3y3lKF0vKA62azGXKlj7Nm7B4S8x_DxizxVpF4IP3iw,euw1,europe
iAgSwVZOkwYCJoS24NRKwVR8FoOxOeKiuJmw_gFXbkhrHs8XJ2FAYSWI_M3hJdM7Rd2DlYN-sPCSvw,euw1,europe
oqhNLAKMJ8Tq_7Lj20b_6YNyk-57jtipxKGbNDOyOhIAxdrppo0f5XEjg-yrVjZA34DgauJxMfmrUQ,euw1,europe
qVb0tXOcKjGOJNyWOvtGmvExIxryyKuoakEAbHVy8F4wW90eycTgKCG8naItiHZblbwyrzxCx_Q0AQ,kr,asia
A4IY3Q-3h943Sq660LdlppFnc3MnrT3QYa7zkwqYW5tgTMhOC-N41LLMBJXXnEfa61IV8iAEx8yrWw,na1,americas
TkzBsiQrjAR5LlXCwegpW_UIBacdRO2VTFFkFOuramEOwujtS_w9bFxOHCW8gIjeqesi3AkGp0TQaA,euw1,europe
DnMBvBzzIzUT0cocQ32xpPTAjpHQEzqoTa2F-IzGdr4gZXshHi3DybVWGqHf5SG7uSTTv0kC87D4yQ,euw1,europe
M4CbF2Iqq2EDZPez3fXEVHcOkq3OPhsWQdCZUmRBYZJCErJRrytXyTOT4nc8MIFK1AQUT6m7bPJrDw,na1,americas
2x_l0hPbyrLqD8PLZn7hGX-OkmUt2h1Utcgs1skZlEW0H3KvIN90XD-FDwEqNkz1xElPwt_WxypQLg,kr,asia
TMhED3FpI-GpyBRxA5-TPgypIUpjunoxjBLDmqLvkUGgbmowZW4CFHyE-yJnz2HdbGW3Pan6cUt5nA,kr,asia
kNkAbvZIWVmZFM3GuLTQhGgsPCP1gB_Ov3Uts93k2gvrpq5C_ju7uDJoakFmGgTZi7bSCqLg94qTIQ,euw1,europe
ccVzQcF2cDeiaYjIGC1c1fikYaQJJYvcsSzuLOSeVWVac9kW7-DFm3apWc-4WmyXwdANUjpiAHHJZw,na1,americas
tU5P2JkLllfv8UUjCGIvRchGNzPrJFyz8nKxl9FD5i-hOf5fsj1pIq6sM-UttBJ58TqVtKiZhsmgaQ,euw1,europe
jXsYS_jCPMpWBolXYOCLmuJcO2sRJyX7pt3GkH5mWbBf93MB-0LwH_POosb5fs1JiTvn15CyqzVYow,na1,americas
pRd8-fHwaU-dV9LzICoBsnCFwEZ4ASZCa9WkUXCE5tRe2f5kLNKzo8bvBI60dpP9q46-339LHbHknA,vn2,sea
YdC-aSvQfQBgs9ebUPj5WP5Y6dJRGzSctWwEbUpR6YGlixE-1h_TYWfJ3Ghg7WD33_bwl-kd8N3H7g,kr,asia
JyNnYX1ZqdLM0Jf9qKEG4OKrel7-cn20W39x-XU9zgpHPy5TYpJXfhaKJIS0ATMy4RTY08rFA_AvSg,euw1,europe
69ReqyFm81w5YJ-zzDTfITMkkBohCTURY2Jl34JqvwvvBx2psQtbLLzOCzZf3GlqIjtq4TLe6EbzgQ,euw1,europe
DT_5QvX7xbhkmX7c9wUbAyE4fKOh_2qFyaV-DkX0BmbAmhHLoUVcKJzJGrn7OhvIqg_WsrVp6lWwrQ,kr,asia
MF21NBalIh2mC0r9W_d-ZMu3I1eCBG25sUYNK7OdRzewdN3WpvM3aeg1k6mf1oGbgyu3zjSluwJ8kA,na1,americas
rhfdi_UKboJKBdRpELErdebSf3AGgKPgtepelfZxUYq1cYWeJqCFL08Mj6p2lysyYNBa289Q_6npHw,na1,americas
bwg-K4dNXboiuNWx_mksj4ohYB4rtSeZOI5AQSyelxGFcQmp4YuhYabHSyNyaFYUZUasgYtAeeesEA,euw1,europe
_6vmZ7pfAEgSu5ndlc-gk_JJRjmS4GCYHlGIqM1eggGfJIOSQbsmGAYq_IwhTlA8j3xp5HqqJhkR5g,euw1,europe
mJbEsGwmesBUChH1ZdR2wM_yUi22RBceZBlcKE5Z5SFSWr2kLynLFcnA6YsKuTctBQEPKmts7HIL0w,na1,americas
tEyakIGWB8ZISC5QPiEqghqEwRBJbQ9US_8HaENO1bVdgTOjYnM3GFqtYVnyPfuIBAITNHuCuptOQg,kr,asia
NZpk21IBfmesH-urud7Mcdbzn8eEFBOga5Ain4qhXoKeXtDt6pdD1RTLRIk7ZJea-baXmetsc3-R4A,kr,asia
wHpk79iuyGR_M_P4ooMM9ikyjMM09D2b1AlJzNruGJnp6-Gmsgnid5c-gcfmYb2uNGmYQWXCvhjDDg,euw1,europe
CSPIMjYMySeYh6lf15xt_G0oHzBqLqYDjs8jYOwQr-GGmo3UriucjfGpedW_ZDu5_QAz0PeplmOIVQ,vn2,sea
akKaNIAiQKYd-aKQQBArKP5Gzlgty49l1Fd_Mh1qOfNSXpTLT9ZZ--nvJrQcs-WiyQrNtjG8_7I9LQ,euw1,europe
QgIvVrDoKRkaBd312VfZjV6HJ2Y9LlwS33D00lvz1yZPpDAw5g2rCEt7Mc1ndejGwEFjPQliJ5LVQA,kr,asia
1jjAUmyQVYhJSvLlIOHF0sO1-9X5-x7QykNEtHJdrHuO4D-e8wtUcviUTcSGyBJCAo3sCH7uOBGrhw,vn2,sea
MxEGQFOgb11dcaYCyFe2mO-cDNUje238my-Q_6k83WPGHMKA5eaY5MtQRWsncqvUKwH8K7h1eqIOCQ,vn2,sea
aQobgnPTL5s_CHrEoTtHPyb7bIr7F8vvDeIjy5h90qT4tg6qcxRF5vqLA86AWbv9ZdR9Ikcv9NuO1A,vn2,sea
nC1KcxTZs6RBTqeVIRDe5uXFIiz7pBr09qciQvvO2XrsRhaz1NmSZKcaxHOmDK24zfIWQfoZlnKKVw,euw1,europe
vJ6Sc3HDf4q1dFSVA-8mhhNaQY8y2iFecC6rz3utUT62FNvummd4ERp6DZ9xFtiH4nLLEpFoZbeG7w,na1,americas
PmpZav22AjFtDkBktDapeRxTwoQPvbTc2l4JTqB-bMA34EYhmWGoo_WQCuYowxAizHSSObAw9bRTZw,kr,asia
M2TZGO_8bheqSBcPX7kLcl70TJcEtYprd31lI_AkSvCQePobddZjDSrZTFXX5eMQCm860CP86nt_Nw,na1,americas
u-LupQsT7exZe4HJAfiV7eMsQDIHToJjDDtDcy6v2A4g7FJXzKRojE7_jEWwkmAZ4PnQNDNpvv5rkQ,kr,asia
XGraAqIR-Qx3KRcL-nCJJBicX3bHoEhUd3XtsHIDnASMnchG8oB2dBAj9JsTw3jVi5UewzwgRi6GzQ,na1,americas
6N2FrszXoKb0bJLYwTGR4c4o8VmdwGrcG3Eshd8Ds7NLLNv_SuUHJ3u9pyVI8qhiW08j5_XeiGkQiw,na1,americas
rHgIdrP3S2UiorWlMcDFPflgAX-Xz42tKuk8-AF0iUyhR0vaZusKX5yZtHbkytEWQ0j7BplC2-YvMg,na1,americas
Koca9roDcwxdgJlRH1Ge8jvg3lIYBUJDN8w8klU2kFnQhPqDSmAiF49CYmv2h951b_Wi8kkd3YmChw,vn2,sea
Fc5MY823lyYb7JnLM4fDEauxBonRGVGIgNcHLV6Y_Sj7jCgPp8xX5zbWpyrrsP0lh435_n70tZx2UQ,na1,americas
QGSBU8mvltDilfyoz68ZZyEn8pXJPs29EtecwbEETBKnKmz27jGCOR1vK4gPVpw-mpWRkcvzx8WmUQ,na1,americas
B3fRsyE2v6l-fDwobhsqikmfZjZ7fDqPZSv9ShMpPf8d79j1SYFCkSuy3Oc_3R_5pSDINSMfN9S0jw,na1,americas
wyQMBJZ_VviYAr94OEBxHoncBLNiF9hYtd0E07OdebKNkbHzDFDs3nR0X5yjFj-CpAVALV5sv9hx_Q,euw1,europe
65nlLf8Z-ihdHkOZnL7RePuLA1scz1mPnahUrgVfC-HuX-xn8WuVWaVIbo6WKLaTvVnNCWc8htmj3w,kr,asia
Sz49BxqyZlr3z39I8Lk8A2I6RpZKhVapU4k45fLghfn-MhBEbigpop6qm3h6eTk03hbfYN2s7jradA,euw1,europe
kr_eXfeYepOZ6hFRA2LeHGg469kGA-x5F-5rxhwjjvHM5CoN3VsfyiQHSUnAa0nllS1jD7YEkw9RTg,kr,asia
nzuQb9ZSWKRSc2gjHrRU79VdlLR-lilphej7EH7Abu79cd_ip62IEz2jQQeZFveEYnAn18f_ZfuFZg,euw1,europe
oIbE_e9C03FFCtsVyg-GX8o7yWv6UBY2YH3zQcKTU5U_2ivzYW8wLrNLwpRW0W7qHa_Dj6esF46R2A,euw1,europe
5pHUp8Jhv4hipaVTNdzbfjScs6B924ev3NR5tAjCorGAEd798gkNIq2dEINycVwJwGa3eEOiwMHYVg,vn2,sea
PHCysFP6LQIwSMz2-IKZBFEmxOJWoMeKDmj_4nB9N-m5ios53tugz5GcfUddElElGhGWXHfwdJLEPg,vn2,sea
ygM6SsSvlV9-D8tdmUl7qC34kjE3v27uEA_rAsrOoK8piemf0JTPTeY0wiIxZFtHFpAok7LXR7YzEw,euw1,europe
ikXAl-rs5LAzVmTvs7ZEmSADcdsDqqxu_jkcqdxr3xaKeSe6GLqJVYLu-W3r78F_-al1bzXJ4U_Izw,kr,asia
GJD6-ynX0q3DuUvyXp1-brg_q788QHRGmQI4o0kZBY7jhT9axICk5u4qqjUH1DeZUSarALKG3gAvQA,vn2,sea
cpCkh80uEVzu4E5u7-rTQEODaq-X0wgvFG1bno0cpvtPysfTiCVvgWPBj44RS-TQ_2wmVPvxQ3eGXw,vn2,sea
nUMtpaUDfAMQRvc-ln_hI2vTiWST_ucsb63WGGMQGmqjCSSNbHy42TZBPWERdOds3N_796RovJqkPg,vn2,sea
OTjesI04icfo7rugDu8LjapFrY6OEq8v4UhXuFGVxMXJ4w7owqaexdjuhL-R6wfHNJ31a02L1BvOsA,euw1,europe
keMb2GIDSYelxykpAEMLpfhI1zKS4lxJPSviaAPjwNgyoWx2nAV2TXom2wPwtdnALbrwFxAt3vZrAg,kr,asia
uQnnguiVK6p342nmFuIY-2IKKegTd8zgQkBIW6nvbdEc7mi91zQB8czrgIpB9R51HX4MP-Rc64xY6g,na1,americas
YsQDacY3qRR28T4jWOjo0HY1HJMlFBHtI_QptqVasOzLcDShQy73lVfQNXuWpTL2U2ikLhSwRmZBeA,na1,americas
eGZ0ci5cCxtUMet6rt_IZGxrsat_ElHETiQuOR-8vKzcbxavvK_N2QRQsQZwiveGShv_gHuy1yF0Wg,na1,americas
DdurncAMlEYIVZ2kcXLJC-mX5M5rE4Dgv7XEgIO6LpKppp8LGt5mMrn5QVCASDjSGYp839uXjCrCzA,euw1,europe
dYbPLUpjvOCxod6Dl7OvZx6bCgc9L-t9UcuB4xXYcktA67aqbFCBIXB2VN_xQbKEm5aZuAxLgOfsxg,na1,americas
oxuhm4a7RUE2lg9AVVCboLYR1RTKAt97xJAd9iQnNemfLUTSM-DWav2ejvM-Bu35U6P0PpxOUKFTwg,na1,americas
1TUZRriQgQNnjPhhss6x5nXg8qI0jnzQMrNlXNUjrrgnqdnBya-8ehbG9u1D7jr_MhAtBEwiVrHBVA,na1,americas
w_WuT13TclprX2P93TKB_XakcVYnNICnpmfjgVy2_H6hjPFRWx-mYAC4moIi9UstH-4fOo8_3WjLlg,na1,americas
ENxVtIpUeLvncrKQkSfZE21n62MNViJynBs8dEbDSUmYxS_QuBYsxq5bl-oh_qcX2RJI5fha9ez25A,euw1,europe
OkHtAdY5owVbw6xW30irl5Bmqm0qvhf_yNhstfg2Z8X5yhIIVS0PTKQeWo3hG_IH5zogfplShxKWkw,euw1,europe
nkE3j57Qw3RvmcxWUeTcB579J9hzRlum3u78A1ocvcsnfZMDujse_KoWEyilaFwleFebnjwlRmwwQQ,na1,americas
oKMZTMl9vt4vP6Us2OPxIHDtfizkleC-LZx_RXXCk1jkyvfdP6ewP37-ONS-hiaUBLuTOo9YuqkXFQ,na1,americas
h-sGq9ynwLYgXBBNEWBJo_do2qUC1mUF3FN0abGS8gN25WddAmvzPbBGoQw8sYpUn_cG7Z8x5oPqcA,vn2,sea
fNlHUL2IZXSZ2G8g0p9djFKtP7WlsTQmchHov4382Z2tkI6wiRaiJqvMU0vEfT83SX6UE3UW3XsEmA,euw1,europe
dy1S9PxFNWIkCYAJQZVoiDTnK_zzQw3vOnuoqj64QUwhbXRPbXvaS3tJDRNahdFt4-59ZKzFP158hw,kr,asia
LwuBHXrK9c1t1wS2W3R_wFRv61-Gq-Z7ogl0l06EjXOwdreKxl-_ENXcUiwq0MFW33PPyV5tMmXDXg,na1,americas
6R-jnwDYn96qoe6VUtutqRJNM_1Zk1E8XGaBYqGAk2dFRqvUUJRWKnUoYW6TfqNLFKIDa2GkCKNVVw,kr,asia
ftqNigHBsEaJG7RPlpPb9NHQpZ-iW9Tq8vSdwrpMw2sNlcDlt8JMTsnM4a1JRE7s_isjEv2lawikJw,na1,americas
xECuu28bnRdhmTGmBaY0SrqmJgcBHlS6Ud8xizr8sp0aEDlSPLUdyfcJt27F_5oElaUbX7u_oU1eoQ,vn2,sea
nlDSKSlt7oZgpIM07K2ponFsFxmi53pFm45eyrWuifb8otJhgH0WwlCz93vE338phj-LkRJe4eaaEw,vn2,sea
f7Gdy9TG77xy-YZtNdTI2vrl0qAvzcknGl33VI3Uh52gPwad3YvzWcCsMT7l4zfZrKZxjPis0JXtPA,na1,americas
gxMitVkiRNm-58qfQT_IjR13CviTrWXIDGeb3u6EF4rMnNTExS5lgOug2v92-nMlPdL72TPVfJ-3Kg,na1,americas
1LGxSYBAE5Gg3bZySjDJ-op2dHWcWkBFVoOPAzMC626_HL6dSYeord-YWtAheGOsoT83R9YrVnED8Q,kr,asia
SHmhWjAfaj6fbhpnDLJwALuM3AXBK2WQ4RKqOW0Wi2Ci9fd_eXzVLag5TaZ3WFthKmksVsKvmYJvSQ,na1,americas
bRWPUzMXfiteV_UyTWGOxitGncgEQ5eX75s7LB6TDE6pS3Lo2n5STTZZvht8Tv-DXyZmlDVnX0Anhg,kr,asia
PeI3X8VXbAJ8CdOVAm_C8USFdHoYCfdcnH6Bl_vu-n9XMhmNX9-YYXTVzJS1I1utKWF443n7TJbvJQ,euw1,europe
l2q5_QZGJ2Bk0WifLa6nsDqvQRzu0jxlKDbWewhMkSnzgd8q2fxZjeaqyqvN2fTsTD8aIMSkvmSEpA,euw1,europe
rtQEb1-aJbj3oyLSTbwLlwardUtrD8Oq8SEIqWoz-Uq9HoYPWXM1fKoaRlAInb5CJZPUKnS8H_reMg,na1,americas
DNErIQSO682WQGuB1IfUhkJzqoS2Va7ysc2HPWVrGK5UemIFvQfZLBnd1bzBO5t6Pt6eLNLw3OXG_Q,na1,americas
PhnthtIRgoEy7sdWiwpyiNRAGwrBVpmblXGSqpAd1MmaRX281UPcGfKgVkWGT8AFuRE9h69s6z4VNQ,na1,americas
ma5bhzqRVibzG-9LkEH0XHx5QonWijFaLdh0bmzdDD225alXj0WbbvWG_e2lC0FjWAv49AJcGCE12g,na1,americas
z3m6LyydLK78pBN2u2AuYdohzKylI7jSItRohhrVgRIvMoAela3XXelRGXVffP0gGAcFuzsUeDGhiw,kr,asia
Q8wMfE63DFrBH0huw0z7L68vqlqHMJw9hUz8-BA7J0qNIr7TmuoUB10p88BhSn_RP1N88zu6rbyk7A,euw1,europe
syfiqK4E_ICLBzBCGaM1i_uglCKpVFdmxkQmG9z6BvmIYrUSoqm-fjqMlap5Q0Zi5oyA0nDHCdCWRg,vn2,sea
Elxn6HELZHlPvpvQBsy1IhoLzGjzIIKE0ziOqjZzDi2fVbe_G6P1R8-qWEgDWEuCWWYoq3EvVOFLeg,kr,asia
UGvgDDqm2ACniJ6IattgNWlA-FUpC47OZ-m-Hvh_WgTwhRVCBDU2zidjeYP0QlGwM17fJnIK9EXLIg,vn2,sea
i9y6XLIgraz0px-w6AKlcO1fboMwdOhJ4ZzUUfENhmziHZPbTBdiM3z1TPUVuAPL8vH9u7kpZxVlGA,na1,americas
6BpkkfhivYfZBeSNjG3jCzCyTuJKp5rqBU-tY2pV7TcIfQ_QLXi6EtubesuEB3764P-iW0ltUH2lTg,na1,americas
Vfrr83ao6uVhMo4ovwkon3MeHHQVzrDVIgtliLMKZVB-6nt3WZemHPzEn0SIXjk3OyktP0SGZnApIA,euw1,europe
RjmrOQUkfgTz5_iKZ2kC5FaUwAwEbY5FWpVAaNZi5tn4HeQGNUrAR0Om0YLQ7TewVmmG4CqXUDqY5Q,kr,asia
5nBK7u8NAShb_A6x3bqnOAyUJVl3DAuLDo8qYvyORdOVhM50KGjoM1AmG3gzhPqJCeybILfNXb6GJA,vn2,sea
yml_DL49hYMiWePJO7QuSo_VsbmVxMMQSrti6e8KQqe6wXJYsBj_5f19paLDuzAUOQzCDjAGF4bTUg,kr,asia
Jknx14WRI0JeT5pBpeF4AdNUSybPotCciJTj1mlpZcVM0bkN_09I7fpw7EA9rG6pWx-jncM9hxdbxQ,euw1,europe
rAhOSGL8csW0C7BFcetuDVG1wn9-EqwJxhpqIqA-dFLqF5Q7tUlnQtExoByZx4KxxH7YGBAul7-zdw,vn2,sea
1Pn6J_gWlHwFjTy6xoGe2SI_I755iITspIPuCDeok-mqD5DqesNzHo-Ezsmv17vZbx-C_um5EYrleQ,kr,asia
F7YP2uutV0Rq2MmfTYQuFbhQTMuZ_17wUNkHAWZuX9PUOse4bOUYoyDKEtYg8D50NUyFmbZkwNfnPQ,euw1,europe
H2Ycgrz8TBdCWRwJWJK48j-EucX8V5fXuMLndo90hsfInpiiUE1A1sl015S3InkbYsElqhqNn7-nCw,euw1,europe
dQG1ZmTQH_bEpdraPsOLc9SJzlbUVTyIqJHMXkKcYJmVJoFpIwmou6rheiRqgAX0aq6Egla1Oij2Cw,na1,americas
uxOnOoxS_NKqO9aEptdX73tAXcR76HcxQ_6ipyLcug7nUvqv_m7NPvjrrHvgWWhnA1WXdEL4KpsN3g,vn2,sea
A3DauWwxk8a0aaecq46B42h5DVtTXYsfdOWwY7RrETVvLQQXePmMQ9Z9xsEZ6mxJ2dTtbzx2F90h_Q,na1,americas
KQuUi7JBIMvRzydn8CMwIvUJJSOQ6Uvyn5Bb2-T_d79axDGC7LOSMDQ0Ktka8STXGbbZ2TBWTWG_SQ,euw1,europe
gHfbOwTmZ2hDsC6MI4H-yWRNPJq3cR9vxuxlrCBLfGDC9u-FBFcaG5W1PrntEeM_zOFlNtV1xssltA,euw1,europe
KBffWtrQ9qPWyGB_NNngdCE4-_mkbt5N3MOpZ19auMDSvfjiGkNEqjEYSE33biKm-gBYFU0ckZR9Fg,vn2,sea
GK_rOta8lVoavMYANg--uxJDdk1mV0GCjj5zJboEyqMf7O4tz1vI5un7eQJLd0k6iyxprBsciTEvvg,na1,americas
KbZZu1MKY1D9Sbne-W3rJqzXjcmbRKtWR0El5XoO3_USA2LSYkLc07hKCQWaa3r0cLMT1h6Y-EzdLQ,euw1,europe
fLhvGYv-3rn-82U6-tFgtxCDtKyhgfaZF4ODYXjr-Oh3_BKnyOajP8QjSkE_fVmDiZwgAAMnIwvQJg,euw1,europe
lcDNm5KZUOh-silF6QQ0TNV3vNPdPkbNcJOwczOc870htjh3Q2mnTlubedAFKGxrSG6wZS6QjKylIw,kr,asia
v8LSEtyvfC27cRS2J9r_zVtom9RmqLTENv2IH8WMOV4k3qbIIdQshKu-Odze1RT0fhvusDDbh0yEng,vn2,sea
13nl_qWlmEM4pUwPdaJEU2CcRErlAayiRzXFUlhqi8q_VKPOlNnGIj53PnPbSrx988aAndEMFxxucA,vn2,sea
n5v0E6snEM-cxKZy6uje2LnGLHDBia6pE7pkTEg_xWhJizfNf0sg9-Y-Se-gQk6BwlMNZVNv1SlbLg,vn2,sea
NqeiuRxCngP1AlCshiSsowASxru_4TPGI7XyUB0H2oBg_S8HwY69F6rK6417ONGW7k4pjsVY_bnm7g,euw1,europe
GuFb2zsWFDCARf4HsHRvPNwCatkty1uYXAdOdKHlU86OySV48ih98LUGYx5vgHj_PPWspIR_vLn45g,vn2,sea
xc27oGqgQn02SHTDa9Z0aAbjKeFHj_4kaOaW2E5r52yiwL80sA7iOvuYaZ6pdWUor3ZwZLwwZxNj4g,vn2,sea
N0FsDi4bG4Bslycaebkr_wjUqWm2D9RfaUzYejImS3vn1TfW7Ac-lKMhLV0Nld1LaLwC8drsdOc4UA,vn2,sea
SS6nPBX6Tab_wM60O65jM3LzH3EqUkL8A-2o7BWaZFzU9wSnBdwu8v6Q7hFrJKpAlPlSibR9V-MApg,na1,americas
KSKG-0BM-EISG1nZt1Gk1Owwquqr2Mh5_7h42dc9qTdL88KOmgp3IyY0lN6_1bwXUDnv63u8osmiWw,euw1,europe
tuBggIr-WmfM5OKu3pyNPbk1vYhJGsw6W8_f-cUkR0c-wZvB3fMpZ0xCR_424ViUTLNaCXu04E0pNg,vn2,sea
SfRmmhs68NcpgJf7MqrMOTLRjUR7wTMAokS1urpQQxiGS4TjYeyzndh4jWBUERXmEYxHzqJSORXVBw,euw1,europe
6ze0eIV5oAPfvCVpCmVDUaUo13rnNWZZ8YIrors1AHyhTibd-LlBvkaNP51A_ta3WePV8UJHQhNa6A,vn2,sea
k0xmbAWV2yjxrszYnMQU2bY_ZI_OiBx5_JRrIuepd0zuCtN-UdYdyJH1ELuIRz8-sCMJ35OHVXOoQg,na1,americas
L7zQ5hQdFdhFPA8kwyXYC18nyXai4G0hW_xpQuh_reubsDrjodWeqZp-TlAxDDYuPSQxtsC2nn3XVA,euw1,europe
Xsl-lWFUkbhZzR1VLmX82dE3-SKcksl5s9Ns7t5KqsQn6rujvR06dLxJEZzV3dkln9UF4k_arL7kwA,na1,americas
nAgkoOabM_RqK3Gta9ZXqRZHcHmXJG_XLR398CcyQnw-QfjxfRgeqtwRxTxGMGAbGz0lk4VonKo8BQ,euw1,europe
nCZtvcVeL0KISnANRdgDKXCBQze4SkP76ud6jP83WWcITl9iXbsku2RXwqujPOGzPGhfc1n8EIlr8g,vn2,sea
u-yG04IhMKShu4t36_vm3Vm7W_3Ghnh0h5TO45ye9IkDCwf0JrDXTKUyqxSZkAp3qRiI97WxRlX23A,vn2,sea
BbdEClfaKCGbtVmzywJgbKS8KPIYO3GX26DNrmPP-q1GYxMGHHITXTxUdElTNMjtWDaMPPHvS8-42A,euw1,europe
M9MHwBNDgyb86q_Bj8NEPzAesyFoi19GAPZ2T7platQ77C2UazGlhn6ZfTV4plM95Sgo4xLCmf1MYg,euw1,europe
UplxgqsWJrgn0L2lpFmBV89U477WqdcR6ZRJ_fFeZ43qYjI8rOsUnsguAgiDIsJeNYFfjeQLFcbsIg,na1,americas
uyLBZ7y41s4JBM5mVBgnMdFCeHqwe06Gr9aWJtc2ZCC2_Uru1eXKqwY2_NfDesVIaCxiaQ8GJ1M5sw,na1,americas
gi2YtycCC_Lf7cJ7n0GKs6RGmavdrpXyS27voi3LZiHmLX2dOX7QqGTtQIqgLyTEaRnz2WG6sxKQrg,vn2,sea
eOqJRKqWG3QO3fHL7VvPv-xMRWfC4gqsaIDwap9g_2jpITGm9JJCOpq-TGoeH77upFVN81xr6xZAlw,euw1,europe
3u7DV_1PrULTDWmxKTg78yZP34nDDkv5R3Fu07SE_zxYNT1ewnppWkvCh4odeY-5fqLkAX2Lw_WeIg,vn2,sea
roLPGqzEL1r1akncH10qHeXJGJlq6wZ10hqirxHJCQ2UnFKhpizSpUFOAv11PboR1SxOtHY9VvjpNw,euw1,europe
uGhXDQgai66uB8qC9Mzs5kmRXOYyjFa3_8IFZP9t_-BPV4JswqcAmVDGD-x0ZRKB6hJlK2fnwjybug,vn2,sea
Vum7-l_ed7cUERe-G7NcZODJw6pVEBY0p3S36u0o2dw5O6SGeHlxG2jxAzE4amxVkS__xkSmu9BHeg,kr,asia
pFAzGRPRkfSAxt80xaQxS1qfrQoSQ_EXGuitz8VLuwrXBFnF3xDQoY0bAk8_uMLEKnAHSZN1ySDLLg,kr,asia
1UsGYdCwmMYBeKPn1mri_zQShzb5BfrIksu0a5jCRvvg-4M1EFy8ObPle93mwDjhvQ52NDJZgUp1_A,kr,asia
qrLvuq-hQEXg1igN_ztzOjFW6nVdaSd7-Tgk9NpAyk83QcNkeNFMwSZEGbpN-SSIr9moRNLWrEAKKQ,na1,americas
UdnOUWKuBFEhMok4soBLtu0hUObJYnt-LtbFFFMLHC2PpyvVBh5pUP2Y_qYwMQQzV7832nmvnq6OGw,kr,asia
gEjbY8pxlYlaEMB5WqbREi4qtXwgpYswykPe3cZKnN1EMRB3MCHlF6sb827xLo974jgBDjD7Y78csw,na1,americas
sX-zfeN12q-FOv3n6ZWQEDcQFxmG-U4yvKY8dwkkYII2kgazf-hvDpsdNTtAz7X0fvuP-SLJrNEDUw,na1,americas
G4PTjP4ox-vi2oMwivfwfwnFsNVC23fGug93OiorPJt5RP34KBmf8VVJF3tjFRysdaX3GMGFo9DLQQ,kr,asia
L-DA17u8rWYkkhxkuW8fh0kMwLmnK9Ugoaie8nL3yw8YmsYgjxV7DoqbtduY194GFGOyTc_LQ02CnQ,kr,asia
dLLLmcdqImree_3-5idmzodc_-pICYhbUZhZxEeoBBxDqU_2pTL7vvYsRxAkBV8QjESH00OhBGlDbA,kr,asia
jIBj1ufTPcEt0lsZfyA8DyNUMpNykxA2WstczWwmisspWYn7WVZYxqUGnVAXtP0IAxrBNLPdb99SPA,vn2,sea
e6dh1A3-zECOgK_i18Alz9IUBj3w-EzOlwwjljU0xdfwUEwcSq_XvCaQzOLA7T0WRhqaZn3Y7ROdzg,na1,americas
o1znSiE7mihxmOWPpHynXLnwlGZ5zWP_B0OcGZyN8u1DjmOkGaXVONtp81dm_t4qMmRTvEuR8N02kw,vn2,sea
uvs-tcyvSMKfzmEXkp8DHQNCxMIRtnwHdxDvbE2H_l_GvJVJcYlw6bkh9jN6CTSHcxaz7vjMkqF2iQ,kr,asia
VQm3OB_2KFeKJCogzOb5iJJG8VU6EqrcfEWhfYBh9NrU5G3wksisHHphRqPvQv1H4DMAjJAiFAg8Hg,euw1,europe
bM5t4UQUwfZZfcJFZICinmQ1uQ-sNzEwFj70AVSkrj9BpUXeQhHZb5BQiN5pbWVVkB4dGcb6H4EM9g,euw1,europe
wtfar5IMZp06EWFUgJA6flfi0eRNb4omXJ1F0AZzS-3H8ibi2_WOjXsD-qO6a0JSFw3UduB2QOY6Qw,kr,asia
Tv0sFRVGtlwG-gBBF5hDGKeHQPvHnS2VusXUR-cKMUL-3K81YeDg9PzI-QoFB9RXtLfkj9opX9Ic3g,euw1,europe
7vw2zw_Gypb-SWs1ofdB3VPKY04-SKjmNkhUzE9tyGAYLsh6UbQVT7Gs_CsbxXWqXA38P56tZP4zSg,kr,asia
Yz8Ficp8VWhAPqVIf_YJS_ZdLoOtlNkHfReZIn2589gRh8A_-hlKIGWnIFeQgDOYtnaV9e5AD1PjKQ,euw1,europe
d6BBm3opn-IKmjHQFLQe7ear2waOqYM63K7FWSFauUsbvenNHSTXTkF2v5fISqNFJZNrq8n8pSONvg,kr,asia
wqmgT0vekvCfq3_LmLMM44tNV0vqo75jXVFVHwq46W00NQ7e5JRlD-YNf_9Tpr_CnCb7psKzN0rvMQ,kr,asia
6SObF69hdSF1jEedntuONVyZDbw3P27nC5GcFSjHQ7b02fhj4ThV-4qLJPJ4Kwf2Je073rsmro4J1A,na1,americas
5IQXdydL4mSwd8x4Y7yQUJNxCa3cA4hJGkAeBWW1oDs-loz2-tROjKkPSmh8h-z0wbw1Dtsx2sdEBA,na1,americas
K-cK38Z_3YNvdyKvFmkins4hUnilIMHfTkmCIuVnq-yjk0R_LFsQbNFmpeCV9BIr1_mwFLYjx2V_aQ,euw1,europe
mfuOTO9fsTC5JzlH4_sclpp3B6efvcC7J35sW908x2YI3hmTivjSUged4ThovyXoAUTCl2A3v17BtQ,euw1,europe
T88rIAX8fqWfjgTyGBJwUO2v3H8FTSdWt-DRrtIXmeZFfRSX4ZmyY__cR8YdWqKmX__x4pfsPJMdWw,euw1,europe
1JlXaW118G_KLsaT2dXTM9TzxllkTHsxLgwBnLhGIMwAV7OA-WejZTsfjZYMl7n5gFF-nZpmF8s_Gg,vn2,sea
HuLTzJuMUp-RfJHqMsExQlyvAZEI6ubA97qa_VT61TT_kwxpOOjgt8SvWgGGR641X4Qe2tAairuWWQ,euw1,europe
B9yEpxptWfbfY9IVTZ0NjJpAgwxyPZzNaksDCe9fIYLm_JR3-tpqvU2zfVLSPr0lq2nsAqJsFS5Eew,na1,americas
dN3bZnfu0J2RtJ7PSwrfOZmPRlPjbOzv-vJeD9UJIMC8nB2f71FJvjbqC2WC2gUSSUst2LvtUwlNAw,euw1,europe
DpuiLdAUGhXriXCWmiEQpGqJ5LUYBqm-YkXw4dNc1dmzD_RYC2TwhDTqzQ5OuLdwlWkgV3AAH-KU8Q,vn2,sea
dJXcuS0nh1UO7_ay4IFAFXmr2Vpr8e1ygLDTzMOwcRajPm6t761koVsvZXRwIBC8ABXsi2TXdCAgew,euw1,europe
Mx17TR6ZfeRX7p6zxHDbFSkkNj5IkTJqqaOAOBZ6xamFAm2cjVCJiMx3_9lxNTYS98jMdJUOoLysHg,kr,asia
nzvSEMDykku1eBviDBi55L46lO91Ue702Eh2q_aIVcOLGvrDTi8qXry61_7GNpyIIt5vsHCdR9ZGBw,kr,asia
5x7TAmxZm-Sye3gTEYSMnSJV8XkpsF6iuXJa8B82FW1DWZDDi9hF2ZB7VpL_VhYH8yYt2D4cKjuTvw,na1,americas
M5NC5EdqxZOgOpNUPVFuvxA26Cng7mybG40UPWut9amRMPXxH77MVk3K4X4VzuIw2mJ8qNnhZ_aT3A,vn2,sea
cR_5BIPwk4PkqNPXeW_Ad904H8SE5J1AmFtVYWPfQEjihNxhwD6bm-YpuxFwAlKSfqRREI4GN9blCg,vn2,sea
i-eJCts8s-Ng0mua_HkpIIoBQsl0utWHJ4c3eUCQTMkGnN0ue2-M2Q_m4uMTNO1qMEOw0uasi9Y4PA,kr,asia
Lm_phv61_5jtWHxZT9cQ_en_5KQnDIPh7JV8ImmGHsEYWqyLexuoZkNjqNtEAenmnZe1MLxI4wC4mA,vn2,sea
Vzpltk7p0rCkYNDBTQVDwUzdYXerUc8y8O5KZB4_CjgaBedSIj1RJwB7P03Q9q5kB0LznTMErISYEg,kr,asia
j6t4W73NziC_2FHoZL-XJOtN-UJZM4jyK0cOg3sANf8FTjU4dr_HSabOsOWx_6MCMLc2e9o3CDcIdw,kr,asia
VunQ0wothgEAGo6hu-jAxIGrPjFNysvDbEWGFYPC9Do4FuLjkJwN11YrrqQxLxd30E4jgJ1gnJ_wxw,kr,asia
-JikDbp4ly2ewRAiXjF-e6aJnhbA_3bE8Vb-JNJVmTS1d6zYaJSBs_v3SXRxyq9ibAfl5vKcQt5dIw,euw1,europe
I6vHraI1cOsnMSA2cZAQefF0dgwW4pR1Qt0HMr23WjrJRH_PXOzSJn1RqqsXsoXrZ9H7wm2AK-Q61g,kr,asia
JYYEQgyN_dZ-TLl_TTHxdpgWlG5qe2robKfOW5JR9C2xHh1WJyCcIbWg679obr4oGF7wzf0QHcaNOg,vn2,sea
wn2BBqnhJwuqmVP8i_mcrNaD1oD-2GFIOdOLdQfSRI_rh5gJZuQdj9vJgrJAKqftoIDwJvXehzX-Vg,euw1,europe
F7tcDUbLKfGqXl06PONAHhVqoem5AArgu0peubZ0IMPDZdFEX67KPeB_zKQCQAGA3thMTMny5RRgKw,euw1,europe
NebLAQbwWQUFF34qlUJ84N_l36yGagfpOt63FX9z_vV7FpfdbPvZ2QhVN9FQ7GE8Q9bNxxSn14nOdQ,euw1,europe
4MClKPPN10jmvkE3SKc2X24i3chip7Z6HkCdMaJ82BmLGhue9tEwrOtLca8HbjRGgOhWX6_qVkeMjA,euw1,europe
3M6Ypgicbcf12yElqe0s3OEwhbPFWYHDdKBSgAFk_2iIbALZA_CWTnKdTrn3cQHiwN9oNbudt50tTw,vn2,sea
u_tGeDwYAuZr57SNiNaodMVr9D0qPnCysp58h9aiHvic3adBpVjplmHdUtAcpmzTgmi4cbcXL2jPhg,kr,asia
bAE3BuJ_UCBHFATWuWmewUF5GfucNxjUqtn9nycGwRbezDwm2BO01IaVKoOyjxd2uAsBB8ltQYDmAA,euw1,europe
umvD229PphqMq1-tN8ESZFbhhN-fUl2MeZ8o8rayVnoLPdvfO-EI1Ci3fS4j_QI5rtgkrCr3aLGMlA,kr,asia
sXDD25le_dh7MtDDV4C46HiiLyBdreKWioNabCOfn--Nz324tRcs_I3Oju8ga2izaXAt2zu3q4HMmg,na1,americas
ChuMTPjSzk-JPa2A_xDD4OIlcw9PFmGA6NCT8W7Ao97dZpnE6Cle1kYA8RjPFc-YbrJbaM10ZsvqPA,kr,asia
9bqC5PY4lkFUuEyHRq2j2griIGV8Oa0H9zXedt4tV3_EFyBKHZ9aF36eXpLhjLzg6rnAH0ZLl4SgoA,na1,americas
XKD9Ft_1VLqC9nVmJHu5bVe2ZiKA5x5aP5scpk2MN1aSwiTL8JiT6545vH00ki5oCUZaKXsN7x6jfg,na1,americas
8yYm588G6U6KpuZEcgYJ7ySJgkpK5Dg3wf_s-Q5SF7ehOVWkdAQRCpgXX7KqCGqkT61_8p8e2B8SKA,euw1,europe
x6E6HX-pGrWdfNxWB6QSFH4gv5FmmkMQr8hb314J3u0TaX2hSK_QEwwORXyqbw5WJ2cl5fwjU0rWeQ,kr,asia
RdSt7GPKkwR92YzI5DoaiVWQ_1_DUS3nWyd8XHccK-KmDfrtB6ORc8toDOEMmQSoWRUXh-hM5lEc1g,na1,americas
BKfTb4HZX6VdTqPBUpWBP6vkfl2I_mH3bQZN5gtwtRjY_k5DypG44X-Z-QXNDNlUK7yqc9EJX9RuYQ,euw1,europe
ocH_oRekhtdE0Ad2u2vDiZSQTcLfZX3O9yF7ZBhPJ_C7PIt0I5DalnqJyHgsHTrpIedGGwTT5vd3XQ,na1,americas
iZDXU1fs92UmG59wC5lNM0uxRDHXQywjK9iZgxeDaoEhXnzsYJFCSfzXfrKER_2w0E3R3CiuauXkcg,kr,asia
n0eym5j7HoVU7tfhRPY0hRJaPH0gb-yAOWwJmi3y6aKiqWLqOQuAuFDpv44jscHWPs-yYRlVas1ykw,kr,asia
iY0RkRLkBRvdOZu3uKiHzMZ8gtV2Ii9OwgtYCcCqGsYUMTcqZoSdh75qiN05ku-I5u08GzapOIIHFQ,euw1,europe
iqZy7nFfXmotEgLNopwr8mzlwGVyzP-UMg7vtp9kSRxb4FZeD-rlXtv5Zp5BaJ2y_YjU8ekaXlRyqg,euw1,europe
zkZrufF7PH-28Dhl8rmd5P3rxizBkfMAs8CwrPhkh8AJlqxU6APECXVKAwcTkidcqg3UeTWZd2TksA,vn2,sea
9s1Asr9c12viYpHevRhiBSNUZXOnB4g6WsGJjkiEpkcRx0D-dCW_B_r_SE_oNRNi6SoF0DIDJUxmPw,na1,americas
BdZXJrWLXdxg0Pz_kOASqoIedplkt2A39LILiBsrJpAVtufUd5iuRCeK8eT8DHan3wSNnlowNPDuVg,euw1,europe
AXE8BSjVOXZnab4qC0rVEd1bfd8uuEDqlkRsKWrAyESHsIngcEIv_WAZ53Yc0quv_ZSNR_2dU7cREw,na1,americas
ERcsvwIxQ-zhXguzmN42WgXYDglbPU9fDLvejLAElCB6QhucRfXF6344olsUUx8OvqGrhRkeEL81Ig,kr,asia
EryqXlqvgMmFQyln-_IFlBthiOmm4SfHOwAa9EoiGLuhuoMTRYnVqMc3U1XZKxt3V1XTWfj1u3ZCpw,vn2,sea
CnJ0SzhIdcShPQp0e9oDcs9dS5UA4CzmpP5Q_HIlJ8YxGTlmn6rzzrWcxA5dedBxBnqIOTfv9ZQiQg,vn2,sea
t3zW7XnmyXypSC_RR-soAUy86VXVPiU-oZQe1zFb25CFIdroW7YtmrnPoFIZGRzvJ7Zrd0Oa6UdCpw,kr,asia
Qu-xtWvhR089Jd_pEbBf4t5qHvV81leEDZpnfKTTfJ0tsQkAYsDfhhZizI3jRiNPIo3mVO1DhQruWw,euw1,europe
4N7GMruILispD7erwC2qr3HeCoy3bvM23nOl8jG9DiPy8R5HRyChkNnWP3hY5BPwZcNixLbT9g6vWQ,na1,americas
cjGj7WVkRscJNri_J31halXFRRM6DmrstQ6-fBsy7pV2r4-2GC_IuiXa1KX6tQCh0iNIC7FJG-bATw,euw1,europe
rYrJXFgHGREpDvUMJ936BNP_GpcGG9xcdD02j9Bs5zd8-2bm63919Sym7OGI4kPJTDydyAjoWvyjkQ,vn2,sea
raqYMmLF0QLwDMP99u1hgC5wEXZjIBUA1rS8twFG_03zfG3OT5m5Pjaah5R0gOKMawO2e5ngTJC-YQ,vn2,sea
V9A9eKzDKtrBw64qcnOxDUlIKX2Zcjil6-cReUAr1zltADpb_rvq1F5CF8pXw--bvyRJcFKAQaEDRA,euw1,europe
VvOSYPdmALk2Irclnk-nLAhN2S7H3vfayizXowa3McAlE7ctiRW92Kz3Hl6uYSmEOEuKTu4mQK-sAg,vn2,sea
cDr1W8a-nvAqObJTwfsanqZ6dl9SPmpfEClvVRKsd68w-c8BPfx_ol49XD8QTdw-znjkvh3sYkLkHw,euw1,europe
72aJV9_DD5jqlx_5thhK2VkzJG4CdX9OnnWdt1QTicRnWWnqZt8p8PCmRrT_XqazV-MQL7U9jACzSw,na1,americas
RAxxrh6Fkpw8kWfYfWmyQa80AkSQf9JCOTJoZq13WyTP5jervJtR7GGD37L_GJj-rEgRNf7Wk-QY5g,vn2,sea
l-dVvzF8Rjn71nwZGECOIQf5PNsFDePHwXWVPo06HGXQ5VSk-7sFULlLQUWG5QvQBWdjJH8hQf-jKw,kr,asia
GFpuEvIYaVGM5mMsCsXGFj1ZHWng43Dxd_ASAexArvQ40FVjDtztOpJEF5ZBgBXMp1XtfHZy-J67KA,euw1,europe
X7QRTROzMYOzN38lZDu4X8nnIQC3kqEfPQKHSLmdyD6GaMtYWYCuiCdV3yduNPmycM0xOgEoqIRtsA,euw1,europe
gsYcbJoZEFOalMZJk02WpUIuiO9gRapRbNCKvT1Ahvn0DAY6g3VdTQObDsHcIdEvXo3ZErcdu9x7nw,vn2,sea
WiTexwmmv_aE_8CXoXMK34KTVKp98vWlFOSMdEXagNXjT1vjWr7Gsj19DmHj-xgO1BiGzxPOnSzwlg,na1,americas
l-Wx46_zgxIZnMOsPiFPWwi1xdwMmOBsI5cG4yapC45QsA_vnZvjWcLtpeuLkgIZK9zq09qxkBxeKQ,na1,americas
wme_kVBrnQ4VifsRf9QP2kzUd2BGifU-4hI-LlmkmFSk5Wz___vzSW5nSlKZzK14z0h6lAH1UeMSwQ,vn2,sea
t9-gQGhCc4ojSPtGa5GpFmyJLgfFTTcsOLqLI4F6RL62YeFQ8buvtrp5JfNX2OaEoV5nV9_LlW7_Ig,na1,americas
u57BPJ1EtTgojUM-wIhEcQpfyzhmC6jT_QEvRbFfqhoh4YiKbB7jNTtXC6WwWx9dAbbENoGqK8D8hw,na1,americas
kEK4GD7EKcY_AB0dZQCBrDKI2xWUHtiHecOPrT4ojP5ZIl3txALE-WaIZpNQMX239_Np7FTP5h6x9w,na1,americas
fd57dyCGzmsUU11F-1fhHoL4ZVGt1d_6fP3dRr1DTQmIaIl7Z5zNAMeFg0e9VGUhGp2gVHF9Vb6BJw,euw1,europe
LzNkMynaNNUlHcnDsQisXz817ZqVbF4S7anj7mqN6MWxceHB5m2ryEwNDlOVrXaafTrLeDKIQwr0NQ,vn2,sea
yKQieN5NGtDTTbk5VDVi_pP8qgdViZjYyRfs0Zeje8WHXLKeiCSIF7iNrKh-24qsLV4Nq01InEOHJg,vn2,sea
9xC40PYDk7mb75_Uw2bHB9OvDYaZzEjLC9-PbW9WLKYcyLihX4m6XbZPnN1Qxo3ZWgZ-gVKwrYprnw,vn2,sea
8gcfMxe14n9O8-BPcxSFjbM9-Y11jIy5r5O6FzUjTa8YUpthLnCAgWrbraoHJ5iYDOwy82aSyQfQ0A,vn2,sea
t3ur6LErU3BG1ndaOl08WmFbFZESZFw8K4I4jVHGxs2gwg-9-9NF3JJF2IjMD55K7I71TzBU7p96Kg,kr,asia
GgOaUIk98SALRXnhyVEw1zr3VKbIQIyvF85Gz8RknfRXY8tlW1h3I0w8n0lO7iJzIyOFL9quSIgDEQ,na1,americas
Y-ttFoZK9RE5DpvvfE9_eTlblMjzG4X8oNFKYqWYk0X5PiwFex40541sn2S3v-cjMVsTT4AWyLvkWw,na1,americas
0-aahws7PQuOLxs7T8IgGpKjkG9py-w58w6JTYpODqAUdpAsnmwpAOFl_6hMU3EWe3fozs_ojECbcQ,kr,asia
ZwE5QMb7S6xSOePuPpAdnK7KQlbhwA0oAMZ9WWqIpk1diop3ijvjpwsz4rC8nvrOFazQsKSxCJ-MvQ,na1,americas
9etMIwzqTFLeZMwey8nKe3Rg_RlGXWoX9hv7UnEpPa2snfFJJSDnlI6vjuFcxjm3Ta0_FDYJFY26QA,kr,asia
FJxYJOBcuZ85TjM778v25C6IK-pPlArxHJv5fOAciBJYrjVUNPOfN6iOtfDiDqEW3pC-eWMVph1Jig,vn2,sea
rvxbzIxzyk3lN8XT9TahCpQ_RelZZK90gw41yJfMsqBfJaEkIqaCfA0jY4d_hrzCvEk-Lv3DeM5ZRQ,na1,americas
4rc3G8KkkllLyvdxSFFEOGAid8jwOCBbU7FR3nAzDBDIsvC41c2eLBFiaP0kqMXmNUpSmKUzEBoyqQ,euw1,europe
KdzzPrf0LqweZCOja-ZNW_2Y09yJnYoIGrCzGCKdbHNc4D3a2dq0hAz9hm6ORhKtI4vhQTGbRdAspg,euw1,europe
pmOUexTrZwpJ3NYBmD-N4nj3oeFsiA-tqPtW4lsBtvYYXSoHglHTRWGqSDNEaNIneDgb1eHTT7B4TA,na1,americas
z_S405AAqutx0heiPhqHmr51p_Qzf4CV3t19fq_fjvxkHABSirAu6G-prgmuoeH1xVWwi5isPHpjeQ,euw1,europe
JDCzSRDB8chO9ceFVWOsWG6WDK6p5f_5szrumtOlMrc5MYnQHvq016YBMIXaSzMe87dUS6SMAzVLvw,euw1,europe
dm_IfEkJouFitGnNsm4Mf4SRI1hEnjhd96Ky62UkBnJzr-VU_49mYaZwrneAYOeeSrl2fyAcubfp1w,kr,asia
Ckj4Ag_Kt2igIgeeiaUcUKx-z_lBL61obRZBvz4TWrJ15wbCH9H_3Tst7AWlG4pKCGm6iXdfnhoVcQ,vn2,sea
9fJOZNxbBRLL4YPpD3uxV55rj9GcUP0q1ggIo54Q4yl8SyquDZmtCx2x-bjLdWcEufGamRnUQIFzBg,na1,americas
Qht9alWRIxPqDt5s8vqdjdbVrLmHVosoJQ3awePMhY8uP9oK9uHnEX-2jCRi7S1AvNTCe2jfZTn0IA,euw1,europe
dy3sjyf7ZnPDZJpKUZuB2OElcX2qXvpkgcFzBP_SzFtBaIm-sRzTppAGDqpBX7gpc_n-jnfALA3jOA,vn2,sea
cgaEzeyPyTWcH_VWjIjA0DKmhW-SN_hxCDTWwzqXhFNOOSFElPuF6pUPccbQzQJhklQ2AqFFZLjS_w,na1,americas
EWAmfr4tCDjMF3wHbXS6wzWFnPWHT577L-rn-rh72XCoj9wark7R8AKJZL2fFNWxWHTmDV5egfa8zg,kr,asia
n4RyBXMFRyhvX97bxqlyBeWB3N4wCgsS1i3m4vdMWHhVCeC8yYXJ1azOi-ndXZh8l1x47guYNILFDA,kr,asia
JhNFofqAIxVwemBuB0gyfCwINUPFs8w1-injtoPLZPxipsKf_3dH9Pg_el7fUV1a97u3v5eMR3VzTQ,na1,americas
HZ8ivSxjl-tQ4W-c-GtpAgyBetWGfWue0sW-PWab5-gpvQcM6d3fb3iTbneIdMzP0bReQbbegB80Gw,euw1,europe
3EbK_LZNu9dHgGie458a966gozJ3uplfLGV8AgQgpVPD_Q21o1TMa42f5h0sUMvh6Fk1K1e-NTYwQw,na1,americas
c0OZ_61Q2aDOeSftKXkUS6jvlqcN0URbZZVQacHmeqI5AEJIVf6OpXSlJ-Kvx0WXwiPBPkl6jMVhZQ,vn2,sea
oyUlFHD11DeoXSbWfp2XmiFhwEO4eR5RdU6oScdOnlzUmUqzokAt9QTt5-TD1SKxc4-SlG9PKXImpQ,na1,americas
q5M2zkaI78fVAe9xiyLG5sJ12GgDByaSsZT_-GWtrVyUKbdnOQs432ePw0fJ51F7acM-mtXNoZbi8Q,kr,asia
9XlKQTWJntLlhI7k0FvcEniPxogABr4MxriubRqGZzq3YJRy4fnwTZ_cow3CuaqUVSu9_EIVVKBvyQ,na1,americas
Q81_-ugY7RbemPo5cK7LY5RHB9kpjwcWAicGeeCALc5vuWxriyR0ZZnR3VzA3IM66rPUfO_gSbqixA,vn2,sea
YDsHxWGQ_TR77yGqWxqXkkkAf7XovDoq11XDS3BGI4h52pz1AylqlJlvr2KPMBHjd2N_5WUztuWU0g,na1,americas
wF-Nz2xNCijHGQIWVmLSfcfD6fD5tMTiJAcCGMTBeba-V0zAYw62g_E6yuewpgrgzXJG34B19c9bxw,na1,americas
kLE5d_LdPE-5XKMuFQ82hWOxn3tRX6phN9Su8laCI5da5V2jki3LpMuUyaZT7QaYg8-1m692fCPSNw,vn2,sea
7XSlDRk8FV6Bxg2z5xYpK-bz7waysnWaAo-1iEhTrGP8XJfS0Ivb-jqns4zfGuJXyIVuPWRBIpaLHA,na1,americas
9XSAc4Wpn-soIaqn-2IpfLtXI0rmxT_YrDKhl6k2PtfD4L_LigKyo7SuFcuSjZLqxjaMr1yltvTEbQ,euw1,europe
RRVfCXCJBqmieDBR6fRGcv3uMTsXZRL3ErdcMsTr5Wb-S10GUEQldFULEM-cUD7l9MobysKoEMlwTA,euw1,europe
g5UiUxT3VS0hZAasyikr4eVlSXLS-0LMUy6hcnFGHulIfei9KZvKaMIM84T-VVQk01vnaCg4Jvp2jw,vn2,sea
W8FW6zDy7D3aSI69_NgR1FGjZoXrK5ECaeLh8f6tW6W8hC4oPuoxZuVCqHJH2IDtPZcoSyUFqeA83g,kr,asia
31Xx86cq2w44_I8ZrR9fJtEUdYryYwX6dp-oF_YMR0OEhtOXr6lf9ydxy7ditIE2VNdSSDg0vBusTw,na1,americas
FHokJlWgbuC3MH66JXPX6MjISDjMe8aPqrHfSu-8WsA-mbCqJV-hPvk8PtNjmmKXwcFzGYq_LN1aYg,na1,americas
F1jb53Owp0Fx1m8DbJfM9XowrKNaF9V6fuTgx8YUXpKZ1-hiGq0LJpDVyxXMi3FgLHWQRF587L6ggA,euw1,europe
Orybm4awPSL5VoSy7LXlkqIeCMFov8rUFxyD30J-mzTM-xqK05UBfsi94BbdXeZfKOLLARRD5FzjQw,kr,asia
Qb65uhpmux9O7weDfDgvV3_RnchPj_51rUDAUBLBeQ8FwkCDIiWLn--GdADavfmoTfEAEDi8qT6JhQ,euw1,europe
lXXIZ1rOAB-BKdMjJZiAp0CMeDR-IS2h-1Zs4JQ86abIVcJa8PFtlrBYe9-Bhd1O9kE2te4agLb7gw,na1,americas
rAYJa-f-hpC19Nh4H0wVg3jHnYvvwyFRnTXD4DbBcB3HSEHVp824rUSxB4NcGo3wsJ9ND0glsObTzg,na1,americas
tz-ET4P0dc-bfO7Hi7GnDayFAvKOhW0PuEM5Qz8PcTrLkTmCI_2B57UbPiySYGBjLzFeb7-T2QzKvw,euw1,europe
C-me6h91gqW589M3CS5pS2Seq2la6JXW4X4JdcxSL6wtpLwjfUpAHrwHC7B9gR04D2DuBIarq4sNsA,kr,asia
O-VI2iF23A1HIZ5M6dLB3XPNQ9bvG7c-SFlE-gxWZ9mXItpoMwmxlhlaR7Kd61grSDvXPkXT4FvIjQ,vn2,sea
Bt_Dhci0oDqDncgAZuHM0N16CZpjwmkOCzS71WTsRvmZhdQzkOUD0Bauqs-ZsViiAk4HaM6rHgLirw,vn2,sea
n4tM6Yt8RXIk4xhhQ5XFc-eoZzayjZjEX9pd2lqcNlRFoJ3v21uRImzlXAkKePRX7p4qo2-MASeOew,kr,asia
rufh76r8YrngLz0eg0BZWKwxmGwEt6mi1-TBZRJvkd9SpIZSE6keQux0naYKnzisItyl-cwuChOaZw,vn2,sea
dzH5kPlvQVqWwFlstAs4Mat2q-9erhXwnM0f5uKGKbRnxYG1ihQ0EisJKAD5ff6iN0Ij5pLVSAOHQA,vn2,sea
uT7WkLINrVxc9hyvKTJlgQKRseEV6Kv_Ao-FXi9NygXf19pvSz3joOJsHFoT_Z0z1Sh_UXLgnRrYcg,euw1,europe
vNXO9IHngs1Wl-wEfnkrDkl5M01icyZYLG68AlhDX_7_EYOGAo2HUCdjq10msJrGiS-mKTQIlao9tQ,na1,americas
Mp9Y49lYdDI6zeuWtvuhzAJqBGOniU9eHkMRU8pyxrsozXpKNB3Wjhu8YWpUj8iNzy6k7r7Eq6v4Gw,na1,americas
DQHqLG7JlhtvpVVR0BgRDdVjKzBMMjtobaP8JtcA4p689BIl_i7wDyoX4rI4zFkNYZIq8Un4lNr7QQ,na1,americas
8MlrGWO2k4a0EihRc4xwsdUxtAzgNSIM8JEvLW4vluRyA7e5R_s2YvifSCeCRINRP_x6a5G-qIF7sQ,kr,asia
rDJ-siFJpox_R6s-Lgk3c-UoO-DlqEoky9-uhkY_ADdnBU1lyIu3Xg9qjeO0zxSVlWz69Dp7zEV4ig,vn2,sea
Hx5T4CwzxV770DDlCedco0NLPg5iUDXP5fo4WL-xk0dDYhbtlKMPsqInN3_cYX-wn1i-o6ckSnuo-g,kr,asia
lZ16fBjFi4rfyhK26AUAl7ry9JIxmpWV6o57SNMC1bY2tCCKtwZCI8u90s701I_IB14hr3vFC8v7CQ,na1,americas
AZ34fC1IlVYZeIZZiTXtfvTTspNM36PeCSdBLrbrkJDSINPDbFM3lag6GStxTdjei1_wd4B3J8wMAg,kr,asia
UlZU3VZgyRWMIluTuKf0HSdTF7Wh3xMsO0kRF-Ss8bJqWcufO68hqcPbcxP0wmKXq_xodPlwJyOy4Q,kr,asia
_YJLwiaxCYekABrrodhy89Ql8-jxZ9R3xX8vEaB0B1GCS0nGgGe8YyeWCubKpJG4eT-DmFy2RBV2Eg,euw1,europe
CQzj6nh-irpRSttRNU5vQVcAmuYUqIU3ri_-C2ajvYXsjmt_fnJ1Qa1qtvwVf1uE5ktH4i4TUmnUbQ,euw1,europe
gP2sGs4Wctma2S9yvgLCcCzThKywJqE-MNs6bZZSacMEv3kWAmOU57xjI2jz5gOGcqdUUx9Q4d_YMg,vn2,sea
tt4D90JGRwxUm0C694ZuNXU03848PKZAOfoRQbxGKVMod7Ri_O2rLKjK49NVAZsfIWoADh2WN7orrw,kr,asia
EIjFO1rHfdR123U_Xv_Mkip5YFV-9ClQg5vHPo6TJ5vQDqCOh0sY3hs3ybtQ9F8jxHaDyUTf2p09cg,kr,asia
tEz1PfjlK5B2A4bPCm103MO8FaLmPrXP3eZpt3UNIRBqmJIytRyIo54v0bGYhQTB4LSSLSk7L-TRhQ,kr,asia
oIz_T867m6CMzdPK4N4hdkwjFQQUfSWC3Gq78tAE3DuB9dh0vO1niCdYJybew170mSJYrlN5yoQ3uw,kr,asia
oJuGRSzZeEX2LNvsTqChPTptok0b-QyWHTSuXYivuuwdXVH2h92r2OXobndiso2bkp0Vjt_RhhOZug,euw1,europe
niVxQCKVNe2GTAjKAClbYxhEtAFseTZLTXxvmeM4QBMC3H9Db_kAU1mcYOLXs4rHwAJaBXWOxl7VlA,kr,asia
G6yfETDlXpOPaL5aeZX9QZ9ZldsRbu0GRLyvP6AUX9HWWUNKcUT1hrZ46WbhzwWSEXN1b7gbY0ta9A,euw1,europe
DG0hIDCaU723y9NNkYOjZb6xkBXz7qYWZN0nfgYrXe18zY3TCoqYlsC6M2t6zUZkewu4MIKjXPErLQ,na1,americas
hGeS6OUp0Xpzt8AeHs2vUppfd9niVweGj_1zK56Zo_egghTYADMeeCHzZmkvJZMokFnlpM9-kqg32g,vn2,sea
eOi-Y4__JOI34EkFMauv7JYNS7k2E6hzKoZHow1Kho-X03QITzOH6v8hqLJQ-hISAQ8OqofRgDprag,kr,asia
Xr0AzMeuDM1F9CIHsvHJbw-JRslcAFH6N9UfeGypgNYk-hR-516pw8NyNUYG76Mj37f_dB1VTusefA,vn2,sea
899RmtyqM7q44GwEOzJLVXqVJdWXdEDbImXiPbGSSjeJS3TcVAKL9cJ36bPgQgl5Y_AMWxKfk3CBgw,kr,asia
2Lb1IPDqagI9T-cy4Z3Qm0j3K9PiR5xVIyy3Fdgwwl-XLuDNSfaEY5PDw6WbKN6Zc1LaNryRAIk6-w,euw1,europe
a8diBtD_z_D7zVRDlR3QKvMTdwkrmF7-Hxo_qQHDJeEnBmSnCREUs9WyFe1h-64JLQkEJ5NKq6cMuw,na1,americas
wMRUP1qDnM7hkMEjZSYKpwFbOIHhL4a5ED6OWMh217x-TCw1UWjpPBD3qIjIPFsaEUusfk4RO18ioA,kr,asia
HWjDa-Lv4mSAsmUpe2CFWgL72uZgGYW_iYAXnfktRSDQx98YW5p0j1oM1QOKOwTtRF5efEvUBxmQKQ,na1,americas
pdSG3mDhpk8zlpMVhzafnPAC1v090lPwUrZvVKjuKk_Wbrr45WCs0Pjnz1_h5mb85IxLUAVI9P8ADA,vn2,sea
nMv4xFj8hWPuBK8AdAjQplteOTR_OB8bRDVDZkWUfIOEK4HZnHHI6DK7M-6996SuA7H2AS29jlX5dQ,na1,americas
rD_LxZYdYLjWZwoO9zCOTlZmNqIxw8CGGG5cdl_x55Ya8_dfdwKUg8zO6uA09m1pomcP5Rxy00wolg,na1,americas
_4sfCeW5EbfRGhGgeN4nfUB51PZaL6g4RHeKt0jIiAmXfTpnOeZ-_vz0oEHOrxdNmgF4L6ygr18w7A,na1,americas
8YwO-2_ajk-E3W1akCxv3Vn4Jq236EbqgP_BZUa4QVa9PHMpyVxPrITl3_8OwTBaQ1eHvL2ee-wRrA,na1,americas
wPLYkkg11T1A0WKQGNKsZGB-xMJ-H5Wz5lPpKiK_Pbz8CwhC86egS8BcoQNuIeNSJv9bIIpXucIaBQ,euw1,europe
UnencNNHIM__d7IIcaW8yhZMsOThJmi3a6UyZ9I7gMyoQDb0C6YgQtPyGcxa5-cB9ZPFoYWe4Vuwwg,vn2,sea
UQkj9Hpdj_rTNvH-ZaEiAqTYKfSwmcpnRmyGceRXy7ElY6g_--OnTG3Fp7xJIZBYR1pp1OUQsX-7Ew,vn2,sea
05bwqLjgGmWIsE0OaoVJUGG0YktrWj9ehWA_GfNN2Rp9jVHpz6yyVZANSDAb2xMhIzfAlG0QbaAIKg,euw1,europe
KHdZYO4dbtk6K5RN6WE578rySFTyy7nnO2-F0gtmOUWWSBAP_JNJEcvgxWkqqT9k8OZYFp8g-sBOAQ,na1,americas
lQFLE3aazSiIW7hKD6gIgZ0okD9FQYQReFGAUPL1Xi2KSm-GKzCc7WD9CYZlMdJDwUTfRVR-W2UOlA,na1,americas
YNWfD8ywogd0DSA5Wdyc5QVAna5-oAQ81T-6ijrSEud7AQ378ccro4lp0bJ4zfRDgxXkufoLStynfw,vn2,sea
18EwLDFeskWd-UzgK9lc9ffURGWTyBpt6Y5exWWZhspN1YEugRwmvJaB-F-aPEWbCrjUZDMs52JMwg,kr,asia
0wGo3Gq4gTsE5vF3-eCcK9fxOEk8OajsyrkvPKoV3fjsSRd5ts23rPzdXFB7AGYy8CgtTILkrGLS5A,vn2,sea
Bs9Aguxluj5LkSysI0lj7X32kPKjfzJdnufLXHemetIx69Xog4gdsYzHBNssREj_6uqCXgl436uaiA,kr,asia
eazd1tkyzdGPMR7pwu2z3DKkWHGQievu8kKHky1kLgb1Q3XynQmTnzSwrZtDJtdqNgPxFGPHP6jabw,kr,asia
ZD5MqHX_Gn62wwPqA6i8jX2viku6sBXYOzKmaqzLYJW4WmZE6aIOvfy6kKHdaCEi-ynctsYL7QDmIg,euw1,europe
YQxtIMdlnqaoFDLdPl_0HORCN6wOYzr1qHqPOckG2ypCA7eP1kqiHJNlXOmvuVEjZSGKNx74-8OgAw,euw1,europe
3wtXdeTYZjmqyXbvJfVGnvAtEpjpiQSvod41nXw32jgkbv8MxDGYIMXMk58Gc8EtkcJOx8Z9m9Ww1g,kr,asia
ZElsQDeaHg89k6Tq3DWnUcEhtDOe-OE5COG6FEoUU9YDUI9XAO6DAckHyEsuKqxPgbZc6Cn9EetSOQ,na1,americas
F5JjxPgKR8ceALT9YK-fAl0qD2Qhqz7tDoEqyHRiRdzMozLUxvMOE4iIb9bS_Lgm9h8zlnCzJ4r46w,vn2,sea
4JiBJX7SqJVQiq1SowTmcKnSe32c5mpsIqCeLGrvAIqbBusjN8ECf370OgkJZTHO1n3cVDUMX2jtuQ,na1,americas
GbYpwbcOLUGnFpj-GRM05eRxfm7GIMYmzIhZq9QfqQRDi2VrvIZL658M6C9jbj3Kr4udA8yfUGM0Qw,vn2,sea
UfOU1yDgYDsrk3UqZsPhZXLaTe_xmqFbJXNLFeV8emLLE86GBmhA4lHHL8Qg9zIMoXI6OSuu2HqSSw,euw1,europe
GUpf8wxm_zj0kb0akyQDOXAs6bDE5kVM0cK8XzBI04a-frstDch6gXVp0MeZ8LU1jSIIMUPvZZUKrg,kr,asia
SODj5fZEJep_iotyCWq2x8W9EDiBhl-G_LhiBT6nvqqTSwKT0BiSW1IGEirljiaPe_Js0pzhb3exXQ,euw1,europe
zlm8UL12lnUQJEXHSSxXGCE7Uw_KGTTOn9qpDGnT5ITbfMzYu-m6UtsO06kOGTa373Lk4IElOV6T0w,euw1,europe
1WQM-Hlhb-5Zm7-QN7HwhAzniSa_p4qM7O3IqVHkqB-I-I2hdikWQBxKetXmY3UGw1v5EhCvwfEE7g,vn2,sea
GVkBY9WcrE2g4tRxWvLe3KQWi5CH527ypuGIHfVeJbGjh0YvrImpTRIDDrztnVSvMUqDfs7acjtdFg,vn2,sea
FEbEIISuSG17zn4fALx-af8HE53ttzKi0zPrWgXz2Q4Hb6T9JTe5DnevF_XoB8afWeTAKZ4nnsJXrw,euw1,europe
NOA-KbUK9I5gRDiCGIz5EWNwGE-sgJyCvsvLcjup4gQ4MZwUPFEj7ZUAJTpbOplxqVzCfuVIa-s0Tw,euw1,europe
mW4kmvdo3Md6mzNjz2o3LAADTDKjYI5Fz4v5JXaw1JHJSGlJ4BEGKrLop_y9XLSBOfyCoV2vaiDc5g,na1,americas
js59pMkHhqVStnyLQJlLw8mqHdKb1shJ3-mRaHGTcP4wGLYjv8DcHsUN5NELBt1CeX3HOHgkzZTZJw,na1,americas
kAHoEevBQawWoBi-oON3nMCcgqJUS6_4M1PWjZ5qHRkzFd4bl21XFo3rffk3-ZtmLLxtV61e558H0Q,na1,americas
RspacnIIpqA4O6xszINEiUQzzgOnTJWYx795OX_rLor_LIK23ZpdPa4ptRnNmU-7JFk9Gxw51nehFQ,vn2,sea
pdeudPE13ecUnZnPQiCnlaJngFlCLGBbFqZqCjqjtY884p3e-n_FKqJGoi2LQTXKtAh3T1RxAAChVw,vn2,sea
A1ry5wIgBPrLpvMPE3764K8ppKtMSSRU3rrC-9x3xF3UX8W4wnJz6wpCpOukf8c6OtEQu4gAqw0tXg,euw1,europe
_aTHLlQizYpJIIQi2-xdSiDonHK1jgx7oHdj92ZTrx_fY8CB-fVbggEcl4QyGjNk60FVUBl84jnJ6A,kr,asia
mTfzrIFSiBOTew3c53Zr_-0gyurgKSEjA8QWZGrsjJ3Kq06mo0nH1BnMbvtG0YCazYKZsdzOQn8xtQ,na1,americas
r2qb0gox-hJJca6wAigkOCJy41PxsruTt8j53d8o2s_0NEXsJ7iMjQVRSYrxkEb7NmI0v93dK7z6BQ,kr,asia
4fN80Y4d_5s-KnOioDTt_c4OI25f-pAb9ZIBAyoE0YGs4wwnBJs6Llm1vkzGC3rbLRGh84Wavm0nvw,euw1,europe
R4vPETPzIA-uHBeICnLrxZINaDLC7PHWTbmcevKv2S-U9Sc13Ro8_noGZwRmLmlS5_Bn-GZP_dPONA,euw1,europe
SSNwMMxwludPOLNlpM56VOlKeQl1gZ5bGKmRHrJzOCS4Q5v7doqam7QCaZoD4M_0ZzdIbGabrL2pNQ,euw1,europe
pVgaaub8baUvGYWtuvB1g7XLbn4vmLwDHSngL_nlb4O8NVT_loilrlwEXydL7KRQjguwWAR0RgUllQ,kr,asia
5UACLAlPQ2gH6fC_oP3VZe9jjjXViuAC9UZaDK2d-FG4j2SPzL1_m9n7dBcgsC-38DygEW3iq4v8kQ,euw1,europe
7Nsh_4eEYl6kmk4SZKmwX-Bj9f3q8MIn5FO3OcpIXJlt__0MhF6Ar2FwXKR_kEBbsoeRgiO8GkUf-w,euw1,europe
e8zd_kTbG3FhAeZpMbsiBmLrVj7Trxlqn_VDRbixf1k7td8e1rI7TfGerUESXjGYzHkfImskz3Pt5g,vn2,sea
P9pQn1hymBh_fv1eDsbAtV_oECAdszYlYl_tu6nOmkmDKdBc3IFcPLuFesR8GcTLiN-DJ8IgfCOVKw,na1,americas
3YYWUQWvpZoxRU0Hh8G5DKwOo8Vn2WCyz2_AmzdshId8sjJMNtyZI-IlnsOrNST7l-uZiJBaYj8USw,vn2,sea
JQUb6jZFyWqwokoYusko8BPioctLa67dSxXCUmXTNN6B4ZkGqANtNedcMvKs3TpZPswwxne3pkMHZQ,kr,asia
xbpg-4KeUiFQLq4VoUfoFowSww8IC0bNHxA5aV1stnHFAj9KIuru7OrK-tDnY_p09Fvq2HwAvf1Bxg,vn2,sea
6dSDI_AOvqzcjUa42ZP8Fun8Noakp0P56f-eYDVsCllymEvQQT-VQBtHwshLBmIRvsraYDg_SslUTQ,kr,asia
6uPUqyoAzo5936PK7Jf0Ou92t5Rk1QrNAnlounfiCZ3gBhY3THgrc-4LA0cri3VnZREECCqRzzgLmQ,euw1,europe
rbZI7T-lwR0LPyAu2IttjpVVAXtrTIFMN6a0ICPPWZFNRHdKm7NfP-FzW8t4nblAyMttM1OnD0-noQ,vn2,sea
0kESfwvQYcFPtyqy0SK2LJT_7htqd-gf0W5a-ba7tTNGrskiZZreHLaJO-Ag59ovOuz7lKDLqYPKyw,na1,americas
QIp79vC2wpM7Y47a8UT-HlYCZBb57EZYEWxR1KKLhdVeMxYlLRF7Q779Q72crC8MPVFvqyJAgCXJbA,na1,americas
BPk7e0iQsaJ97DGVFFWQPDtvBnwCP9HZrghctw7W1DlafHYJiLLMw-K7HTcamE2g7PUkRoeJ6zsjPA,euw1,europe
f4CPf-Htip8gtj8ITDD2oI3yznyi1Z_hE2d2mNaXw5bAvLWoOTYeDa8lM1PBnnQbH7GZ4N0d0OoXRg,euw1,europe
Thzp2dkam-CAVdGpRsoUdQDdjCFIfx-EWjN3SkYRuuwg4KsbIliSvg19RSTTFwhlQhfAWvpnM6F7Yw,euw1,europe
nBpgecjn1r9sNyUpZFg0kMBZK1OMhqKp9oYB-MXF-6JjNxRrC0mfjLNhfcQ-_b3rNSbu4YXlLIK40g,na1,americas
18Rg4iix8Cp72BdjhawQJobfqMD5D6v8ypPDAkVKyRfm7IXoBRgKQx3ZRRKXc5FNx0MfC5Bngg062g,na1,americas
bHUWm0IDm3RH2jvrMhVIDrK2k1adiZl4NT72dD9ip5DF31ZEHtvY--caTQP9-o_Iwm7LfyNK3Xqthw,kr,asia
w7_77o3E3zWlgFY6XXnGpap7eawI2F268ffo_X6-EoGFH-A_cga1joU2YQIHFVus7HZa5QsRT9Mv4g,kr,asia
-CzDpyP382oM-XWIPOkm_leB4fiXry_9397_C0WHcsyEYk4sbz8XxaMi_ZeB8ktcmSh1m-qwGODXrA,kr,asia
5KCCtv2YCSanycKjpQZU4J7rXhyINfdgHtWlcYNQUQqWU6zynHMCjJDtAopMSH56J97sH8kB3DjIWw,na1,americas
L2387xUEQwpGPBbbn8pWixOzLwXGaR7MzPzxI9mD_c1BEmq6J-uE2F4auyibMwgXTKoz43gpoir_2A,euw1,europe
36QEBISyWXIATtziXdVFgZKvpgA0eu5njhGBkXdkDKkL-9BQRPJ25TrJKbBvW5dAnUmm82mqaCNvLQ,euw1,europe
mjK0BOFRdTPYDatpmuIqEG5K1hNDjAFSbrWSowsfBxYdsnG_-CU2QziR01bngWR4xJmvs4f5D_78UQ,euw1,europe
-FuaHDsWQO6bRxVQWkyGvVRzp0DBXx5NHihaNG_qk0lXEDvlE22WhfFFTqh0CH4XnI2r0JtYB4TWrA,kr,asia
nR7lfVhN4yJFEJVfl02_kMK6PszVJ0P7tQsrZwbqlx9KD9MhdO-TOrMh3gkEy-FbrQUvC1m2Te2oUw,vn2,sea
4d4X2PTo5Jfkfp4pKvorCB7jOo0KteJ7NKH3rcshZZjDggqXNI0cAqUkbuCYBGJDkXk6k2H2BO0Cmw,kr,asia
eQX9oxFpgTejc4SAdznmAfFsTHh8DFo4MSCgb_BQpvy5l4HQCd46n0_XNBKKwxyRNsfIZ15sOXaLRw,na1,americas
kUTh-KcHZ3MGvoFxjnXdbwthzPslwL6EM8F0yBd78XbgY_T83a01kNtL26hTodVyacpxsRkMbXIghA,vn2,sea
Nb_wr8i3kr0q0gIk3iyZmnz2kplzen2Iso10rzdG1wwOzm9Ymvrc-WnqvXADznnVKaRcPXGyC3IB_A,na1,americas
120AE-Im0bTKMrqGMVY7B550rBaHVW3D5aiYOJ4K4ct6r9mWJzhi_-XbOdyhStKGwr9LFxYdztrBVg,na1,americas
Mq3h186xlBQIsnbjvDSixjmY5NYtE3gaSoVxdRW4uyqqgxt6b9_T1bcAueqmayNjn5xRiFSioGWsWw,na1,americas
Wp_ptvB5aw350KixXJJkC2N3MmUbuPJN5QNAGltDyBko4r7dnwfNr6PhAiMniyVR-eurID1otNCAyw,euw1,europe
9wFHxibakoDpq_0Vf66rEbBwb5iDNMZlZArIQ4rOWt_KQcCWJAd9iD9QooasmSpkOeJZLoXcHhD3IA,kr,asia
Cn2EvEUYdRODxzrYX1BYuFY77rGtNeSONqKElXfuoCOoDz7lpITo4dyoWHDaOkaDRTW-xz_Htw3d4A,vn2,sea
ONPWeoEO7r4CeC5mWHIJCAFC10U0jY5lAcABy7yqpTvSXmox8iD1uhJ-yqeH56AUswpYcQIZjbVgpg,na1,americas
f4iDhpl6zov5plktoikEL2ypdw4zghUrFjZ8EaMb0_JPqu5V3w8IwijRBpFpOuSAtLoqM8pOdoW0sA,na1,americas
-b5uvDm893gaEWU7sfCi11rBEn6UaVKyLyAvMhM11481vDSooZbB583_P1wjl6G82Ohr29oETXO6zA,kr,asia
KCZH45cJSBFLyFZ2bf2U63lMb_nhUdLmeak5Ycw1DJqxYoMRsI2rAm1gB6z1DeJuN94_s5SrdqRSeQ,na1,americas
0T7sjQSlv9HyZHsYEBjWZ48RqLnFrAPR-Fnk9wETQMfZ1LU1JruRy4raSkSK6_OT0iuYWE-4fdGOQw,kr,asia
nKJ9qx0CAZ3bJCje-XcWcfEOnzZpXwONNJGGgQzKtrB7ghnQjTuIiAnFw8H9Ea5bi3mRaE9wfvgR2A,na1,americas
c_q21PYdz_WVE5Jj0nH0iz1LfbMeqA_5gLW3T7aGpqeMbhQjbLRBvTaEQOGFbyI5IwRl-j_AnfQnUw,kr,asia
Tx_b4vqOQ9lILGrTqf1uNLWKFMnpfibZRoECRBhH3v0hydtORhI6ulBi8NS4JRZhfx_f3BgaCaXreg,na1,americas
4u1dICKtsgK_SzwLhe6vlKwQXJ6YUZ3ThNSdM2FVOaZIYkc1wvfnVQum2HG98qwcgTd_4_RFF6ihqA,kr,asia
sv-hxbc5DP48b52Ejvs1JO_1oBKicMCa8rJQ9q96SheYSKzrsvZdbj9oNziNgbhI1ZQKWuSjpYJsFA,vn2,sea
jDNHiTTYJrQpf5XmxLFhv0m8mCp08Xx-y6jk7JcFp0YV30CSi9N_AwnQ-JlnOByGSgFjydUSD7cqMw,na1,americas
FLvPvU66-xY5t6K38e4ibf6cMdylsCTbJIguNggdd5vkqxX7YL382OfPPxcZbBnpSToIJk7khGcUDQ,euw1,europe
tlNljHfrF8-FOz-nSrMWoYoqU6UnXK1epQG--AY6uHZXMTAJs6RcjyJu5NmbzU7AbIjcUaI9mIJ09g,na1,americas
-LbGIS4mnRoVlHiMiBCptOEmk2SHxCuDDCPa7tBfoMZ3OPRfatiQ_z6Icfs_kVp_StgpaB9RZHJekA,na1,americas
KcQjGq-xHmmY8Tt0gpOm-3bVLoy5UEl_6_W6K7rxV5p3PDwJZwEI2xk8WyXlWJWR7gT_lySiidHMJQ,na1,americas
aTydwibltyRZRH2_4J70TTJkHKcVoFyn3EnxDoDD-p55ku8O5Yq_knUmfG2xh0lO44KQBmIZ5igGbQ,na1,americas
2fjETtmrtRAXDVWMw8y79x0YsfkV4UAR8m6EuxWxtS2pdBDWWo2s_8ykHeNZUdJpl4kndj4N35saNQ,euw1,europe
VJTUPwZdmRAmzjkdBthOKmeZSceRyOG-u3SzzjmUnichNr0jZS4mXsMYDHexkX9rGcC21yMO8hkZjA,kr,asia
an1RZMiu5uBPEl0niatZ-zq6k_Uwm6piEKmNXqjeAc0nTZeu7Z2zzbUDXPp4z9Xk9QL4uUqXYmUIUg,kr,asia
eNlXzhY1nHuya4IQ2GqhNKrf_oZL2ZU4nlVJlzuEbrOpxu4U471M_vOuZ9uyD8LTKGI9vZ_rEXQt5w,na1,americas
j60Zn76D1gaHf1lCCkmNlTrfPN38rkYlxOugL44uinu-WntRqeDglC2UhRwwPOJCoUKNNBwRerNz0A,kr,asia
7wCzRPA9C0jssrRywA6iKnbbMUQ2VHJ6jVYgy_KdqebBc-G2gyPqs574_z8ZnHIR5baqdukbIQDDyw,na1,americas
Hm8hmqTWuQ17iVSxzCMI_JekAl3Z6I3GJy5UjME9AMg_A8ZwDS2HRxwbTszVCpTjdZE5lDyD5P74Pg,euw1,europe
C179F1A3SGxHBR3qAsQQXGeZPySn6L_6BqW4cL8Jiu64u1v1S3akwdNT6sC36_Jc2mt1cxg2-cuE8g,vn2,sea
8nfJkH0tM_i_BONAi-eJBJXEjraU81bmv4nn9I-NXNfmM9PP09fqmn-I5BWj3eldX3X0LNWq8Bth4Q,euw1,europe
TsKVxmyV2sN8RC7pIN5taJ56JkbtYg-TYG82eWa2Bg-yR8usFSuSN5fbiLWAWzoQ5jxZ4n-aHA4IRA,kr,asia
7oZEhR2N7mekerCFVJacK-RkKD08Ko5dck8OpPEHvx1P9XCvFW08DrnCpVb-xXIrqLxO_TUJp0u4Ew,kr,asia
f92CzGR0Mfp2cj5lIRfqZ_kKUQLy6IUeWImz9UY97QDgeawkcl1MOci5GsFn3WEqenfIRaQ3RjwdFg,vn2,sea
7Y71p74II_xrbX_42DrMRZ0s1wJaEZEeexB4jTkNQlRcMq81XcJ-SqYS6_ESuZXYeMdgBF4aRdZ51Q,kr,asia
uBFUsMiKSrbjvo6021sZ9q9KlnnZUk5nBWzyDWm9SMJ9xA7FrHEfJQZPZ4xw7hDqG4BBzQrDG2723w,kr,asia
XIwjRLPIr0NRDqcWouKhltbXWssveJT_1QBZZrrtkuWEXQQzuIg-08q3zzQRxG_y88_LL94u6iSTAg,euw1,europe
771BALhcpRbg5fRdX2i0H2ET_OrkYfMQG1LUgWIn7rIODgJKkYHiaR-WW5eB_dxRRtDy6kNhKisdVA,kr,asia
OXyWnS6gN6gdNXYndnH4kgiAKFO-d5WjZIy3qXNKEfucwK8qpvDMB4imVS8ProATaEvIAa9jpk2QEQ,kr,asia
AbUKnoGJNhNpkaHgWK8iU_F_KL24KEynaYBJWpPfLSTTP9MVPkAMGJXAxn0WDiSQK4pULOyqpuVI4w,na1,americas
vmlDqEVTDGH_-qP2JnOqXqAS46XCTeEiHo2Ex39v570_KEmwnnNEz7ih9AQ1TPrWOxr8ZRT11R0Kzw,euw1,europe
EiBrNjZF5MVGg8EaKT-iwPNXI3LLLzXdOU_flfxcfKiAchu8RPK71Aa6xG77yHLI7yR6lGM2HA76OA,na1,americas
5fQGGDbV7nhMkwLoUvVOOHzp2UKc47kwPLWTFm-Qo3si7dPqMaVzUGFmGqSp7eD0jz2uk1OYYxaF5w,euw1,europe
_uIGmmgveGY9V-hpY0bGQQhBYA0oD8BkeIDLQ1xmkwM9jsLck6tXkrF2S5LufdNUXFqvdkgxyRcfag,na1,americas
Y4hHNW_kDh7Y01lYTpnvANZ-yUP7CT54wVtbH-StZlolczyBLqF3JZs8hNHttGdVixw9tT3i6fiD6w,na1,americas
RDkXHYkA2DAxQ81pQ0nmxcnz4pnH3GOO4HRaDmoTGWXNUFrj1WX2o1JzaAsNB6QnD01KonKaHmQaXA,euw1,europe
g-BtBT1TAiViWF8Ey1m3NA_czoT8_BkmuO6UeOBTRHFsVrtxsf1kvzo9Z84kcVVACeVrGVyBaaBpvg,euw1,europe
WJCS6PuNRdFwj7ZVikCnKI6J72TlMzaC0sTU5YsEUcZEd2-BHXuhYVKjvgsh_z1XUa6xUBTGyn7Zig,euw1,europe
nhu84Gfi9rXUt4pLDmEVd09Yjl0ZrEUUylaUcR5tgJiKirdpjPndRxV2N2XGBBewVSBRlXJUI90AOA,kr,asia
XBh3gUT4OHbC9wi-D6hxuB8-JF--rReN2olIJYlrHKK9cKS4YnhXkluRHeJ_XjODeWxVMVZJHh3nYg,euw1,europe
i1XsZ8RltOS34DAI1wG1DcF3KVL5XTWtOT75lEoqXeRcM8vKqPLmTLooYitlkmdP77ERLVMhu0SLXQ,kr,asia
TPHNvYleR0h-gzolL20GyB8N5laGAHW87d12LU0IjdMGMJVp3AW6Iak8bS0JwR8CmtdTMzHYyAewSw,euw1,europe
UI_tK1My3PVcaFBExIYZfWqbk6yURcyl96N0G7KRd3IM_BuMXXKe8I5nTziBwC0YbVXi2vOtNRjm1Q,euw1,europe
NI8Rpbad2UFNIfCufe9SFurIspu93n-SpRmmOUTIhIU9EtUOaaFSW0Ph2a975KHYrIYyRIxX5YVPMQ,vn2,sea
rs2jHuFAsAbi3F6RqA3CVwZ8rcD2FIeZ8hrKi5L-wMKSvriWgC9wn6-uB2RHjGeBMKuq4xklBo3vqw,na1,americas
8rlPB88cdT9sJCmsRI3LOMVNnp-_ag0SrDPo65GeRQB4Rmu8ZyI1PXC2S-JFYqw5kzfEDmUozf1Xxg,na1,americas
ntF2wXVzwme5vGKs__oS0Sp1ryNU6b4g7EtygB6Ii54m1zLAUHsBmLjP6nILxdIZyD4Fskx1L-PwVQ,na1,americas
X1HTJjYSK66iVUw4k_qcusq_gGczEUuLz03lsxHGKotw1VkZ4jzW0bC0CvTXSW2pGG1UUhL4yZ3lOA,euw1,europe
bK8jyLU09dqz4i03PuFgBX5obfLt0mQG8W4MzWad6pAjhl5SaOePJYuHEjKSi6to1_w2IBgHwMrwTg,euw1,europe
_BRGYfGsK3h8jNHGprte6GxLXnC2yBWwqJtvlEvOvsark5Fj2wnte_UiDJxlUSpsliztpO6dWo5-3g,euw1,europe
RO5yf23MX-IjFeLeYs4u6STqlqVLkuXRfagl6iw0iPC-s1tS4tSUwioE_WfvBFrUaaWHIY3mW4dnNw,na1,americas
__9Dd4PcFqEToHSEYtBxfuTLa21lUiO3Xd4XWrxRTPaF7afEWJi3eA93RPmnLbCYo5HLvU7bZNzxjQ,euw1,europe
eZ1Ob4Mmfph6utZ_W2fuTDiv0hK2a8TxYvpuqAQjS8RQLAjjabTjZIZCeOxrv8xXYuSxAg3XVJe80g,na1,americas
sM2idRFQb6RgZ6ogtSlQ4P0OqsgPwcuUMYazlZuJzFWqf41Rp4uZnqlRLq4tZswJ30FFlCaD0YCapw,euw1,europe
pzjvhMJyLfMr9goHw-2cTGDGJ7yAr-spmelI5giJ2nXJvJepJFLMTm0lHU5u0D7X-s3Ms5Nw_Kv7hA,vn2,sea
gaaogNfLX4pd5oUiDGYqytQUbU2L4-fj6ULKrLkHE-opTywGlk9uW4zGuVwL6ksC-hx1JT8E0swStA,vn2,sea
dGiZoOqbHC8G3GSlBvScZeGsvEchT9lTpigsKLeIelSl3NaoSsJjK_4044t6yZkM_WEwV0xOyEVMBg,na1,americas
cH-L9gvleN9oNy0FpDnICOzLQ-4eKG0nqK7eervoY1vkxl3XM6HJNZOnXQK4iz0woXkVFIUnEtJusg,euw1,europe
OKcedOXAOAX6uBzp22QLypdiCbeh7MQqsHVYQLRFuYRu8riQYgZQ4NDku2HIGXv44o7nNZk3XNyGqw,vn2,sea
EAxk9Lw2z8YxfvyQjO0i1GuE0K_Kv3EutUga1MJzyx3ae1RWZIC_zeIoTz_ESpC_C54-zr5OQImEjA,euw1,europe
YuyNCww7RnF_4hCRonuVuHhRk5QcVoyCqJyrzCGN2J4ZstmEgsKUtQMrpDh1XNp3D6fnXKxWjRWHLQ,vn2,sea
EkfEVfDMbbaKtcMdehayAIB3k3-c0fUcfqxGRRjz5FMNx0IhzozVXMRbpq6c8eGeMR2YrWipwJR3Mg,kr,asia
LnofbECLybq90z9z7c5mpb5XW_lJsFQYrWKdxKGQjw3xddfm3-gIW2q-XMo9143nVjiFIyga3-88sg,kr,asia
OQa7JkxW8LJRi1E2JV-d5VIs7mzXpcQ2yED8_LPoQMqL4W2RgpK2God8gYXRkn6FGsbsdadK3d_03w,na1,americas
jtxbcC1foOuj83kCuLwDwnUu7-46IISh_r3q5L758w6rrwsMuzxI9tYReGwbMZxd0HSnnx8ADcnVbw,vn2,sea
dZZpjy5eS6DsOw3LLMSfHAGbzzXqQMSDiSrRRBZOAavQHq1cQ9Qe2NlaBcN_PVwIMhtY2fUKgzT-RA,euw1,europe
pNiZsGAaT9_e1XIau1IUonOJ-_IKD6EzhjYNMTdEl7pB9klBNA1kCfHNpJZJ0us2Yaf9IZ6ayhKrqA,vn2,sea
uu-vcVwwmhnugoxpHz7_VNjyaBTBSgoFamRFTLXZFot0QosImZIFjLz_QN3dl__JwCKUXfXICr88dQ,vn2,sea
BrWwGYZ79rhmbiw1Kl8Ya17SfID-2Jtzy_HzTuF-Ua2lCrYrGe8HAo8aXZdqDIUmdM8la9crrkkpTQ,vn2,sea
4V5Oul7j5EvPm9-bqL63SQc_ZPIQXnVZCiCgvcD3z__tXRdmxEfcT-sxqLp-9mQ3ZKETqcnPVGGuDw,kr,asia
GEvXz5KUMm9sKJtZ_-zFzJ_z6aR79XJU-0UZ0RqIDH3UHvdcCLv0s93GrWCJxSbjTFtcka8LfrWbfw,na1,americas
Ys5sEVEo-NtTphVyUWOSkP68RPH2Fo8wdXK3JsHPN1U2jnZhXEOl7Vu5Z_Yx6Y_VPK-_179p9r0gwQ,euw1,europe
wTtEQbED8RRQ4ae2aNsbYgV-yM_gTy3onkp6PbREDDcsNx5OZmpribXW7s-tIRC79oO4EuBp-VU1Gg,na1,americas
HO-wWEEJKocj9HMve2XxFTOnRHlIC4cfbNOGxO7ektBT7IqoOvf-8Lqlji6xxb4T_K5if7C8_KVVJA,kr,asia
u83oe50se-KDelUAdaAzu63stOms0369F4H0Cew8z7BOR5VQTaVSSkUxF8bT7PYjNuxqYEag3fEQuA,euw1,europe
t9GUckUE8HFDgrtT8P8mxrTW22y54E8GKbKtXKfSbjBTRXaRyXUVwpK8ifHd8DhRCN5cqvtQ4krw3g,kr,asia
6aiW0nzF8UeHWS-PTEetbsaS0_tNjrH15d9EMonebAdvXf9TznSz2KjWWiwuG-nuPB_BiecqdFessA,euw1,europe
xxI8WrKhnyGK9dGK-0mWJ_RB00fP4CAkdqHtkvl4rsGHAYn6INZJ-E7f7AgS91SNjZeuXn-1IT09OA,kr,asia
EtSYI1NQZoAppqelhhkmG8RMoaHz7cfjzXBne4mtzcIXNdCEzrrLJ9yLUbleahkIQpSAWxVXwlOeHA,kr,asia
YBkrTdIFJSOLZKPzmgU6qbDNahenzUMdVCnZM_pgN5fgAokIOj-K5gsfmEK0a37K_nV_kn7zqWI4-Q,na1,americas
0r90hni3XfHLBw2F92SRtrgDrrMosoT0RyDS7dyBG0nIFVBgiF7wmaFyvUWL9hH9JblwWKodw9Ayjg,euw1,europe
uW_5hE6HwjbuTScvvdQ9AS60jngYQ02vIHC1Bd_Pm0XhmzQ4B_eAfaNzjWSlqUk7_mvFVq04DrqAkA,euw1,europe
waI0Ufd53jtgg3PuXIvWkqHKIHNuMZpf_8vQbc_LSO_sBEFch90YgQxp7vbIZQTVgUYIDXtfgrhHRQ,vn2,sea
OjxaQbkcvXmQAjhm9h_oLH-TzwFF3-rUIeu4Zs0kmjFxOX0FIGE2qK8S5yAzTtGdRXZtGEatGM5XAw,euw1,europe
i1IT2ztuUbgoSxCuBt6p9d6VsJB8l9fzvRF1M4eZdahfBHvXyLONwiqRFh5YuxjnnFHYcSGdFuV_uA,kr,asia
e2eIa473WmmE8NCaMOcMmnd3HoARRgrTTP0jzeAxPx01kWasg9W3QAt1Rbd4OLVx8Ad4eq1qEQ-Yew,kr,asia
Ww1FD6491yiIymRV2QPo0BW6g6OuwCd9EfjbgsoTpnxNwo5rBTZd2Ogu5L13UfWM4vn_aklSBkezmg,euw1,europe
ijF8UsQPahO0yh-DdMJplmXLdXslnkRr3ApwBPjIpbugSjly3QDx5IlJJ_ZHBAMsrLR5018oi5mTcA,kr,asia
j0QKYiHD3K58XVRm6knuh2lQH_muUVQ1CJPxMDDaXkckegHAhBVb1P5TveBZjBkeFYj3rTLQmeY-xA,vn2,sea
uX6BCqoYyUaZLjbb-qjOnK0rB_W1PMXqnTorIJg3Ov-JhKtjK3vODdVhqtEeltIHK30m86ZHUzeifw,na1,americas
i2zGZX0nUW0bcbdEdY_Yx013U-X79jo7xGj8gg0WaLWOyg-0-YEg-8VE9sy6-gMBqIGg0Hqes-pBig,na1,americas
XGuvpQKVl-9-h4nePadfnU4_RXa-FSVc0PeTcT0Q-PmWtvpzxCg5TrKl9RaVNMQklR30bHT2HxQ7UQ,kr,asia
BSbV0iHOID-iH4kJTX8mEq2iap4IumP-H48OinDuumzvPcyuMuiuJ5kPBPMImKl8cMnsN6oh8XO-rA,na1,americas
3BW62lyPI1PyNLv_OJlWf3LWmFyln0L5bSd_0a5jT7vGSIptnwnth3094xugoMTWAalsvmL179JRiw,euw1,europe
YLtM-ImalI0iHv22eWVkzv4HfeXp2V2dVGoxqT_XXou8zONlPlW_HUDTXfiLVFyt-RanVZdth9d4ug,euw1,europe
CJYTahpssd520yjM27ZOgW9ARqhmH2peSnv8xs1LVw32iCU8sS1PNJOb8sxvgQYBk4vgQHvYnQciow,na1,americas
P2tEG01rqEx-IDFoGZPsRATv-_W0m-Ktvra5KLC-C1ZRlJax5po5X6LlcMPVBzfEDGscqI-MiogygQ,euw1,europe
RELPNQPK7MrDr6HPCaCeSUslyhmhw5EJwhBkFDyGM_cKeqMngfeNAhXPxMrtQzfyAThD8KaJC57qGg,vn2,sea
FQj7dUrBUxzkWRvHZIlhympG5HyZ2qxlGN1nlwYPB2uvTvkT_NvWpEpZaRGHEoflEtvIj4ymdk14vQ,na1,americas
As9_ZZQgxeL6FTgn-DBtdTIHAoZB7XPyi5spannxq88js6Qa7gVuDUzZHa3OU-w7DTqVp8xV3uGxIg,vn2,sea
qRL6b_uUnNRCM9R9puTahaQi87sR4ozRxAPoybq8VBNn_63FIoIEJUpTfJhgIVkf0gDtF8N5JNdbBg,euw1,europe
v_TyjlhtUS27Zt_Nn8WNtRvPCHk2qapk_vsk3JoMzjhDPzdqvFaRnrDDE1BbdYdv46M2YTFGUNIWjw,na1,americas
kiwNFo4V9Li4H5cW3C-q7c21bGb17rRd9myJSgLO6tb4pNQFKP31r9QQ-l8UOjUK5MLZEh05fEyvLw,kr,asia
ar52hycyvDzIPXYab7kDXsMwz2PViKuJ4ScPFej41ufFAkvvF92ZNhlIs6EfrLjityM9c7gn0PM_zw,kr,asia
XGtLzPEkVuxoOYQO1DdcUfC6yAP_Uz9wjaqWatih59A_A30XxXqkzxU_r_dBGnt3b5_wmTyH_D88Jw,vn2,sea
YqDWuDN3xev93WFt6pwUFd8mVBOI5Q0u00hD0jGfwVZqE6zOcZxhoOrjTvzHK9DkH0vG2Z4U602-qw,euw1,europe
_3Y5c7u2xlgl2D-nFiZUzW4Oxz6Ih8yRKGjFKlaLpCc34B2Okc2GT_-lVVAp_lN57NBGfrmVUiTYxQ,na1,americas
ruP7oBjXiZbhb63sofSsV_29SQdAY0gUdVluK24g9fkI6q7K6Fois21rOVoHlEYaFu_M8JYEh7PdlA,euw1,europe
VjUeGG54A_aTbxKCX0ldrQJ6tQ-xlLgrDZ6R7eZaO-rXmHBTGAs3I0UmafQJ7hoSYiLhMYFwZYifvw,euw1,europe
wE7MG15z-rxNiTnjWrgyznQU1ck3MuLNJN8YXx9Ix449FCfg_fGfc7Jb8R5tnMq1FRLmGX3XYwDL9A,euw1,europe
v3g2ZC1qAjCvtaoGp7EPQs8oGBvGcaMy_GO2tUGDzn4aGqtTiY3agQHDvac7GHuYX81BtYmP5VUpIg,na1,americas
kPbUOEZz-PbaYSrQyhF57-mg8KlkcEF_HNXHZAvjzTX0TCNIVM08qO87vx2rXtg5ialzgQj8G8xSOw,na1,americas
1axDoP09QZXMYdER0y_4OAMpeHIOG8-IWHPx9khhKBxm93UxyY_Rc8a3qJa6gqbaUXOkl6ca4Z9GeA,kr,asia
hlyFgqBZFJ4fPWnJ_MU1pRfZcxF2aj0BISc_XNypXGFyEfRKiPaXp1eGLafCQ6233xcY1UHDyE_W8g,vn2,sea
Fy40k2uA02xPZq_GPDJ_sTBpkHCqUbIfTy8alDxhffpWZ1naME991aqUqPi3mcL5V8djz0U2aBaOXQ,na1,americas
MMUs35X-r2qetqC1CPsicTumgWKTg3bJG90LUmCeSWapFpNGW_tWTzSbc5fdk0eq_cIxErrO10rHBQ,euw1,europe
NUDQLHUy76CpO53Aq7T830jD0xMHc--IJOIivL_NrR5xHtnsxk38VIPS08522xA8p2yFvna-griSJA,vn2,sea
qBoQlVhek2PveAzWt1B9psssPnd9ipE1YQbrKofMVhxpR4l0zulJ2UWcz4GTrKcItram_wbRyu6qeA,na1,americas
eyaiQppITcdnWCdgNqsVRkcz89MlF5LqoViUQ_UyyeNJst63s75RBJ8w5StQQ-gj6BZOHWK2hMYbRg,kr,asia
eEGOwHhxr4zeXNADtW8bklG7ueiC3wK-hVG6sGxB9gqTV9eHsWVDRpupEXSmu6kDpNpKyt5OktjAnw,vn2,sea
Jd8YW9ibPGW-Ami2PL_8x1QvRSWWcpYl0gX6HXQbICGPeuQGNmo-0HOLPxbP5WKWLjO7hogmFM2RVA,na1,americas
kptgxo2sIrYJyIadUht97ZpEH6TKA5XkQ0OLJLdDpnJR26m67QPQH-m2PSoTUbJ2RhOWc3-7jcPs0g,kr,asia
qEVUvTHbF_QgSAOF8WHcifCI_vUrjuu9cGd_9zpPgLdvIe29xoTKE1JwZZuJxLaa00FjJaVqvB6pXQ,na1,americas
rgkgUheX7i_EQQQ9cDlloQKvwvzxStYs0Un1krn-tolRdO5u2FDbG5S1fH96ormE5qgdP2RdtjB6eg,euw1,europe
zKMjfre_R29a0L9cky8CoQ2IPCD6mlRNzd_zcVij8gRJEloHmO-_ukUSipwn9NOBR6r99YX4GLv4qg,na1,americas
Ujs5UUla9l40WAf67EYcvSY886RaZkuUqQNhlnc9zB1w19z7ZE45S59jR-WGSUquM-t9oL5NvtGJ5g,kr,asia
Facz18tYWhFQdq3hyW31JitwVq7dxHM6sMSAtVk6fbZtfcTbxhH_R9JoI5wwD_fPnf3Szw_ocx70GQ,vn2,sea
lxTtyBpSmMyaE2QkPea0TZJbxLqekn-7rL-EWT4g3wOh3Jm5ZEt6HJKIGC0c9mZXDocbvAJobcEkJw,vn2,sea
01O4SeUwKH80Rlh14FauHc1dmldKu73boIU6qT8pnf1Urc67RRrQSh2vZHQfyS-ntlliljWfDH6fGg,euw1,europe
0R4MbW2jBx4yJAFbyWW1XtGYkM7QsKIBF8Qjk_XrB0E5bzp4LW9G9YhLaPAj5cRcMDJ-SUvoMzAFQQ,vn2,sea
AF9b8YbvwX8mNxmhvozl3nY7KuC7k0lY2yAYx5Lv27k-lTxITBSBmdLj_vEopsmxMY5JMuhkfhxwdQ,kr,asia
NXJe36g4XFpnTnDUy_DU2zZw7uAD2Y1gtWL9tgXFpLXNw8QiMLrW6JpWS69Dl2Qm_1X6LAAiGoO4OQ,kr,asia
WJHdC1ofHvP9itHiMC3liwdgYa4Zp8XQGVNxPEjNj60x-rnlgkJ0XlBYVRMhZmDkozjrrn3h9ySkVw,vn2,sea
L0qeZEtdRZM3XoBGv2-9X-gZ9gcQkYWtjQeNgj2fWZ0Yz8WZkqQSZ_-10DT-2Kn647hNe97QEVBbhw,kr,asia
RXvSt8_gaglDvojTTwkA2wrWUFIDe-PYm3H26hIqU5thQ_TO9ypMZqGFxGP7qJoe_Q8rcELXb6TiSw,vn2,sea
d6Z-wwmJUbz2-1Otqmt11RbkUEGXS5Zr-pyzE-ET87IcsN5qXPSWpXRnQHcXdxs9XFBtQmbkvXmYiQ,kr,asia
qYiJd0Fh8F4J5O8A1TcnhkWYPnFhHIOTdd2WEuh5PdZJ9shrlJx3JADI2nVAaGxsAJiIA4ZATDfjwQ,vn2,sea
UmB3R1hbgTXwdzRO2YMmnY4W4Zrf-EoTbM2Urb1LFWZK5g1VL7CK9IqZat8OZAk1mg6zACi5XM-lqQ,vn2,sea
mh8HUsg44yKn4Kfxeg4BwX98eeR8V9W47KsBHNey-SFiRYDPSQGs6W1wf1BwPix4k9zV1DGovG4KvA,kr,asia
I-JTx7d4UDEj5Vir67PfHrg8-XHQ44-ctj5OutcSOgFHawESc7oqJfvm1lqswmHpLq96XSlBQKUtxw,vn2,sea
dJnU-J4ETeLBAFwfFKdoxgrMpqzh44s0Rq7dZRUGXJm5uSXUkq3H4SibALDo3bjvzrIY77f0tr6JKA,kr,asia
oaK9sacILn9XeIiogn_KGiDs20D2WLSXlHogMrAsK1XtiQzhxmdOO3DBFKERfha_BtiTFD_1Lkhh-A,vn2,sea
K2H8-qxAf1gjvyoPzNeEs5NRaQPDg7j3_4vc93JCTb8RyCXaOjf57SidCVUdhmoveeClhejq6CxJdw,kr,asia
8keL79G5-ZHmBjhFSYuTm6atlhFbfT1w0tYWTJ8nLyzX-dP2ESu-JLS0Ptx9tfMKg63Fr63_yuJ3_g,na1,americas
WhNzIrvuN3DA6DSt7x4vkoE3D4K9gX7qqaKn7Q1qTBAFN_S9x0sQm2FiKDtqGJWMGMmq7Efwf8jnAg,vn2,sea
zA4A8qiKEk15qVD_K83ifLzfTOi6xTT1UVO8nkqgGwUAb-yROtbmQygZtUV-itenv-XF9N2IGv4rcQ,euw1,europe
Pqi4XTMho5KJBOL-9l5pLX6r1jG-lcs37VLOQNmHswUxkjdqrsDS6WO8k4THjO6Hd7ke_Q5j0g3YAA,euw1,europe
_D4wOGZeHAUGNsDllWhRUnvECBGu0jgKf8JV4AvUe_l9uG2e67cD4Z53Q9ZNFdNLPgJg7f8pWpX0nw,euw1,europe
zUSbozCBYACpbh1Gif4yl9A1qe_0qgyaQARNWUkhBmJW53LJ25Vh4oJ3ssc2ivpjTL0Z5ktbn0LyyQ,euw1,europe
a3TcWJYma6XAQ2hUQ6f1YVxe96sxR9Vfbg0A0xoL4DU0u-DL_GxuOue_2dPc0i69VgB5F17DD8NIOA,kr,asia
yZAwxa4PD6PnXR21olKt56c07tL3BtCJUP0GfiyYuTswxb1WUi__Vu3Xcz2tW4IfAAWk2gMCvHqUoA,na1,americas
Vjsm_TKj6qh3bpZ3H_DTGNjXcmz8XTGLp0N1wVXbb1YJITmazGP3shHyTF8omF-DNKa7SNU91tk1Gg,vn2,sea
pph9fmeHEEpmxj3vKilOt2cQwcYk8q02PkgMQTDaSmHatNkBW_JxIcXww6h41wr9VIxrVHytwn8zcQ,kr,asia
BduyLCfiM1-saI34okVxt3iEpCglgcab5oyUXFPiPNGQSbMyHAuv0-NAqy5XWdfNuC6VqtOgKhVYAQ,vn2,sea
0W8bGT60SBqsJ-4tuxygczt68ZXd5uydGqLY3ROSO4LxIl28ZhxcCsflBSzqR7r3seAb6lxtk3gOpw,kr,asia
QZpD3hEKPwV1LMNRgo86yWyUDq2Vg5JDYA7i2xqmJ1aHdawWh7rKebzdRVWSbiCRr4vitXgH-sYf0w,na1,americas
qBVuflBylyZNehIZCIc6x5sRjFQGMQmOfwZCe3fkJ2W_EV4mEMt-b3n5fY7yD1Pt1W55X4WJRPcZZQ,na1,americas
xrc3lwAF8wX-8tEQXQq72wvIdOSY37_7M563Tt2dxisHYBOg3VKfWxINaEEClpPN24zsZimOJRDIeQ,euw1,europe
HGBM5bB85UbtvH8Shm8Zmmk_Ft_E-Otn_UyZXKuXPVHn866-OJaFTYcmhbpEbeguo8msV6Q5t1Jc1w,euw1,europe
UuUJ1_Qvu6CiwjatvXIN2ne5tdEmaFuTuzYpYEMVL4Gv4eLdxXZaoVO_mafrIYRnGA_S1qCavRoGew,euw1,europe
ZeuwU9oL1BRBZh-PQidaX10PwJtZOu8meZH1alLO05Za8lcoT4jW0-FFh84xbJlHdp6RFPxaTAjaiw,na1,americas
2KE18Ib_U_sZ2FHRCLRV0aqOC1yj2hWH2DP0nw7XS4VBAt2ztvOgahIJMtMvu3CjjbCK30rRDzV7mA,euw1,europe
mOWNXkmpSMY0sTVSte6yhkt5t4MlTmqcJ6TKTA4hJYQSnuSKlpt2DkgOT6YPSQqJpwdAzgMug_Cq-w,kr,asia
kJY8CuGjO_8ymiUhvPuxfo1UGpOediBAZFx1CCB1a0L08xkh8bUQuUfpkJ0MiBdva0qhQI63mMz05A,na1,americas
_XUZUTDHjhsk7KKN__tNsmfZNRHCYhZWIp8dIuNeGyZT6KJ6XSZeYZuGNL5LTBub4K7P0crlB5rpXA,na1,americas
J7LSr03g5g_ILr8mlHEZ-8pHFGCSuCDPyvG4bK0C88HQ1C-DpN0II9iUka4THfA2sENoypUOqScBFQ,na1,americas
Q8Kq08YcHedetzcqueJVbLFoNpybUMpCky2z9-8_7aX3krMlVPtsrafGygB1AqTUZA7amdf3V-JDRQ,euw1,europe
OdbTyYgQ69VpMtOWFeT6SS8iQXObTngt7e5emnuls8Z0-DBrH90f7e7OFVRcBNhxkMgJSEsHL0HoaA,euw1,europe
HOGlU-7d2_fFXfBzRAXa2yajnfdUwFO7zhnf7PpkwZZkcSLElBUGPXihSjPf5r2-jYAbtNhYpasWWQ,vn2,sea
0miyWwh0eTtDPDK2kX72CMCc5BUo15PYrmzNygQfhxbBJzNXvCBGR6tM3-gAYTX4-eqi7Wuy_JmouA,vn2,sea
8VC_k56Ju3_1tRE8B_ag9daAwpsJO8qy3pD9L-cWifgwvoU_Fl_6Ywu120ypsh25dvNvZiPifOVYSw,kr,asia
ezgfCcU6FHq4atvlUkJOZsePfYVw4akASyD07LrujaAl5RMe-VJWjFcVL0efIz0CfEiEeUmpANMuTA,vn2,sea
f8b7yFJLv5r5u_OVgV6jS-qzcP_9dDRXxjETG6UWNsmpc2qtDmmVXmlIYrU8bU2ldtOE28MV9nIlSg,na1,americas
7UfW7cFnpx2xdApfV4f3rOM-v01fRkNT48-6BTbTgfzGEqq0cSwnhvmnYdsHV4wqDyXTsGpXaqy3Eg,na1,americas
WiHFO0EVngD7iuR36s9NPQ2ZrAmfk6a_RlbITK7ZY1Q5B3zi7o6MvCWcELG9Uz7q1Y0PzMjbv81a7g,euw1,europe
M6sa8A9nvNK4RliK18_6C3TNWGYPX4stwY01PPSnU-NduuxhVnplStukfUX0YXRCyKP6t36Cv7Nk7g,kr,asia
sF8SgHKR5VPDanXKGzeiimbnw7dv1DWMpolu_tRRuwf9X9Rmbb062RUrU5AdxK8sHRY86ysqTR-aAg,na1,americas
z5k_TdZH3MnUUdGNx2VVJVJ8Ksf7lYYtMG8uUUH-WnIfMJvmnIPVbogDbs3KI7XQxYn4Zf4_CistmA,euw1,europe
CpiEYqlIHl-Y6Jt5kRn8IZPrz6wBdOwp6zwQ8-49qzDyVBoQs2AmKX4KEIiGB_m2ByC6FrEygvHdsQ,vn2,sea
0WW9WA-jCNxtH9AC15Al2Oeouy--z7j3OXT-GuhU8WBJ_CxeEpkL7YByZICZo05A5qzz88YBzxCchQ,euw1,europe
fn017O7PZB1T2i5lY9GgYaIpyXu7RwHD82I9eOXPyJHzbGsDZHMKlWlqWLiNE9SNFRbvX2nzqYBlfg,kr,asia
Eorq66wdJGN57w3O2gTo5twFkQKyHhkgZddqJ0koZ8L0bX3HuAlMG3Tc_6I472fNm-OBmS9InkeHvQ,na1,americas
ZQQJ_BUs3sqBDq3McGRyyR9sOK_dFRTgOuZaw9s32dtVbsdA-sWbpMA4ODXFZNhshy_mn0k9I9IlnQ,kr,asia
KuauzYIt8WlUOdgfllnoqhVoJhO4ed9Ns0uGwhUGviEdcLa8CawAp_Zntq-ApnXUQQfJXYENPV8aqQ,kr,asia
xQfWhWgGiOgqZRyB4eaOSP_J3WBUEgb1sf9FVy33g8A29PWW3dPmH0E6J-qvjXKM4k0fYq5LOe39Tw,kr,asia
9vTzTQtTMuXynoWEfGxiIGx6QZefDtOA0AZrvPbOBWcyDybiBvvrtnP352OZJLryYT7vDu9g23sZYA,euw1,europe
_LSADMQHnhiLkXa3YfRZPpnykGy4Jt7FWTFSCEo6dmtRmX80qhSGua8HNNld4fdXs7piC6tclPjkvg,vn2,sea
fdc9iMVWtHP39JBtpA2LNX56SjfaD4xeFNRtt9jvxDEEYcEsdmWzoT0_q4ZpgwOgJ6QN69cestf9nw,kr,asia
gyzJm7JVQ-n7_EDejD-XVKBC5ZHzoBo2rXgoe07addDM_QPkaJMdiwS2ZeXbsWJhoRD5IcFFKfn3pQ,euw1,europe
uxogw4hdZim2IbM1EFq3669fqwm20pbFIdqKu87-OJgwCX6F8N5s0kUFhoxhff0IsVdWHHAHd_PDkg,vn2,sea
9bqDqflAmOCigFzsez9BcFS09QlFqvdfMThrBc7CWgKzqY7R1bfeB65aQhNfoMZqeN5m4qJcJlYQ7A,na1,americas
MiBuV8-5VmGJ5BTeE52FllVK_sikGQ6BhjUEs5oLT18Og53F_J4JT8JbITfNRBXZE4t0exGvJ4bKJw,na1,americas
8br7j6IRVYumbwq0JTVfytaIkJ1AM-_goDN63WSjBI329kWLa9GHPPG8dxaHYwX9PkfFswOIbVOgOA,vn2,sea
9-IznFrkp8Qxm0PixwLUpPPaz9INKRRtTu0lF89KZxxiUi9alPcI9mxlQL4-ZdBKxN0WPlUyzz-icA,na1,americas
QYjiA73a9DORLrRaFP-N3-qDXLn9tdCtMMzYwtLVLe_woybL49HHmCwdHSLVD_-UtPcfoh0Xe2V6OQ,na1,americas
e9kNlCaLmyqwoJnGfD-erfuqBGHmxOJSWlTRUCY_KThlrYowGKZGcxOIJkWDpefPrGbITdhUbRmSuw,vn2,sea
3-FXvZrvpQYqGyNMbHQEMex2eJaW_FVp63rWYixC8cSj0CgIQ-saXgIFQoMFCEFwVGnZkU25z_lRhg,euw1,europe
fOZEz_qtXzO_uPbsee5PWZHVjYuJwzKB4_lL9gv_5TqWAsD4FqJooftBer_dcnCgDNpLwIat5pbRpw,na1,americas
SnbxhMgRHvXbah2v1UMdYZondUmBLCHg91L328HRtKCW2vKGHdMmv5-unNzO97g8UjmVFyMDeRU-rA,euw1,europe
6A9Rq2COlXEo32pSHojSPcNXcEh7MLz26FGzZLCuxJrrDmZuMvTall3F_AgjvdgiKyaR5r48XnEdxA,na1,americas
kdY26TH2s0FcwqG6rsDpzfxyOYc0OozMfyDllpdAHOTdW45-USpC8FnLKemlQlFNWbDLyYActDpOSA,na1,americas
v32G7R_8z0be8_CmrYMZ_7fyn9hXvOtTV22k5QGinnIhGyiuvqPX5S_IZvSEi7WftCD4k5sxCYsiPA,na1,americas
SWBNdiOXTLMdcB-oVcoFzLgayKVdU_-oSw1946XekTD8iD9TlEdVSq1hFrSBzkAG7XesxpkXKfhF7w,vn2,sea
WPPSn0VP2VD19tyfm442Tbe1dPw0frDTvmtJaQYm77oUGoa39ojOkZNS09k8hSWqwQqI7TT84KG0Xg,na1,americas
XA757LzaO3cnoDHfTiWV-yd-6GJ2vPSzycb-xYAeAABvsMq98bAweMc52LzIwnWp6TAHzslA-hI-WQ,vn2,sea
uUbt2U1uO5q8C448iVDyv8UALxaGY5RNzAZZ3UJ2Yv6wuVM2tv--VKVOgP9NY6FkNVYM41hbvO7p7g,kr,asia
qrRO512mEyQOswyxYxuxk7gSYxRUSZPGdUEA4tMQOeopj8mRSdWq5ilEWninCRom22janZPq80JJfA,euw1,europe
N5i24g4ptB-6SU3BW1HEvCxQiKN5OCuSbU2e7721Q69wkzExAPrQRIquXXprHq9CDrGlqcWGnJFpng,kr,asia
lDFMSDoRHwfP7PZJEWO9PCP6oxWjeifSmoJYnnFa9Yg-a4KFT9MHPAGldW6ymqyRMqTsUj5A5l0KWw,vn2,sea
8d_1fnc3jcNjXq2dfkGy5BJh42msQdmMJtvgrVtkqNimm75sndvmuZgfexDqD7S1QrDHIarxmDCJSA,na1,americas
eEtlIttYsVCIwsRRb2TL9qpEdMVMrYsESi4bXN-BnjqQMV8QBo7FDmw7HTW0yI93lTdYm4iXtjGl6A,kr,asia
R5ASihVulwAVhEDmSeGRfb1I704e_o42IhQkrDBUl5L53mwaYcz_Hr9kF34UQbOzMcKrzdsyJvG7Og,vn2,sea
3d6WmWMikC01JLQovtavhAUwsolEsDZ65hpoBvuB6xCuK3TowQPnOAoVa1_QoF4z-eoa1fqrAKFjFQ,euw1,europe
2gc2czPqgOp3iWSE45ld-TX98LHFIi9sz3C0Znkh2sA6thXqxz9i84zZIRWD737UhmogJPc562AClQ,euw1,europe
ko5cifZCV9Hrq9BLxVNimopPbmgNJyziBb2yJkQMhgE2x-bg4hV0aJ9vOGwD57HrwJ7sVsLqt1lbfA,vn2,sea
nCGue8p8-_9Z9CqjaYTXETnKGYgR7BT916bjjOGocYks39whVVHauqJQWm26CYelD0g_Csx6R6MfKg,vn2,sea
HdU3lm-vPqYtAFEU6bbSyw3HJo1EoakB9PASUG50Q2twBJJatxWM9ZKkdvgQv13gwv6rSDrsE-BP5A,kr,asia
zGZ7FJ0_JyRyGLBEdXvxAcz2pJ0mD2XLCE6pM-c5Zvdkic6wrX0bPnnIeyB-w2OMPqoP2jUZW1nuPA,na1,americas
mHBM2FlSpxoSfLQ0QPHDNw92dEezhT-PyDclf7MYpYmmvShbaLRGvi0Pffd3rVVuzSv-iQ4FqXeIgw,euw1,europe
k98p1XedwJlc_RgX6YmMqePGFgops_YuCLFuUt1Q_8p68qpODzcQsJNEAWRPa6-u1nJCf8EBZP8QEg,na1,americas
p5w6pEG5rAQfr7Jf3bOVTIFmRjNOihNzlZEZDF7ffXnna2p39-5udq5dJIZp07S-sNRdKnT5Gg3s1w,kr,asia
FoUvfS0E7kZ2S7BCgx_JNWKMc_ekhSRN5fgjYvWzNY6p60hJOUico2gPjA7gTc7jRgPOfjNUVAorlA,na1,americas
XN-o4_YmCL0C1pelrHuldRqnfkqY3ypIYvpHF21aefIi2uqV1pV0vHK5xMhso1XGifdE-gKvSdDc0g,kr,asia
_t89qAf3ehriSVu8swG0gDgiaF1ntuSSMhDo3g9vjPO1zxfVb96DuK9Pkm4KvQkiWlxWR-PdarHIWw,kr,asia
NLDoijtvdON--walMi0GNrLkoQvHO2dpT0yGZeS-0oqYcwrW3pN1CmpwzDx1c02HJZJL78gG-vva-w,vn2,sea
1z5cZPetXl1Z3VKlHLpLDOSIRDCsjkpu1mS2veNh5MoUCjVWzhU6tR_veWCeaZVkgSBQKFPaYCOshg,kr,asia
-eSRQixs6kWrFEXx1aC5xJdJ31Umr_t1pnmLyBkECz13roWbk0OvTID7wtRQY4blPzNXyPKxBksPVg,euw1,europe
cFe2-ddvxj18bkJ3uatM-YkbSLSDLPp-01Iuf-S97lXGJ_NxdwiEuB2AZAJ1_9rXsdpTOfgsmtaqaw,vn2,sea
E7MTj2SdN8Dd0TEGuHYbGes1UrJ_rAALx2IeCgo7NAwxhNyT7a-LhooEY5mrXAMGHVxEyffPJj34IQ,vn2,sea
ECLYpIgYHkWY3rb63iY2sBWPHOVmJFrYyRNhDyhe8tJ2xA7tZnIijgh2Nzv0m0xU00JD2xUz1Drs3A,vn2,sea
I_xftN-FTzOW6dM0kBM_epuZ_0l2-ADJ5OQfXoIK_QVlpq9sHETSbXoZKQdbFta-bMWAlBwqqS6Ijw,kr,asia
UbCay8Td9pK5fsQF6StDj-fDbBYmwJuXkqbYo_e5A3v100h7yMK7zeUR9brLGLtWXmgySJ1HsK9UAw,na1,americas
TSgaROWxsfVyVG1WDNy3qJFv8gwX3qSuROupxt3T3yFLXVU2RMYfN0sGf0v4yo59OhBFaAtcEol1qA,na1,americas
dI8zeu8rW4xY9I9H5HVpPOX-4aLlR7IRd0Q3mZHEhmqGm0uSxhDtKQV4oaRJCt6wZR4QwRGwqoWOAw,euw1,europe
5mR_CThWiJZJC-2YGZsVefMpC2na_0YeZFDyrFLNFVf-V2n8dv5vjF3wJS_mmw2Zr1S3IBRguiKEgg,na1,americas
WbdkKxXeXgezN8fjwon0oILbpwf3qAJUGz1y4uVUZwzuxH-BFCHMrbY8fm1lz1Q_e37MtL_x9vXFmw,euw1,europe
6HWFB6JOhisXuowCLYG2c1LOYzcW3ppxHTGMrMNZ3b_9wzqUNZWszIo_z0kmGnGxl_8a1DPzJc2XNA,kr,asia
3lFpJDGVfSXoW8Mgoy_S4r9A3aS6yJQ5tnkOFgEZEpq-3lfMVbV6vJFzsbv-dBbHFRlT1lLId0iSSQ,vn2,sea
guoPPnBvIKVBiyLbwx8yRRQcL0stCikEYJ3-4Nr3kPzrbXputwW23kB2iWhPy1p7u10v3JW_s_cWhw,kr,asia
AzQIS5Nj3nol1rk_4tSYwiTTtYLMqT-dOLPEqdse9p3k6hY4podPQ7D3MtKXGWKe5qVARnrx8Dbd_A,na1,americas
AEx-CCvoLsjvpFYr9Vo47jmwvBtrR7QwTXespUi6pNeaXRaaayCsH9nUIVirESTcxfjHh-RKbx6N9w,kr,asia
KWipKOYhp_t49cq1yU_WhYgcQQrwJLXgVxOCfJypOmnKUPe-uNQWPM_p_TcXq1BJsLfBICfb5qNTOQ,na1,americas
d3UIXrx9us8NeQtSb9tRKnpqga2QcQrFCKE88adSuIPg-mwjQJN7wmA1rsYhHpKTBE1edywqxr8x1A,na1,americas
CDJBef-3H1D_46ACJVnhV18uIHCOOfj0qKyPVcNsAPLRaNwRLF8q09ROxTPpg0NYaYWjPKj91G-JNw,vn2,sea
L_0ReWkTHCjaKBrITJheMcTHzfEcqwrKA6oLJCZJNUpbRRkP4fFF2c_EGcySNmLYFVZQ-7CUUBS1OQ,vn2,sea
nETr3gQ-O8vgzjgxcVueiVjzRq57mbA8GSDM5HQSU_5QPzjysO7LPrLcZus9uwQms_Y3KZAHRtGrMw,euw1,europe
JQZykx_f4oMyKXDI7ksZZKYmtj4qVZNkKhGKyRyLEMU0jVhtHNJeigAOEbIsnklj04xYmQ__Sd5NBw,na1,americas
902GL8Q7SYO36YycCI6bXeXP_ybu7s82AnBqsrJBaeTqWMj-N0yp1-I5XtC8FjE2fiuMzze_l1rFNw,euw1,europe
6DdZRqk1rYShKq9pVwHhLNEL25fbkYq8IjNenm8gh7XgJOACDSIa3IQ-d3GJ8SwxhP6NG2kdszIqgw,na1,americas
3t1dkGrNPPcosgmY0x29kKOQ0eAGMapPY4G6F0RgYVUr3iJr8Tma8-h1fM_pvH02EJazd_3lyGD3Lg,kr,asia
IVKOGIq1BY3bFrUlJk1__eTRaFLM_omMa_G6kO8eJx-KCnNKVOij3PqObo52GNmR4FK-QewMKqsqrw,na1,americas
TWJSAgELxLjj5Ltykdot8eTd3SdVn2VV8otfaND2cIylJBXkllPwIvBDfHbt_NfP9A6p9AgNmv1bZw,euw1,europe
eYX6ULifee3kCXXqUM2C-ybseGF1fLxUBwPJDIosAza_Uud2dd9_Uvw1bZmkzqshsU-Zm7551_G3Sg,na1,americas
Ptg_6vsbKG0ONwSAf4etq6wIBOP9y01dMSlOkWSHsIlkPmXxD5FJluo4f68GUemw4JelBf6LVGSXbw,euw1,europe
7QmNfsInZ5UvFmrDurfEcYsZ26unsad609oiP9Sg03OXvhqmOpFLZ4e3kXeXjQl3XkTAkeslP-JHbg,euw1,europe
Q2Z0PUNiwRsyEWKsHI30X5rUS6eafaINnhPWXr9CaRSJpe6gskzdoUrCABzWSwKeRKPXk_ip7Vbahw,na1,americas
QWF8zFOIq3DLRlvqIL2XgE_x8XmYb59tYcEkl3CdTSRVKcen99y9zeSLZwbVt4WiZTymt9lom15G5Q,vn2,sea
IqwKgiTfLKT-OuSmYp2NwHka9RfwXhUFjZJUEbG7SmeNNKKkKuECfUekzObZJ9ZYHKHFjcdHnrp6wg,vn2,sea
Q8zwnCXAjBl1ndF34ZybweWCTj1oAePEy4_zTfLRi23IP5UC7bcp-iYn5W87GnHAE1G9sLx_FEi8Nw,na1,americas
O48bGePRTY8AGbm8MGOkqp9xwZ3b6z0sRkTukp_MmP0oba8c-pTtCAsn84i9S_LJJERxR8dXj9nv9Q,kr,asia
6Y0jdOCzG-ayWj2hOKMpWaETDnNxX00muhHA_v62ZpI3-5NAykkdtvH6iQTEkBN67BtHUWjjj91diw,euw1,europe
c5FpPidsbZZoLCUAOC7rp0bB-lCojxThqmy8z0inFRQPGR6g5wOuQZOsly9_OA_YgDaoDRMJ9ZVVEw,vn2,sea
0rnboFIQXunfR6OpZzlDGSYj5RFAGQHaDsgEjThQkCIxSDu3x1LzjYYca6bFb_v690s2PwJI9oBQkQ,na1,americas
ZU6bKd_-kFh88443RQKVujFI0Rzb84itA3639xM7cpnixEvXGkTbMiSTdzgRO-0J94gJGY_YxF_5eg,euw1,europe
h0GHOwX8iEL1wnaOWQ6Rjkx-NM_84lRVbBUBdCeBej3NlCVHr8-nF8SCLHXivwazy2hHLiuiTBT_pA,euw1,europe
CYWogw3VjGiZlxddHrB5Y2ObHqd-EGGceN8wnKGRytxPlh9054Rus6GkJ3alFIHfYi3qlrthgpXOrA,vn2,sea
CZfb74y1RjfBqUB3yG9Egb99RqcNoCTDWF6J99n_g6y3tbN8OUOiegHF7bV1LkLoFCZine1xZ33QQQ,na1,americas
x9QOYkA8Fvgn6kHI4f9v8Z75V70Jrw6bhGYq57PImw24A_13YbbPS9yRN2wruyC6pWYqfzX-3Erukw,na1,americas
M8b5PGs1znl4RDVS9yEZ2YQm6SnX1kyJpror_XsK_jJeTfBFRADJm_9GI50fXyotIc74D1_eThWLxg,vn2,sea
yD3rvS9Jwprxa5YNU01PSbV3g3K-RRXfcTqzYpwGseQ7S7hxJW1j1OiPTJ27P0-r4mp9_IyNHHti_Q,kr,asia
SbVf9bsXnlttT5kJ_0Shp-tn5xSPtmscVjWBSgPqw3mSy3zy_t2p5TrWTZpkDa8K4FQr5Gws7ymATw,vn2,sea
xaTsDNVGqzx6knSMRdL8R3U1SXqalyukRTUiBaWY-niHRwGBtbSVAd7X1Y4UmXKGvF5OpU6B4Tm3dw,vn2,sea
MV4YjAXq7qLkaqUqq_BG_q4TuDWfDjTRSJ3icziNoaD5Zs-KdHd1D7KB0SUT2EpIRO9z3hqFI69VGw,euw1,europe
bK7-ZJ-4l5j3Jtsuj4BkD8yiC9nNYmHEv-4wLT84viOnthZO8pHM2xaBWpL3B8z6qps6EbSxrKeu9A,kr,asia
OwQc7UX434Ew00xrK0P7mXisdnMtK1YQRtmBYwBr8daxEKvBSR67H-WuE34d7AGwoOpxT6O15VROIg,kr,asia
IYgUkh50tKI0BtoH5r2MYy4o2n5BFtsl5h3MQx4dd05Bp9P8W3hTUtzlZbZULOXiZ52Ptcv-423OTw,euw1,europe
qqWyUv41ulE40JYWd7VzZ4B1b9m-V5MGcVJvDuTW_ClsVJCD2izSqQrjhPpvnBi7YAGf6B_EcQhb8Q,na1,americas
O5jhx1nPGUYZ_Ij3bTeU4Urgc2gdM1m177GEb_yGRWxB2dISDAJwn1Us_kNS11qlSCfydNrZImWitw,euw1,europe
SIshaigZ6YroJuMVSwWNN3KJ7TdjtkMImHB0mLBeal2GLe7wY9FzhULPeVr-sgPVuufW_2ea_xBiPg,kr,asia
yNYmG9c2Fu7nRsEfUhbx6vmgSqNSn_gPquQgUVuTGiWFlP786qwiYxqLqBG8-WETmMC22MrcX6KKxQ,vn2,sea
h_5DkuBJnHRoODg8WZ92MF9nKeBxwnM8hdZUKJX5XBBQptuU6i5uzYO9NB13TkPqa8Zah7I9y1VkqQ,euw1,europe
t9IPdDqpIYNu_w7EzdUb2YDqPizt9te1tVQ7_ugiaMnCFM6GbIN9TFQ0YwneYLoz4JrJ-IiickLtFw,na1,americas
5WUAgChRwdvhnoNEBo98BtP4Bajx4C_z_gg6MAmxfstDpWNLz0f-y5lWSUHRG-rWB0SgZh08ivkipA,na1,americas
_sjlJvghMxsXvRx0twKwCe0FY3nujSYIUIEcvmoowM7OKlLpHytHxoh8KqzdUii6joKsDhx8_nDo8g,kr,asia
oPOx5j2TtLXum5XF5AGszkMyf0UiJvcguQ9dTJzrs6o7TBD2SiMYAz8li0-HharY9bvgObUgAEbJdA,euw1,europe
sdymhuqqHwFG3GkmjMJBFc9ciaU_6eAXBuWjLAqQ7No6fk8Zmf6gKKSzixIa13SZI4bRylC7t4efrQ,kr,asia
HcPmpEVPXtxZ_wmKg13_824r2vtmdI1ppsO1hw33U1O6ZmVUki8ycv5Dk3DIjOhzIuTWkw2PoqZDoQ,vn2,sea
cpIxkdkfza_7ATw_HZX3FSHCWu75_4E2Q_S9MfQMB-glfDLKJmFYbaIwWY9ZlsRkWFn0zMiIq05NBA,kr,asia
SYwxh9igyejaUyZfoEBfdQxAegjMIrEeLMEQX6DTV_xXn27o09TBpHJfYiA6qQgEyRdwmUTaI_q9bw,kr,asia
w411xp9mNRMUhFlHBM7jOzDyqDu8qnrz1nxK1VcLupVnicDVxJMbe1Fo3CzM-uc8r2QxC_p-psNdkQ,euw1,europe
Lm9dgvmXwck95Fnr0w_Sd_m9CCH184luOCfsCNhN23ZMO8NlvqO0PPLENkbGuZt6HSTm1nuzq8eE-g,euw1,europe
o_e_tKwRRzOAJn3WLy2ENkwGzLJKMDmARNgMARruDYfga_nMOsjSREQGhq-aA7wOvYNU1Zckwt4hOA,vn2,sea
lm33FEZpN_fzm-VU6MzK_aqo0BE8YxxFDfHUazNgqiN0wvkiVHs8xu9IapU4TT7CR2bMOtIDmb6PLg,vn2,sea
YsFJkh8q-K3IQj1uu5qDItLs51L5ARXhfRlOrm5zpJDbD77F8Ccfo-3S0S-oVeH_8t3LWaHfUY0Oxg,na1,americas
jozIRPqkL0I8pRfXqK6yb4WdblCgEw_jPNo_ZeFMwsK2dOBnr0OsYw-Axjx8xfrE3Kgv0c5H3y4OjA,euw1,europe
OwONUpseWTw6sSkU38jb-RDqzJyrzET6JQmZKw_zQ9iC0o_NaymfrTukf9OtwrYoQ_k5jupLlxx2IA,na1,americas
DsPoxqSU5TEaRYuvWxphFwHRIe3DIgaiSrwIUsCA8Ys2itXTr7wDOQyXvoma0Z9dQtX13DAumsvftg,na1,americas
pqMHnxbBvUz33_BX67a2J-gHskuwIdZNWv9UOpivKM5XSjOn_gq2z4aHOXQ7aBbvZo5bSINp_T-7WA,vn2,sea
jQcNGv5kW7SPokiJ-9OAlNWW-oIYLutCvZSqxzX3D51wbrhbXKj4YTL_fvxz4FtvjMuJ5Bc1Mm7CEA,vn2,sea
0GFo5ykZ2Ao3DBkTA-my3SxIeeYFrHNyzcqLyfsfp0qemFdle1Brli4CNDVqpnzFgkPkiBIEnFmM5g,vn2,sea
S2lyPta79l76-OmEAhRZxp08-6Jba5oOG6d1G5NkttQ_1DDO99rIqXX0BKxOmV6bYnxq3FJyrpGdqQ,euw1,europe
i-k3zcXk1s0gmoVyVPztnIHIpNC2UmJTiu5WY2dgRthPLQvGVhO7hIxlRBWCytEW7Qv9-Lg-yteGww,euw1,europe
2Ac19nk5k10Y8E2dYGpm0iZ7RTrY0vjkREiVINtBmX-DR6C7PBctwaKwwZyo9r__qxyddGk0icTyXA,na1,americas
8-nHdiS95wbXUKWUU-yA-O4KE9ol2qrNsyRBbOltNpYY5uWMOEyA65CjDE2KAG70R5JNf732ALIbZw,kr,asia
VF-5Attjo-arLQnKYuxo3Zo6kNS4lGAibCR-kV87V80u-0Qw1mzDsNd2ffJWB_a2N_Y4YOrNBwl90w,vn2,sea
P7zm0kqSBYuAyHTLdJnx_FPvvcT_FdDehlX550sV38_NoMrpfesPiaWMgutbOiImIaWoDLUnrEqcJg,na1,americas
-dWZIv7WjQgxObLDk1np3IOCAs_ge8MVe80g-X5ov_R9KBF99fN039JWKD2ZlFD-KwmFTtzsLNPfKA,euw1,europe
U05FnCGgYo5f-VAommw3EW0GYTG-fRi7q7I_M0HRQxJZjX0Ro3o_nKOAJ9rIrVL2OC38C1JpjSODkw,euw1,europe
jXiNKOfxB_sO3vy8EkDW3eTHhN-NZ2QuOkLBS907coG2tZv19s0M-7KJLu7PaIpkuo3QWxxZABR9iQ,euw1,europe
ez-x2pIh5gZxw2h7GIf_LaqpA0Iy2exKlPm-cZBL1k04ABgkhiybHXUpGCSyE_dXCpbSIRTX6V6GRQ,euw1,europe
m4HhvC7TeO7oxIplqxgMtpddPf4mVwyGpw_PeX2IjJqg1Jspq9JBeUiLGQP1a3GF0BGjzHZIAKqXSg,euw1,europe
dbA453vuci7gO3iMKB54dyAJ6h9ObWoPIw5MGAKq4ILpNDT2p4w7XFB5JKaQeO2VvoqSJQ5zb61tdg,vn2,sea
v4XTV1YpsNkmgNWHw8StaPj3QsiepIRPm_VkF2JG7p_b58ZIgWlVLgIQv7lOyjSucgRfmPhd0FSVuA,euw1,europe
0vJEE4DxWKeO97McNijBAFfUGXe04dSTQIPq2v9TqqVIuFvQacBcHPvx12dph5w3sBJ6coq9bvTpjw,euw1,europe
UzOiFAyXZoBEOG9O1SfFy0LjzldiSCE9BpU72LKVqtv2aMK2Qa9pHnbkmez2sGePmCctGSLXda-zMQ,na1,americas
hBcW6a3AeqZFRWmw7LRzorpT-MyTqJ1VCqQQ1BxJ1_c9gtQENUkPd6MaZVX-ztAqExKd_x5DIfMeMg,vn2,sea
uJVhzxFZ6ncnS2NgYWb_iBnt7BTcw1Is7Z2ZeUzDs9qJq0KdrXOjkf94J10KjJisALxFXCe8D4jERA,euw1,europe
LFX9FBNSKWt71ChLme3SToKQAWjjxRYM-9ZPElqRRbYey6ZEGY_xIG6ZPnb-yLTTLrM0r-Os843Nbg,kr,asia
VvmlEfp5C43pVHsFNfyhyeFprsvxhsOkK_lQP__-yy2ke4N5NHg5tAfay5VxB_KHGc7IDBaUseJRvg,euw1,europe
d_3jLPxx6edHBxbbzFQrTecF7JHH2f0yAoo5ADcos82HIkU7sf-z7ZTmn-jceAh1AJ_ABBo0gIuVeQ,kr,asia
WbaO42iRRIL2FcEANEymPQOQgmfyI5RYyuPeI3q25HISndB2G5AUFaGEkanPvFNDYhLwaXQRxdJsoQ,kr,asia
XDN_28ZhTVhRJxfEGJBi47P-AlFY4T3sEN0s2-THajtXE_CKw7nQbXzMge4V2TsR4BdZLt78HosuGQ,kr,asia
DW1bg-N_PNtyNPRDJ_r8dhnJcnXPKSbsR-sccByS27BtBCQn6Ef2rJzIMW9rLEwerJdetL7BAq8WCw,euw1,europe
AaVKqsKiHi-vB_mzqgrIdlm13IxckkdYd4-oEVUqiUPXfAIQK0Z4Hp9RDFTSv8oSbSGryH_yjN9fAw,vn2,sea
NVtcgypqn_EA9b7StjiVwQC0B-pAMiA7Px1qNhq3LmU0dnZ0OwdXAhH33COXZYYRDzbJFwXDo05baQ,euw1,europe
LAU7ARUrpTg5XLgedxp3sNVV7dm-4yexNHL9wRSK52GdJI-PwjQbHNG1-5nJNkqLK3_DK8SCWjdycg,vn2,sea
OnEkeQX6hCxygA2blNsHSgjHU25po2-mVkkFJRDERtMgeLIaDONlMpf62eWzxEgdgYQZ_1Q_4jkszQ,na1,americas
GUA3727W_sdVT9WrCjU1nP6eeY-EnMY3qTZSx2PBkUYJEiebFnbu5VKbmKv4SFGSuf_0LtDc65GT5g,na1,americas
BISTAYuvP5yyTHx1ppV-anJRCWDQugzUmAysTK24a7bVNI1dTMRouAjkV49JvtAxvbkm6RdXjj6dPQ,euw1,europe
BPOhaJfYIP_QHBO7Emmt9j5hbBMDpYRj9H-Li63ddsPiavuW-fy-yfB7mK242ZyyweBZXYLPUmQJEg,kr,asia
4dyIVIMl0u2foMrw4tQgjPfz1ce0a_2i4_UuzmOtuYlOfMzkzKRFXnnoziXUXpM2n5b3iMQFUJskZw,vn2,sea
yvtHS16IT0cOMLoAwOO_efi7zQivyfBF2jCULioscJJusJsWyLt976l8NHD1n9ALSDvkIOo8s5xS0Q,euw1,europe
skkXuiBexdaYt6X79-C5J0pwiKssKLG_zZ_AoGO2gXiwZsnmzz-y9C7M_S8V3UjekQXU1HNzDsvsQA,euw1,europe
x-EetxdWzxKhqAvmZSBMd0PoQCInH_MKTaBrNxxy2ZAOraVi7T5KVHvfKcn4dxyXCeZtydHbvgd5mA,euw1,europe
2ByFqSGsVbGCBlSFhLJbLT3sANFeBqqmzmf2KMld5iTnjqw0vSmOic0S4RcMStJDg67QxlmGGeocmA,na1,americas
lI9lTeySTV7CW4LD0t7bq9whrORtWM_WYk2MhfHykuV-BOfsRg9PPtIsaki05Aw2TGzN2B6NM-0MTQ,vn2,sea
XsH3c4lUA5N4DRXHmMOFsX1OLQBoTqmDF2hKo98jCBSHGOyy5bF75yHgVF2GaqHaHjwQX_FtKY4a0g,kr,asia
LGcF5HXHSXRe2_2nsRJS44UbcRAxWKHq6fhLS_M9UBB8OEPa2W0B1HAUBBPXcR50tJS0TXDCApoucw,na1,americas
xblb34aaWnCxdIssdaK9d3UnM_mwecApFmlpgOS0hjzvfbaf4Y23YnkxiWPM5ZD-ISBdAZMEmtXmlg,na1,americas
LLEpQzH1wOfXYBUyzQWq-ZiNpQfJoprwW5ohc_cK0EhhDjQW6q3PynveSwoDrsJqECKkZnQ3Inw_NQ,vn2,sea
RIUopGN9AdSqMelUdoBkJcus0y6DeOH6pU1nXvtaEOt7lzFKwBEBX9GVrskgLKXCk8Db96Ll7ycS4Q,kr,asia
vq7A-GHe3aGiSLtg5r3rqkzg22GbDPTlL5DpMMtjoAY50uyTvgqIOH8_QyiXHvAGggilcVrsJhZPTQ,na1,americas
MVZOA8QdxndUb-arMCGD3t2lHqOBlRBy6SF8axErlZNXNUw4PetYRnQcnyPBThb5A89PeMeHT2cg7A,na1,americas
bKktz664BuW3fVTsdUBJCh_y3ethIbT9YM438HfIek2uEx-cCuBPTp_STHCrgKZXQ1ZC2y8SA5W2oA,vn2,sea
BEDGkdhAeASYkEKxArTm4YvpS32LsmnWmMNnKjWq0ySXvNkHlwSD9CO9QXp86ztxKtgKc7Zb-FwgAg,vn2,sea
DtdYvWz1Io_gBwZ6TMMqIBaGFIXFza1KIcUhfoWBPPgzMHDK8W2G2oTWPElvxaARmbbM-6WnoKMKsg,vn2,sea
AhOC2hdP6Vn7F-_4yA1mCSCn-QonHJkFODnco7EcWD2VQudSxjcwmgUkrGKckEjZ-b8REkMCkNNB4A,na1,americas
AYZhsyV4zV5T55Es_VYe5IzM6iuHhAJCiphwrdluYhGIBQcaVe89Keo-eQM22-DnXB_i0osy2i9lhg,vn2,sea
Tf-s7zD4dzx4Er59mlRQCDQ9NfI8C7VoySt5wyx80ZUISMd9w_DKkbH7pjXU2sz4gTtLnxcJIjj_gA,vn2,sea
KkV3uTHW2ladJs77td3YmzL2eWQoO8IFmOAPg0pQDaAZvEg0blGD3miWhaGIqU1y9yjGiDJPAF-2zA,na1,americas
NUdiKmw8tZIFttJdKtH4Lq1lEnBLYB_ItnxERAh6zzPa3m0nFULHwvhwL5Tg0ymLJp4yxF7RAm5Ruw,na1,americas
b0czHJFxvCircWNax6NKzfyO16G3c7BS1gyYJYbLlJa2Yj0KCUPEqDmHzHwh7Va6vsufRcnV0469Ag,vn2,sea
gTnU7LiIdKpDtQxMp2HvCjaeKGES1tqePyJeIze9NQJNnV8CtgMiI-MvEnIv17NLHjAAcI08BXNKBQ,vn2,sea
0vD_oP1oo87lC5ac6s5nKhwR2t8UAOWqlGimXFx9h9NDQM8fn8GAw45O8PfZKzo82Oyh9JJzLEQo3A,vn2,sea
jyJX8JI2oq9Z61pfShkVB_GuFZIJMIUJwbGC_RcoU0U8D7BtA1vJjCitPtg9QvJJoLaIPJHThg5enw,vn2,sea
OgyyEyOaue2MEZgDoKzAFZaWf4yVyoptmk0CBkVyxMUj66sPO0LkFg2860P2P6cZQ4sVYop7lcnFuQ,na1,americas
SGGRWYKJgoDGEh__VojcsR9EhuwnItefXkihLaiMcnjOwcnaF-BvMj4grZB2mSgJxvyJJIe1JvymnA,kr,asia
YxHydMU2cpqe13iSqdWkK5nvKmxNktHd3rPnyQoctu19yZfaILkhbGZ08RfdC-afhiVFyd2pXlIC4Q,na1,americas
WFys3jGqNWz_Hb18vKP-jIwXHCrCU7slFnGx7IZTC8C3Co5RjMOh4ngQXshcofOquLf-Ki53Y0Lwjw,euw1,europe
TLuOFO5KvQ0eEygEp-jKxRWX9DAvwNZU7t4aFv22DWwaTeqJoQ3Eoe3jFy2zkZW_A6ZHtvkOq1m5Dw,euw1,europe
j_ynw11xHhoPUpnuF8-AXMbam0n2FlCG5C-sfLgkkIZRPJS7I8Gin7qPmv6frzM_iRadPWFKDPABWg,euw1,europe
H8Vd1VzQqymlvP6E7EckQ5XIte2beZdKOUdYoH35dItRo04GRnhPqcILUxes1rDcRoxc6yILzJANOA,vn2,sea
krcZWRiRuuQI1SXB79-2BeO6VZcpfFrPRhH9jvekLGK8XXYk1AdEdG_g8_98DtErAgOeCCTJLdRlFw,na1,americas
S4IF_EkZVYsCto8Roga1hJyiysLS4xqv7-KfKEe0wWCbEHh60P8aZR7_waYnI5vzuJwdXRjMjFybcw,na1,americas
ge79OLcpxHujx-IpCEjqdKC3hAkq4CFSh-LlphVfe2xH89NU2EgfFFLfh7EMfSbbLzLP1POSEwRfRQ,kr,asia
YcuaV3J6ynfLOXfJRvbf27kH8KUwXMcUXJJg3yOo0ixUTRaOW8Aj_sfyKOso59MgexUWsDo8yAJ1rg,kr,asia
FL-TOYWfN8MI2twCEABP3cPqS4kGkr3UAve-bRv-AchacpCY2mm2ReSQkmhvhoaQk704Xbd3NNDlvA,kr,asia
0nLDI1v2Ez3QBeeL4fdi8LDv9pPZpQQsdoxOX0BS8Dks4TNw8Ya7lM_cGFg5ltCcsFEQszs2T6ov0w,na1,americas
Qvb0nALtBhSRejCTxpCM4FjMP4No1NtqwrVXAdkbRmv_iw-aNU3jadEkZfSrZfNTOxIENfLrMMAUvw,na1,americas
6XUZASxzeTk_b90-2GgG5-khgGQwrSHfHNKZb_5ICMGNFeYmy_IJ7Ge5Uo9xkjZcECD7KxAiohdbMQ,na1,americas
qF5kOx21TVFNlD4_B6LZVljwp5eFBAC60AZrxwqFnHw8CkzDrMDZaxA75oAbgov1VSnLjLslJWN-Qw,euw1,europe
mwdKweFnGs36BxhUQvCAsXqTQCRTwoBVrPyKiTRJNtMwLTAJ2210zcBl-etiXtQq4V4qC0a_bY2EKw,euw1,europe
t_6kjDxLXg04D_fcDcoPXZxA-DMC-W5yfSPnXu08xsvvay5ABw6OcFsUqUbWW_nZCyy3NgXTQAGgWg,euw1,europe
Dya3jXSmdPYuhLsk7m8bvX5w9_qZIefa1OKcdchfIwU3ENUjTfxzmUz7W37ISgBzJgs1WnhDzcbQjQ,kr,asia
3eVvKXpnAZukho-pZeylqGE6aPNYNurAWjo-0CjK6ySNeppBjhQNA1r5xE0iIHC5mRK9JN3bkrMz0w,na1,americas
xUOqUmfuJzTy4DuB7UZ3WWcuToSc28Ue_r5DFQ5-NwEelfEK4LAfibPO41mjf6MyFJIbFfNrsdRi0Q,kr,asia
fPb5aosQqQKElaQ1Vv5ockKg4K1XLXkoolhl9PuxJl3ZyGCyUy2boOAn_2EhIycAKWfANXw2c6MjXQ,vn2,sea
PXNUfXEcR6gpCKQKfu7oicFlNRVm4qYX8pvEdEspIc9n_S1tUx12GqiY33OOygfUWWp77OMT_IhIsw,na1,americas
gmgjgGY7bhn9lfkUckWuV2xfSJWaLsbVTUBZpUYa9yHvGnhP6jteaMpDvOvNZ8WP9jY6_gtvkmUJPA,euw1,europe
j2eKwEsIMTq0iCJcONGRU-TOFdM5ZlbOkpnv7v6wYmNyhowsrwlmKIc7z23kW23MraSVXV95Puzgbg,na1,americas
QPJORiJ3sSevRchoOmhRYGY0lUPKXpGw9l9TqA3gtOAeYnHYdeqWfhpZakS7i5TrANQqEyolV2lCaQ,vn2,sea
dK9rK_Gx7GOyWn8joWGNtIymFS_iyCOkJDCYWr2ARCVPLeoGsBCCboy_85CINUmvOWxCQtAjqKC13w,vn2,sea
SUp4mYVNuX_ybX-LXl2uOBK4KCJlEpNuIDWFg2f5IIZ7chZ56F0tC6M52DIh41cdMbrrFeUONmcjew,vn2,sea
unL4Xl3OJYxOpDU_5YjV1sQDnK6uVCzxZhB7pU33V-yG_ptq9yM8YLnDt5GXAqVjj_4a6ijGJYYpdQ,kr,asia
jzpxtOMMjzgY5kP_w5AuoWF30TLi9w3H1mQEYwAxP7bcBfA_pKhmPzdmVNRr2WKiTlTuxBvoI_C3GQ,kr,asia
AxDzTpLAYJ3yqOEiCF5bSrZGvFxM8L93g8qnPcX8AYMrtayxYUG8d-Ygiv-Uf5c4IeTWnqeYrjMJ2w,kr,asia
3kfHjNhY1F2TGY7iocs-oIpYDijkdKlcit7AkGNjGhI9in2RMgDgnMT29B0u4QlUk1vDvCp586YCMg,euw1,europe
Sh-hgDOf3fh7V4TF8wjwohoPb86a20ORvu9PBBaKnqxkFr6nvmxxz13bGzalfr91PLjEOlveO-BDxA,kr,asia
jj29EqwTRPh-bRnEcGtVUBojrnYoKiPYWNe7RyF0YwF3RajbkPlSyaML6X9OCbdE8_dP1GMxKhR0yg,kr,asia
BHaAnimIhTwfG056SXHkLm0OsYxZ7WQf7IQLaUucnNdvoXr0gElrdU1UxO23hr4wcUWaifO2GDVV3g,kr,asia
-TuI2sTPvQyKjCwG8nsoIHosrrud8xWRZbO6CJgGJQpSZ7PrVZmRXtzTfCxJX1CA4qyDFuhML42pCQ,vn2,sea
3gGxlnYL6V-okm2lvcpP8HMBUkU-wRULttRDFToUQuKDlV_lvuyp9DHMOfoi6VLri2HsUDNfhVvGqw,euw1,europe
R29d4ks_RVdw9ToW_fzT8XgaKDfK8XstVTns1-skyBBWh-6-xkAUbtjF1RCvbKojDqWGG6qxdYFUvg,vn2,sea
0gdKc918ponFroFMhr4nH0Li39DtAGHY1bcpKlHT3E9jWhY5YF4KO6vGYJZ2xL5kOgQFAFdZs4NuMQ,na1,americas
YfT8G4q0tR4pHta2uWFkpPeImBIMm-6_DbGDiM82h6bCVSrSK8abeQlL6Z52sRdbe8wLIA2dBhfK-Q,euw1,europe
erY2WFhQcwvA6CVoSjHN7zpDQCPXJL-4Dy3MBBygptadHhACQZIsMdIh4ctUXB-MOvW5k8NVlqDmfg,euw1,europe
GQKI9zQGuemC8Qkz1qbiucdvEU559EkYZxKmzyK24eGcvjeTy7iPDiCRgMtjE1QdagPpUR4SKTNMNA,na1,americas
Bi86IEjbr1aNQrdCF9r7lbNby1GnA9lQ42fBgkj89mfXTRXnTYJ6PHYBX_N34H1bb4WB6SLD1ZnC8w,na1,americas
GTtbDM2Ur1CUb7RXo_n6iSC6vxrtk22wuC5Jt_o-Qqw0WOYBE6h8hckGze89NMFto25LHL8nQa-x6g,euw1,europe
E97wO_bQetHSDohxyxzs12v-bRfuKtf_8SHwjwhKj5Ebv0n5uyQc8D8O6-PQYgLfjfIIWdk5Gphj6w,euw1,europe
Z9r_oU8Kp7-9DdhTOwAqmNKOEl4CEco2touj78OaM4oAJlzphxjup_Ip1eCd1HY9MInQBbocg70IUA,euw1,europe
3VqMl6Y9PMgBEhO971zvWo3VOfPnnROoyIZ_Nv70r2be22Xg9IO1Smd2Vq1MCWpueqheJ5q4XKazow,kr,asia
Nvyf-WxuKjkklSKN8p9unlP_M3iG3G_Wtv1FnD238J3TXLay4pqMbIE1AV5bMJtJxxJGPDqG7OED8Q,vn2,sea
_UPdfV8U6vfTFXqyoq330fK1eU7K19fvzu_YtgoyZJudAkjb8VjfLrq_zfC-avO36912d-o6l1PAjw,euw1,europe
iHfWEvlwl0dI7QavrOEXZqd_B50DP2h2LaFG-QiGoOjiuH-coDsKDITBS-tq2bEmkvwfuIo1rUwkmw,vn2,sea
Z5u34Z7FfmSMq2QIFKhGnSPGDKQ7pB3M6fFOzEOaUQtOw0dwap4ZhEiR5_R_vGvbfHQAuhjGlDzIvw,euw1,europe
QTbazb_7GKp2XvY3tT3n4XA2VU6zAVGzZ24_bfIZ3WA2zKmfhklFpHfyjz1tM3fQovBXMNJhniKQPw,na1,americas
FSlb8KnjymRVt0pZIozcBWJLmkGfrbmu26GN2xHsVof77H2z0I3Vm9YisHB1ZxHrEBrRndHVubVudQ,na1,americas
OIjiP23fhg9bY-mKDupldz9sMpJXhE5iypXvmuYyx9M8G3APjDOl7CEk1HrRnXySAAFtmbkLrvCOow,na1,americas
Uw0r1nhpe7kMH92YF5XH6WfipIN7uZ83F_8Rh2vWvZ_9lpK5ie3hbtihNYyRjI9CStDWkb6z5CB75A,euw1,europe
_sAaRK8-RZMKHb8SiEKbXoBbkevHbXtiUBWOTfdfrxa55FDmxKDC_blsc4pjNlN4X65urRzHqiP-Jg,euw1,europe
vJRovdqM0XfqzKKKwd10w6544ixxDL0ze5tbjZSdbCjn_5vOkNVOnxtWGrdiegJegrppBEaGxvEIfw,euw1,europe
8l_AxIIiTNV3hqLXiA45V9T_QjPwkRw2Ozc1vNEQd9gcPVLm3jOGmLbGAn12ZnKmwRk4xjCWiqwY6Q,vn2,sea
QvN0ciQBi7C5uKIR_7C1UygJIF9fRuIr0mpvprzs__7Woy49YQdRC9hpanLZyWkAkpW62XDHxgpnuA,vn2,sea
ewn46LV_tzBGNTiWpwSr4i4c6A6OcbiasTlv9KW08c5wdSSVbr4AQabQaKtT_gXt29e5GmUmvG3YlA,kr,asia
i34lWRMWtmLxopHdO4O34oXNe5FFqkxet1DhYVin4eoJOpN1al79KKGcWgQ9ct22F16KdNPbzQApTw,vn2,sea
EXQcsXBTwyIjB_LxVz4w6auqB-wWv86hM6kccDjn8rRck1KvU2cK7IevnFDu0r32sYl4K1ljW8_l6w,na1,americas
-JQSr9lJyoVHU6gRaFkLqV4fx8EwRPXB6dLX1GupgNsWSByBQDJxYX4MpgOp8brzjpiqypuaCPS6uQ,euw1,europe
r25yxpLPwl9j_bPzBQtbJB31oBZ7J8rmShH1l3U8tuIbKOk1uCKrArKgDvfhst1HB3SySmW1gKKJdw,kr,asia
r04Deq00qbDfw4Z_DQksdxWfcHy7XL9B_U6uloa_L92lRlZr-ogHJeIUL0G8BK9OKXQ6mPiaXDL_lg,kr,asia
Ywla9B0bkLqLzyxB8GseTz6hW6J1zCwh2tP_-qx_soTMi4RM6nYRt8d16XouLab8A8kt8Kc6s5Ruew,na1,americas
AXQMPcu0R1UVYqOTeHxUtWiFml2MfonpHiOoMOBT8mPzcF_XuYKlsaqRIashCNvNFlcw9_ZThfvjFg,euw1,europe
dVdUjFesVYynXaa7ZsysyMNU4jdF7JhTj7Lu9-KXIxx6fQi9k7a62OSAi1UgiUfokMfvfiCZTSd8FA,kr,asia
Z50hghAIYthf3DjFLtL-cx-LgSfWYDxH68iIALFHlOL1dDhp26CSWBt9DKQK5usNo3VEAOTfFCYgFw,vn2,sea
WlVk5ibn04jx7ah_phycFd96VzE6Vx5C9fsIQKFGD12hYBa_TG3Pe3QOa9kx4Ge0a0d9TK6QnSl1Yw,na1,americas
JS_4oACDdOhPT8nNfXodOaupjt9LQHRz6zBDDbawTZJAAPNuwexfeVmoxq7qVyAqeWY1OHgmlGUrKQ,kr,asia
XJgVZwNp05orknbqkAwrr2NByydfzkyHkVJ3g72NW_DP6Yo9wwfna9_ZL1juj94L0nUGWOSg79-Oxg,kr,asia
FSxEWkbfa3QKauYdoc1109UZ1CDqRfieBDXmUJwRVspf1SnFpHSbVvAZavM1WAqsHQfI9ocC1UJNxA,na1,americas
0VRc5QIZDPAuvLH8G_3M43VBcwKpqfaRfXJctsIfXyAf8U4v0YOOpiz4B7wpeeWDmQfaRNJt3wUPJQ,vn2,sea
8Vo5WDXHzbdWDgZyhMjxFLHiL61J4QyOBbtrxH_F3TyBi9GJASN663sc0b3098jsqbhlN2TEGJ1bxg,vn2,sea
zYNBWsjh2MiwtQOc3kVVD919xpPRVuxORaGX2EKRyCeFdhIF0Xuqc70w41p4C7uIzgYqmBdzmGrbWg,euw1,europe
EhId-Xe9Ssb52jkiqsOBVKNpzVkTPgmTC9537IAN-gx50oZYBsTYm2HJ54rKMqz6j2YcD670HsphRA,kr,asia
mBylUckS7Lnpcx6OkkMNNJNp-837zKy9768_ACgylWzORZmuES2rRTc3t939n3XpHqPiI2PX7U7TxA,euw1,europe
SZe0VJqI2Ro4bZjCTINrmnZkzqlunT0lJxRg0SPpwxi6W7h9VhX2jrNEhHGzq28o2h1WEWWtuJHKTw,vn2,sea
hOmTnl1tEDqHbEycgnIcshdcUb0h8F5sC7wjvmVvxtqS7EcjUQV5t1qADSQgkiyxopGJTEkzJTGetg,euw1,europe
IZEUaB-VXcU6llpHHlLmS4AmJqjJ4KxAlgwaktIF-n0cdOe4DLUmVhYFXq1VmQVCDDaF5iy19uQ61A,euw1,europe
4k6YQoVtD6SW52fjA5mOFqR1P1wx6Ly6QAUt2WCOI3DyTETQSO0ZoSVgbVBhbpXbmOwbzZLPxVZmXA,na1,americas
mSgmbPdZRLr0W5J3nOgNjG2xTSeG_nPyiI9ns95gcgfOPekzFPc-nvWCwxDTbyg8WaPqhuRpabQSrA,na1,americas
3zqen8lOKTx3ujRnxc8UPry-IepPoYDYlx3aJ3EqD92kfXSDCLJwyhB-_ZDEiXGL-ojGdMGGddD4wA,euw1,europe
cgelnDGMyCHF6FtDhm0BEOaM-4oGXmh-M73MI1FbM-XIOMdZ_ruB6z8X9mYCsaH9OUcYnf26qVXS5w,na1,americas
_DL7MnCkWmImneCOQ4QjToa1MGygYEYhJz-btZ9Q-ZJrU2OXWpwxk0P4rzTAjrbq2ekl0vw8QivrvA,na1,americas
WGyZBtn1LoHxoKSqoPdRZ5uHBQxsAnd7DmeRxByvmsIn3ZvMVHkWojkWfKzHbLEsGkOE6dJNtsiLkg,na1,americas
_RIAms9eRGx-OuIjKy-xGn6H5W7R5pOnGIMeC5qLonD_z4Neahp-ZcUtwJq1wJjgcNdkTV13PbHfPg,na1,americas
26GrRgcXdb4Za0gwsLswU84-sVs0B8KaOIyTyygA_PhLld2T8Xf-PXKo62JjaOKPMBlQQx0Zu-h12Q,na1,americas
tbOtfGbTKGpF9do3Ga0ibNFQ4DukuZ-jzwwL87Pk_G61wBQbHppYJNdKbbQyBDDEoQqTN1T1hF6vGg,kr,asia
py_9lj1rPSUtfDOJ0flj4uRdgqfXtHaEVXh7ydnZ8GxD7Mgg38hfs48Dk-TP216TpF6V223IjfTR0g,vn2,sea
hSpOrGK5U4KPC5v_1_3wfZLbhY4TTvoNehbuLXLtOqR25stRx3m0GToJEUJ4WZ-wxucOYW-R-Jf4DQ,euw1,europe
lQkX9uuZBv36FShRFsLLxK9vRmRezSuEzzYfKmPI2uj04gWqAHMl8ypZImTVs5UkdQHoKNEBKRL-jQ,euw1,europe
XFtZqiHA4609WnC6Aycn12fJLWaPYHnBnpq_YnQZ6LfoU617TXDN2s72MifEJt-NskiXCI8_wmFqzg,vn2,sea
el9T4t_MZJR1P7M3eEnza67GRX9uVZuzcJuaq80WdrZtmIJXe-b59EBZtaY4HQaiCTN90X1xRg8ozA,kr,asia
rww9CQtApDnnaPYpXRSFqZHp3RuBcLlHcpMC7AKvJpUfcdwCDq0agfUbhFfqHTdQESyKN7N0rbiq7Q,euw1,europe
NC2H8uDwGGJXPQm9kRXh--Wji52PGJfkfPgVXS4c4u2b8Ub2TT91V-6Y54WavHoCeYE9qzt66XEPeA,kr,asia
TyFEb-xO5zZl_mlYSG6wwC-3pS0N1mAvTa4Om--RoGkFm26GALoLxluVNJhMj8Rq11D-UxDuJyJ4fw,euw1,europe
uB2VF3C72EexHYYkqdKA0x5M48TYouF6sZzxGTO9JqJpC5bmIZoL2IbMqBNa_eWBNUVXhVYH5NCdHw,kr,asia
8VYco7kxf4wQ0Caeed4J6UFdVxJEADbj_6dq6H7hpycXezUG3JRDKyerqbhCexLOuO2gggYYndJQOA,kr,asia
RCF0hvuQHlhjGe6cB7knubU_46-JpEIteuuG0Myc2U4BVRmMpicOIvMnyz7Gy5Lp1vc5lnvSp9UfWw,vn2,sea
oa0jsbkWHJavwoJv6XJQdwGDuxrA_9Ac2-3G62MP68pR5w8xhkoBbJSJcdoHcxTYVlI4pjgQRRH-Mw,vn2,sea
_DouyynfxyBrqPix_aa7455N5kZoHDQBRGH2IWNa-pTGu9oXMgKNaQaY_wOJKqaqSNY1YSRim3Ys1A,kr,asia
t1XqaSz5yVRoVmwFfMj21tLl1tgtz6-zr-mb3SCTb5qnh9DTghPKvYu8lvIYPBARPZFA8d58obcRyw,vn2,sea
ftZP81sg5QGS3nlge5b6_ztBDeguUq-6yCM2ItxvymBLV_aybNGOHh84zEiXzi926m3xQKqk4NaXsw,na1,americas
gGnAHBhR_BFxG73ZqpLc8hAjnuvT3XCiOdtfz9hBRpD7elkbDbmDHR7zAB8ExG-2nQnwtMpo2vJM1g,na1,americas
hAQVJMPYUxK_nzltZvVp6zPaT3V1uylOgATA4WcQOGOXMshcSCGhjcJywfOP8eJMyNhfdNMq8R3CKQ,vn2,sea
MASNTNU5PlTAzZGbofdm6aOzn7zFLSSlkd3MIeiol7ifAU_Q3vu1BYF3qM7zzFQGSpyoxkrqefJM_g,vn2,sea
y_Vj17USDrUJJ83JStl3W-b5oKdsej8l62E_-wx4_6R1MmLbsvvnY0M466Z_NAxnUut6UuSuHQtt-Q,euw1,europe
1hm_zDEz-HkuGh3xqqgtxLn9Q08R4eB5cxD4Fk4D3U248KYzMlBds30wX3x6vhU2xCdbr3-SwgJBaw,vn2,sea
uQqMWMBWOAy3gb8NxHZbCy51Vom4kpjB-D1I2WwFk9nyghHYSS65JFpgyR2y7J0ZywDobUxoe9GB8A,euw1,europe
T93rpSQr_wYd49BfMl77I_Rn5VezPA-yg8EL2PpwnFOLeDyfEmj9BlFdc4NLFcgE_-FIZlr1ow5KWg,na1,americas
vMLfAggPHFf4o49oW0de8xq45lWb-1NarruwQXGlpPPasb-JXF-ghWzAd4oPmye-rACZBRqCzpjRow,euw1,europe
TPKnz4g6FPyql95eyW4bp6O_B8HDSiAerMTVSLrz5MVlcnhhu8KOj4l4mUFsSPzE6jjllZLNF57Iow,euw1,europe
upefN71sSGfzziyRo2gejqJGo7bINF9ubZNOqvrE5Gur1svW-hqO4VjYeMEzXVuoO4eRGfWqrnEjNQ,na1,americas
IYfKSelr6KzjH84To0CtsZatJanYizt7kRjaFGUr9_LBfM3_kg9ku_s9wTCcxCF2nYJPiOYjgb-DKQ,na1,americas
uooCeM3L8floMmGwwSQS_wwHf1z3D36CwT-uHG8Y_ODfaBzMb9j9AkYjr40AmcPuxqaICiblbII7Lg,kr,asia
yZqGtZJ7m6uTBmxgTOHuruDfnjU7hNI9THlZBMlcNhQSEkK2n772K7uo-NguKQzw014ehLsxhFxhdw,kr,asia
CTu2s9Z73mI64f40JcDBtVHAfi0GtY6sM6oGwzgsa0q-xj11UU9O5Yf7CCWoydEo2cNXDTBX5I3XoA,na1,americas
SthQSRQxfG7Ny_MhsY5NomV-UzN3xoIY3vrfuxWnWJOwdTs5dmGGoBT0KuZYpK815tiD-NzHA3HG8w,euw1,europe
yjkNkA6-VsCBYmCWEBz6HZxnxr9Zj2Idk106xYgzIdzL4BV14AfU8RihSWAwgd_jJRqCMv3Rr5rAhw,euw1,europe
14Uz-k_i6ArYnLewPlPSf_kzO25SPPMMgTrDI9U6HLVUE9z0ucNGV4ebhtqSUWCIBNteXXw2sP4x2A,na1,americas
n26R63r6zva4kPoB7L4vLkJD1VMRBylB6wcp0XHgqHvrVi6o60EmLR226pa1wS7a2Vq6geWGrC8_qw,kr,asia
NOpqz7ZfnGWnoOlJotekXvsuuGN0dR718kfB01lQ06oqegsVAutb842zxiNJkGbxJ8eoM-OuYadckw,euw1,europe
9-XsXQnm-LS_T7BGhkrlFakz-vSQO40L44EsZm1goWDlz3kztNArXD8_Vb7COZCrXCaWqKN3mqifig,kr,asia
e1ljAn46BpFwOii4clv6LKbLydY5cfl6cQyqlhTV9MbOJFllxc6IgLlwY4WMI80vdnHJdaKkCgYA1w,euw1,europe
qf721h-G0yZ0_CWSlE2Jx6ogb92TYemIj4MY0g6p63SfDYUYViIkVEENM_zeg5lOcZFI-WnZqqMw-g,euw1,europe
22Ed2afJm7nYy5fvnVXO_qZDfGSqWo7O_TZKFGE1TFfy_ceLV1TMsMl4LP9RuXJ8UI2IPtLfnIhVLw,kr,asia
rE1p9J7Nv63TzG3ZL5axnx1LknTnTNYh6vs9e59I1h7Ppf0DIb1CUEJHXOWcbv43uJuooYAR8uWjhw,na1,americas
8Lczyx7M1P6xtKHJHadNplVCYq9VS-yqr6iHF-PxwpDCzEQv2LalXNDUm_mXn56lOb-MVtH_6OXWqA,euw1,europe
nxtl7brL_BQOWPeprqL7BCC_duTRUF_20IulmjjD_MSolRjjgFqbOCyQjKrolj7btIJ1GgInkgxeGg,vn2,sea
hltVnOxBFuIKDOe1srzv-X38N-H67y7wh14qdckR4iM59aon3ETJHEuvCB3luXCruSyHgBpAvTbCqA,vn2,sea
JV6Qru3ULG6N_PjN_O7VopxYsqJ0LfySms_Aft1mSV_z0W1P3dzkLf6h4phraCX5ofmoERz-B5A8VA,vn2,sea
cw0zvQ0lichTvqyYTaDp9Ai_KeE8UEpNfJM3fLClUyagl77utYTb5BNxhWOoe4h4UvUvLTNr3C-OHw,na1,americas
rD5WbrUL0ILiX-pWSXeCFOo3mQlzMD9gVygRskKSJX86FpkpRBC8ATVqsNL4-SNUzhgZK7QDHeIMCQ,kr,asia
lCfeCmxEejY-MTU-GJ0yuNYCySVvFJ0y6z9IpABSPUCF4mJoYts436UOl2ka7xU8s7deEaXMQQdxJA,kr,asia
93AsWUrBD0sLb0X-jnMkHSdn3XKnyZu51WtSk_jt_BYHB08TAIR_O4KIIYOIvrfi4Cw6MeqkLpx0Ag,vn2,sea
JFRaw8ywLI-sItXFAHq3kEOh8TzazjTIdfF2JGTDF9YysNZdEcegCSk9OhQNm9QcIsoHQgHTbE7vLQ,vn2,sea
FYDhiKWR3LmWM-wdZoLGDv7_kK7rqe42BiC8VzFvQ-A_lFc-NiJXaIZh9OY1bZ37iltvc2aR9ELEVA,na1,americas
towEIAyBdR7iPT_LtaFuGkQsNMOBWhaRH1jy7cKgRTjHTWTRvvaXt8Ed2a9QSPD0jbj_9426hwgMog,kr,asia
DdWSsd5_0fUXQJg41azZI27e7TVzPGTbshfMw-6xgrnrYw6VoVrzGUXc5QRj7ye5SVRkhi4DRE-wgQ,euw1,europe
sRnxK6qLOwXEw6vJiYNzOkESuIpzITCFN-07d8cz7gEzEF2fHltO352X6RQp4UGwhkuPQN9iAvTtMQ,euw1,europe
nrz0oXiXwrGOjWxUawNNYY3UbEmKOmYW4eWY2GpM0GCPen35RfbYtGLPt2d0T6Ock3DGiGgc1RG0JQ,vn2,sea
LaLVAuxTjo0Gi2W5QSwb5I-RLHX99r04-k0q1Z4lWKdF9H9ZpCU-dRCRqFY9EQmdhv4Brw8b3DJqDg,vn2,sea
eeNgojfR6SaTjfXEJKj4rRZAJaOZwguqUuRcnjfDLZbvFPT3L-FLu3tacISIZ9-k-cQbSjVJeo4kkQ,vn2,sea
8vanUit4FIxqr9U-mFN2S0ctpMUYwkb6tSGg0SbBtMCtx--OvrQD0ZtTAWuvwvG8Bk-N_eeF1dJdGA,euw1,europe
hJF5GrCrmSL48oCPxfTap3bU50Go8qTDxQJMv2VFmhkb08-IHPF3mRYUoFeujLliJF7B6o2eidWfuA,vn2,sea
Q2tNEm87u63nk5IGXhxwzOhAUiNFz3_BTgYljOMqkuFJp5nPv1vL2KK6CaKhPMiiXaLNftSEo-coew,na1,americas
Jt1yOvAI6uWDC61lnD3gF5WO2cM0PmnY4Qb98UZI3UZI-7UeUE44FSaLpYRti29pOEH5J-W0lurUHg,euw1,europe
3v_8MxGwsWU8gygb005C6_lzoLbs0S0Yz-UukITeT0bQ66KTBNMW3fCIhqG7VKENjWa4ahJA6UwXCw,euw1,europe
iWC8UkDrUu2NxySyJ3cXfGaB3HGmIUJzErXSjaitG0yze6Ecf_ar_Le2UBKKySQ7P-qCCTQucITVew,na1,americas
d4NDt_d1RjyinaHGcC1fCKZrKe3OywIDdxlv4C8a_MoEO4knPhxqeoKhuGVwp05uSDcHaEH5gZn4bg,na1,americas
rG75dvjr_KhgNEOKrbHEu5-1bTWnI2OIRqc9tYZt8Bk5ufZ8zT42_7gY6b40App1uDIRZ3pTWs3TcQ,kr,asia
FmRiG9g_H-bL3Sr5pb5fBk4-33doHhXLD6aHF4NyXUJ7cxAlVixvR3iXSFugS3jUr4UvU0psS_sG5g,euw1,europe
VKkj5r4wfgcP4SJjMZNUdNff7O2qo2CkWoCP9kZt4tZnk4boqzZHPCHtzl2bF_AQV1_kVwC0XS4D9g,na1,americas
0gFs8BQpaPjIm3vfixD0yx1qI5b_Bi_gUDyRjOSc48-YLFpoD_go4Wlk_rMDstuA8PuWJwIfvpRJsA,euw1,europe
wmi3IbuJ-La6ylEe2vlbdW1rWHzk2GzJNyMpMbdxCvKxdQkxMEduxyMXwrfHNDhNPamOGZIjPAvzIw,na1,americas
T44-WdlkgMSGAL_48TIimkXBsKstYmUxBs0qq4QORV0o1SnOSLMg32YT-b3BAxV9FeKD8sG5ejE4gw,euw1,europe
lIobjh3fSwzTiNZ2m-PwCHE2JoK-JFWaqU-poKG1riJXz1QSThCbGM09qF4jIaLr0zeMWgkfCD-40w,na1,americas
w42wJddx7986Dhe_Tw6a4Aiu4GklG4EfhjISvj0v93z64lBEKHGwY8CE5eGaURxjdfy4mNWWZzJczA,vn2,sea
dmc7EqnHoDFNxN3UqfvvOTaaPPm18lohAFyabpzqgArgSdR229jEMSqqZPmJR9K6k7h5iCj76gJy9A,euw1,europe
YKHH1tQhAfQawp7f_4hUwehjwhMJ-mdF-5wDU26JuR-6dT55_LduFE6hTv8DRHQ8w2enYzswSA7zTQ,vn2,sea
uLS4KEJAEIjZO5Szj5eecX-c4GzQ2nWeHEW10BeZJeBYg3jPszSXqRqguYGBEW50qUq6k8s54Cx-Wg,na1,americas
X9JocmG5pT-if-Ybx5iBTMxFfULHGet73zQGPqWN3uRaCHWNT5HmFJih00_TzGjUTvatpCpKbkbjEA,euw1,europe
5gitcM4Ra-wUVsb6rr-cUmqR-iarp316dZI-nYrVbe0w__AgeClDkHC-_HDHPswCJ5BJejv65djF4w,vn2,sea
WlTX4q-jPgXvFE2G9UOkP55Ct0tt-zZ1pR9AR2o26UC-oM2dKa5YZzT5cOUJv9vi0Mv-ZTCaRcAK0g,euw1,europe
2VAYvsS88DeQ0p-9YJ4fWM_XlQM_5JXix_5RWJOqE3mJQSloL5rxr_r1jEnLdXrOBr2_toLet5oOgQ,na1,americas
wVrHBreZh_3EBzF8YNmyiFIsWS4hUaDEWfcG0njxmFq1gDbv14qmXF12rjn92MsfcqNVlFWngRsssg,vn2,sea
dbmCBM4q0N-Q5YvZl0kdMNAGWWiAs-uV7TIY0TK4EN0OfR4LK0Q5RPhwhrg-rwuS1bYYLf2v_SBu4g,euw1,europe
smvZ6BAL6tbexs3vYSw3z-6l3hlgsLO_nx1h41IWPkVgOQ4NewR4mcDhNuDL4KJd7Ppv0V8TX55ucw,kr,asia
Hw9p2ZUjVXKCIoqPRre2TliURGAHa6xOV_mMqzSNJc-b40-JKLPJBKIrw5vwLckrPMJXV8aA4D5wYQ,na1,americas
0w6qPhDrDmD3UMk01sREIjWGzwcTO0UkPqV2nLF8zsOrw0qoe5akYB1vdIUet2UFfIzvqwXXj7gZVw,euw1,europe
POljknPfyMvgP-gTOgkFk_oRVvdV69jAhFoQNaWRnn_e3c2LTLaYOlRwMwR0-t7YhSqYc7WDmtdB_g,kr,asia
A5GgDS5x_QByg-2ML3l44s4fJ-oNWP48_UYdQQxOoqPdO_DQnT5LmIE3wj0xqHETpKYnlfQGO89oMQ,kr,asia
K065QgfrW5wL1xsEySfMLeL2u9vuaydv_sKJs4xyy2c8bf87h7KSWJRd5YI-79bdN6SGOIZL9kZfIg,kr,asia
nCF4UDYUzaSruyUX7TBQSPE1hkliY8R_r-wkJNLy4UY1JY4GGGX1VEUjMRpM2oTL0j7SXp7VMkILNA,na1,americas
qNQIVg6GYOCYCdsPj_CMwQRX5CGGp_jX-ha47jlpYTy-A_n8P6gQ8m74JkSxbB-Z7rJ4WiCluH5pSw,euw1,europe
tjPaGte2gj-N9kvy78MYTTAuB2nFM2tjU0TySeTiO55WIL9dRsD18LcQHvSWf_BSJqvLEIfmAyJibA,na1,americas
g0ILIY--EBCalwSE5ya5Ez8FUcoEoc0UaWVn6GX3-ISo6OjXNPD7hlOSI6R90guO556oOOe367vMRg,euw1,europe
XZpmlXSXoIZzg7Omeo-N72Pwx9LbExxCaTNGFHYEs3SlBdDR4VEKgI3XDnNytYYugC6jqUwNV9znPA,na1,americas
NK8d5FW1USfErPil3x22sq0WtbpNYn66cb8co5pBQw2MMK6mhn8eidxZTTurrLul1jqsYG6cxlmOdA,kr,asia
8ZtqTQ8j2Pcvgqs5K50uiAkCcan0Z0n1uz3Be-khnIE1LWReldfs6JpzckOwttyTpa88Sp0nLVLK9A,na1,americas
aDLSYgQWUQizJFITtjbsYaur0hVKkeK21_Kimvx3BKiow0omFx5cJEbJkI0lNhDa8GicmdzhO38riA,vn2,sea
Sj6CZE3lrCqh9q3xZ59z3M3oPZn4EjP2rJI0JzmVPLt9rYBPfqTqwMo57haRk54EJCSI-VuIfK6Zeg,vn2,sea
wlwaVAfeFvbSA081UPd1PX3YeixUqXI0FM84KFuBaCqq-43Uj8azhhdc3tNSHn-Nf5q_c5nQ9dzR-A,euw1,europe
T56uQynAv5j4RPC1tXVThIz1px7snTX3EpLHct7ZNrRQOfDxCXPsW2YWfNLtLy1VJxVqvulYtWKnWw,euw1,europe
0MqhtBVcJHFEvmwPdTawTJ-CLRCHLVmY28NCvCEy1QPjwvJm3tLUy8W9Q2_7q9zMLQlWBPI5hHJ9fQ,kr,asia
fj0MjyoEngS7-JMPIo_HpS6rexMUJhbJhn07bQJZ5e0cBffJUfPRhwwGS-ECoaeYWMYYTMsPcse-Pg,euw1,europe
tYCk0sRad-LMRXC-J2tIdQuBEqgM-imLfyWD0Wpt6QVdkr1Ts_DVo6st3RdwBzpsJXsGm4lY6XpUTQ,vn2,sea
f46oPdFE-FgzZ_mWN_cJJrH_mrVylAdwTEy-UFHNLWlOs782ndR-eYOtvLlOCTXKZ5NQBvDEcn9pEw,vn2,sea
aU5sqGzyAhKRS_CNzZffyEhLyYuIgVWNF0biGyhcU0_nqpIO97Lm8fr7VgHsp1RD-iohV4M9_6cM0w,euw1,europe
8qCgO1-PDiUn_bzHPTWFmc6HEHDzWq_X8IG8MnXbMLfriAC-GQgr4Rm3pFzICWkyVRF_ymMB1TFdCw,na1,americas
AkCliVM0lsviFvL0ExAXcHDFRcirV-lc26-0HvFABcCuQrk5fElzAnhf8T2abxVtAyeQNoWXvXKUZw,vn2,sea
nZZwNdCYYb1r80xCpLzIjmXldroM-gqQtSuiZy7sXtbuXIAnIb8G8qCnmkqLzv5NogVN4-P7lWKfew,kr,asia
1Ci0Dg1se1m8EfSCf2tskT4DkRAicw41W3ubM-JQUmxTBAcFv-T9GycVs_KTPyEiGNN3iTJiBrEl4A,vn2,sea
-SF9TjI_MWeMOUNYMKRt8NeVOz18AN8lrElY0lLJafQp9G6eCEee87z-pDhQsx56VgWSljOdvdeuBA,na1,americas
gqCU1h2Cbb0mQHUhdqTF4nyE3JHV5Y7ieugA1oqFVJwIQ2V8CdqaSCdUwlPfzZukbJdGIw76WcFQPw,na1,americas
OD2zZ984ZyV9guy_8W1I9BIwgaLfJq3N5s4uOVrVwO99HdegA3x_XQzneM43wbQs5o7nLcDAeSefPQ,euw1,europe
ws57cY8WrLEpQbZj-f12EIfyV55ahNAWsfQ8rr-jKm0yY1Wurax-vD_o5xATIxPcU8Ljqde6NbOWrw,na1,americas
SoNFsYXvvsVsiPpZJJUY_5vM-Zx2hc5PcNNQx6Y7d7_rQSUnswzGTuFALvDPKeXxctFeuqH1SKPdrw,euw1,europe
Nkq-vlHgio-a8MjL6Q0tR89sTjJmVCJl1f5fpzjGvCc1b2LUNuu5P55mRRlcc-g6D8m_uxmgbbQCbA,na1,americas
NIQ58cfjOBJk4VxcouRP_kvHGjomg84-R8IhGsTwCCBHqB3_hylG0iKwC2uNCGxq-AabWrxZiG1clw,kr,asia
2GgAx_Anoo3slbHAQu7UBCPyIbUjZmq0cE6d3SuGNof5Gxf4al7WDYUrLEx2Cq0QHvEYl4c1_hfiYg,vn2,sea
437zwAVdt09XPu9-W-498DwvrYjpZdXEF7GfImkYKdv2oNs7advLG4Vy2RJD_FoWxNJEkVjbLiiOfg,kr,asia
Usucfw5VZS0ypZS6SMA6WrzDKy1-omh5zcPhBeJmVHxr8c2uMu6Bub3qLLrW_VM5MChJ9LVZzChjOQ,euw1,europe
uAklNEMRI9Hj2AK7YgI4saGaL7wOWHnVCvXh_cWn-_Bky-XlWch2reMf5_E0s30pzS2UY8e_SjGWQg,na1,americas
bstcfK_upaEe07AVZdMVwQoWzmSHKJvwloBrkCCmhdeE_Ofc8f538-Ahux04r_KoBGMNlTeLleOgKQ,euw1,europe
UgTYxs0SOfLaIdVRRhZpvFNRJqTGshxy0PgF6K7kKxE4g37VX8fbLjrC-fF9DKUebmPJIihl6CC4cQ,kr,asia
FioQmO-_APfbfEi07C7ihH1qaSXPWR5uh_oZtn5FdpYFOGUjwWKqQrRh-tsmAtQEDt2kZyN6FRfO7g,euw1,europe
OosGOc9xDvWVOaAq1mOWusCearJ_oYHbVklQxh9GyZBcH4IT9k9VhHYJUulS570gIIWIscY4rUw1UQ,kr,asia
9xmYMrrHMlWWoi9JS3FswQKqXg5oly69NL_PmgtOdwyTbvPv1Uex01AEXBzUZowHzWXcUcQ3UZQNPw,kr,asia
dO3l0pY1gmj4KjLgOKA23Iz6qgwIemePi-uGfeUCocYY1fD2SB3-SGDzmWc_ot29nQoxwCQMdyCVfg,euw1,europe
mKb7AJohU-dyqASm52r3bLEuq0nfvFTWASvWmPfmrWgz7r9C26520rZ4xT_ns8Rty-NKi7Q_VKmRYg,euw1,europe
sOTf30Cmo2ue46dsWuth2yk7i-JJB2bgkk6oFt0YqRYwP2UUgNAHh8WAZ3aNbIBFw7Uj96iAqAjggw,euw1,europe
BpbEq4Zn2e_ii7G_tkenpK5fAauR3_b1uz-YhF5qJAOEGIfQ4H3soUunzrGBx-D5jl1hYz5EwLSgsw,kr,asia
OnttkXz1dZFjy5vIBTVV3PD2lV_RmPcCNQMTP2OQLpuiofHOazdW6VaFoIJt_D9_RHBlqMmOdSp4AA,na1,americas
-sUMe4ohi0xCIwZBsSY5t_fpUu6fNoJ791pLptjOZiObDLgeI2GTWBdygRENFGQavEmf4iJw4bYSOA,vn2,sea
tE03uj9oaYnDpNh2yDVTVw64GHty62ktbQjJ2tYFF2pXYEhftMeoFbaZmhsUi6sHeoDnnt4pczwC8g,kr,asia
d2d-w5vzry8CfBUwlqVf3018qFFm3v8QRwiAa23ihy-pQguN7oE82iZGq9h3JD91U_QH3RYdjVqXAw,kr,asia
e0Suzw-5brLiaxrsG68SjDMGkvgJm9nrmptz-rHYGciNmh8h_b3wE4SneBon4icuUmWrrqiGNoi5ow,kr,asia
TUFyiqYkS_S5p7bGy0_rrCMQR11VXO7AJp-uWOCrCJNTe28wDu9gQhSFgBgmEvMRmiyI3BZumhW-CQ,euw1,europe
ckhoBKFUOapulJOMuyEyhXCZaBPuK7cJkHItMaXJVm3eyB3MQc_4yZHpkoroWe6isl0TzGTXugsoaw,euw1,europe
3TAjsmdcn89H619lM2rtOxf9Y_jBKEfVqYAno120DiJWhxkOEzNZV9rAutOoW0eCwTvHq49K9D9z2w,na1,americas
wGB4hVgQE1h9EQ5OngDmtLgeuwH1uQ5NxxSIIqSB7p2FgG5txbJjqnu1h8I5nYMhXy9Odn_K-lqtkQ,euw1,europe
-pistDVh8fFjT3trZTueXvlenmcePQ5IfhWFXEtgE_zfdJcSS2Ex3h56ZKDSYH-5gj5Cxs2wOYblFA,na1,americas
x2wbU4vgYtxpYKtFLYh55UDn8TihqfhrvofuOSXHyVCGeid3WjHgurpqGK3oWeRDVLWmBHq5Vuq1pw,euw1,europe
SNex_L7ZMwtiHtyAhno3I4_wDitA3dgYxTRfw-d_Rl-BUaKkvUXlscrnSkVrdIWwYlLRXjH2USr47g,kr,asia
qyTUGsaQWYWnZO8MuznTUlYsvVuAdEZMg5-JR5reh9lcQFpwR4n4NredSSW-X_NmnE5kKMvfN8Y9qQ,euw1,europe
pT4cmhVzTpRwVXjuyVTuA7mLVO-pOt4NRNsRy4HULQLVOldp6rV00MWSvKpUwYbeHhuGM_baLpgmrg,kr,asia
d-iDJUXPRguErRdYm3Pbz6GH0qzQfhhuf430bWCfHv5pQHMoloitFu3hqs6cc4KBzArJoN-sa59ljA,kr,asia
QeftfeE1f-PnFoofOjkcLOawZ9tMQ8b9b91BraCbCgKwCgtoI58gIlbv1nU1IsCkuMgwx50wmUtpzQ,na1,americas
MsPBXTAkv9qP5lvSMe-aW1Az1ee36lhV5wMWCVaFny6kzCr2Il6rGS8JYAWlnz7lQXqomN2qTVfSKg,kr,asia
LZjCw8DW_4C-YyyjtfiiA5Rz-MIpx1zHnPPDZJz55evULSZz9MCNk0xLxx-3pnpLwsdVQ_OOMTXtUw,euw1,europe
j88Gr7oOttSkceTVCtreNWB0S_AU9_Nnzub0MmMf3gfRL38GN5UGxjGlfh4Z10Ogl2fNuQCL-01vKQ,vn2,sea
JT3wfWPiWE2XtzBAsAZY5YBtAGyMZ6lvbqZC1LudCwHUsO5ZdRj3pR1Y8nchcINxGzGOMXsqWT8dlQ,kr,asia
k9-36D6c9Vodi5NR7LsJzsMc1O4DUeMce5BbnQN2R9s9DR2UlAb7dbXUpU1tOrEkQxuRNJD-19qvmw,na1,americas
DBx1RxfGDsgGlvQCoSMO9Hr_ZyJpUbNIaDDWthu-ztSKu863Utj79YCtzvtDx6TpQTNgVBdfBhM61w,na1,americas
gZfeU3oBvRez1_sRqYuIjYhR-dvxAxFuxJVJnljt6ETm5RzJj-dJXLhAvi-VuVhELrdRrp-iXHCnww,kr,asia
3U-A4HPnLjE4Qyrf0pRTudiIbCdjkHE_C_-dcEA4VDC8jz9GHpTVNu3xUAy_jkrv1FBew8ALXiKgNA,euw1,europe
CqMbGVMvAk5SZaxI0Z73jp48L9nsqiL8xQdA_q6_6SA6RvEL5_2D6iL-rFRTWh94sUiJ9q6wp5omQg,na1,americas
DLXG6Nq43r7lexpAnBREVUYAbvK2L0v17vW0AW48AVkw3aoj2QvtKIW2inYny_wq1J3W49EtMCCKmw,euw1,europe
9PZvZMsCFGQqAnAB4IC2heMKY20XUGXt_i4WaJrrSNxCdhbv7oWtIRmxGPAEhAVgd0uwRq4BrebKkA,kr,asia
gltnYEdEnY03hibLDAhUutpnaMZGmplp8kAZwv_3YaPUZUWzudfolNO35YBehyWyZzsjKeIq_kvmzA,euw1,europe
0nG39xkZ8DedLKzwwjoNl3Qk37oBNJd6eNfEjwDNorxVQaKHTdFSDJTrzKlMjhEi15swC_rrSAcnrA,euw1,europe
1EofIW0nqxMlYzXDJ1Jr87BQJ5guSS_A3Y3QUa0rKNq5IWT02KnkwXsHqHaiG8FR448nO9vs81rcqA,vn2,sea
eFg0hpqXanm-MrVYvLdEy0rgHjukl8ctrY6e6xVndhStVLuiVutLh1W-GD30SYynXkVsFkdz1uAT9Q,vn2,sea
SdnCm_GCGKJZQXcerUdqNuOtqvln-TGP6XBmeo7SR-2Eh1t3zedpv56RohDxZJimw6Vr5Ig1B-opyg,kr,asia
s-UtTBcb8YTpgJ6XGj3AR0phTwXFoFvEqlzyf2uU5Cnt9vL23ahTAnq7V_u6-xKou-3BFXtcWW5GsA,vn2,sea
6vYmvqtBc1bPMVxuA93Q2aDgB0IBgoEliQWyYbv1_HcpFInwczJQwBp-CVLI7yShIIZ8CfmM2kzz3A,kr,asia
QlLvgWldrq0HQB_3Jt13F3OBCbBzdQsLpbcbi3SAlGIrfoHU_KqlfugvHQ7p9Kk8LXiriHQaTnPyWQ,vn2,sea
aOC53i_xi-ildp6Nv6Eo7y4YclGsnLLsGNMpqkIYO0DMWukwJFJ1nLIL2hK6r-citSJPntZUJFFCsg,kr,asia
EYxwi77H5xlyPNcznILlBo9TVD3PJq3VZTUpg3iSND0ZE2XKAiB_355VZwNDCUw5kOk-CdzxvFrxGQ,na1,americas
sHasV0233zvmGJhC7zRJyYuX7NqhTEbKs0TQnk9GbjQPK9tUNjgUVd4wvM_2YoJvk9Bjla_nilB7Nw,kr,asia
M_WWyXsJWU7L2QJbeG4V2jm8cESN8cwjLmSlBrlqZafymTmgw1p9OrhXosHxQ3th0BZDG8z_vWItZQ,kr,asia
1cI79imlyh-qXa7FztV9RGII37Y84XOkZIm90Ezptj9Smrjg_pNlvjjJHfI4etvofnHgI4JdWFktfQ,vn2,sea
rES_p5wkFNxrJyePk--ieNdLsAwl67kfL5ab6_UxEZ01ZtCyReOwFiECUswfYU7KCnrSoSZPgQFkZw,na1,americas
tFCGOF_Y90huLd-Eh6ZnewtiYB6HuJuOk8j3arbfwlPSaAIp54GezzayTM_fs4X2Bkso9Rc5KAOcXw,euw1,europe
X9PdlQpga4OHR4qdbdoQ9V_Zk501VAV95QNPix5KhW76v197qOXz6-NQXU8NW7SmGTXWxAkRzCFDFQ,euw1,europe
WzdQgIXrb5LrdBRTIU8rlJxEbJbvllBv-pMcIZOBvTryZAgXzNj8Iw3K_Y5gNQiYvGKTr2ZFtTwx7g,kr,asia
vL1w6dCRZ04gPGp0Qa4eIIEfjfBdhwbq6iGAqif31ExXdOXORVTiwEaIdPh88mrMcnAbk4ua0oWztA,vn2,sea
qPnd2uUg9ZehJbSnXvxVLHFuOdtAZGWpj0l-1MUJgL8QKTcXmvD0bsijvSXwmuOi5JbyLaZTpc_Sug,vn2,sea
qvaWtvFahLMkUYWUfREiQ3lyPfddU0O1d2d_o7uiliTV5BWHUrI2VvrUyJbfSp9s-epO2Iiogfdciw,euw1,europe
cHa1084pJiHcRItI3gIKq4nXiCesYkVi-Z4OpdhW0RBNKErTzqGLrxog57cE8MLEiYKwCAFqBvq8-A,vn2,sea
vYpt4EBhayP3cuunJlHrcLXhjjUM3rL0R-lBAKJW0t0uv5MFICjtHyDv8ZSp8yVUqIwsO7Ho8vYkbQ,vn2,sea
zjogc6tPN8C9b4WQ-bLXYVWZbF-4cwBITWu6Bnemh-qM5LTQ4MXkEp1zqPypuP2eJrNnZiVXFNrxhw,na1,americas
GOM_rM87Umd3Nk3nR474zTji7y8IW0kfK-D8_pRr_o9GLj-lGl6joHG3779UBKH64yhU_IkZ2oIwmg,euw1,europe
QUc6aY_faya7kIn6Nq-63-vEvAHlzUNzT9RcyId8Kkm0JqOyYyV12AW-VExqrrj6TbhdqomWFv_Pfw,kr,asia
nKEI141OFcjWmVUPYoLrk4z8IkdisQKTSQ0EMW3hg4xmr_TeMlbo_M6fGGEPxkZXe-0-65rXKY6QhA,euw1,europe
zrN46PfvqTM-cttwkAUWp9bPgkKCk4EXjDdOEjW7rh68wnGGNlZ9Q8AUacsk0mMgcuZghaHWFi3mMQ,kr,asia
2UL-RkV8DP3SWXuUnguEIV3_LFf66AypT0PbMxy23b6YrcNDDV2kfzoXYwdu0GIzKWElTdjcuNZjYQ,na1,americas
V4rbltBVTDygRCHl21u5AQfHP4M03oVBor39vEJgyxSfUfZuoUwFNRH6KWQZGr-MDlm-MknPTLL_Wg,na1,americas
AsdmaitnxoagcRgvLHszghFcyS7X_1UpaP0dS2TIYa8-YxVaFU2FD5MTGLF0glLm-tgxnj9CPyxxLA,kr,asia
3FUxQ2fBLYKisjTts2ecxAWeL0-g2Ow2gy7KnjKJ7Br0w_h-eF-o1KtaApsHU41YbOpdxDWBqq0urQ,euw1,europe
yWa6BNaKFY7ntqQ24-6WoXuocDTVVcAAN2ccTuvIsBJX9CgyHG5sVyn4MxPPyM2RwSInKjh7kQPC9w,vn2,sea
D2aByerZRoipVKQXWoDXN7-wqntWEUSrdZ_70EZoBbxcbgnyha0it3My-FC5K5FOegLNGRCsM8o18A,vn2,sea
xqgropo1ZlSyJWBs2MsFUrVnakcALH5wZylI9VBV6bs2KgduGmItoPiVxvhXRvk_QWvwlyd7nuMcaQ,kr,asia
LQOuf4fcCYv6juqEwzWg6cVTqzHbBIN9uIiM5CMN3X6H-8t-Y7lSMkWB2oH85A_Ep-N30xlQgVgxRg,euw1,europe
gtpySOhlKqe4181jmpFdZhSzRMxuvnzPND9rK_T1EChv1mSpSFGEJhjNMV47qMcnRBsGNC_IZqmvhw,kr,asia
NK1E2qSzep0mSlP_9NAzQwi4SjlDs9C1n9Z2SjrOfRhw_HXE1lfm0RIsRtB9da91HuuQkQ3RuZ2-dQ,kr,asia
2Mj-bevUIwtI2gCZd89HGz1OvNlINwa_ArZ5JZVkmSLPh5bXoHtG_6HW1unw3Wqa6sQcRF_2U8yv1g,kr,asia
9dVqGBn3l069Est0HP9uBxCHBfwNmB5igf3un-unM5WWVFNP7qv2uG7SW1eLj54oRedMBZX2xDobEQ,euw1,europe
Cn7oYP9iJ2L3ZRBagLuwYuDh61t3Q-X9QIkZs8TNJEL-Aas2Wlvt9_hP8tJH9uNu_MKed6XfIRPGFg,euw1,europe
94s4jlaK8zbAzEtv7lFnRTzFC7QQabloPORmh5N4w7gjQUBOj5ktA_51f9AyLz95YGr31nAJUK9buQ,vn2,sea
XDbP31gmphhWQsEEbrzMgyFefrEHquhkw6SIe5qUKbJLMTvHaJvybk38AtsKxwLp6WdS6NY5aXnlow,na1,americas
Sz9sHjDsyh8n6q4q2rdP_c0Vm4_8plcu8Xa3qPg68_CPf9D5vrcGE59HtGffj5-NNguCjRmes9V8RA,euw1,europe
N5otMR3UMuAea73F3ev3r3yiZORo_TUzsPXMAUJ06AzY8Jys0adX6f7RNwSpswjbH5KSP2BxcDyWJw,na1,americas
omazFDyUyFMB41P_HALvANtUIbbj2XcOcNMaDqTUDlVKQGojmhL_0S4eiRjTjKcZxR1FfcFDkxT0Fw,kr,asia
MDOttuOIRyTnlAFjTJuIoZDvakgCaEkFDFXvTPfkD5X38jXNhuNEOYwHHnb2FxPegFxytI_nQjvdzw,vn2,sea
B-vunNCrRJJGZbOC1O_W0eTlEHy-fCtSa-F_VKmABH0khoEVuttxJcGB3l6Wgc5oBXh1JZiTLcCnEA,vn2,sea
4mkWS0HvMiu3zP35w470Qb9j0OPBJ2eodfVpjKnZHbc9L33hDK3Gy7vqiBfynGQOV7mnliUtW6RDDA,euw1,europe
v1uiSedypXo_zPYilkjdTtaWdYwAgUgHlrMGWGDDK7F4XpMbT_Gh4dwLMq_gfoiL2Vi5vJ5Edq6_vQ,vn2,sea
1njnEPdF8TxciWyCXwf6r-zWwWn8VhBvQpQUUZ9SVCvxaNEle5N3hDYcKU6kPrHQfKkoXhMD0PtcfA,kr,asia
YVobleTsV3h11fsgazgLv9FJ3P7QSqo9bhFQcNgUYjcyjEw6sl0SUPxuo3ZGkIz5iAw9N3bNkFvwaA,vn2,sea
5SSDG8Y3RgGSqk51ebGdQAaKf7TXo8l8cmbTm3qivBNZ4rWOs7JGDy4utrvubR7X7pbpV0UDvvUy_g,vn2,sea
Ok6vhPDvyMDiaaqsgpVBj2_DOzlbemv__OhbLru0Yvmo7d8YxAiRX-7KrReJnGQiBHzos4rbnKLO3g,kr,asia
3jn70KUeOgul9ebZNlIyhD1pVE2DaAyi72wKg5aOOLKwOjZjhqQcbrOLcQg7WlfFqDaTPiRGEBaXDw,vn2,sea
1x5q-fT8fQE_v_5PzqmrBfEctQ69Sm0pFquQ8046uSvlEtlNcEDy93uVstHkvWaBzaCFvwMkfJtSsQ,euw1,europe
rmBT9O54bn10lrAqSJCan33KdZDIWGQKDyQRRo1J8W0oZzOXtnUFJCR0QTu2rpxDDy5k9a3XgMOENA,na1,americas
4JoovpDF7n8PvCvG5SOo5XEK_9b6VzlB6iiXO3IcR2ugzV48Y42MZ7YUby4iUheU_dKazTP-fRawcA,euw1,europe
4p-ZOPHIbnA8BGv4c1VDT-xaI1wDR-CTdRS3IHCgaXCbOZx6bA1FGh33AvOwOtO9TwsRxKOHV3d4Eg,euw1,europe
42s52doUENpqhXamX9_QebRea6upa4JORyIvJVNOxjBW57Gik_PMh_SrefJflfoWc1_mfYxB2ptvIA,na1,americas
FbB2RfU8hBT3e90PCl5fAvi_FiSJiMSwqGtKb1SVdMdowKGV2YFjBKX15ZWj1n_70gOnJ8BHbKsEEw,vn2,sea
kE7Q4XTWTHtOLlqcWohAPhwyfgJYJBLc1VlXd-qyBXtsg_VOMxTiHgQxfuTQsZp2s4NzFxC2hRttZQ,euw1,europe
zxKF87vHtFQm14M4NpedPdbs0pZI872t50tEKufrpD3Ch1Zte00w9mtPziEwYnyHeBjgDeoLgX7dtA,na1,americas
jjFNkr77TDoEZLK9usNsAzegB2YdlehX5kuaUfwMjHLH4u86Vqiw2RT7bdRocfYA_D1DWL_YaKFzJg,na1,americas
2jochMb8kLCni9EWx7hds8QQo9-kBh7iCxysvB-Nkr9Dcs3DKPdRcRGV4H5AaXruBg1xf75uRXvLug,vn2,sea
QdhQ0EdclBfmRG_yg6-ldHKybghvBATrCisqn1MQquLDlttKAhVEzM32wVAsupq1w436mPgEHRFtEQ,na1,americas
KuCsbwQAqxTtgTkux3r872-UmIvjKZnuyXBrfDzjFFJOwsCVZhds9gp-Zc53GF4pPbDh9dKgPurTRA,vn2,sea
rdYttzrnef2AptTzcrsoDbHB1iL8hD2El5KsmYLunqTjB8MKDkApa6xqtMrAhmPPPMm3OJHqV1kH7A,euw1,europe
fN5373v1Mb9Wt2DAb0KYXvdH1Z13dorUwzCl1_peA60hdxZNcXfBcVWujO6OMQ7u_GgL_KL0wKEG5g,kr,asia
9NS3KyfFDgiEScJs5A-LUaNltPOQdgduJpvP5hRC-v1_6QhkjRTa6u3ClYIDkRoF4p7WPiR2rj1XZA,euw1,europe
aqDNzzmSsrw4PspJseI6aPFXB2O1MhT1odyRu0_EuSRUYVN-3jHLIMueiXWZRyzYkFG6Clhk7ZOWuQ,kr,asia
viwnqo6YORmUpHZdEtTq-RKZpqkWBWY5pQ3A9TX-axqenJJRpuy_g6MBDQkWvLIJP5ycGgb0YEUzaw,na1,americas
-04xLJ5XTK_4isyro4b_MFQbykzXB9NSLl6MA-EmcKzERO2MFbYtanNCgDpTKt4A6BJUt15cz-qEsQ,na1,americas
ev9hhr_jYMXwzEapv8Mf3sa8h2-psO57rEo4cr00dNT6ruSISIscZuW9VasCzW4nlIhFhTY54ij1Pg,euw1,europe
hHhGwLIBJ5mFgly3eG9unaidv16WJfXCAxpaTagUdJrrleSjJ4DrMUP8oiSouezzdN5K74vUIW-7Kw,euw1,europe
J1UbFvdywdfObDLg1OTqKtILo_EcZ9rAq10QrV109AUq3sNlVBm3kQMuT-wkOBmEnwwh-M67MxOGoQ,na1,americas
NlcsqNNRbA78ezoygSkXbjJkYROzrT1iuDu595YshIivAmSJ1kPZHmBvZItOuEeQcgt5cMcnFRsr4g,na1,americas
2f5HNRXqBQdczSedA9w4BwuacmMzsGzrN86UhxyjGPS0u3afbaYbDqyYqnkzy-cOGnblBrRco7y5AQ,kr,asia
AHkMt3BRaFYRN1_MMTgjkM1SPzA6fScnbnRGc5OrgX3u4kdYfte52A6lHZ44Ji_a8RqR46K7amsqeg,vn2,sea
6Y8gmcaMsPxFIY_oPxE0EMe3ovZ2Ad1BWfP_uK9hRqfpSwn_gh--bQyiVGWqZPi7qovVbtqekxL5CQ,kr,asia
DQqllIh6GH13fj_r-B2t5L60OcDGoEZluIYwIIqHbs3IZdJMoiAZfTPo4HRspT1nFxe1xtRA9aA3UQ,euw1,europe
7PaaXzVUT9v0VuEqqCIyUonH45dVxHbHuH6_A1Jch2o8MMcs634NtBh-O5JnjA3xnSHpLARTN03zkA,euw1,europe
gKcJiI4JWe43We6DJMqUJ2gHNoDmf6B5sKEHPg8v9H6aYlPEwnrhQascI7JbyCsmX41_ks2wz-hkRA,kr,asia
42yk6rkYt7fo5zwWfJBWq4p359367L64XgTnn2a32tolCBhVQkrUDSdvl1b7a0ctazss4flTNsehhw,kr,asia
EmtSJYU7LQjTQt6ihzksuq4Mt3PN-SXA0MY87YJLoyQSOoh_AjJr6hpwrMF7UDN0DXX5De0ECtXmKQ,euw1,europe
wjstVyjlo2mwfYVpdCN3y_bi_W1RpnVgi9FdqYONxx3fzX4u3g7qC3erqBHXZyGY00bpS0tKiz6QpQ,euw1,europe
fetZ3jhg3_LFIoP-l-hWSRWHxtaF80YRode9F1AQ3LG1wjSksHtxk6_XVWKkimHW5HUHtlTn7wwucA,kr,asia
3fyO2m6ovcPJg8pftkYu1JgSJfwmLbRwM3QYTYmYeSyEvEeOTPH8lENmFTeMCBaYDLFzaRgtXLaMqg,vn2,sea
SPbnLmQmpCxVnfnbzDgY2VEYc5JQU8P23Nk-iYwEs-ioi8nHUpZw6RwYM1P-zhPBJRi8HR-8rCDR7A,na1,americas
xdnv5pgvlc6SR8jL1E65HxptDic6q9QzZtFVzxY3fwrkojIhYM4n2GTK4GqH8gXPotBWGDe1ep30KA,kr,asia
HQ2Y3J50UH7Nm8DGUtWY_fveTHTeD1K0H0fTenaYxYYQEPAQfWkPA7ajVc6GYbgRAZo1lHNtxvKrvg,kr,asia
-EWpvhTJLjFRfO7EL09ccwqL1-c7rooY5Pis7yYs7brVpIwgdkOYze3RzWJhmwtR42ICZDXTHpdqSw,euw1,europe
N7BuoWdSVocW-1No5jD5XddrhBImcmIrzrIMK3YjKt4gKvQhOX5DfECeW6Lt3n5EPQvkNqPGw_5shQ,euw1,europe
dE5l_WELK-jJV7XyMnYWsvP6yGxJKKKUXQCe2scxO6ml5-pd-QwZZ8FVnRtVdXq6Ojr7aTYZzLCCjA,euw1,europe
vEXXM9J-0wrwCte08KVnUxgyn9k6BHCHNHlNhRNDK8N_hL6UH30NQr11A3OXBnVKgP5NLHDFgFAPLA,euw1,europe
pfhVWxiQuS6A-WX4u0RYXG6DOGMzpSldwYU35ywpCj_QuYivY-aPZxc3NtMf0-q6VjvSrijMhcukjw,euw1,europe
z6dO9GBnNMJvnBCISQo3zICEP0WK3Mb4XvpffVXEmx_kv0hsR-cKMKvGnpN4IqJVFhavOueoiK9wzA,na1,americas
tmM8cc-bgWWSwchmHoNh_Zuf7jkPrOSe3HMgedi0jH93E-kDbAbtf_YlcX2IlLTMcHak2wGeSrAmKw,vn2,sea
G6wtjL3DNrJIRYlEWJ2suYylzV-HgUYxryj-MEN4IuIdiLtx2TX-VinVJSdYmoCqqkFK1Jw-Upkrvg,kr,asia
79BnAEmWhgAx2Fo5t4-bp73ghIHmYbjFw-HO-a8l1Dcs3AXWM7-PCoR80lNUXJG5sE5jyyWS9dhLtw,euw1,europe
rOwuevKqsRnEM1vbaUWb4R-ZDwqlg9HE3YM95JYkjPy7XdN2m9FeChofNocfsjSZaowmtNIZMznMCg,na1,americas
jaIHlaxdrwH5P7t9MZsVDDmjErQ1tPm8pWdhkbhRfSPyHPLFghG3QnUoD32ejFzceRHMNGaQIpj0ig,vn2,sea
ILUWjOd76vXI2jIpn9Z7SkkyxgQM_c3tWW9c9ovObwCCryTaLCGMpvKFIyZid-hl5Pcart96h9GUhQ,kr,asia
40YoSJKLmgjEQHZrkA3n5BotpHqFGFvU1PAsCzIaCHvTMftg4jc7Y74puKCrXEUDvsthAMw6XutfOg,na1,americas
Hd0A5Wnzv5txRjOSq3pj5eKuDiAAuRSAKcdYIg6vLLDNwTTR4dqLd3l8O9CN2PF3e-8CpN2HVXO6OA,na1,americas
s4-P9D54BwIDTEJiwMMCLc5OQtGgCvWKa3hi8GrLEB76R_YoU3FIN8OuoP80vkYqUSwOr_fdSRgguQ,kr,asia
LLTlIeGvhtglD7hQq5O5ShjafpSQNndW1r4SAUvyCG98YfE5Uh1Zl5wt4f66LobrmK_2MjViqGhXPA,na1,americas
9kBrTRWNE2GLrocnCm3vSaF-9RhuPnoLw32pQDShP4l0rzL0QgJMQcLZ3eLtMAq7Tw9LiE6z2UVz0w,euw1,europe
DQXyJMg55I3RnPywC1yMhfekI9ovqCNIGn4Fr7JAfc3-jUS0xeZq9g6HYoKBzmm53FSl5XhjPNF3jA,euw1,europe
iqZ8Uz58J4wva9Ktq_jrmCn9JnWH8zguTGsLEjAViZOng4bDsi2e6M7s4WdxgNi_QwiubqCduUJxVQ,na1,americas
MBD8czW_LbnaW7llRkSp7QTesiz3EMfXPKb02FOWq4ByCuBqhlCekLEzTsI3eG0Vuz7u6KS90ud2Vg,kr,asia
ZDmpfK4jwied1ZFAmFgtPOjORedPwnKYiNWhu9Qsxa8_Iw8lgYsthMzJx-RuBa2lyjXfBPH920xhuw,euw1,europe
OhxfUPEpJWo8NyNXG4SvkDs561wWG3fWn3977gB75bUcdYLON6koF0gq8xxGdF24QVk6W0buTeMp3Q,kr,asia
e2ZXm3r7uh7p1mZiGPWBLkYpptYddrBCgHjfihLsnlEcAzoteWb1e6xTsoOdXo4uDrDsok6a6BULEA,euw1,europe
Y0Ebi4loqBjjNe-7rEVhb7bsgsWVJrT3E2wX-z76AyAs0wdZTi2Zlmdrk__HjBLFRgKabvy3naZWQA,na1,americas
qFwRl2LMLAVzmXeoJhyxGP7sPVVSzy0cvaAAzzPQCTrkvup2EOrEtfAMyRiSytzfajD3FVtesTdjgQ,na1,americas
yQkDMBAmUmgWgTNicxQQN8dCG1sUC31pZguafc0pak5gcV2Aq7-NlF8hFId0HV4o7I4StUvEDFLVrw,kr,asia
o3_QBKpmUI6y1DaEpIEtgliPClt4TUXR7hOaq0wMqVgDM0wWrmianjpuy5pXEIfkidK5Ujl2XfZO0w,euw1,europe
otTeQJHuxTbIBQMeUl5Er43ddry3Pz4kWh2RMe_kUmm1rc88JUQnSsnRzYqYb3WuRpWMPzm54Qi_mQ,kr,asia
BnYkItMa0OCYmGpjDbwIG6FIxxIoQYYwmc84LFwYlvKYEJXL1-9QNZdvpSm0MVDftdsDgrPqutnnCQ,euw1,europe
SIAAervGnbZwjxn9ADruUuK745OsdhfT-Dtodt-EZloKyOqDCi67t1Hf83Xzgv90ygBwNtTtSwNkMA,na1,americas
t3H8JrnQ3BLef7ftQp1rb3XGmNlMMd8zOdSroaCH45hog-ND-SrjYRh1sekCwvuhZnIFDz2_31hDYw,euw1,europe
te2pv2wk3MjI4zJiWiHE0mQ2LwBSsIq5uNDLh_Ddn7s1WI-DuvT3XZ164FBTtIfSuanXN6vVWhPfcw,na1,americas
ET19e8dRZl1eX2J0GaH3VG1-THcU0b9mev2xdnwFcVPWNpP014oA9U24rSFnc3K_AlT4gSUWYbQt3Q,na1,americas
5dBxrbRB8fOi4JRt90-KzIOyelFZwFmQqlZHpT_6xGz9I-YakW_oGifzRDAEJPrKFAQvt2Fl4wkq-w,na1,americas
uTax4me2gjK7wFrocEnmu8Namh-SgR_jQR1Oxp-NfEgcPTh4Tth_bWg-hqfXnfrGFsJOz2sQW7hHAg,euw1,europe
cvgo4ohMFHsZIQprYwKel_Ls7A_0CNIeqbWO8N1Xr-KJ1V8xWo2sOVEQGk25jJh2zHVjYJWYmBIcBA,euw1,europe
R6CIJeL4YONYp9tvtG8uEGD_cehsO3EgcEcwgZPinu0OqCe8r68SZKVOdO1ozpboUG7pgKKIxM0qmA,kr,asia
Z0SOCM89Zf-P-BX8YfUpC2TdWKpNq9VL4FJU8ToKZjNJ1wJbJE25-8OrYULr8StFLx-UelXq-ypBsA,euw1,europe
umfiajmgIMHrVi-BFv2fqTr2h9NQAyZxop4tBFPDRQx9nCA_q6y7gvWXeLHBgQe41YtoILeAEmgR0g,euw1,europe
aNJy2K15DzsjtMEkU4XS5NC-y7Eq0iZPyoX7-mNfT_OyqmQCwccWziO67RW9-YHfK5PuZAwikIsSBQ,kr,asia
3_EijMfRPcK2pYa2LwVSju6sLhtXTm0Ihi_kDeW-QrHd9654vRAuxHKddnb1lJT015MGdLR09Bnoag,na1,americas
HjuJkRbvNRpPQPW-wskMbVRkxPPEFeybth43fRVEe3Y8USlzHH9RkjEBHSHNXDfGkah1udqb_4NuzQ,euw1,europe
gFhkqM_fQGA_bS3B015U0nBN6mXuXNNS017ADtGvwQWilnzuZVyxCNQ5Upi7ky1A1OTOiheSZ9fQzw,vn2,sea
watBwQdIiWBUHDkyO_CeBFdGz9YUT1ldUk0gtb3OgjB05qyxS7QJrgAWjCyWmCOiC6b9xLYKLdHp7A,euw1,europe
qh7aiY06B_u2uQXaCGwXS1f8mqg9usIP1utOqT8UyETms8JaDJzSEZKJsQ5RwoC6YSigxQxWfFhyzQ,euw1,europe
48BFBdnm3xjeXKreSEmouftQOU7f79Xfk31SVFRQxvgQgCitc1MEIYWFusBA-jAzMxt4S5EJkNbrUA,euw1,europe
LJfiPGT3oZzjruyPohjAw4h3DU-4_2FGEGn5Qaxlk82vszeIldKOhUYhxX71dYkV4n-YyBcIo7u4FA,kr,asia
BHV82SouadnBTBadidm7JjTxtXjmaQtb4SiHlbI-zf7HGR7W3_ItTJCbUFAtXXBkLA7QAxI-F0YFfQ,vn2,sea
YvKD3IJt5zWGBpWuLFzyGA1Wo2OZ2puwNoQWd6v1gCSGvNmDklXUjbVc5WAgpdWMKZkyBUdaSvmwsA,vn2,sea
og9F_ppnMf40g3VQhOCG7GP8fq7KwELV2KpfCP_BeAhZKfFhnMUPaMc8u93W6rJHrKtjBjhA3vAETg,na1,americas
prOA3BV-l4y0pZLBnRkjvxO2_pKX0TfgSOQwOw5e9kNxV59yBMTyKig18XA0Mr44ih8J67c_LPFs5Q,vn2,sea
QftDBRiFfwhHQ1qvjccwfu4frxTF6SZN-apM4yjwuw5fnSG241MYvdB7Ewm4XRyCARq3sF9Js0rr4Q,euw1,europe
smuqoDjA41AkspAJV5Aef1BKGErKgtxl0evE-Q0pbdOcG3v30iptvAXFGgeQA5j3JK_gJ3eOK8wQ6g,na1,americas
_4bZKnWuovsoQgorleWSM-XVn9UGTb703OLlazb2k4ctUaX1VIBNp527I0TPKY5oFrHb-cwyLmnXUw,vn2,sea
THF3B1V2diptg3VdaPZLDoOdIeNnvzMgHIMWK32TXld9kgO5vT6FzOtuMYkjPcdctegweMGK9hj0mg,euw1,europe
t-t_ykOpqTNXHYszmXC2ElNBF33v68UDqyHNtNY3UWP-QAzbNYG5JNV55nGidIE5Z4QxBa_9k1c1eA,vn2,sea
e9nIqT2ZkRS6cFiF8LYSzrWGgkU43bE3cNktuwbrnHk7xAghTbyOfZTtFUBGupVu4-EpVPNsNq07yw,euw1,europe
oypvChjTvS4Iqxh3hbJmWtr-dSGu8v7blAvHiYzRGx9hPXTGa-ZDZ2vlTrPBxoSLvPczAZVlA3tioA,na1,americas
7-_PFTi_5FTYh27-e25KKy59jmHAg2Aq3__e4kDQHwju4oYrLGff-AnQv5UQioatgVMZtG11wuB4mQ,na1,americas
j7LjJmOIxgV-2XvnfAg2243fU7jIBtqSaVRcSeiPzOrPLEzUEOIVRRPypG95LoZp-_W3RiUP0YrrsQ,vn2,sea
9ZTL33p7VqTKnZp5sYIkAKkSZNGdMp0c71V85Md2XJxS2E5ay4QPHZCyYGoaKl5unollRYZ8xUy35Q,vn2,sea
Iwd5E-uZsfYI6Gg_n4btzBQGf18Ca5BJf4wfRE25MnJUHM42ydgnqtbdyQRcOpYcuFF6EEWH3apZNg,euw1,europe
9tQ4d2qYxCOe-C5qm0agFJkJ4mDZtzZGSx94_hX6vhkwluKJ5Y7L5yla2WwDlaHS5w02kF_0FmYBdA,euw1,europe
2FYre6xznbTBHaAJW_oQ4GVDeSEMRjNbkfY9196neUu2iTz4RG82UtlIYHjwvspbUoQqkgObvsqDYw,kr,asia
Mk_H5we7UiKJF8Nq-UL88rOO11fFjJ0z-EG7jWm3X-mGrqz5Z1wXfsUV_XEL76UYxTmxnHz89FPFJA,na1,americas
UYKi3EIXY35EH2JX3xuWj9ZAq8chxmCwdaH8PeN1s1BE1fHZ3p04zFpDAp84-abeg2H75fsBQPwVfA,kr,asia
hCXmZFXq3BxPK3wxi9uV5INYgOwHRBr_ud_8votK6SREHgp0FVPtorDqOdq9-HBkXXuHMai0tblPdg,euw1,europe
GtfKf76tNQ4uIFnMxua5tlU1b4MNcH3DgLsbiGsaEcCHWKimNjRdrs2VWPx7Vq_mxNxcByZg_bpJzg,na1,americas
qc85pxQiXeYf-C-7vNvt1dCGpTiPe3LQWzOqkfBJv_QrqyBYTjDC-_uM1iBQrvxHud_5dUcdBVbtqQ,na1,americas
XulGWcyFRfYL7YPZLSAshRW06Zm1V57oaC3jbHXIX_XDmg3eJIFLkG7viGU6U4VhWjBJJY1lAb0nJQ,kr,asia
6kiFJmZbtFMs8glmRVhFxp7mvBwk8YlqCCA3ZZGJaUfYLKx1rCQOMuXrwzTeT5Iy5WeFNh56DslPVg,vn2,sea
_T0XckvFJOe6rAzpwrL5qUCZ_inrT5FC8MhxNwJp5wXTpyb1s8RTBUoWMTF9uvJ95VMbtvoSCzpH5A,kr,asia
mJ3UCF9evaQwxz5AdnBgsKAmf6GbaCIHTPy0BAA7EAThk_7pNv1XtcvVO14D2nmsOIm5SyeAFfc5WA,euw1,europe
2plxPSuMs3wiOGusDO59AYr8Pj0xFN5p5h7mPbAYPbDoXPHNBMOsAJj0OsnLt_o55uDJjLADN_n3WA,euw1,europe
sBULT5Ak7VDjMBcaYcQ8k600E45qM5-QKU7KcUOHnzbrKauxMowVqNgOcteatyw2s-GdXNvjPH6ahg,vn2,sea
ZI2p0mvq02QEruUJAGrM2Gu316u_DNSq79vGSnsJheq_qi0gYVPeIvd2j0_qEJ6cIRJf3eg4GuDE8Q,euw1,europe
5RZgIf3fYjBEUKh-2yjnHGLzZW68QPSruDS0b5u4t1L-7XJWwYEkVby37ZYzE4I-5pNAXKGoG4IMPg,vn2,sea
eKNB73NqT6XNtZJ9sngNFpuoE0H5LGHj1SP-lZoq6D3BJybGzqvyjUpw4tBu4HEJGXeLwGF8ptHrlg,na1,americas
H6S0etZ69MBWQfn7_L_C6Z5_60M8zLPqPzyXgymK4J2wFQSsuLIt37JRs-LFqyMATmdDeuLHrYjAaA,euw1,europe
v9UBJipSLB0vdO2XO_JObw6MQ8LyUn6_lRhHsp4ERuwGQvzY7T0DqmEn97kTkariCHiTcG1dO6jfQw,kr,asia
ztf_GIGS3bDeYM6nj0uYJmE7038gsn4IsDYGfRS6Nhd24RfA5B6YX3QUuNrYzE14aexCBiIRXwvNkQ,euw1,europe
SUh6Dw0MfLbQLN_70lKnF76i7DiKO-bcZsIWGQ5S2cuu6YEomH_ogsFaNozxhsuI9Myfcp_Nn0b0bA,vn2,sea
1IsEmImXuqrU4kEaWDcBnqNEHuASUdsIlBKEUz_x-PjU6e0c0_8bX8haTp5Yc8nkTGqbhyE-kkZZpA,na1,americas
9SjPnXskAbEInKx47bosV3tLxMNwc8-r4Ci7B3f1kYBC7xia0knsicORaJDufzquQgp5aB-l9Nd4EA,euw1,europe
xLnUzqkzhwWnHCXGvW8A_N-vkwvHsVbgtod2fLlrSSsKyI1UR9VEk-E-PBzHWduURp-oUrxCU0QHEg,na1,americas
aeK9qHZPKtdO5h_vJwPHuKfpL0dhURofesUPybnoHvTpYyHzrpk3TWSSes5qrioOfZBQNgnYYX9bZg,kr,asia
59ra4zyePVZN3fzn9oSlVlLLz_dSQMLG_QIt6nikVNcNm8oO9y4ZWCJDckgdoAnyn1yfYOKFW7VN0w,euw1,europe
yzcda1z0tTrK8SIsBUehvo4HG8Oks889rXWLzfPL2a0zBAOT_6IT0dLFrfXporT1i-LJDJ0pO75TBA,vn2,sea
lHznR7ts7xEHJYUJ69Vdnkt_EM5OiyRcOPXUE55qz8sJ-eDONKZnWttWpRVONUO68PiupdVbA-CUkQ,kr,asia
ExqAiQXFRmPVVwAtrJhBWGNPQU6ehHZMmqxF_90GaUdOB6_fevv58ZBTqJNfhLgrx87q4lo4YDxNUQ,na1,americas
3h0E4MB7L6yi6KfdtvBnbKfMwpy4qdRRas5iqicSEaCU2Wo1fSojGRuxEtgyaspZpwh_H0h2tJYNFw,vn2,sea
97m2jO0EVFmaxh8Zh5letX-iKk0ezzWbMiTqg-5CL238zm2PGZuZw3hqFWVGx5mfPdySgEZJ56tndw,vn2,sea
X36knACPuPenEWmt8VnKCaEslQNbFwt_VsnUMyCp7HmYtAxXUJ5qfONkYmjeE5CafVkfvlLKSxQCWg,kr,asia
Nobz_da5JK5B1R6SIzXFSgHYpSCJ2QFh8HSJxpZM4hsSlW_BeIDkbMrYD2rnN-b503CJuLd6DzNXew,na1,americas
6JjgsLtdOgGImEgOPsff7VwYb0oa57T97Jha3bwhQY1S_3A-lhkSzulMbKS2Yyk6TZ9fesvBMlRP7g,euw1,europe
xKvnHKM167CLCnSD1cvewk0ZQrgT5y678pcpY91TYxrpiYnq_r5ILV3AXUVcYwhfQViF74T_KN88tA,na1,americas
yWN7MM-c6fvRZKfITJNe2C4MkhW_azJvKTsdCwSDQHRCkKz1gfJVxXMZaCJ9NHs1B1DhVSPq-Ffjwg,euw1,europe
39IGxGlfNcxGdUAstbn61sO1reD7ecK7lCnEWeSC8Uctn0pBcKW9Nxlo3NTZe7uJVU70_TEyb4Xnug,euw1,europe
ryyGaFM3UbxmH-WnTpEbMnq4Y8aF2DMs4d5QGfZtw4AmWg8UtTyMYpoxPe6l8nrX4aBk_GcH1UYDaA,kr,asia
0m8JsYgnh4GRIY-l5O77fkramSqKx7R-gc6wBYMEiu1frD2-gaTIxzhcmQmQPRfGfOs998y0dcWLFQ,euw1,europe
jeECPqb75qclL1N2-oj1L9SMdKzJYivpGYsOA6ttU_xK18fKgNTdNJHUbE4VSFjhmEICjLLDdKZuvg,na1,americas
LNmZRlaNZ4E9mELMOJ2Qmn-icsoT_EOE3cwLbkULQnKAxqDJCX-jvvEwIU4eHAB2899QQ_RVA8OEzA,kr,asia
Qcjnn8LEvqvPJgQU3yBzp07EHP7_TGOILy-DmzCZXJQFlDWA8q4MhE2sKZXPVMBmzG_nxOlhKcXCog,vn2,sea
bRmfTm4Nw2wZELIxLd0Sn8i5DWl_PkzCKi_9lSoZsgMUGfjrA6O_jf24HX7jax8Qf6yUG56WUyoapw,vn2,sea
2HcF8l3Yycb7W3nx8aP3meKrG9_tpoxUrTM4S4zKwktbEzCjA0DO-cQ_sgt7OFEcDTs9OyzNYAvu6w,euw1,europe
sw4Ai5BinP3hwuwpQ8gWhFjH89Jjlqxtyp3eVXOeflAvsT95TEdy2WD_o7NU18-Prsle7vFprfGCiQ,na1,americas
_UNkzCZoJFQeSiNKt9pIBPiK49katz15lV9MSH0dNOXeRqr2BlkuKYCzwW5mBwm2X9v_4CWylE8J6w,vn2,sea
YD-5PXbag00AS3_JQ6fvhJPeBzimSM-IEcDG9_nSAhiSu8xTXdTXnA46NfckA_Q5q2Ah6lVOjP4WiQ,vn2,sea
Q0_yWJk4Qor_3qf13lqfkOAhLAd1dSfytd7eBTx8d78oKoKlyXbwbyXD3MpQX3_XY0WqXd4-iEMA6w,na1,americas
euqgIEUZv-AUYGvRBYYIpi8BdfEnTMmA_MiEGVI4l--A2FhNOwnccgxE4O2sNlIAPuSmI4ApAwjGvw,na1,americas
0A5-xyvL7VdxvR-11XO_P7ViR6TRSfVXyoYeAEBLLMwpX5Ecdm_8gCWKmnn-ak0_9Bi-WrThyVbaGg,kr,asia
eHVjdLPqHoDOBOMTYpTxkGZ0_bN4DhlZU2XF1PwXRg2e3eb3D4ohabnG3YovIkUPF16ypHHcW2UYGw,na1,americas
VAArOgeOjY9KNszWXoPdwC-euO6YwoCLp3dgpKNUKvuUogxPmBrxNgiF94ujl7F9MAxl3Up9ugGKqg,na1,americas
HEt9Z7PZIxdctLieUgIbnjpl2ccN21lCfBxHoBl6BY3Xn4gAL70KNk0Vavpuehc56kfzXQDBTEDYNA,vn2,sea
WGF4BZ43Sk1NWrr9XYjOICVibfPwHPv4wCUlb2PxUvi-8OPzarw9p-zuQlRLYmztemhKtqxoKib5tQ,vn2,sea
OSLQgO_9YCaQohuM8Q6KbOJ0kXYJUj_IpujhumrZZAE8_6FsdcDv9N1ITR71vUt24324cw2Jog3p2w,na1,americas
1qj1aQ1-rKDGleV6cj_RoihHSJO4migpGRo6qGBzrbFcQW_Sj7XOB4LrECT4h3x74H2YOUs0dqqBMQ,kr,asia
2cd6gDVXgkFtk3DLwz2ltHLjGTWUGY-Ryp5685wEjk5OE2WGd95uwtK8kbrUj0ODvWMq1JNlpCp4oA,na1,americas
cZ2FQEl-uslto2S87TmrsikvU7ehIc94hi3mpyS3rajznQlgSkS7lZubMNwv0KBZ9BRCqP9Zg9-Sgg,vn2,sea
5hn2jqqan5sIWewXt-zDmh9t2-oi7IkCEnwtGjnrZz0dQisvaeABgCvUVxDiAYyJuIVTTdPdkIHxiw,euw1,europe
C5fh3A5giuH_L8CKLHa2KbK-yc0pyTE6s7vcwJ0-dfKbJXRUNCf-E9Feo0RL1uHEhMC9YEkFY8DBMw,kr,asia
FB0NZofjlHnAV1S0zcI_pP20y5p5hTr7slAUVsCeP5u_P3FbDM-BlmZycprIgmKju5eLYKp_TVbEgQ,na1,americas
25TMt4A_sbo3zQIQQwpZOg7R9VaCWWMjqMCqFS-giPbw1AITMgMvGVAljbGhcGEUQJ32KwtgJJ1ZuQ,euw1,europe
_Q9CgRk39Fwy09X542DeOe3KTkBbhLvshKtIZr5jep9vf1U-qLc7XoDUuDGJ_-4R832I2EQoB-Vs3w,na1,americas
F4laUQW8MWBV7iiuvm5rRP4cuSyW5DjSYoAaSSOsQh32X7n-d9zl7ANZvo4s4_ddfwUK5crNdUjFhw,vn2,sea
0v64_b8m_qk6caL5Gc534CkNOiQbjSB6AEpqZIK_bDxR2EnXv4whPRIfR7tZnsmn2G_GeuZoOkQh6w,na1,americas
k_O7Hvm5XV9zh13J6j8YGwk2GXJ4ZhMGAHmxNwpKpIWtynPaoSVgMNNTe5uyPXAOKnH284bCJI53cA,vn2,sea
UNFZ0g6Yxc9YJJ8EwaZ_yWXld-0p4A-NnrJ-73Vst3fAY_NIxYGv2luL5OgmjMhVAkWuIRS5CRdhRA,vn2,sea
EFLoATLvx4X15xmDpRYNGCqYoc8n4vRQ7xhgQDjMdX5Va2xKDGd5qWb5mZUyJ8MdcZzgOUYTvFIvhQ,vn2,sea
cOsC3wrk_9gf92AKhaPOJD6BFEmjCsQzKX-fvQ-zdvLxcD0Db4r57Pmv4nQvZgY5eqxQyCXUHiURbw,euw1,europe
sguyEBrj3rI8ntzkIczEGus_tNrWHKerFEdskUA5cWR1trREsrG7V9W5sV7kQ6JYmORck2jUggnswg,na1,americas
P0EBfS0Urie1jD3ytiknlWCEh_0PiHYaFckgpcK-KzSNyAFVUaGDCegdc-wZzsva67Th1KT0uHhlLA,na1,americas
NNg55qR2QTBAhXuXiLsZ_k8-Pe00pzShy8UzM8PXnfy6L27S8xRdPdRZVrCzXdmLuSTo9naxR8q0zg,kr,asia
aLb672bgYPAd1vdroCG6u2VcYKtqagUUJEo3kzZ8DoFas1h9MBxfeC7GGFhgcEMkSNrnduVCbo4wvQ,euw1,europe
m0u-DsFqQB3m-ZJMyY8WHxGY4bEmQbPscEO0VpyJzOs3znYDbWxYG9zppQNMPduP7D4j0STBAFT-NQ,kr,asia
inRTcNt7pqSkxrlvItNQHW5jvo1x80HhvS_wqZQ4M3uUwR1j9MWGBxiwk7Nac5SyqTrwkXNCqhSKag,kr,asia
vpVHEvlkU2EHErgZEnUIl4kcb6vBin10ngCPpUVCbWp1StIwySQjRWTfavhKCWOl13k7bClbTB-tDA,na1,americas
xJBYgsv17Hi36cmEecHVPGwgkKhfdc1rCb6QRPkbUOQll-d3pY8WQBflu35k5Ot1lOmpbbcqB_w5PQ,vn2,sea
-pdLpDwouzjWYjBSuCdcMZfmQzp-F2toQQHm4fsuquJRfdOIQrxeRTIrcVc1dl9YgRqSLXtwcB_4kA,vn2,sea
Y5O0spuAn8ozcZxm7gBNhzJii-oG6P2rCtLfmPn-ZZ3VE4eYU8I76W8vQNgUxBp50iWLUmdU6k7NoQ,vn2,sea
hH8BkjqiucCJqJu65Pt8_n01kgHwO3pGlECS2eAZG8ef1DGVJ90PzpTTl5SBeFGgjPWpg0RC7QRvtg,vn2,sea
YXKiT4UPykBdCE6ceATyIRQ4E1MbqmJJyfLhUqIht783pNamxO57D_mYNvrDYpau3Slligiohh2TCQ,vn2,sea
L5fTpZKceZdBWe5epPEodmmsyg0Pk5lKDfs1sRkcNJEMF_GGXFgt4J7WgsadrKYqOvG9WyK2dv_puA,na1,americas
UDING3pogIoleQyr_QhlUpMP5eFKxqcr7AKYuLa6SgBuCr7IV6NHknTdY8r0iGVGssBR73GWeXxCHw,vn2,sea
3jq-lxoRbdDoGCRn7G4pfaAxNmlx7kE1JGwAlzMZyNGVrv-AI0po-6_-jnpLDR6QXuLj0-XoxEAKKw,vn2,sea
44fmp69fUngZ0It4Gqh8OPPcfKYYdcNt2QLcZV1VB61DPi70OobzogCmmqKEe5MvVf8zTftOywH2pw,euw1,europe
E8guLLjLHguh2AzO6XB1a4jJhlEKJ3LeifKxoNNtu5fkKqO5gxxCOcw93I5wV15vBrp_KymJF4uUPw,na1,americas
0XFQ5_SGIE9tQOpGnF5FcWOl9O5827vHItLvBk5cofOIsDrvkAwHKxqkSsWV4MfVVP_ED21MmuB4Tw,na1,americas
RVg9VXbjQactvmUTrn3sCNQ1EynGjIyUVN7erDXq6MbHYf3hwqu-TVHzsAHA_DqWxe_N5lU1Kwjfkw,vn2,sea
o5YOVZhZrnHyWNrQbisNANWGFvp-9Z88X4l6bzOkXXpLyhSELw7km4CgjBZqpHvEQEpoczE1rLp9Nw,na1,americas
xFgrRVSkDhk3PAa-Gfc7dei1cDnj0MR0RoiXO2RZ2xonZwu1sxh_SDxUEzetBCoUCIZAEvjMAKuIwQ,na1,americas
n5LIoFBFMX5UVsqvqFEi11AT1bmLOVhrbV6ieHzbKTkstLRYAgij3TCAewAjCgJJobta9uOPIEoIZA,na1,americas
SkH3ct5m1EMqq_mUfFx0CwGjkQEd6-1c0-Vavwo--_VFw1fc4XjJkD0Y-vnBxnOfnO23qK2nDnvDcQ,na1,americas
jyqANg2o9uJDF4zpM8RwsXUdz1GruEMgucgLNOH_vNiMv6x3mbN1MhsSWtBpYRHvXSa4O9eLhumYGQ,euw1,europe
oRldw8BTUTynHdzwGHDjA_FBqRn6n6gFXtzxio0diZ3_t6eNytLHKqzhJ7QCyAMZ5s5Yr0DUq1rukw,vn2,sea
2V29LfZpLi3kzNAArVss9Lq84tzXqM-c3CfwkCXwOd6ELgoOwN4LDSG1FdbA8JXRbBO206TtLPdQtA,kr,asia
BBYInQPqm1hb9SEoTNistDQ1C9_qi8hHvmhDBJAGUORdylcBup3ROUAN_0iW29JwUgRtvqCZ_v5oZg,kr,asia
e4x6JD9Xwpdck1P600Xf5y4CFhkMev9BcK4wzNAZJKG7wZGavMGXmFuCzWaqMeAx_R2E-bWVRC_pug,vn2,sea
F7Ez5eiuN6K2WZ4YvGaqQWU-8wq9K_68s1eDtQkeXdhrzyTk7YF2kfyAPMS6xDQeaZ6fpnvCDfskaQ,na1,americas
1ArS3JUQtZWT2vgCLwqJu24XkkT78imnKbaYe0IzeU9r1gfAhhfH8cvKNCM6FIxkFq8wGr6n8hh8nA,na1,americas
Am-XHdhvDztwsvdO3RXlwh2KptFsx-u2s_K_tcwBC4iFLFvwu1tgEei1aqb8zFvMJEW1hN6b5N6Wcg,kr,asia
TpztEb-_rzoAnAY4mv9gAPLSrq3BH5o11xJQgfGNshCYggKiglkYro4LWhmuRclwrHPNV76GJQKp6A,na1,americas
SAAPt-qGjMrQUKNzIgtj5HyDrJKCszrkGQErA7RSz2txLomeupQadPNC8FeN96b8cbO05ES2YwbI_Q,kr,asia
wP82Mhx6YAA3Xw6dHuYG9GJl0XZ-e5EFIooS2d8ps3m1D_6d8CnEn5JtrnqlRqlIP2mEa_5KR4i_LQ,na1,americas
TJWeuGtvn0SvgEUUGk2Gh57xyMXC2YApR77mWVhBddw3aKGMrBEYhs-oqxGnUd4vWtYzN-nT7loYUg,vn2,sea
sT50ZG3HSLfU454no9cMoZW2KKmfhWktmfZ0q3-LUo3CNVnSjiOqqgCdilMjaZVtvmNmP8ASc3E_Kw,euw1,europe
M0-STRWZpy0i0Z2eQOQhnvoDh-6JkdNghwSd7TcpGVd3Q8tJ1wD19kJrfJcH-SAYLYT6C2SaEPxz5w,vn2,sea
QGKW0hV03M1pyQVtFwzj52ZTSVlx-e1H3u0co7B61zyWMLtp4q95mIhDH_DknbfzuBy6_bCPIctR2w,vn2,sea
QH-WR8fRhrIYEktR6xDKTFpa0ESYara4EZWGTEkZlfdFuLo22X0vloRHhs0bstCPOId7DMqBA9mqMQ,kr,asia
yaoJWz9dTBbVC8mhaloPfLo7ClpYmih1KPCxlvmU1F0bcrBUh6itMHzNqXK6nzdBGxAs13FZktHn6g,na1,americas
l9sR1msKoUsuReTttFsj8iA2_R9cd6tRqGUA2S3Oj23E6LCGLHJ6T6MyStJzNHllG7Z47bXmBDlWRA,euw1,europe
5Exm4Tdt-nacCqCYFhCXmFvmNtTAIvtd7oISldyaVsogk2XY1Qgi_TV_92A2vFdt2EeQeBSulj7aJA,kr,asia
PEYbJrkDk-zy2gEYTKrRnPPvWarLoc8YFP02CVbPmIBX_3-TODPtMa-9p6rfNWF5uDK8zOKCGzN2Uw,kr,asia
GOzK6XhjsedxtZb_6goH2-yNCZFIMViHtux56ahC--xhRz9DIE_kKkos83sfnITvpmSaFMuUOhPElQ,kr,asia
EhAdSJHzJZpWcYHoH4FzlzuZ0MbUtk4krmxd_7gdRsGRvbr2M0YZ5wD3A55-tmNWKO40T1JHA7btvQ,euw1,europe
5UT-pznrLVT0senbQ0fQ0ZrF3dFCP61lpX1_aOtP2udtSYKvLOAOrpL8iww8tHwSuscmBSM2UpxAIg,euw1,europe
BM4LVETMmRmOiO8P_kWqB745QAsF0F6v4SMBxrtUk_Irckgw-BNKPa7s7l-WP_9DN7A1G9Qr655z5w,kr,asia
eVpg3F2nPZNz7nxUxDEZRx39MxTnoAToKI-toYpE62bVIew01VVb2gLU-UCJ73sNrCq9qSadsM7UbA,vn2,sea
F-FRCRpU_-uW3_5Gw5SXAUjTfacJJT6H-fRy3zX7UUezZ8G-Dtchu_iznraQuq-FJ6hC7ATAwuPLtw,kr,asia
_-gvWmS74sAhpjDUXRBdhqgyc4zlRbblJJvsaFsslrarXh-I-f_VEjU2sSUd5fXJuElw7mBQR3X73w,euw1,europe
z1qreyUe0SfdYVOkF9jqa-5Lc_KRHk4mOrC0KvmqKxEhH8pHxg4s-3ES6xKk_IhTjMXZ7Wb_OwlaXw,vn2,sea
PcGCOVLZGtwtz2YFbW1zpPuAEaG-9nQaJB4haWTgU8X-5kneJEUzXWtOS1VX5V3kHO3gbNlo9dF0-Q,vn2,sea
UV_1K4Rl7GEtZ1H_un58dP-BFKE1PE-7DFOPBrDt8AznL1tMklQezIZPb34dA8sMI3dAxes180iTcg,kr,asia
0IYrVaH1uGW_c9SdIMoqdbuvRFrDxeRoqO5700ssT3ncl4922d2zm1-5aVWTwHhYPNwo3HEOHgtKDw,euw1,europe
BYnOLSTje0dSLpRm1pfezQotMkFJOWBTJ4s6njkCN0RdomKTvvi7CzCurikTsHOuLQ-Na3jOdiMpOQ,vn2,sea
H3FLE-4-XTTV82l9DqPRTEf88WVTlpx-Z7w3k83vHjb2h2v590RFuoXMBbNE4x5Lmsbh_qIUO9mtIA,kr,asia
l8RZa8F_mCuu86nk0EJ6HL98jvBcgIY8Mm6gEIQMBk5d_RGGdR1jfataDXQRRT_kw1MmHw0AF3cn_g,na1,americas
2QAGfO8wmw0bL8vkdJsySHhW76psEej0wE86G4Uhtybae2aJm8Gl_tL68Gczxn0whYs04tMRpkRgOw,euw1,europe
jZWMAI1JaSiWq0WoNXVw77Ct17vX1ycF5ZhqBAhvoJ-mdmfRzwvdEh243MKKpjy0BIzji8jFlJMyvw,euw1,europe
PpSRixI3R3gHAPpJyARKXRKLew-LEDw8AYm6i42ziqJQ_QOGB9npUlzrnXgk9yQ2HzN_WX2lUIYUtg,na1,americas
0YrggsaVSPZuRDrRrqhzq4jtL6UUXYj1-tnoeQI62QSzxscEkZg_xy58tJMAq_khlr8BWjF2yAbs9Q,euw1,europe
wSS2M-nIgVlRI9WSlFsChc0kVCSQ_MUtvgnuT-CBynUknfr8nU0-ftXf9vR0hLjHrFez-X6jb70euQ,euw1,europe
LTjHCdPTzErn4seV4vrid6-NG6oGKCWiRhAlr7K1GorOS235UE288w7N_SwxEgj1--KwTt0ItWg7pQ,vn2,sea
Z4moS3dMc7kxB2GPMiW1Mzf4Pas2QFGRqnJXO9VsZL0E_WQdBM1zkwyTYpk_0RCepv5X6wcNLfmd8Q,euw1,europe
p1z3gEZq9ycRbI0xXWAcEbV7eoErjHuFZBVA6lZ5TTwWl3QzrhBOngE3ReVUol-3A2dJKozfiZlhtQ,euw1,europe
esVSnrtJOaxtolrgqVeonJQLpdOJK6aKVMfDya01dzwz8tqoU7d7c-pPDxt-iUe9HSn8olx_sqqr6Q,kr,asia
8LSPqwz-484IZL2ZWdH9zoqhp4jnIa9PR-iBuiye-KsjCqVmx-TvCfjSsEZieHPIcKm-lZhnTQ2t5Q,kr,asia
Ia2nhhVQAYGsUhAdvSE4djYIGz4PxsdNRABL-Po10GY8SHa5uxBljzStPP34moPnGq855ZkcvPZ0aA,euw1,europe
aT5UvpBQ8ey496MQwKaatGzjUxs_LNlYub75xjjv3IroCFbASj8gFBwOz44Sho3S7PNLAmuYXZmGvw,euw1,europe
WOr-mnitO2vGxDGeaGfp9G7jv-u2XH-l8c8xMMHrgHtziji19ljyumg2AhnRZs5EvxKth-GBju8XgQ,na1,americas
IlBzIlT-IVLxn1CjFIdgT58zAFexcuh980lftPjC8XLKo7-x7XWt_E25Dk05rzuPZhQT14PM38OhmA,euw1,europe
eWuqX2LX1n9EfTPliC57Kq9oFFfewrn6HJ2o-NTNE7GgW_nUt0YuZ0dJYfkK77l0yZSwekF-t-oF1g,euw1,europe
jfPdwkEG0V88Axu5DMudAAu9-_PXntuavGc1Z-Jqvq2plyf7Ds_DChmF5boXlz5pWewxwYoXvmgPuQ,kr,asia
-BrbaeYOORcZa1W5hYzfI2SgwUzK0ghRFAYkfwdjgm9-7P90KHkTV1PIdS9PaBE9DdmCIk_CRgfobA,euw1,europe
GJF8xTd42nAyoLhlBQ9QsLEBKnqmXkxelaOAxfj4jn_K5i5F_5qX5P8UOfnBX1WqQZQDO4bYuFR0Vw,kr,asia
0gyXdCHTKd02F8hGfuCSBIGRqLpS8k6lLWgd0Cw4VYf4RT35g6h4kco2Y9G3Fttlm4VIokfGQfRKlA,vn2,sea
j37otTzePmJZHBGMkBK933Eu-Rp2HtAxJKH-nu2wohn4rAJjRwISylBRzBcy8NH3nAra8LMPP_A1og,na1,americas
ey7h1_TBMXaHNraOoLmVtOWYLv7atu4iYLdWfiipIZRQfNmlnnuMh3YQrN-DwFtiG75QbiEX2vbHKg,na1,americas
aj090LAEWYpY-GHuo-n-lS4mBRVHALboX_gSsvLvkb4LLuB9MNd2FZyx-f_LdBwll-INys6qtCtybQ,euw1,europe
C9k3_-mPfHzqeUU6DODrhlePagSn7h3a6b-XBpdfwkz0o-GOd-4hpjdD88VwYModxMJ6J70Nj_CS4Q,euw1,europe
GFeTUoFxw8Y8EXFeUmo-nDYGa__lQxfELNgOBCuSJBeWKQR1ikxFMA2iJs81yvqIeVo0tuwfsYU8-A,vn2,sea
LMZcjrQJODZRwUP-pWThoCyEz3CKgLW9_bHUkTe-t0kAbRgjrgVHpe5bk2aO0yr3bxS4xnB57FbW0Q,na1,americas
E5j-z36JGlH1fvlFpfIYLpuT7Kcs0s2DnPH2BJqNpsYnyAWVDISmNEZr6akOTTye09HviRzMQp76Kg,na1,americas
C8pN4D__nsxtBRCBUxyJ2bsQ57yuy3y34rzBzBorXAmEo_YNJFs_JtsNf6jrPXXM_wjpfplzFAhO3A,vn2,sea
HI_gNSNh2qHkerhnlm_qCZYK48Ike8hud3u7N8WY3zECJKIHZ3awIxpDj3QirHT8s5UO2MMqfenohQ,vn2,sea
4Xp4fOHnWQp-cjyJGABMN-LiTXk4-WOelwhuQ8vqb19yZupkBAsE1FNDJGMbm8clglHzvxSH1BljAQ,kr,asia
UHoSrc3b7GHSsDvG0VYM5Q2pyTIqn60gkKL9TTB_Y3yG0RdLJTqkGWmlLpuywDos-OCdOFHnyToAxw,euw1,europe
BS4u_GznNRaru_bTWydgllZKsycNjThq-mlePDE-TCAerRRFbYGaFre9WIYuX_oH2nAko6Du_Bn9ow,vn2,sea
4hrchy_cnRqXp1nSL1fvLZC6LeCFhk7IPCP4QfHaQjkPAqk0R995ZfxQHKEg_SLKxkuDzQ637v3_oA,euw1,europe
zZOuRH8wBcTr6LYNXsAH6jWEhW9AkIh6wt2M-s8Q6D5ZGHfhkHRenLimxcsE1bEmUL7HSn-ffw6RSw,euw1,europe
fVmQIhYJKnSF9eZqjzO6RnImHnbzNEx7dUKs700UnmFRYT9lczRGOSu5_4-TPnZ2e8OpA32OqHdtNQ,na1,americas
vevZU2f7ScDcl2adPnONzHH_QCMla45I49fUp__Ujxp6TOkcG69SiKLD4pYc1nNHf43_vLENlwbLxw,euw1,europe
uvWHiu0O5bQAj1U_RrSSU1WNAq5JWjLMSXCQXIdUPCvpZ_vP-CR_6gcDRl7ue85YperS1-VnBSY2uw,euw1,europe
gqOet7joZbhSYRccToxzlq9DKeTxRAS-AZxyh-jy06hndnB_KOU3U-hQy83zP4DZpLmn1xzZhcfR-w,vn2,sea
ipsUOQEmL2mtSLZ4rPSS4E3jGwQkPx3ieH3cZBa7kpX9VQaj6mEOTkJceJXNX6S3An64UykLt-ylFQ,na1,americas
_wCFCDAfQ0RUNY2IGzp0Fuqlm6Snm9r1F_rXImcwe6rfgjCORgtANPcHn3Z7S_EwfjigZiNjqZnLkQ,vn2,sea
NQYAS74w5HGzPRhXI0Iup7rlrGnOfScoPKlo4noiW7WQC3PIpvdyNyH38E9S2H-VZXwwoGluM2Vutg,euw1,europe
9_Nzf_sHyS8ss9PT6wPq3_gf66xCpiWmZSqt2z0g6U-ljmH7lQ6olhqjvXnkJ6OhdIt9dZnmnSyY8Q,na1,americas
fmRhUGP9HUumDglUXJVkywSvO_2dk7MdOsbuq6qVd4nSJmnF_Aib_Y3of5mc8TswZslrBH4ATe5zfQ,na1,americas
MUzHILP_IuNzagiYmWI4PVu0V6Gr7stFRQkUk6xAF9KevhATxe2v7ryDDVyKMep-BMNiSSiwjsowuw,euw1,europe
c39U8AtiJ-Tu5Y9pGYvjc23Rj3jZ-cvAhPPrm6Jw-Cxec3AUGQqSqXLRv0agm4LPLOgfPJBXEkumpA,euw1,europe
HbZgS8Y_jSQ5vQJAH_d1DlYWOHa1JLqGtWaA5C4UNQVueke8QkcWqdgAExeF3r6xKRwGYZJymSKOnA,kr,asia
jRNkyRVyiOY6pWn0OVVyjArAhqEOq-9rsMPg51yfHK-0CnUErWWCSKvtQSssI1TnMMTbBr2qTuuCVg,vn2,sea
-5zVO6iG_vLlqHaz9vkD_J82Q0LliKfH-y28mt-rK44wymXoaX2xRChQ8xLB-nTzvyJiNF-bGgQYcA,na1,americas
jU1Lx7GnZzZLyYYmt90Tmhj9MKgY4JD47p71KcYTJ9e-42UnCAawQ465hovloqWHy1LOOwq-lApxJQ,na1,americas
MLzek2wejUEYRcQM04QC7GHo4v137R-Z04NOApQpBXuyGmRgNVj51dfxu0EaTQN_2rAbhpQzTn7qBw,vn2,sea
Wb5DVbezNFg15GxPJzex3sYjyKt8R0LWLgCCp_R5h9mP2vw37gBsu6ZqhgAgu2L91OhQTGo6wCv66w,vn2,sea
v_xhn_jL2nglxdGuLjiCwpTpIanpcT2USP8iRyG0CgnLVoYa1pcqPMzOvvMo1hx0owIc9FNXSRejxg,vn2,sea
KwvZQnZlOuqNz9Uc_ebf2RjpEJSv8UUC_p9aUu2nJqMCxKqpxYGrEE8jYDFvKIVFOgwgOeDdSYWHYQ,vn2,sea
-yQ5KeURhyRii9wUlejID3bIoZFUSeIZHHDr8kcTyQmxIw0irsx6f81R2UxSBcFLJ27GIIaJaizS0A,vn2,sea
xJWnUkyO4DFg3wqQxUAbcYE2P3jcWAAJiEzUV1RRUBHYGv4DQ0Xxykdxjd5AU1nAHhYWKzVahuX76g,vn2,sea
wTaBzL9dc9nEOU80SRV5VUoU3pfajr5a0HdeDcpeUqiUt-_eJhs1xgih_3873yMBBK-J5dYRe9L4wg,na1,americas
xdV7UYPU_ZusrnlAONVmMMahW9JbTXZk6mD1tQFnDUX8_4dsQWpuNmbtKjss-zyzFg5nXanPa8NEug,kr,asia
3UbM1vMATqSMYSB1Nabk0HmObP0r6ls3BOvzVonXlzcjpX6rRkB1MmieEFo3kdpuJ3EoGHflhlo68Q,na1,americas
hVE5xUj9E-wnFMu0HlZNIBfk6xQRLHOQmO96okmAvQ_mMcxL0jmI72mKjKt-WyS2uUjoyLbcj8c5JA,na1,americas
sX5H66-LWegtJHlG3BZMZYonIfYGc2NcsqGHTwAoA7yNE25HKvXjJMd52q1Ud6h8c9A0or9wD1tAjQ,vn2,sea
iXo0eORSglxwCng5suZUFrZsaNiVIxSDEY0vGOcy379E1HusRHQXkuPn21G37LJeiCeAaXXwbl60Cw,kr,asia
hM6_HI0Cd9JsCjiOdGlCfiAT2JrgikdHRmxAtumm42SZjy4bmBRwyD2ZxT-EAlWy__PDQadK6-TqrQ,vn2,sea
rSA-qZBZLqDHpiSI9csXlJxKpb_OX9-DR4EEpuDS3OGk8SrbjrhwizcpudeBV6x2Z8Z761N3ITj9pQ,kr,asia
p0mW_pCzBTsz5SrgszpiR5lqzjvDWgLIZfEVZo3HCEOI1bSnTqJKe5bfpMVsqJwxnzSoMnVtnwtbDw,na1,americas
VhulqtoKYjLbeMZpm_xKuLdBUqkn3KJv0Y-0ILk5_yEnorO-hkXRGRec0hJRj-iK5zm5qhu_AKnrBw,euw1,europe
Mm0JqtAU19nrNkZwpSuqtD8oSTqZsTiUd5vbk_xnV3JosYHwbBX0pxvRWccNrTzlYt8DfWpF6opDaA,vn2,sea
VQ_RPoo_l5AYpUUL9V5CHxiLEhNS81s7hV0N80stlnvfYZzkYM-rfJ2nZxwS2JuuEPE2XX_7KiG2EA,na1,americas
Tsq13slmm1y-trVVzAwyDihpt0wf-EmVVaV8pgiypqL3BTCLEIt8bonGC1hbtQIdxb7DDv6ytJfiPg,vn2,sea
CkdyAleSmOEbcZwNgKHLK2Q-N9FLGAfXD6KOBxtmLmXSeh7mTszSKaiL8iX2i2f7f-Y92i-ogLMPWg,vn2,sea
15hzbvcHeZZM7i5AyXeZGMTdWrpD4DOtmX3qdya5G0SiNLTP3wQrSya0oEBGKpO5vsuF7r6Zs2b_ig,na1,americas
DL1nfmiCi7E4G4dsmnotW99PMy5wW3xJFHNJYAAWMGPc1GhGj0VjB2SggBqRBe-Jb9qN8mCCw_Cemg,na1,americas
lKrmUfK5Bqz4hXgWjfTNyVk8knFEJlnq95udQ000U8owlcow69HoCm_3LoQvaRcnqstWABQH2FwZIw,na1,americas
6NiHFQCH6-9g8wDk1fTMhNaXtkxi77WY9Brp6h_Kai8rrdUhi__CENFJkuQHmpuwZaDEz_RoY72yCA,euw1,europe
4ICpncbtwjrxUOSrPBILg7jzS_KgUVPoklPQSWvwD_a52VK380gHdwFFLZ6plvnKwBUKPaW01ZxRLg,na1,americas
5ZVkjIpp7Tzyflg2h4iKbWfc-nxe0EjzgmOb_7VZDvCf5NtSWIwh8NvFxYWIVGQLWu5G0w4VuCK6nw,na1,americas
Yd4-CSrqchloRDVlGfKVpb56BERGY62ao1FjA-jtx7Y8NKY4j3SUkGcb3AutGhUUi1pu5ETOEctemw,kr,asia
PjOY2VHLp2jsNmzXBMoxmJ--cEZ52Rq9J0OLIVzqpZZfb7Cs7kgQYoOCt0zdYIb4D1t-20kFrvkKIA,euw1,europe
M2THvMFzmxv-bbPmoQcC8JkEiCIV4yCeAqIvDVVeY5vo0dajLIzwmG5lEcds54T9oGt0ghbA2Fsclw,euw1,europe
d04jkK0TM7z9Z7D4pCzM3PZDELuJsBvqDemkP9NXZzEO01uILrJT9Cx3_3dTv0Uxm4mQXcjpiYUZvA,euw1,europe
4ojjoRT6G0WlAGFYdA5UOYq4QPcA87VuGxVAjqdrabMpPzu2fVRAS_tcW-8b0IAo6tqErLpVo2nlzA,vn2,sea
GeWn5vKfv5LMtDrIaMRYI8tUVNXFQ5B3holyRnXxAdEen8k1PgH_ytpOh1iO9zZlQkieHhfIL96xXA,kr,asia
AS0rCztj9TiiMoe36zX_uPLLPEZBAgOvSrcwCgcKAebnn7SChMfLfWF_t5Z0YlCkc-oCSHSf_o5jtg,vn2,sea
uOYrnphxZoBgsodMkOAtD3jhUPAOZYfWb-ZekLSXXlEAnI0sM76S2NswA3V47oPj9riqVbs0-q2aZQ,vn2,sea
LSD8fDW-SI74M_P1rbnlCV5MosL8hi6Cq-_iclsjarC30bZlcCLZOiyYDidSXTEC3KqccTB8GZBJMg,vn2,sea
lRZlSrCaqwGJrW9EcLHw0bCE5QJMxRjncTuNgin710xL1GSdD6o30nbwcw8gerlPgh-40PGzs_K_Uw,kr,asia
L0OGQE3XchyGB1fdeF_LS9wqaos5TQ1yeWqbsoyk3_YAOfVpARXt3w_9y-C0xwYbIszVOIeTfF24ig,na1,americas
AG5nhf9xpH4iKXrqezTVs371Nr3rYn2QPxwUObinemYTLR3qU00ykk51Hbga2ohtEJ1HvNfMI0RoPA,euw1,europe
kVK9xd7T-P7XEZSSDs0RrHQ_XE8vfEX_0VC52RCMgcAKG_zOC25185ThiYweQIZpEfOxxjI8otIi1w,vn2,sea
Wn2e3zgELEdCD-CE-CbzfjAnCiigry2NKF7mJsfLTKF4DS0Jq7dEpUdgXj2W2QiZU4vJ01ShQBtQLw,vn2,sea
1uiwYwyNxxEWva_jsd6LS9ea2hodtMYBXenbqBUmFqgNCYVcJWMWqLK8AgGeDvqVa7g2MEutve6vlg,na1,americas
SXr8sakaguqPu_HMcm2hvQHUIk53FFlTbY8aQx0P1lMJKaczKXLIFaHLqro-a2jRZEmvAZZFpPIh2g,kr,asia
MFY1MvDvVjl3bZHHZGPc4anrUoj1F6y5VbQNtVVSldBFmppIWjmjogPkICZON6987GTolEJM6F6O1g,vn2,sea
bT9zbhkx-E3qbxC7CCgOhegQscDflAx-x9hj5xKp5FOJK6qft0tlwDvsmnNEgBjHI85475rjnDQqbw,vn2,sea
TbigdR5MKfcoacWAHNHgZKy_LISNLIvCkAXYkGBcB7GqN4RZmeFxniBkTZTb_L5w1zMpRWrkp6xYWQ,kr,asia
hD40ruFTqik7IyErL-N6W3tP6FiW6bQXsWxcjC9G0Q6mUUQpTGK1331qHxDjMZ7I-_sizvTMzxVMGQ,kr,asia
OLH3-5OsZSEJ1NrWF74ldn2dSt1rtwuQlNpWMGZCEFQqZLh9-51CBSLlFSM0u1F5aP6sA3BATrwjuw,kr,asia
Coit1OMWjARCb8LhQjHC_rEBOqnXBdz7w85bVGBjQ_wnfhfafFGpTyhvV8wogkFCMiLdLbR28WF8XA,na1,americas
YJS5g3om1bvTfW38U5Q4pgRBgw79MwBdYuK14XQBn65Vt0mF4L6a4052bonfEvoBrnToePzQhu3GoQ,na1,americas
_WNLPQjGKMHlHWm47oU9RDcJGTNM--_Xq6IVetLmR9hmhH0FvS6kcIUNvTFHCRabyszAE4GLZHUEoQ,euw1,europe
Gg_e_OuH-2WnKtNm1wTSP-hBcRu718HZALoZTX6w2rL1wZ32VezHtCqkBwjCRmGnEwadf1bgGSWkYw,euw1,europe
UQHneg_ACcZfl7epQunc5XOmmYBbON6ajBOh0PIbAEzqa4RGij40P0diTBhlr0_ZLB__ZVxqmaTxEw,kr,asia
jLpMINyUTaM-wct9K5wC2s89BSrPoj_07GAfEzjrowtJIetWUsuyWyUVLIFPougy8N3pwdHPRFW05A,euw1,europe
BESPGBkaaDyM8TuR5UKnylD_VfGp5kkqU96ng-X0GzuYrLgrb_WbYxb8UGp_dXdE1CBWo8PZ4kTiTw,euw1,europe
nVGQzVuabmINDtjncX3C3tKU0KpWGgpqUC_eLI82S8I0u79Bx8dsWXnS-0Bt_pHVN_NdBkle_2ZbWg,kr,asia
4axaT7i-fD_nHlm5oNxfu2fnZu3ikaLWqBpdUiO9HbXKFNpl_mHyONbX65cyeGzss8Z9dey8NbbfvQ,na1,americas
0Qyc_0nS4-LyTxdzPSxm-xh1WScHxa2S2xJ1WXHfD8gn8iXl1rKO7kGcGSCgrLtg8AORBSX7ERZ0UA,vn2,sea
25mM4QgF_0NEh_Il9vaUQmqwY02jR7KGqxDGPHszdXHNhQKDNL9MGYQoCf9GoIo4N108Dv5BWZ5KgQ,na1,americas
Gj71su2T4OLTFCEfJfPSxuR_e_RFNCdmJeldGmwg8x71hJvFK-4RMGd_4G82BetpdnZoKboPSKTd1g,kr,asia
Q838NJnEkZJdgNZ1QoKTbZtrBiI-EXxs2Iyk41E_b2eSgeZqrObBqBF69a4-AwVj1Jxasw3Ur7oEbA,na1,americas
-A3a_MOjNB49tvC1vXqkwCOylXnle8l-HHODUCxJGJi5op5O5W-0UfNsCpMliPihaqhKXMvHXr2TVA,euw1,europe
sL3zWxNe-i_eP-Yt4Xt5dtGlfpHqb5rPNWSEtRxGPR5pqDPiKqK1KCJ2FpPeFXCPIEJ1YseQwZZ5PQ,kr,asia
USz0vIMr8O8pTNSTwSXiYEPEx-VNVDVUNGj-jX_7cnY2yYK3FJBcyTQgEnTzkrE7A99-DYJ6A0_X_g,na1,americas
zmHgFkIM-DOZEdp25Mw4Kp7PZhYd2uPD5MdaersrsRtwu0VQTYSoYdwuRXTSdK3ax61uQDFXlBV6Vg,euw1,europe
BGTCKTTMVYw5gIH_iMgNPr2E_xnQzolzB7n9HWDnsp93mQAcuShFAcnYkpG3E6zGKxMSsOy1ISqI4g,vn2,sea
Jp-Bpum_UarTggIMkdEF0du5irDWOHY1x5fEzSZ43Hx4bpGaT8W1tnxmD5IisJCzmkFG7LPgUHKnpQ,kr,asia
giacO00DLNipANaQTdFgfLRnm1L8BLHsVbPj800wmAFt9-cfJ14uUCX75cga65L-x2hxvWL8ft-OvQ,euw1,europe
gmoDZpAWiCeY9aZGHenSPhQBuL4lIRWsVf6Y1NRYwYelvpnVe1Tp1YJGWuTBHvkiAJ1TcV0IGMhI9A,vn2,sea
RT5WrDM-1Jbf-rIwXsQF36aFaLZacDlE3vvxUDI3uRCORFFPoipxk8gZhzOpRbHrA4eja7iNgUIoKg,vn2,sea
tzbdUteDGJ1ybFf6wpqJQ65kKjs3JMhAj5Ev5Zdorvvx8yCyJXxZY9UQj7SoWymEyDaC_t8lmjJNyg,kr,asia
HJayFdJR4V1WM5X_R6dNJtoR65LBB0axI4yU5sTfqda7wqO_022PLZxv9ygsDI4pFFgoWH_L0SRdKw,vn2,sea
vYrUd98dizNSbbrCzYUbyXlNaXzlhcSVys1t7kENqZY9nhITR2O4hs9EQF8J8fISxrjToMBA9WuNEg,vn2,sea
x0RFCuixsSnTBCf54UgGyr9NEBkMvXvxu92pZXZtplDgg-ZUSpjQF7fPVEbTFC_8JvFS5UqXeMWOiQ,euw1,europe
eS9wPml61_MqBjajT4oKfyO_4bF704tR_I4ED5gtGUWCRLB9r9CSLsfnqatSTgGwgDLMNnSoW21Cig,vn2,sea
R7uuxS1PuuJEPK9XxuZ2HTZUQz3ej3lSEWAaFdv1eVi6e1v6g7OM0_riawgESYgqCdFmvswW0GTZFQ,vn2,sea
Clj92miIq4y9WouJ50-30ohUB7USQPBtDtE0eSU98_bT_XM0dFv1icDaq52TJWAglJIuU1xGXTfx2Q,vn2,sea
BIHqK-ylKhUqP10oVxNLe5pCuoSoz-sur22VFz3Vm6h_2bs4QaiP6QhC0fwSfsVUDNjQKjz25_sxgQ,euw1,europe
fBaJ668FaYKgybih7aZydCBWLO5O3I_0GKex9HtBjjY9drnGOjk9RqKRmVl48zPgV4rRL_sMOcAUgQ,euw1,europe
5DHDcbOmqjJKTs4cYOHLmU55lZQb_6Y0vw0hvi3N2dGKBvsPqOJcB3O_VtEcJm6H3Zc84WjDEb6WlQ,vn2,sea
uFqzcOBF0FI6X-Tdf864ttdRD7rTsPukUSD5nzWHOjaJWeh4-xLtdQqzGGljuzYu_ZOdbIQT_geN9Q,euw1,europe
n1NDZ2066hmzX7uHaFeaZQSxiC42ZuPn1f81X6pVBU3c8Rij0zWQaYbN5j9DSQEss26aa4JIjPRnQA,na1,americas
yD8FNdPbmxp4-XbHKjQPw6cy0iwTTcQy0CHIRbtlVqlmdOFtETmmy6F4ykxHlyyQDmDAd3Jwt5HoSw,vn2,sea
V9eG0itrGoKQeBHKzwdQurOv4rk3e_VX3ha6YJaMhZil9QUV4dNQFMj0H48kK3EmRCNPYNjWjItkxA,kr,asia
5EXVdyPFzvLXV7OtfocUzk54QBRs0-0HCdyGs3VBnfJTf2pkq9GLW3clv9XJhBNeoVuiZqApSfPUdg,na1,americas
omWx8TY5vL7eL9dngLE3ceoREqHkfqA4OKI8uMzBuTJM4S5YweRZq3AxALA7TtQ2SFSICXM89iEnQQ,euw1,europe
3s-Q1bZ4ZoqTenRd40PUkPEVnIZJkTO6H8wVOK5h_sJZWzQnSNiRWtbfki6Ni7AbFo0eV2bKbB4WFA,euw1,europe
iy4DKwnwCWHr6TpI4iD9_kMrT0x9i5MJSEQDHaulStEqzfDR8qsIdLmcqww3wu4IUYr6sOnLgtHH9g,euw1,europe
n1r5eg0YM93yLWNM7fsEEcjVeySbVCQZEL0-ejXfPq_OBL1NHZhsfm95AaS1X0CPHzOZgV4u0BgTIw,vn2,sea
NiXOUgAe8vAM8pTxnk2v0yrI1VFRvRWqxuCxY0-yKhzaG6Qdy8OmDZz3xDH1wNK-kJOAFwd16oBqOA,vn2,sea
bRTh3eaJbfGfecLw6Rr5zHYRDW7rLVQysu8UYCqwj0n2hjXizJ--6wnMBQw4atuX8YOuS1AeiC-zeQ,euw1,europe
JSjb9OoFsdtPidH31YNoT6o2ICbtUMVfW-1O7TSVZjqv3tKmxDf-H-iJmb9fxwdhPR6kDYIH9udtXw,kr,asia
oJ4ZsKjHVGSaVzUnlIlAnAlVKzQzSNknuglkvgxdltQKyI5g4_7FKr8zMlBulPU1fYkG4Bkqq6IwdQ,na1,americas
ksGVHeCq5RJwHANoEOwscgN1_NCQFk7fhnKQ-GTrbXpTGc9oeS20jex9nYhUH2PLsW7sTMDcroQNCg,na1,americas
4iQnxaepKltpY0F_0zuLgtZOfTBsoHC_SaNXbrAwi-jat34L634pl3UVwjnsClQkzkCCkLbtEQMyTQ,na1,americas
8iJTyNs6sTeuski1TTgjj-CkxTdqwMtZUAMw1ay-9G6dV1rOPGFHxHZrn4ScfGDygekCX4Ht9PIBxg,vn2,sea
8sw4IvCBj2y7lx7nswXjmqi90U-GkhEEheEZCvh-GREr8zT2yV6SJ8VjzQLG1jwMse-S7BtPmLHLFg,vn2,sea
X4B-mVrrQOjf69BA_V_ha4306hUTLT4qU7lMLxtYQ5yxQ4ooxlODrF_PrPGrL0c5I6XrwbzgejFU5w,euw1,europe
8eiObFG6Fa6oodshltIvnH8RMvdNhU7RSgzSaIYGTFmy6z6pmsHf8p_i1Yf0nNghvdEqi_TRjxlwqA,kr,asia
g8rdklaNGIyv0iYmI6XWTcMf_s7DJ0abWmps_6wyTh9ZjMRIl_eKWcbMo9xHDKUhE2JhF4gB6rVnSA,vn2,sea
oplVdSV4ote9y2gEtuY3DU4Aeqvj9c8tglF66xubBSOdOkExTdEVafHg3a26k20qwT53fp8IZN-hFQ,vn2,sea
gPblTlrY72QEzQsG_iRYrxHK6gUa_Bbe32qnNEmxQV1VJxxPlWDrtUALZZBc6IoXmPwROiA5aDgAaQ,euw1,europe
tcME41lxvEW9-k26JfyTvJoD5aDBtYzCTne47IAwKToJRvhn4UwzfbhY0qDo4h-CHDqCQnCrNx_B3Q,kr,asia
7jtJ9Z4huYIsucrmrOfMl1mRangbchudCOVJNwn7W7A_i-54h4X2FKovf-bnqhA9Jc6jsGjM1hz5uw,kr,asia
W6IHxksHIDtBs_3HxPeaNJ1ZsW71au-QpDzP84hH5LrTcZnpZEb7wCbF55z8rJ5i_ZRYjUqSZ1EDvw,vn2,sea
b5M6dC54cuCPyj0Kt1MBnqeDTfNWgbQQBbAtiwuFvAKfs063xfx1MNOd4owPsHTTnjMKRAGrzcCVqA,vn2,sea
AFDoMFEvHgbC-E5igBEcW1yggLcE5KLk4QrUmuGXd7VjwDgWaLQPbD0bkMnJIFiN4CeFFGMh7k7Dgg,na1,americas
m_-TTupq_od8QEaNrcZN_vLVU7ZdbG32Y5E7RsWMuF2ZVeshsQE3MlskPLU8KZMPR-OnUdMyxbzlWA,euw1,europe
Px39CUorPWIeBLw1GV_4T_bRJrhXOjtGSkQKsa8NnOIvcqFeClTfE7bkpDn8wsSWHw0lAkobuYXHxw,na1,americas
4OVOKH-Bzmiad2xXuBnR8eOrmhm1DeAat0WpTJgfY7AdgQzlsie5wCQkN0lpdHBbLndxK1564qaHyA,euw1,europe
7JQ8hfS7c9bvC5Tb7fskDFn4Xl0P5K0C-GEKuixRIgRS19Mhhkr-FNgw7eo-SP5MQRpgojBjb4ciPA,vn2,sea
OWyYW_zZr75J_uKEJybNZDI3cToLaL_uxG-YlTSsJUPirEpVLDBPgNulfW7ZRcNWPx4G7hhGhaxRJA,kr,asia
C4anpMQ3i25dCW13_vRzCvh8ZIkRx88Pe7LfPezRDfqlGd9reizvQcolZluGg1-4w7RPOdivAtAHoQ,na1,americas
SIouEyvAfJarFMDHos1nqATp8LrDhSv2M0D-RJpzE7oXiQEclwPIWXp98vIuKlth_ySu3Mno01jkPw,na1,americas
w9_7ZVNlYuFPqrkAPFz4PYwZSTlRvA7cMrOPtNrBGJoUGtYzzwSGOd1ThCBqXZ4g7m-WMbV87HZuZw,na1,americas
1CCCWM_EZBu-JiBYfRRUI6A9ZteHboY8ICoBsDtghQgrgBsW8vrukrzTuF6Szjt9qHcgAll-Ey6XBw,kr,asia
vnxKwm_4Mxjb9EeVMdHCLZIEE-AGh-RSfE0p8WtTxCsM-JEkNsRJA8Aqy9gXcK_0fXpgQPrgVkNSHg,euw1,europe
vikWA6U0Bhm6GBSVXWRRDABUVGhi0yZQR0MkAefD3xHu4FA6c49qWpj5smWLvrBkldDEl6V80uFPWg,kr,asia
RHNq3NqYzR5tPI0J4U_GkIZJXr-wKb8BEg31cLmnWG5sFGo1aQW7dUgwf9N_2LY43GiNz6xxzbqMXA,na1,americas
VJ2Ye8VSOGCuYBqhvk6CvBa_eIf3KqWPhWxurezUDWnL76HiKPYMjsRUn6D1tPJXqxgjLuaBJkmvyg,vn2,sea
cjwvyuTf7EarjIp3UBHwhGf5cbXAfy4Fz1WOJuvafemGBBw4gv6ctVi5zEIbdGmCbs_YNTC6iNB2vA,kr,asia
AkFMtuYD4NbUY83CjQxi4iHQjamTeZkw4uoGOxNzY3VgrSi2O_f4X6FEQh4pH5WlWpiJtPdi4yYsGA,euw1,europe
w-i0lgnvu1F37Udp2fbX6IaQxwqDaHphgxRSiSVjtlz_uJyDeumB-6E1A8eGOhLgUs_4jDqrp2KjLA,euw1,europe
EJS0vFmpslGC-5Pr4E2MjS5ooAy__0oNVd_v2kg9UpTfUmIC09Lw8be93qSQFY96Cw9ZofHdu1mZyw,na1,americas
SdO-iyc0rbhcBMYD45ReHe0xLOgJ-t4T9AQy0JvClz8vvag_-UuB6RkYGgoT1i1StmrlBcqXd-2Lqw,kr,asia
xXqwanRMvAsNQFmDBVdwH3yt_X-T8CFfBEbYqLTqOIuuGjkZvybMY40cbLQI-q9L_Y7ZV9oCJhGwZg,na1,americas
uxtmg4YoytR2Q2tnLJ2hw-PSR5oIEpq4y7NynJjGD0ZjdjX7VBU1D2tJPs2IiWOH1QWikmxgXRJE2w,na1,americas
BMN6v1sL_Zzbb1mjuyi6cIZr4h-7fv3g2P40w70PGl0Jejv7Nu6kBzJnwXvYVBLLHNVj82qmnzMt9Q,euw1,europe
_qY2dx8NY2EzQ4AltXT9pawWUWcSFhlZgE5IyBqXn6odZCnqxfyXap3wlHJe6OQaChPT9WyOzLl-Dw,vn2,sea
ZnmsLWJh5w7sG4GTXTJcEleUfJ0M0DcJwq7gMCAAW0WQ8_3DCyIU7VX0gqJ2kAB05fQAwcIy3gCm-w,euw1,europe
sWGHauNsyUYuoKxERNrWoZykrg-nv2XgnLj6D4C5BNwPEd8pjf2q3i5pig-mx2c7X7OMG5zA-WQdWA,kr,asia
0-B9E7ZJ_3eq_rTAyWvb3j9mMIX0sERESbJKCHsRclwMm_T63z10KrBycHx9vVqCCGRhycKH2IucRw,na1,americas
oyUefBleHRwH1j8dD17_abpljlfsZxd4JJ4DeoVD-Dyl06gRdMPYc8Xjr-nk8uOh53-oIc0YlvFz4A,euw1,europe
yDWhuGqONdoF1WrIyx7KBt6f2SFXCX8_mLN9bsktjKfTlANOahaw6ycsFcExclvqu_Q48GQoQKJzcQ,na1,americas
llqNKXy-l9eGsDVYb1FVi8eeksHzzdV5A2lOqxJILxfpjpRIwhaT1a1UkUlMaxvwmcWTTDrGI2TLJA,na1,americas
Kqq_b4K6XaLJrIQOOnycFUaVoUDjPXSGaWHiwf_HbPABU6P9_AXWviN0ZN4A-tBggmzcsVorcI1OmA,vn2,sea
FBA-wgcWoowYwvLdjvU6NVjuRmR6DzSxV5HDdsm2IyenWLvEflE7ZVvsFWfYnnsOLqY3-L4JISCGNQ,na1,americas
NyAXD0AqfzI2yIfvRtwmUnKM2HRt_n-e09Q-JMepsQO73bWalhSISqO4CaHnPieZYRjSZhbYay_0lg,kr,asia
5Ju-d73i5lU61xYlJ_YoaErOHa6U8GdzzNAWn0cW_ugjvzp65vhhyGdfbwWR09Ayuq3ffYVTiUudgA,na1,americas
DIEXyWPmwF1GzWM125TYnejb6l3IHbXIM8kQpLqnTAaWdF4EVo6xfDoF7bBnb0OO_VuNIl6EpqBaTA,euw1,europe
pIBkyavluJxmik-QDs5x49uPfVXIoP5RawhfPvrI3zXXQH7eHYeL7zg0q-jN0vJQ888ln7UCeBaxdg,vn2,sea
mP23Mn-xcMDtgQtn1YX6k6IkyE-A2npR2wngbrdllXRWH3t4jBiCfEdVUj-ogcGkqX0K5_t3Kk7OwQ,kr,asia
RAJnY6po5THmg2ISusJonFLe9HJZmTOWO8rRoI91ljVOp50-2TFcN8azd68lPzRGSjjixdvmlsD8Yg,na1,americas
QPfaj66uCZ2CXFQ3mVofWa8jtjRDHPKP-FI5fc2Ozo2rTBkBuXi6Qm_zORVAEQiVLoiAnfK9Djj9rA,euw1,europe
S5zF170iTn3UUHvcJzZwb0wbS1YkeTJF_a8r8vbKaORWb657tYAtBxg-413851hlPrG8ilZF33O3vw,euw1,europe
JmiNRbI4u1lqYjYAGidRDGNpZd09RaebB7ujobgR-iFsxUwNADYSEPJIMwY6GUjvSxAI9AWtEGGdGA,na1,americas
9pq12TZE9VGjwBuwIR6MRfTkGutuu-iKG6H2xLZyNAaXdKxApThxrbF8D4Y1ulsTNB0ZLQF4Rz5RCQ,euw1,europe
V-GPIP4ZqAAaFPR7I5W4X3RIl7E_K_uZ-nf0MwIFzFRDc8BDspOz_rAKIWk6D0GqBKhBshSSL6MZHw,vn2,sea
2UILI9u_ME9U987ti9x1ARDVrCfGYliN4N5Q3WSpguXzfMqvwtKEdDibz771ira47-u1pMEMRNDYRA,euw1,europe
DWI2yIpR5omZcz7-i82az-GXRqHnXPY8_l6BxMbG_JI32UJEe-DHDBx5sdSPRrBbCEfVOWw86jbiBg,vn2,sea
-Ys3xEbnJeK3WPrie38hsg0qWhFPzGeJeQJ6pagmGtlNzdSIS3SNW8HfXFAlkrdZ4Cp2SRz38wbO3A,vn2,sea
qfxzo2THlp2Fdvvvcy-pk04Ajz7NHnt7VI3n6iRkFV-Je7vfav85GwguGObyeKikQvte9NCEYc4WjQ,vn2,sea
KpOeTRIVwSvxFLvcb4eEvWcAqHGOFuXHsTahUNpUE94KbA_xap-g-Zu_GuWYpV9fneUzZPp8SfAucQ,euw1,europe
xK5K_ro_nNw1ZzeAFEyw1HexEvvU7FEuIu0_YNQbXhtHWHHpUFzqcHWTx332UPdxs-Ylgm0HIzpBtA,kr,asia
bj_Ci63y37ODnYrXbaRBjsDHAS2WEWvN9JTPMpFU__GbmrTUNXvEmTwhCf-FO2PbZ2Jl6s0_tH1UMg,vn2,sea
LM_q06tIGwoAUJ1BVmKRbzCmf0YkEZv312PXE69_ayuLjTJefX3vAPKaNLQ2Qu9ZAVtpSoZcBWskmQ,vn2,sea
j4AEwKR47JOFP3PkPQ2oOysdEtWvoRPBxVcFQzZUN7G7Gxhe0kYKEORMN5FAXwxLzIothUbl2D7LHQ,na1,americas
0MpsEEUxyWgL3FOjlnP5l1OOrso7An2JagoZ593wq66HFjMeBehkVMHi2q9Iapft4HVx-MidnF9wbQ,na1,americas
tOsHVc9OlzAEPsjBopUMytkegRIRfk47ui1EjePK0N95pPJap884E5dOLUuhoSM-xc6tGpSumkm8FA,na1,americas
lOTAeseU3URhjHeZAAoRmWIO-dxqdE6lZDN8e3d9pP97xp1ocMN8ZrDyycB6QJ1Trj6jUgNlEmFEHg,euw1,europe
nvhBL0hjnpays_LFk4KYYF9pnFA3poO-mLmQZnF65heu3NBW3IfkkZ_sq4vG9GlIRBwR6ZQFvknSEg,euw1,europe
xN49U1faj8oRpNPguN2PJQvWqLt3M0aJj0rfMLB6n-r_JIx_vbRBGcuneajyIRAK7n4VrY5PY19rxA,euw1,europe
EJif3akPmgIy4uQhKOt81nY5c02u07sjuUKuDFQEhGgBH1f7pnSNmxIYhFRdcYWpcUBeFBrv2rdF7g,kr,asia
BvgpzDum_5UY9OVJLusxRNCZgmgL8UDAIsSDo6wQTWnzRa339PcLdc3ZilhdszyNE-CGVV31ecQbUQ,kr,asia
oIABExzlnIg-GkKz0cwe0bHei9r4o8efO3jwACGahtybDlFfpeRehV6GBwmyefUbxBc0mUs3SToyBA,euw1,europe
Q2jjjzPlEBMHXyOfLgtMb97Nh3HcWktU9xAVhNJo_YssmVMU92Pv8KWS0QeaJE75aU4olycE7JPN8g,kr,asia
u-AY5cbudAPhvmHhTKGGJ5ZA6az-M3xFsnSTRU_VfjYR0pkHk6yIRlwlUlJof0Ue_U56xKmLMj-HOQ,na1,americas
7xIx49ogqq2DZ4mR-uIww5jniU52kD3j_J_itBIsVoJJ_F8nv_7gl4TFVEwnIN9-WkDaSXcG0aEmLg,kr,asia
SbG0MRfp3hT9Hh1Q_87GWRcgwouZ6afSQJNFCojLlOPvLHQK2uraW9k_NqalW2wizrb26jJctpUDsg,kr,asia
7fDD5iWNCRtti1WqyydmsFOnBxSjUu4AyNFKsSbtEEGb--d_BCQPA-OwEvqimsTWYPuf2hQ4b7kDVA,euw1,europe
8HJS06XQ6q4dKMro7WGNals9RyqC8AUwZdYkTodH4l8stiowB_zpzKGd0Y1mHHjjRn6sN6qZ7Pr-7w,euw1,europe
KZby2PTpRLaJFypCt4uxDBrvXxgOJCrqX0dL2Z4GO5LeT_Z2DDEhVdAl3IM2qMJxXJ1kk3Fb3_3Pvg,na1,americas
oGsZjzi6rOzbYHwZke-uAJJFuRjb9lUHw2fLYrI_B0ZE4gcNynoa6GYlRYq-7L8FcZQKt3bM3BF1Iw,na1,americas
w_Fm_2eKtrn3hEi1LxZBXPRhoWTnlaYlZSwu8AqZbVjW1WahkbsS5dOyOOGJeJpCDk0jcAmzEfLK7A,na1,americas
b0a5k_l11LKp_rjL3ZH9CrXFHdpCMUvPDIIvMUS4fqKuN_NORRrnw8pux1nWFBtD7Qxcn69ezUOdSQ,vn2,sea
M1DzeQjG_53MBDoXrjcxlNqraR_OBtlub7C3FuAqAi_HF07V_Dm55YGdKgBW3sierOAl5ABSlOZroA,kr,asia
hYHIkBE50vq-lN4R0Td1h5q_Z8bNZD-dyLLB9bS2AotQB0ZWZGEBr7RiADA6iWFqrsRf7ft6BNSI8Q,na1,americas
yPyqvkVo2WOD2e09dTHG6N_l2A1nUoSjeuws8FKioc4TrdL5MNW_VItyqSCcib_M-L5NVVjDwGwhyQ,vn2,sea
3lM_4LLelcgaHcvOlsC12vsvWHKFAG-YA0lylVIdRTR10NIm97Kq9z3dV53JCKnDoH_DpYrMOuaV5Q,kr,asia
4Veyo01NWoXvQ4l08Rp10OWSGFNe8_RbPdMJOXaVR9zVnE1uoFCrrQa8VQK89-OY8MRVH7IGyYXLjw,kr,asia
_wa8SCQMYijvQPSZ2QMykWNF5A62Us2rbRG3ua1p2ZObgqFzxkB5bV-GM7i8mI6lxcYf8GWqC64W5A,euw1,europe
06tTemX0XrYAmersJjBeGSY8d6OdDwbIxSvVQZ0KWME7WHfNdBYSa1pbEdrtq49IakqAVPrrdebi2Q,na1,americas
J6NESYsawCEg9FCUtaECqo2CgZDUD0jyPsRclrw3p0P_szKxBuOAhOEaJa6p-jsx_JzEp7TrPAwVjA,euw1,europe
JFQ_zOesPp8ihwzRqBZeBGop3qrl6VTsyT4KJpgAA9LkypijcKNtm3FR3kmMIZhC19kg4jFWjVwWeA,vn2,sea
r3jlMVMwlft5cKb39eH9lkgaDqNtcD8nTNqqgnCeOd4etojoZvVknsd4D6_oOBDHkvqS1Qy131zsVg,euw1,europe
DcqwYbTvwNpt98vQjdXVGSZ8Slu_zsCPS4aKAPc4nmoxEZR4-qK2WYdTZ0topc6S1ki_zmj31KWN-g,vn2,sea
Myz4EAv7tlbqmwqyDs5ZYH4iLUaLI75cjooDolJlGYOk5zIa01qAaJLeuYttmc0tpzmGhM6uHsDpqg,vn2,sea
pdkEPVfLwxNZ9ISZepAXjnLIZnpU3RbhnUYhHbvlHN30oZQzZxbDPKS-cj38I5dG6G4CI1v0zOz3fQ,kr,asia
V86pqFpXwU-QfvSM20hjRLyfu17J4OgEbh8Cfq8g-_-BRDNhpD10iCCvAj_ouaV5KxCrD5O75bg9hA,na1,americas
U_G1vx6O6tQLDKxvR8hJZaLREBfHYBhrn2i4w1U8aR4dRuIT5Tb4yhe5punIUMlBb2XfGFNZc97I3Q,kr,asia
8zwycTeG04wt2bNGY9sroyde7MDztRVc9ad-jG81z63rY01qfOfevKqo56-lOUaBoaCH2oBkBtTajg,na1,americas
ZgZJ1I35IK7Fo-kE9YHA-zndu5kO46f_YabHllnTSqbrjnqq0gOBpjQgUEHYTcKTm6mHn3JWO9dOgw,kr,asia
Q0IKet2xxio-1ElFKMvFVvWAliYl_42x-n8YPJK-12zZ15veWdoU2e-6CPfGQMsVAvuyydiVJ4EJFw,na1,americas
zxcttSlV0RFC_n9bg8VAdenkFNAvsN_ZnBDebVMbXziyrprq0p00H6SrcavTiViSZAj7BJ4ncEyaBg,euw1,europe
uMHTr6URwaP7OV_fHPngQNPjxw0oIjPWxHsjk2Ou0YLyoaOgpJB35wj01poE-7EUkFDuV9zs4rtC1A,na1,americas
BBlI58ntTJL1GEGtDdHVzdaLNHN0TnLgzINMFHVHiCt6UI04Vbm0_fAg83IQfvdY-zvec1NFV2gLKA,na1,americas
z03HVfOPW-26Yv0rLQSwHV7Xt7VPCcg57wj4rOzpmfzPo7iInXWhfedBQu40QPqmR2uGAFDz_Opo4Q,euw1,europe
bgpgFivkRKSmlJxQoaA-6SYL4tXHBZ3BvqRBIrh9JvuDedxqnC99cDmJEu9YyVw3fhfVciD0-xlWfg,kr,asia
w-vDp_9cJp8VKzkhvMTWAwFXMQPSCu0iXR1omXYIUmL15eoAVq5qxHfO6lV7J_EHzX4XKLS6HXfXyg,kr,asia
ED3w3lrJ9oqpkkRPtdrcxV7EZCQbvtIbFxSy4kgyUmpFtNBiUcLG2OLQUDlGsXvfIPrtsj5alIOZ5Q,na1,americas
uzc8A4EqxAV3pAQXQMcCslmlJYPcW85-IGCJQKG-Ru9F03hhRjf1nvByN5YWoSbHHaxdzYvxVBs8RQ,vn2,sea
EBjYWQ2vacCf8aUwV5wEILP4aD0Mdz7Za59yZuPdV7jvXGXVcCNaqUwwhC6dWxC1eots9tDvUPFZbg,na1,americas
GKRBLoVn9_njVDf32x-RBX91v8oWavO95z-RxoVP8DcYEbOCazW3mR2konn2yVbEb_SewUCaJogwCg,vn2,sea
MWCKQME9nddMwZMTM7rav0km9bi1UTBXyqFbd8MyAGVkfCwe0IJPkZ2EAEM4bUCRUXJQbNmrtVWj5w,kr,asia
hp8ZnwA-VnmndZhxACMVKGb3wtDFuI4kddDkZj7bMU-bjk2LdevoL7OX48g7P4MPA5Huu9lA12z-UQ,kr,asia
uhlUIbWtslTNzoRIgrZiQWjqd_efnJxnylb7bgyzDTIhytwXk04FgOjHZrThWVkuNL9yb4BdszjkjQ,vn2,sea
tJ4ewffqRnQoyJceeN6XYWOAxJcLAr01z1wVkucRAY82QX9NIc1UMCQqBz2fTJoFehNt78AA2l0eVQ,vn2,sea
Lwu6OkojyzuDUsT54LdDmsS7zbbiMqmFVnjUhkkUARu7enqGMGGMqLR5cx45-12AxDVoa_AKjDRryQ,kr,asia
upSBDIKgu4VJ_q5-Tm0V8C4YofgW4ll6MQh6D87XsQgX3h-FZ0GbnhH9ygxYJXbKwrPnsXOljg1EXg,euw1,europe
7_Lg8cWSSOS26pSF6UUFTQkcoGCR2R9RiMidRlUFkw2fwbNFiJNQ2iYv5J10FgSzCpRsSgLPmujnOQ,vn2,sea
bPEy6BZAMQmOQ8B57Cx5HIJtu1isQy0mbbyFZrI30erpWJ1eO9z-B0tR6LlyEEPIJQV9KaH4zWsE1A,kr,asia
34LmGkaISB9lKAGNUKN0j_bj22MPLLg7y4XoUU_UXDqo4juV9Eudnys3sMCEBpN4g9JxuXnFowkQjg,vn2,sea
DhLQW5YxnZY58eSRB2cC3Pq-gZHfLZhY7QaYYvZDHCtm9uR2JA_tK9IyXZUKktnExBriCehWW9R7tg,euw1,europe
Re-l9rqNb2ZnRR1FsmelR4rc-THl6uKxEfgRNDi9BvE6lF44R_LggJeJVW42ynL-g-39Mk3qKztxaQ,kr,asia
f8L1Oyeyw2yBwwi78w4ka3lilRZo_jpBkhGN87-mG7g70_JgfFgZzlY1ns2Wtpr4TxFrwiU_NKZJNQ,kr,asia
pi-_ueyKt-c6Mb3834BdutMJcMaGt72UmyxImrA6Hx-xRqG4K6uH4Y0WeyXBooR0YfbHRiwvlPrjgw,vn2,sea
YGc5QxXOGjkkob_sCySiv_B1FSmLn-V4NPf__W3oV_LlMLIHwG_tmzwqRd82luBFHnnd1ITUoD-TEA,vn2,sea
6JFl08tEaFjGkjCWZYQIoKuW9ksSBtuW6Qz8jcf-_epFOP7gyzjvuNguI3P44-ktsCtX26_vgl0PcQ,na1,americas
ge0oFS1c9DeZLp-zZ2bd7JunSK8UYBgza1OPyq0RE0F19JgL4nhvj_UcD-7-p4Ei_CJsQI2w8Yi-VQ,euw1,europe
nMzjwCzft_ofWNT9BD_GCB_CtINFi88m3Ss3a68tDAzjpeJiYk7v1_xmEQeeGPxlWX45J3BDTbqbJg,vn2,sea
3yOhQ3rm0eZzs4RCa4UF0m3MPFMX_MjecsrJ6D9nu-G0RSkc6d9wbbdxNww-5uJy18pqx7xcIewJzw,vn2,sea
BO1S2GZmLPHH_lhlvEFHAwToOeoXc0xyz4sNysqZTW8gi2CvAXQq3fGX_j72eP0gdUYr0c01s9shIw,na1,americas
T47YoeZUe8X4p_FLjUyYsPomFPCc1VJWAZps8Sw8xVqk3fKUtVutfDA0f8aulEuhPFFBvD55DkDEiQ,na1,americas
ybKvp2miFLtxJikYlkqVKF71bLK6rolxNvGaP59-fvEWDH6iAMbetabSePNwwRvkbDtQ-eV-HQ0Y8A,kr,asia
Uok_sl_MgWqfpR6-M10HZrdy2zOvFzw7ci_iK8hgtY-UM-Q4wnfet5Wn924Hx7lVqUQaG6UyDs2P3A,na1,americas
rPzQu9wnEJHkEz3b5IZ5b-RLGUCwqTqmvIzUK4lorzuPG6DGilrityeQdV16tVjgg6ZHGKekf-oN6w,kr,asia
3Kz1zxk0c3oWeyg1gIgjjnHdVZybkANDnwtrfyh7R9OV1-bgkGDrftgf7c6Y9dKpIKdfJ1l_wnf-rw,kr,asia
gHjn_thNIjzZz3o_IqPRPUIJdjg2yVPJfDdCqXRWSfmtZJmt3AP5gdVTFbeOGV1nx_gSFiGi7DDZzQ,euw1,europe
RRyklvWRSkpJuUr7Wjgz-5QZbHODc-5dSshMRpb81nQgasOJOvsfqJfYU2YHASc9NaRPIbqmqA1dSQ,na1,americas
asmUmth86Ud8cp6QbpehPn29SlVHM_lT9sn7_I49OtSFKazDmRF3J9G0ZSmeTMYZyDJ9dFvITfL_Ow,na1,americas
5SLq90dYR-kqqLqopneDWfsnJJD5IZiWbuCFiesUl9GdpqBkKYa4dLCCytnab8X-LsBe-kk-7HOEQA,vn2,sea
8ZvWfAAIiL0y65SOx0TS3v2vWf_O1y3CctDb7TtRqYD4YwdEprZIUVdPHxSJpA8uf_IZTvSBbw1w2A,vn2,sea
DrqU78dHYpws9s-bI9bVsHk0YlIUYRtKRHsKG3ISRSIYLphWSC7nda_z1dAVPDEAIR4GfWwNSiVEow,vn2,sea
YcqBFAi01xoLVfk5UNgRzgEnzrAaFGMWK5GyD3kdXlYeHjusMRAiX8-OopbzQwgZCYOGmNBhlUaqOw,kr,asia
2sxAF04C2hkrt4FfRfgiinp7JnS6O2p-lzuss84V3dgFQEM35qzmY0dxqGrYhFu8gRskLJgPK0Y6YQ,euw1,europe
nNueoS3Z0Ca2oPdgDyf0H-_t3rjYBVEN68XR4NcboluFOTckcK7yqtPKEzOO-BoyJbeQrnbbAOE26A,vn2,sea
Ve-bDYSjV2XXsTBTes5yu2kZPbQFRVOMZB8vDlOb9d5-fuierwBo3cyqb2_9fdpgtTcGv1Nm9xFEig,vn2,sea
RSuwnQE_zoK9NX_BuA1OvJCDM-2osbxOeNcTr6PMAdk42427EMaX-HKa4_sPVlIZjzLupCpKwPimdA,euw1,europe
TwfOzJqfYSwpLnQCQdofkhqg1FA7Q1PRJ98YP9K42f3WMhGqJ7mxW-GQ52L5dgCy9C05Km1Rejj3fg,kr,asia
0kMCPOxr22ZLCawdWyxtamxQ8P_D2CjWgf3-ajtuwRsofOtxcprJKC2Oe59wHJMvRZ6jOcJ6mn_Ufg,kr,asia
xuDmZq5p4eDo2ty3mhNFnvZOdkZ6NkC1ZqTjng0B9xrIZtNgZgg831HI55r_pkg-BtptsnFZcdF8xw,na1,americas
9TnkrMgfYoVvDOjjjX9u7CIwnNs0u7L9IGBRP82TuoXgGM8gGuzHOFxbTpqQ4KI25L794X3KddNmOQ,kr,asia
LEj8fCpoawPvn0Ym2yy-MXtBKWEhWnG8srDL1JMQxLimj-bBWLf8JXoYm0TXrEVhGLJVa8dHGCIOng,kr,asia
gkjcv3y0_8nCbU3M8LSRwZ7EqixO14NdtySk5Lk_C9FM649IlDG5LBxdmz9f1bBD4VLeC3ZVvPU2Gg,na1,americas
XGaEyHnlI2w7FeOp8C0k1Kp3uxOs1SjtSZpta6JpSK9jt_buJZWsvtxmIRjdWZWu51akpdi0S9T60Q,kr,asia
JLiwYXVz2Q5tlrOgJouowd8mf_qeg9LoXxs0Gdfr9NtHu62WJZXVYPclaUL9hxFLbS6ZfOMYwEsMag,na1,americas
wTOZRju12UPFsFlOXLWNhuOdXSSyVshVVwJHhDlr2dIB5g7er881up8v0eZ8SPH-UdNnvX01YNZJhA,euw1,europe
HUMiSTY1TrWifzg-hBlyMRDHJ3ZKK713Nx3IpeTBORn-sNv9-9ZiHIzYlAPtddS5U7b0yPf80aToyg,na1,americas
SQa3Vex8KMFv3Ao2B7kREXjj-9QaivoUivsZittSXO6d2BlHhR5GlEsUHLsX-JfkzD0_26ElAVJFLA,vn2,sea
w9FarL3xMwqjj72_GmBNNal-TWLBjoVfcYBHfdh6TUoYezw3KaNtqP26MtBUdB9cFwijkYqlCLb4GA,euw1,europe
k75E6yybQ5Ec_p-r0QcsPHCeFHs2j60YwFJXIuEuAUibEJmz7L4I41Iu0hgXfHq6Wy5qbVZNh14WIQ,euw1,europe
brDB5NLvIFvhpITTlBiQrSfMNZ48f2FGjYOM4A2khPjBHbCwigx6YYbJVAeFAMIN2Wwe7F_56Z4Lkw,vn2,sea
e-aNmr4T1KF67PrOHYARRQeN_DZ8L28sFDfM5JJPINiDTVs_eC9Qzp8JqtWVk-HoDHgp4f3A1gDrHg,euw1,europe
5sSXvKgHRsaHDctEpfVSEawgWahNwwbfh6IxFMMKNoOfPALEDYpT7XPxW6XnIOvHhu-2ej5VqqXkHw,na1,americas
UHds5ftoq_cF3Y1QjAD6vB13FjiWVrpjG5gSs3aL8r3T2bHj_qUX5b-dKEMXrrb3bk2Jf5rxFDYD5A,vn2,sea
bBltaYPNTUFroDPPAAa0Cs_CujDLWD-tBkrgyMgyPPHp4wV6owWQ9ZjHtxmqPMatovAzqlgVNSeqRg,kr,asia
sMVuMG7a8NIoU54Go7ury--9Y3Yhzm6ih9bp53KYPSzPSvbI-P4TcMXfjJeGZX_hfgvDb2l01i88wQ,euw1,europe
lpa0ET6iw4ZW4DRiPpAsm9aOrWDusxDxfzaqDKr5knUZDhobJN8pFgQHoyQYhIydU9ONSxvXddJ_vA,kr,asia
IlzLfQ1x08v_Ly9wtZEsvUaSyYzS3t4PQYuLAbcEYZHpAoCkMgVhyHNd7na9Q-b3Lk2cWZia601Ppw,na1,americas
8uY2zfywd6PE1redfZltavPO9LOTnSdnCkP0fLPqFRMcwokKN0BPdCDEp4AkLQ8eJi0UI3MX50TdsA,na1,americas
zIS2ITd92qtQHf71zQ9AqMJ1I8xerMGEPFv0xHWHW7AqlCvh4JQP0y7EUqGh2Udm9jt1DyhGh0ylew,na1,americas
JhBRTKWBkptNd8R1ikGy06BtMVTLtkJpSgzgLfafRhUQfvO6LY3ylJzJVBffi7ZadFnT4ux7TbAGMQ,kr,asia
94LfJYWhFuPu3tr_MV2Rsac453PvxYmLHtMkwpQKmOVC821iLD8XS432iXZZIzfak459CGR9erZjUg,euw1,europe
-h6bp1IkCMmCGi4mHoiKnypYIX1HPFo4fdJnledJLFCNC2v8R6vk2zhtlcig-aRvlNRfx9ONAtJEEA,kr,asia
9qdQKkvfhn7CeVKlyVwqrOgaku8WPRHeBbtHsVPfFbzaNWp068ySNAsESmw462ligL-oQJ_9Icjwdg,na1,americas
kcyPHHgnhYOCTLmNISDU6gocFGGb58bfeiseOWHJ0gXPhPVxY-Q6oIZ-StpcPmUTtStoPB4PPOdphg,na1,americas
dTcbH_awOAmSRf-wjOnT3WIsOGd9Er7Ii1f0b0gK53A6xKgExj1KV_NaV46sP0OomKIeUi-XHveZjQ,euw1,europe
GY-AuT9YaNsgx6lpBHjdhwTlZL2I5zKyao67RAWveIuhp275FaGQb9JOY0bPHgADLG8pOBj8Mn4MHg,kr,asia
YGHxXUo0kJA2GYNeUqYN5c78mqh5i2HpOeZkrQ4WYZ6rjMTVRWwao9Fa7A88yGsXb1bsK7oecMFK2g,vn2,sea
dvU3rRlwFOsYnHQWgffsDrv_TWp47siYEjEW07P2jXrTGb9KFbZAszUjRXEWIOA6aF9JPaJRAg2umg,euw1,europe
Sm_KczzysN40UMIzzjas4gepFBbjD1WCZUmGTNpFg08fXFjm-I3m5Fp9zfi43BN69yAkiYy3tt-b8Q,kr,asia
zod3H5WziZpfjMFF-jpJmu_THM4la7VYX0rsrcr7df7uaNTccgyZwhJsXL1GkiuS4JKiFbn3nCeA2g,vn2,sea
lQbsAL8oIBxwfj2tfZewAPbX9Op-VxYy2g6Wm3w2hjQqQ85wkhK1RuvIOwzZeFoqVsphzXaAXSNnhg,kr,asia
ub9AuK39G5JlKhZ8usccv7309ii9zZZRbX_qtiDy_zXw0L4UoKAPLY3r58bEhBS6Wc9qZAU1WfV5HQ,kr,asia
Rc8TsB0UeFW4feBRHTuCbLAhLHw1q6bW65VgB5t3Ob12ULsmDb5IquPii_d3iNGJpk8LBnNaTRlW0g,euw1,europe
8CCfRCAoKH7wNbm-vHWevI5QmrQ64rMADVhOUKFF1yO1TpBbaItYcOKoKgsu6TeEHhd9D5AiAD5buQ,euw1,europe
sWZSkbnJzrQer3amfvTtlz2JAzNVcU8liY7pGlOwAzoQ88uNTADudzfuYhZHS3te2d4dr-ywFGkJxQ,kr,asia
1yn3wk_tEpauimltNY1wTg6JZfN9whzPxx1jv3xh6aVrT3PXSGi16xVpRTObwRGH30NyI-f3aSnGaA,kr,asia
euQ7mCxbIriWRIbWbh_iqtExtkkE76enih5FBPKhEzmXOh1ERVGLPbqLLImghRFPmJZH7dLA1-Dq9g,na1,americas
ATzqrptEvUlMp6_4sEr5TVw6xZyFrN_JV18IVWxrvrXLtJS24oBwfQL_a6GhfvBCN1A5UiMIFA8X8w,kr,asia
Sf9gbvRfd4kE07edOPcdJIOKaNLGdXXTR_8eX_uNDLib2IbWQgpiNSSpMw6wip4rSHvwIa2iOO8qZg,na1,americas
9M0k8ayGtYI3ApDA-TYTsNmvcog61SDTyl5L9EVdK49YNFm2UpV0t3Dbdvz1hJ9_NtcyWzDofukjeA,kr,asia
CQRjRriQ3UHG7U2uXgwjAkfruDXDiULKV3r-w-JicsbSmJMDhv5hbQr3MH0pz23EIa5kIpwDtv4SdA,kr,asia
H1rfR22MM_ApaTgM0wfXgMyGkjE1Es0Q0YYChamZNh3gSqZjBo6jLu7ew_O5MA2Oh_kYOiI_3FHs6A,kr,asia
sSQ9FGeO3VnuHSMtuZn-HjlH965ta5DkVG2iignC6MPgugklZcq0ZCCuw2CD95avaUzUag5WnaqvJg,vn2,sea
hHyZosUziwunP0EuGdnMmZQoZZ8cj25YSwIqDLsY1wDCMjbyERkuoEUCKvdfBqFCdpIl5ygzvBig6w,euw1,europe
m-Yu6XY_2nXKCC5tuwKba8OoZtiu9LsqEE3HOb0mnsFKKGAWy289R6JzD2wXSlB-TgTSXV5RDKmzKw,kr,asia
Ls29XqZhN7DOQNhWWGyf8dxidmGckuFMmHGEekApTOyhsieJss0Qurt9EZIJiY5NREYM41JVBXG1iA,vn2,sea
1Y_QKP-6O6sBAlLlP98RqMN2774B3zNdxgViJFK9rHVSeBRzmhFdo-OVc_AnjMihNDHSyltYTL_gsg,kr,asia
FpvZ6ZbSlmPTl7_eXOsfuEWsfm0A6eDfoBbUavVdQYhzS7HlE22cFlvPO-r4S7qF0luL8oiYblD9YQ,na1,americas
CGEPz2jiJhwaYRRtM-V8RYdft6-RNIE4BU00e6-ArFVi98gmW_zYsR2cFPw_lZcZf2l2Wcn8bXuyLQ,na1,americas
9vW7LJmPfy97oOl1VuT0sL50uvmEWJw4HefK4VzH65s8EhqsP9zhSpmX5Vv7cCng6RjxEFZkM0UHCA,kr,asia
EPFbDMXKQYEm3RNvV-fpGtg6ceiV-GqQcvWAE81buoO5_Ybi-mKc3Vr_EJL6oN2kRZs8FliKQcUE-A,vn2,sea
v3VN3kuWVRCQvb1hsHxUfhrE_q-OAtfCtHR8y9V-izPeUOUwGHG4rJLI3sbdW2v1UVsAu7sfYTMaBg,na1,americas
ed7fxv4iWax-hiWIgrGVy0ejMAzGnXcL8b7T9EPOhvcdnkBNBoQz5D4acENIx8WQh_rHSeofGiB3Fg,vn2,sea
TLDtAFmKCyXzgD3_xMmuPDitfKOrxFSsoYFAGBN3bB_7FRyYGmJYAt-EEOTjWBKy6q6WubgrLXB_kQ,vn2,sea
l9saBLdsAqNhyYZPn4fU5O6rrorH9cN8s2zKI-dQjfEWWNaMOtjefpw46psqvspuXnwhvvfvesTZ7Q,vn2,sea
cITcXdt0E3LzIE2DcLV09RzTn602xxDkt_lFbs7NzjMXNjYdfAkjUm1_cL3Ed64r8wv7MfgZyTrbNQ,na1,americas
T4bSqtBa2U7XLMStV1nzcoHFigMDxwP6m6dSkaz5Ep6LzHjaJnSnOmQoPFutzRaY2Lnltz96y26xDA,kr,asia
ifO3A710QEkCyB6AMneWAb8BMLRnck57TIR4XJrTo-xmQI-wUmNIAqUCyfvF-x0uKh8LSLwuoicH8Q,euw1,europe
zU2cYsoSMwNrJ54QG6xtzRdsFZsqMkrK31gNvJtd1gPA5ZeJvl6BsKb0aE2M6sTJBUG_GxH2l4RLuQ,vn2,sea
Hg7dmJNzt2B3HX_tEDvbNIA-ei52LqXQd4otu7rQj9QZg7E48KYwRb7VdxDLKdcHdc1CI4omcML51A,na1,americas
C9tPpZ2Ro3nPeodv6TqZodCJWDHR-BbyjWtemLyCaeKslL_maCOS-8MqblprbVhx6xucjpGNTztUBg,kr,asia
ENLcoW3MtRBzY80VFFPIfKvRML87pQgXcVSJzpMiQGWVp2rt1Y6Cy3_FYPcN23rzmR8FOa4EKLy1yA,na1,americas
OSon4uTTN8aQJjla0TY8_QU8-eTASUbotebFyDKfxmarXcd_Jy5OM-wzHBOexU4Lf3Ahct9Hs4AbeA,kr,asia
_lgNO0UkdYLVkpgRqfH40M6n8o4C2GTIbqMjLoWI57QJK7Eyb5Jr18rxuZ4EubxVyPA54zWPKdGfBA,na1,americas
hjcnysm5DAGXdbV7OJPJqemkDfFlbvLrs71VEhQ__bnG1WHz-atNLphRqUIVEbIPBXhdHu0_3XZiWg,kr,asia
W5G12Kis5AYbYyLTiEXrMSGgmw06I0JRvHDUAOydO2VqrbUqzXKBmVC4rfaFu_xXEaDjOQRbednXUA,vn2,sea
8zW0ldhgWaP9BuzMNEtevAQzUb_iwqsEPvzhgi0Ug7LOhOw5b52xORJzMeNnVfZa4p5H13_8yxhLXw,kr,asia
zDYqY0wq8mN7ZZhlpH3gouKzgzZWxoCIZxW3jw83pb4FzAv9u7SJLdrh2kuT3p7t9c9Vgx8lAQofWw,euw1,europe
7QesWfwOYy7nlm2TOWEa47_RHwPg2QpuM7yKP4LTCzTU2CvWQ2cXuTpLmcBd_PxONdnSfokmsfbPXQ,vn2,sea
KMMbFTTtlL7Ock03DJiKlU-nFNxfqHVjdtLJ0J4Yk7PXfI21P1UbVKytIKAYT1HQhDyQE9LIALIYoQ,euw1,europe
ZA3Lo3602pIEv-EF2-YxBJWSUjhA3ZBXH369Rv0AI8Irw-BcnA3ID2gOxnC3TcPb_gws9shp47NI6g,na1,americas
ZgfRG3f_6V--dHY7O7z3-tGpGOGZ1nf2P-ovu24VpID-H8Tk4thqWhyc5DswMLqlCDlHvUBQPoH_WA,euw1,europe
NCCa_AIjiBcEknEfSLK_6Fadsku_qLlbnzbPhA8EaU6kkfhk0Im-P9YqyWRjjnwDT74BElEVe5plKQ,na1,americas
4EKI1dwJ82CvbTUiSwblyst2UNl51zfacxIFZI4t4FmO_HGv5EieJVjRlGcO-FZU5TzYKkRsXAu9Yg,kr,asia
z8x3W-DK_z4A48d0nFMzSxNo5Iy8W9vffBiDiLW_jSagKZqsINCxnVy9V0j4muB63AjX88qjMq8zsg,kr,asia
8SubfpANhOftvVGnlNJrSjssXu0gI6CpnTJDe9B6YyWZWgIQLgoiSQcH0_W-u5X1y1nj7CENdM6dzQ,kr,asia
uvYCv16vzPNdaksm2Yqt1ntX21AE8Aquc-6w3NlH9i-dRTPXvHr8Wlces0qYNK76h_lOlety7dzP9A,na1,americas
ewMaUNb-MSY1FXXIF_fApdjD0mn6e0KCxH-FGcaHxABQf60wCD6Ol2tFtSqJvSU-UHwMfjRDf58TAg,na1,americas
of61hJ7nUV79JXfiz9PPgpY0_87YwDna72YYnD-70c7kHk4Wq04-Fl_03bY5CG3v7NPJrsp5r5cG6w,euw1,europe
wrF-_1HUIRT7JTLN00A_PzMGyFwaQsDShvz7UO9rnQasHETC2wap0DveGk2697xpRlVEUX8TXrpljQ,kr,asia
M9h7SggA7M9L2E6sDH3Cq3XzA0nZWmTUU-Rj7W1jTmQ14h30w3fCtRKABiEQo-liMMT9_3xerVe-Tg,na1,americas
MP_h90sCXnHJ55Q0G7s1JQdocMxL7OXu09fREVuRHolLKz2eIXnpCie0DepKXGr6LOTsbLOKcV0yVg,na1,americas
SO0dzbISI2yKlqU3IkvQdlYzi09XePya-zLkb8QPDq3LDKO6-anX4par8aHIBzPiFN780vjKgRDijw,vn2,sea
VifOclmBgCS_lJXZddK1eVqQMoq1Zy6_CoyYEHn1jAtAwOL3PWqI_n7L4pH8oWhdqOb-_HIl0wKxLQ,euw1,europe
nLZ9kfum47X9LbhWr1_rwuJWTVh2DEBUmV-78zzfIzDDH8ibhsQoaQCCrpKwSYeRKCWltu9h05b09g,kr,asia
4LJAgkVp-gGV8SMZ6Qk6peD8O2YFAZr9ZDeJ40nlZ7mpcQup4XgF0eh5int8_ZDjyGa5ZV7gAif_9w,euw1,europe
m_gDBa_nts-04DV1xim8qjISKmgSMTQUXloxC_sK6d7380T_9CbhuS4caJsWnEC1JIbkQyyJNokc9A,kr,asia
XF2o6Tt0EPP4F3Torr4zqJgNiDc1lp3bGibc14-XhgHCtdvwOmGmFljvoTph7gsXg8FVWQuItbeiPA,kr,asia
Kcz9M07Ay_4pZzMJttZsC8YQiNN1_gi9-G0vkD4kPUQ9qBBjtEWva5Lv4lbeX7avsd375pKsAxSBrw,kr,asia
LPag_lmbSmpz1HgoMgYcDsye1XisHBMh6CqDg9JMTao1EPBik8knHkq7658k5mctf2J_mjmtbE6vwQ,kr,asia
EOgwrx7KqYnaR-xJAjrgSMdpx5Jwn1aX_OAoaQCQYQ8vHdMD3afEvXWsLgTaELnRXROLsmE2oWVnBw,kr,asia
HWWWqK-byZgJ7aRXWV__BVKfDb7iukUulUVpWV3I9VKxc_ODcI1u-23ox7qmyd1smaiTY_E1QB55EQ,vn2,sea
aDnruKksF-2iWYlOIIfLJ6uM8cVjC52XQ9TwAnXQyXLqJ8G29rrV778YfB_O2CthKS-7Ta97fWI-QA,euw1,europe
w4wz4mRauBS9TCv6Mj8sKWzJbD_JBPikTmuvc4Fy20IsvDM9e4VBXNpdfxlXz1cXeIOVCZ4gXIS-uw,na1,americas
85sAJylZngCPGgj7YcvlKRhcySC1XQ_yDNDsQ9iCXIp7Hth-R0_QaxRlB9nJSWLCc9xk5G0Cjt4yFQ,kr,asia
oe7pO9bqrMMlHbM-AuNH78B_jY2pRF3TYcSfJvT-7rCaqjjOi92MtcA88kTNDA7PvjNz3BbqOvKo-Q,na1,americas
1GDfVofTPqXOSpnfGGeU9phOS2XZXPblMOdj3iCyOfw3FfXXz9mON9AyhUjAKj8BDNQnB604jI1LMA,euw1,europe
OBxvmdMdcmKceWe4nKYudIAgBJrFBxnA-kSLN9gCd97eI2_7cRNlg03Ay4rD0eyJLMGWD9gboL69KQ,vn2,sea
Taqlvt9-C_upZ9PtVQS6oIm6wTZoUBh1lyE4qvFgxw-wnh2ovNOewMnD8Wgp6CrVoqe1dAVMQGGQjg,kr,asia
kcpLzGD-oyaYJI0_GK8BZjRhCs9WF9hen1kYl7Y8NyYFm1UeYxSRPEE8Zcb9RikozlLXG2fzS8wZ0g,euw1,europe
hJvwRooIV0PGBk9u_qAL4lbc29Lajx_v9fFL5QupKHKZsSuSxYoB2TbdNtKjYK3J8vMzVF_XijZmPA,na1,americas
x3QTFpVd1eLqXqZfoVQbioU-aE33P3vpe9UnUeNn52GxA2u65ZlKGQAYP1AdMU39Ab_IQ7Kxlx8LKg,kr,asia
4KN3LbE2r_PJ98C7sggJ6Pt-UY0J7QdEJmpBpuEuSey5myOLCnSAXSl7eLhJ93P2J0kAqi0-V6RphA,euw1,europe
mmDl5dYm6e42UgPFVNuwcqUpKz6KYqVdHn9n20Djt6XbzjAkX-ctNdRaD4kFUGdGgeLBTU0LGCYwOw,kr,asia
DzE0ZHM6jDugh1sr6e9lWpOPBttFrg3Ix5RWe-VQjHFkXRihCfKzsXqconBMbH_hiDpa9GPhHHSAZQ,kr,asia
GxFygl2wAVWeHHpJ7LxOCms9chuuLzLjhyHOKQcV51dAuTPixKnarFBhrUjX8qDOQy9HbyubIC_Y_g,kr,asia
SRzdz2NP8HjthupHYTxyj9IHCjGPoYZrZX1R_elboEF9-DH1hhemse-AXe5r2XA95iV7YQDiizb4HA,vn2,sea
4mdzIv5X1FCx01VcCzmIZVukgomwq1FlTIDI63UAFsyGWFRBuCehUDXIDUtQXpjFKX6gdtREAepfaA,kr,asia
qDNtQiO25Q1mIEjxa3NqJeSCuRN72L9qNWpH67xUgkpeBw7h1dDawtUXG45FTdXJuiiWODvYfj9JHg,vn2,sea
TOAZbA3cVZKdYzGHOtPRMLi_CuOTXL4aDHXP6odjMA-1gHCJU2CxBTFT2n7I2ymfuQBnUvvBNi7U0w,na1,americas
r1-18q1KQk00v0tyJNnnpqmo9hbzF8LDoC9kqiBgSzEBfOj-u5mZypgfHLJnhyvF78a7G1hX0Pp8Og,vn2,sea
ENsweh_6GTEl-SHGJVRJjMmDWmFDPp2620YldH_whWAYVJZFS9U9pOBlkQywl2BFXgJGYRcxrWx6Aw,kr,asia
Rvy2O4kuDhfFLFUrYExo1HZHOsLTOUQ6n-kfJxhlwP6CL1-tixJ4_zy479uiypN2Yvn6AkJmSE0kng,kr,asia
k2XaCk5lM8XcdFRGEllDDal58KOae2pOv3XBOlcudviKDld1DQ1VGsTrVctge_DydjX8apBKXKosJQ,na1,americas
TMvGDJHM1fz5zn9wgivaKxnOn9PVSKrp5XNawcvSA8eIb8OjE072ze_9kSeitMUgfB6iYFJB-kCnfQ,kr,asia
6RPlz_a3NL1JHBxdabPdU6XgcGe3fCd4gqcvEtoKLWuAWRiN8oXDowDuncdCSeh2gLcxDo3Otq0yqA,kr,asia
L9YuxuFjPuRfhOhY9O1uLuH9OMpEQRnWvAy2Ar2MNy9q7CDXHF1Yz_t9twYCgjq8dDQVrR66CGzKAw,kr,asia
m83gKGzWGDWd9YoOkyq751YBoyWaPHPrHLPIHthcAXR9OH75j-HPUqSN9JW_6bX5SU8UJIuM7kDyqA,kr,asia
l6K2JSIDnHQef-Cq9ys1Wa2Ze38wFOYR9n_2s-SgV2ujgp3TmyQ88KB7qMXfke7LlwS8KiipdKB5bg,euw1,europe
sqJEudO9fr8o0HHEnlYQX2yGm3cuYfgaXRzoqoJqflGMeDYD-Sf9xSte8fWQtEor2rg82-VSn-kZ8A,euw1,europe
inxFhGu1wQnzG_iUb_bWPk5Uy-yxXkF2seG3ftRyqCyPL6Jrj_oq9aVWuh4HNaDE7nHCT-sSXjLkCA,kr,asia
XIglavhEwKQawjPNayNcOl2SWD0qdPz6AU-uihHsJXNqxp2JpyHH_6u53i05LGTt88vDMnUuQjiTiA,kr,asia
xoMZaCr-YhUqokJoIMrRxHApDhQf8ujxVZxPjy0usX7EbHRKqkNSMyEbk2iMrZLKIJpq9AyWjaGUNg,euw1,europe
e8952bfzyRbjnyanX-nlaGJgBWvJ_yh1CMGOQ37azPVOj0QwKqm03-_t5Tjd0WV3TkI3n5imMLMqMQ,kr,asia
GuwYwpIDbLb6WcUvlMlV_vJFTgAUOjgF0q0SRScOIIA6T3EYf34tx8U-gLUGrd0l4ENIuuFwyd0wqQ,na1,americas
JhogipIcjqVlBHgLe3RJPHsPNZ8oV69APyitAmBsBqE0v-P1hcuK29bwEG1WWAkI0WoU8yoefbq7MQ,euw1,europe
n_QLVwVbow-s3hlAO7ahUVLuZODxOX_7rMX7YdGQ6JDeB2aBIvBQEoQLtUb3b3MYnuOHvBQ7AEA0KQ,kr,asia
dnra3_LwbMHTQNcYHNwJBxV6O7HASAdxSQFrF70wkqSzuscOy5c8hznSpyo0X3UCtIpji4SP0bCeSQ,kr,asia
vWEgnnAQyHPimJU0Su07giIWVKuoJAMbMxRFbVYZCC2IG9Q5sPoPqfzomkMrpdGfcIh6ktHoPopqMw,euw1,europe
9GiAJBIxjfq-NUmn2CvLnUSIgNT9ULEtnyj9FuuGE5NFWzmVBApE-A9ENU62uPcq2Gj8L1ZgIzhCUw,kr,asia
maI7gMmU8iqL75TB5pi24OB1m_ZeW-X-9dks4IHaFKg6I0I5Zyze6Gpm550vJvjPLtS6L4bxEkjMCg,na1,americas
O77rjPoD_swJuIGNNtyK45r6RqKwcLzWt_33-ZgFtHHaCozusyB3gtom2Fa3QQGcrjJ0zYgw3cmx6w,euw1,europe
PK3YwPxlrnKtuCCliM_xhYjR_HAotJZ1EDh0W6AATAN7FJYG79uBPuXR6jZTf4roklbtLN-NLmrUFA,na1,americas
9ptW8bzumgYKHgv3fIymQ7mIIQBGBb4xC4r4ZKAS__Y5sxzhQM_4hgfBtwEJgZl0YpPkhrKsfywO0g,euw1,europe
TR14SBJ-8Lfl2XN18hWONKfKeonqUp9eQ8Xz6liGewrSNk2Kpq4T5ZSzcauoFI3s7UfWc48XXbI5sw,na1,americas
G3IFuKw6wlY127HEvrGvGaBCLtTknxrU_CTcDNFRU1AIDpE9cBsNn1vvCnX6klhn5f7QL-xb6uJjPQ,vn2,sea
2HlMyVeKM9jnOoVHkIpHrrGSZ6jT2Y-wYPsk8-CZBmYQsk71t4QcI9nPooifgK9g5Pe8fyXbuRNhMA,euw1,europe
gHrRqpKuy9rsXyFeEE0vmQ9EPpVEYkMQCAVrE2Wp0XaJ0ZJNnH5TQDO5cdYdAtK1272efH7oPYpK2Q,euw1,europe
d5kW_40GxaB2ELe3I7Dh-OTPP6qrzqM9M73_6IfuOswy9XE4B6z_3gfwf7vIldj6LY6MrfOfi-Us2A,na1,americas
if8BpP1uo-ZYxTyysJ-OvNlKuPcE0J8kQgpkEPfKUodJsVmOusUpHYnu2qTSiXr39tmlo4pn_WQjrw,vn2,sea
q2tRnGnOUWZNzDAOgclCh9_QW11pAkuqJnuR5SZDV4Tj-fWdFw4WlHmGDsPC89tX9tazECWMvZdnqg,euw1,europe
7fiFC_bgpG3DcHV8fwHLOsfZ2zZDcQFSLryIyUNEFiEKe_ktDxLkSl4TWZ0crUaLFQMJfrbHNKj-ZA,na1,americas
9xOKsijRdz93Q6qh7IXzfAkEPWIbUeSbD3OXKJODcBLYaktopkhX3GLP3Vj9_RtxVrfjaEsId2crNA,na1,americas
5YRAKrH2Gy1RFE46DHuF4q4Ufg0yNdZI4eGShKJkb2QoJ_MXeyQQEhrl2XwWetu40aiGotP247RxSA,euw1,europe
pPDwrRysyMwYhQa5eRJbmXYi9pk06AniE6bgzT_6R7q7xpJkshIBjQjOd8vvlcRbnNNw8Mp2YOrMDQ,vn2,sea
Jr51S98ppHJrZnPqYI5iv52QIBVgO_gFmEban-pGUBhc2SbfoiSg4blUdzQWPxE5pnbkPxqzNmYSug,na1,americas
rj3So4YULtrM5HfO_DhMH92o18O1vj5LW_qj7_NK8zTy2zQewFpAy4C7PTuzA_RYBIX3TpepSkD6ew,euw1,europe
LPoMyaOMRFLK43LEU7PdJ8AAgamKww4tWsfqAiBMne6tXTsLT_IYlNpzgK_w-7cqK6Gn2lmcOjeORQ,na1,americas
45VkrHbLmyM1EVE_I8EhGzC0qcUDOshOZ-jWBMIMaOCsoCah2su8D8KNPoh8wr4067mzS5Zz6o2nbg,euw1,europe
kcfxWnb7Q0egLsq2rtjLBaFVbVYXobnmzErHmCILwG5nEXb63kAm1VG8PXu6qD6GBX2x1kn2tWLhvg,kr,asia
jq6CFBvFzC7i2pJy058hZeWcEPq5LOhYZuR5Fm1p2XO1ARf_UzQ27sGalAWOFKvLoLJO29IUxku1CQ,na1,americas
uJkUvphZ1CwdMpnoWimJNvhHybGaZC6QCTL30VqYPsX5bZCWzS7wxNUD09eqsbgHMlOwOxvvNpCGhA,vn2,sea
iZaVskNaYXFam7ccRMeOgypjIIojziA2hyeHDYMuhKYM0g5sqj5uVh5Y6F6fAzB0rfiD585Qevuosw,vn2,sea
pI8J7_MvqzYPH_z9d9LCvvSpOKFADOn5CPC8U1qs2Wsfd8oT1kKa71SUccGszuvGLLeWSfEQCgqPKw,na1,americas
RxI5c_0Ogz3YyicWtRQHDvO002mnsbHTji4RGZkISoHBdIgVimzn-KjcroTbbq6baXKR9GhmK05j_g,kr,asia
dMbYRdo6ONhT1keR4GzNRhC2RPEC8VBk590bVcwJevM0eHvULrklem0fqb2-hBFxhD_lmM-ImJA3wg,kr,asia
ZotjeCykcupU0oZhbR9Cg4H_kOtKFO3sAOI1V3lYIKjKo8ChDLknVSIvurUEAYdc-t1nKTsImpj8SQ,kr,asia
IR2K12bgv7n7ijTy-tcLg-0JySKbsJCBfnthvMnrbDea9nGBmUgq-gsVctkBZ1YY2jm8d-VqcyxWfA,kr,asia
k9o9mLWrOqhn_1jtB9B7isMrZUj6CSNkBGeqIu8IX7cx9e8582sF7Kl_84kSioHE5zULu-Oy9W3ClA,kr,asia
0-ULru7WcVDxHmT4x7j9upEl_bwzoA-mZkAHlcRlASQ3cCf1JtPBvqc_heto0Dr2MuDMui_69VIZzQ,vn2,sea
UbB_QGQ52oRE0EC_RdlFZPkzj9GE0-f7exnAW5KEeDIdbuE-K6NIxtj3T6iwa78hkXYWFcQfoSIIaA,kr,asia
NSLDQ4Qfy6rdgnxug48PYrFLSnybFBEgQqipIRsFptaTyBV6zIkcB2q6CiziQ5TltQGTI7H_xCQOvg,kr,asia
8R0MSEjattQwYDwzkL6rTkn01T4IS2RnC4N-7GG1GaJPXSxoQr96s2bxRC_gyNjv-F76SOnz-RpmdQ,euw1,europe
pgGOldCkKazwnl2K0OjEC1__HL9JSNj_HAix0qfK6XHrjrxENvT_jIHFjw3-UZO9gxV-rA1v7eT_vQ,euw1,europe
B7ntdY-YaQHV-oeeyizopiR7RDy81f5Utchu6G_Atlvxa2m-MrYiHPnReU8Crwx2b4R1tnVfpijvXQ,na1,americas
u5_duIAuUB6IROdA1EU8hM_h5EYSgOIsieQm2MMiEtt7PP6x5gqrt8MJjrwHhGRt1dXj9ykqrAqNHQ,na1,americas
rOxVRejAVtWB2RaxCTm2xsXdtUV0pCgriBpcnzkqSqyX1JrRTLpf70x1vHewlq5cH9T9VPK66YRL7A,na1,americas
9Sd7duzJmZd2h9YiOhIWQkGm-dPR0JPjMplLrax2jFb-GhEMjQPBL_NYwYmKG1I_W7tOwtH-rfLUgQ,vn2,sea
3O-nw_eVKUc07U7Xin0kgve5iC10kUaCsbymKP8_dkSOUyv2wrgQBRGzdjXAfEx8YsQYZ9sGr8aAgg,vn2,sea
7wam4M2SuhajnMX2U0ZPaKyLFUgE3H-nlwT4Q-gG65U-b08OdV56cy64dnn-DN-dcJ_t72fj7oDGGQ,kr,asia
Gcwr-Gc_NNR_rjU0QcCt_RmswjLZM85LgiD9OUBnJyE6LiFMx8iPlgjYCNGw9eJjXQyolCS6mTh0CQ,euw1,europe
bcYqFT4UbkSxTLubZMKqzgbwHgX6PVafuEB9CQYGATfC9T1scM9e7eTHiNLqhEgWQAMwrh0g_QLshA,euw1,europe
zmCiOUoTN6EsxIHpRPo6rJvKWRgccCBI9g6nwg2EscNZmzipk_tvyK-q7F0S2DrjzCGI_E-jvp49TQ,euw1,europe
l3Z_INkTMERE4gZnX9RZRkNEABl9K7O9GVUcGyTRlxKE6TPXfFxb1rLb3tFVRvXN38f3k_UDtP8kmQ,kr,asia
MRBp3cGlWe3Ry5VYqB_2WRTE3F7OloeYUq13PwoRrhaxfb-SYPbQ1fn4HSEhgETXsXTY97SvDSbfHw,euw1,europe
8Gn99px4wH_MT3nF6z2pgPwBlRrx2jxNWo1TQ6HqKnSI9aMPDOrIahdpZgTUtbh4sFAlU8D1UnykyQ,vn2,sea
eAuCHkZkSR75lGhcapg_A1Rmp4fbjtEoILEnsvt3NpQf53mM42ljc17Ng4G5a5d6EIHo6SmCkC0xsg,na1,americas
bwj2G2Da1SaV9PdOaI8T6YtigXs0RwrggQVOOBMEztcBxoWR5lHzQ7t5DZMvuGL_SFypS93n7o39mQ,vn2,sea
jx10TuT1eVMmohhQEz_XWrjRN0ojEMjaZ3cvNTFQIjpSi86uxgdin29I-rSanEYTJrcymC7eQCWAMg,vn2,sea
763-9GQ09zDrn-yTnJPBAIFHTr3WsIQdbUxx-eaxNsRnb_5TrFkpQcRtRb_Iukf2cWV0HYoOyerqIg,vn2,sea
QFKXA7Aibc918pI3Kcutnz_W41aMnMQfdghl4s3uoLH6o_ZFewiN_of9Unv_zzDw2Zk5V_7vW-1nQw,euw1,europe
lsZi07Sr2mPiZc5DCISPVXhY2NnrFZwSpGnwWMG-bVlr_2c7-lMui1s1gX3-wHtqeFzYXsRcUTuLWw,na1,americas
0C7pT3yUQBkCcSSSZxiMZM2vfSGkxVilPQeteyh3GWltsxVcZBkmS4o0eyaCe1ifuJqX1t88qgiFsg,euw1,europe
5b3p3Ks9smk4nW2LGoRnTZ_VCr7_PBz4jzcKYaiftB3CO0npi3JL97MASoLTV6GxZMZQ8I4hwtK6yg,vn2,sea
y9goKMBon_HSGVky9orfHAhk0edeahEYC0KqfASFypPZc_Ny9HM2w_9dGVk4R1jbfHdCJo9-DJEhZg,euw1,europe
fsDzG2ABH21uQzD2MdqJ9gyTfRQ2hYTAAK4T14Nsriars-5VAPDLwT6xGKWMUkyirpF6tjGnFbP3Ug,kr,asia
98hWZyeLjQVeQAL8wSVfwAy7nmz3naLjV4lbWVJjmihP9XO1gSPJsajmpzHJNfmHNLQ8y4n6n7MRog,euw1,europe
1yxT2giKuVgrmtJ8dkqn7P_l63cZpRRLMDU_28hblgmMmCzOQJuK1I50gHCwsUcetEbEws2U57FglA,vn2,sea
SJtdKbBamUZI6i7xn8d5X4lwD3ieuIY4GmIV21jXnDMb36mo7SdCpR7NKm1LjOLIxDod3AwGSM-VSg,vn2,sea
bskCF8-1ZaudsnzA7XZ7AxADY0muI97Noube6KIhnvaiSbU9OsexQt8_AX7-PwHnBnCp2SZANEzpZA,na1,americas
rI0pusUZwI1k3dMQ6vRA2yzVjTR0xBFUJ4o6hldW18TaQDxK710C9QU8CrPXlvdSat8Etfm0ei8khA,euw1,europe
FmpnQvWuq_ikoz-jRb_mlatZNeKqujqNJusDn1bIxm0yZH-JkM3xqrhwfpRzcp13yYuzCHCcmq-_Rg,kr,asia
SflaeEWq9jOfheJUG8mceVRXuszMeUC0TyI_l9m51B3T9qLraiwQtb6lpwS5HrrHNGR270F8Z_y-4g,euw1,europe
9aziE1IvfhcWbFXNPnYcQdYqTJFL6jpkHSBPYcrSGEoqPvOHrvJr4LUb_c6IWcFrnR0Ve9zgEu4pPw,euw1,europe
Ah7PwzIQsyj9kwsnL4cfGvXNOD7YL8nk89gPOxXidRPJzTLlSREOuwfIhnWixpweIEibD9EdSNX1MA,na1,americas
J6NNXlMPbBi5ElgEEjtZeO0d9ErqTnmiSTnixH-AebtL_Q29SNDcW7fUsdcvbhpH68oi9EGWlEcKSw,na1,americas
eRvr1-LF-g7tytmpO08HlTCuQKU7aVfrFM0-qKCQaqoo5sQU6wAlpd8EdUVWDC0qLnEBfaKl55oO-A,kr,asia
qPaDQ0HYPRF8FbcHcmqUPJZi835-HUizcY7l_rznQ296y_yvPtka18MIvWDhdzE6WBRUXebK98X7tg,kr,asia
revZcRLqe2o2kFykXHWH-xzF1jcExXZuGnqr8KrZzya1byzV3sIEuGuPPTmb9XvrLo2XKGc9Uwi-sw,kr,asia
6bfQG1jgFRcelJIBBXKiDL1RHj7QwotjSlzEymfyyXS36-RE3KXJkx5EoP5PehV08tPwIznnaIiIhQ,euw1,europe
a1mMcjHQCdmXFQiAiR0FQ-AlfZ8JFhRvqxYRLFf_bkCaKH4vbJ85HqeUcnPquumC0VmLWJ8X3rZdCA,na1,americas
v-fmi9hbeaxbNBPbJ166JsJaVMNfP_y9I3VEhni0Yjm1n4dQo0kdfeWYboO_2J5sK0DPk5U5fiRArw,kr,asia
s_pr0cmP6Igr3IfnN73n1nHOIA4e9oP21WtM4sIB-pIjlzdbN5bgvqc3k1znpuissEil7Iq8fYKQvg,euw1,europe
-W5_YpyffD2_pebet03oLjA8eERRnByBFotgB8E-2cKwcTtZAXaHliunTJqu9QT0Fy4YQ3-l_u9_5A,vn2,sea
vRu1cOpNSuOWCPPjpZJpK2Va6OuYqXbS-LjVjgykIvz3YEsWpmB2WE21u05Re65_5U65zxQy07DWiA,vn2,sea
lucKWUOne1V-tH5lf31fs2PzYcKkHhGKsnc6djInTJxkKBKTIg-fFcoCddozm3aQ0hzSW6Xi59gHPg,na1,americas
QMQz7eNP3S5gUHFuo82ltQW73k93Uc8TiNuRZzgsOS53k0Y1jhBSSOa7eWZ-JMjfyge9n_8bPG3HYA,vn2,sea
iay1S-IdKK1Zk8ZN8sV2-dr8_2OICHl-l-TxAvgcopjYTHDgSLduhn532JRmG-P_pDeGXzhGk7cNkQ,euw1,europe
li5OzCMkGjG1idcL4GPR9A-6O-fU16aqX2Qc4e4nzLfrU2mvpu4LNdC-sdE7Tr5gTFkNvsdO7dYenQ,na1,americas
nBfK73TljJYqvvyP8-Q1nNFwBFyCfONHPZx8uCyNy-p7Hf4aKeXuTj5iP-3i3mTtZYWnXpp2zqREpg,vn2,sea
HlpEypANKRuCN9z8qzIpkyrIHRVl--YD2Rj36poqZLue6GSmetEwnvHs5bX9UXfFtlJhCZWOs_yutg,euw1,europe
vRX-95PXGjq6w6GTCHmoYZRNehLaRgVDByIRv9n0w8cI5jMBpoVgDWRdJQ8HeHgri9m1asu5BOdRQg,vn2,sea
VsDZP97LAItFIyCRfCJjeLIbKa8ijC4DX0NhgKJOvuGUesHCZE2ohhEnnkk8NWZ7JxNYrpp2Nf7-3A,euw1,europe
Ggt-46e30c-wNUlkWoTWd8otGV-Z2xCDWlEugOSK7Zd7Q3OpI7eurPE9opqI4WjN8a1w0KUJAjtdpQ,na1,americas
hVCPU-SYoM48vDErzHy8US4TrOdFG6ywcD_3H_dQAbVQF6le-Fip_uqB67upclFq8H_YjyH291YwXw,kr,asia
pIvC2gyWKx1CYMLW1T6kbUDfDhusbQ5N6a7rY_brYZGa08aKBjY7bdTTpdjNPOltb9h41WPEzjxMQw,vn2,sea
ZPmkPyMNXEFySUIi4z3LaIGo-1A8-z5Bz6a28kr1ENSBK1cAFcSVtDJcsn4GCL9Vyk6BZgatbZQc5g,vn2,sea
LTfIyj-h95fEQlc9AiKCHfaz8IaXbnlbcvfKDE6mh3_sTpTaf87nwDZVx26Dytn6I0I2D58tvxEAcg,kr,asia
bh5El9WefpHK_YimV4zVRq6sF_-C5QIhRIQtLGLSoph5VXHhts_JGJ7rHBXOX8wrcW-b2aeq3nmpiw,euw1,europe
-wN5eUtRLwRGmVGEf4YqDYTLVqDZ9ZSD1cMjOYs55aRkYa94iBzerjZh0cfijf2HAcXL0gd3wAutLw,kr,asia
v-Da-Zkb2P8jqcbWO3v5DOjt9pJY3n_nsfHwOc2N70EXlQFFF3K4p8Th1M4aD0JSH4YCeZqovZbRMg,vn2,sea
B76JChsWxQtu8OULBOoqywjE_01Vhw0M_FevglTXmySAO8NeWp9rLpwHZmUBub88AZ6tF_Ya_j-m7g,euw1,europe
TEJcCz63vA_c6BzSg0Oac0fRFcG3z1-AYOSohK6t_xJqaDlW4CMvv0I7IHP6bo35eq3TuiGkadZVnQ,na1,americas
fYsL82bGECrpZeUpYmENNYKjhice4Q4qrWQ9T8kl1Ya2QxyOYBXS6xDmbDoxJKKM7G2F-6Y1kmx0Zg,na1,americas
5glRxaNy58qIAfqW10XOfNGuh0qIcDE89K-1_x1mNBNGrMGGkpiUpjXxvclUf3GwAAAZKnqWjHr3qg,vn2,sea
44btKkPqRawY2U6-uSdBmECcRQYyl8AQgMWuJSh9yOBEvCFRObCPksrHTrkZ070yBdhUsHGPWE6oKQ,kr,asia
8Tp0rQA40z9yaZ2aH4fXFNQq2XKSF1Hk6eHZdAcENngs79hU02zF-idIkbscCXPeG36inv12uYNO-A,kr,asia
Mi-SRonzBJ9fH-zD9Xd-WM2eNF9v-TP41tf0X_bkMmbs3sGybF-ffZ-HYPPppe2-QhgF_cQu16zA5A,na1,americas
er0-nRdAY85seagBzqs6r9LVaLcEbKT7HMpFFLiBwGOCjnR63UlzrmwEDNVsRVG3IYgqOmrAzN8FQA,kr,asia
TiR3g_kgtuIADWIswi7CW6b-0ADRIJOUdfEgr_-hKR9sDFKGIJA1Ffr62Zyfv5EQf1Omwun7CQW7DA,kr,asia
PAaNoqpyYeowhTzLj0g2umaDZlAQqss423RF0HvyA26bNYUJzT8cFIVwqh1WSBU2PXmNYBmRyk5l9Q,vn2,sea
KjV1m8ZWLhMgQv0jZJWCH4K5kCwHRbbLcgrChdjzV_a40pofO97_9dyEX29ETD_QzVjPCCPvlJZVTg,na1,americas
FdEUi5E-MZI0Lftq6Zpl08voO_yoLFH5iYGFtS45a8CD490smXyxG0mq2Jp4K5Vi5oupG2Fi7XOxlw,euw1,europe
l9DqMME9cDU_EmgIDgsoSlcoLM49HpmSOemdocb4c92XYpsq9sg-0CUHsJ6fxtIsNMlCnqvuScWvyg,na1,americas
O54bPF5DajuJoL-9va6uZ24iLEehKSqQMPFg9Mc_qM10KZrmsPpskSoiEzWlIWqZaYp1StT998kdsA,euw1,europe
5OFdheR7LN135mfTro0Kuxd7p1-evHySRywjZW06xKw4n1OMkjvBkRC6BVW2JlZUD8_YeSIdarpQkQ,euw1,europe
lXwqSHzc9ue0jHklmsvjtnzNVwThPeKAEOZxPFNRZwrDETy3TU1sjwLMlA6gg84z_hCoo9mMOOCnwA,kr,asia
dSm7GhAFKmr0TNeSdK-c0EjibdGaxaahLTWWtTYsWzafz89r1dkr2B39Buv8ksmzS0CpMNwA1zmahg,euw1,europe
HKVE5zQ-mbSOXWW3OFDWiYKD8lrUz6CeZXTVZbhU0SPVa0bzVPmRISSTZiKn0P0USBQEm0sNzJZFMw,vn2,sea
a7p1V32S0o41ciLlzGoMiPGAPl8fvjqPd1JI68SZ-VZHnOrZSwbB_uolomPPXWdGfD_1j98Iq5Qr9w,na1,americas
8TE0h7I6JnjbyA12_9DqwcGu8BdJJWq1hFbN_zj7cKfacWIpY6jBTNLlHCw7hM033K1xgZBne6hxgw,euw1,europe
ZpCzXhkljNXWXfy8yiaIS39F5lNgFApiHwsdf23RpGxNDPcEEZjaXBBqHwZRWFpbtNM2pTUXepTQ1A,vn2,sea
HhRWdTkyssam8zX8lRsz0Bnuk9UPw2Kji3mxci6MCwvjCwfylrUc35xRytXVP641lqR2C3bE4PsB1Q,kr,asia
cRRxvoA0mSxllrocfDORHkyGiT155mtIRx2JJo0nbVKapbhxYPFP0b43Q4NFKWlW3QCFz8gUBUPKYw,euw1,europe
bdrG71XpeJOFG2_gyLyrcDu1ZAKoufb9saVTxvbBy33GYisJ6dpi8m2E-ZGyuNGgk4hePH_IHPlJuA,na1,americas
lMYiukDJt3XHR_Yk7bhVZnopIDS5whkLB2nwZsPFYcZB3sfqtVcDR_j9ZL-cl4NEI-ccxi8hTg5Ipg,kr,asia
ZSg7DIIfn2odysBLlG3tFZhJmjGSF2_rerhUjou8wHDBUpnNjSxC-PQCTl1jq7Bt_QOTl9ghwBNvUg,euw1,europe
RsmjarwREGpOHIPJlooATXdjh-3jzodlTUOJeSBLzzHk5GHw8vlXrumNtEIVtUVCYBa68pm89iwung,vn2,sea
K6IEYwwdc2Xvjrgyrefb220JZ5xZR5uUpuc7wtgq3sM-IXdAK876JCDwASvc8WTgDAQt9WxypxYOhA,kr,asia
0urbUVwo5_Gl_653NMUE-vjNYgQKq_YU32V58gSFqOZwj7gROEYDVUChjoWpJ32b0k4BjKJ-WO71uA,vn2,sea
5R7s58bzkWPrF7LcSghIRriqitvNbM7CZwqKk2Z8vx0K6A2N9ifHq6LiaUHncbduz3Av8NuMS035pQ,vn2,sea
Lp7fTyExAnP-XCm9SE_OG5HiBhJHRgDtBIldZEStPewhtk0cUDbTuR0hW0mBO_7j4zqpF_3Z965MUg,vn2,sea
5fjqlU8Znc7hl-oMA54n0u7_6XGGJjJa5TzNkrmppXEVBD7G7SCf7p8c9NgqTqXeqxPQnJICzluWMA,vn2,sea
zQtyF-ZzbFsorXw08NPx75UOFinQA_DlwHUV8QDosIFKL5NV1EqVOVLWkqgGga-PSD9nebxqvm9CRA,kr,asia
JHhZOOBxKp_x3hoR5NveouDxFFW2k-iOpco824ty-rb23UaSOwokfpZxYWi37y3Su5kai9nymi3jdQ,na1,americas
JBOsNrwMv_MKri1XQnoDL-KjMmHFiXAGq6ALYcGOztRKTCRtGQqXkxAhAKmnPVBU5bLPHB1XtF-luA,euw1,europe
ZUHAaktVXdoBIqhdD87Z97cnDrkyELkawfxN-OaFMaHQ-wj0s3BtT2FDOFew-lemXfVYmc6nGVVECw,na1,americas
gfCqmR_9_CKbAFqksAeV0DRnukaJeK0qo7yhQ3nTPzVJy3tydRIHlzFzLyQ19uNlePwm_ZmvZS5dbw,kr,asia
WI1jnCu8jMlsaqozwj9_O-kFa6Y40j_p0Q4CqsQtz3LBmAcKguLvMdgVp3T6ZDcdAzzAaJvnQM7gYg,na1,americas
ioW6joMgpGhxuH70yhoWyDxUc88uOW9OXMXaWq8c0GAdN_PdSIeKqYtIx6HmHACPKwBLzuIANdeofA,kr,asia
dRMl5Yrc7_--n7DIMcmI6UgAjWLSahd4hvdUW7MVpxxJr5sfQ_VT5Wo_Q8mxNMaN_6miG252wX5mZA,na1,americas
bQV6NDp4DtLVGyoDGEYBWCwRjXGLbY-IOrjcYMuhSTX1h7b_Gy3uphuxD9zfxa_XHbknDQ9ySys1hg,vn2,sea
mUbrcL2qAUAGNi-21d-MEahfEkjtDsRCSi4n7_tkdQyvzLeYyq-pj1jIH7HhiIQV6NQ_-ATDHqsMeA,euw1,europe
zJjuIIGOIGTVO7a3H94lB1ZfIuURDBcIvmFIgaZnglbGxxybODeevqPCBP7gKC9E8OPTTt_cYJBXsg,kr,asia
itq2u9X8plqsyCQM-kVUnkqUNuaiVBIFbVGWAr5ZCyz0TRExopfyZOu_tQpQ6JNm1uc4xoVMuIkifA,vn2,sea
ic3RCu3HBhyfWmqh0zqzm3Ld0Xj4scumXuKbJDPpC2d0C91nVv2eOOIjmWvMvz2qzvjs19sUojlZpg,na1,americas
VNgKtBtz0DCm4ByEbYyUKcsV1LXTYtuGLLcOhKnAdtMu33p_ciPfgtjwUDhyhEaJdtbzWzPExvRVZg,euw1,europe
htebKoZ8vjpO5syzAApeZiWaim-lLnO554LoCZnIBvyb3a0dpjgRd7WVLQYprwtmkpDVdPfRLQ_IiA,kr,asia
pDxS-pS6e900IVmwJkr-_EZRsmUmbQQPay0AgvbKu2SAgGfIIWJZuUpeNlVvec2vTKotBloysDv3Pw,euw1,europe
HY3CP783Avmncb5Mo-h6ayUqAQY7fLRhuBGDnkX1BXjR1ZvZRmnSUbWloERXyRvvKcTbsBzr5aMjIA,na1,americas
tj92gi3Pnwz_HhIxcd8ttXg0sNF-RslaaAWJfmjRI6l6Zy0oFtnQuZ_-MTNC1KPF49_xVPB-Z3bZWA,kr,asia
d48U5qiPL96DpIGfTKp-hf2s2D2u4QIa-qj5p6cy_pjXfJfpeldptYymsB81xzF2LcvFtcW4-9I4ng,euw1,europe
Y-cNJVlJUlq1LDCzeXbHiyo4psoECJG3Py-hqIKxhuDm9QshtMZOr1jpOqo9T-nGSa3KvjmTD3ODKA,euw1,europe
sD3_ulGb7MQxtuSwKvyibafUBzbMwxBWqkIGrwDCvzA0sPuAQsKnKSN_MotEFbvbDBDPJt50RX1IZw,euw1,europe
DX-aBdl7UzDiy-ljBhLFmt2KuBPM3da__kdbAtqI4PhKVM1XEtWQcgPQjyqMItntf8Bpampnlmj3iA,na1,americas
C1_QrHGTYczjRR_0tnPfzZmVPEy8afpLbNcIyrjAL1WIEDXQ_sFEAzzjbFHSHYDLqg1DAwQa6k8lrg,vn2,sea
6jNdHdaqmHiHaxK2BhIvNoSPzobCtFximY1RNZTPIex5OrI5N8rPK_d5Kxfw1RGaLNst23S40v4eAQ,kr,asia
wRjx5zc8sEQIBe97Ii7ZUxCda0E_kMcnDwX_bCRyzFJFGm423uk5dTlh3B-A4ToFTuyb5XQjHNrFYw,euw1,europe
uUEXPfG77TpPDdH3a9mqrNcsNQmryXyHetfEKernEymu77roaJpvrgdUT_9Aa2W_Af2CBa1vB_IK0w,na1,americas
OrxSaRO6HbFwcNehSoQWOqCcmuuagvyPL-PnVIw5TNExSNVrmhwaHJt3ZnQy7AVm7zhV8RK2g3Re4w,na1,americas
fhxJp2r5gcAj-5G4MACeihFojVX6yug0IF_34-Z-IUVYXJ4s1L6I4DHDWLJm1zBIqgwD_LDTSV8aEQ,na1,americas
3S7HXpSCZKvwQjpomu9vVfkbT_e_7UE1ODT_nh_KO9RUUXR5CmwUDDSj32STi04kzufQF0q0IhoZ2w,kr,asia
9-e-Akh-kwUv4RCF9nPQFZCR5n25OSp6YvUQPBZp4BNB7OQ-Yq_dEqxMjGJMvHAkIv1x8_byX1XMxA,kr,asia
cKdwobUFaZiExxZmY9Kzj4CnUYaHwkBFSbnA0KxS5tXvwYWp3n6Bghr63MAOrGEbWGjpx7UAR37JNg,vn2,sea
DLQluaPzHyJ8OwEy9DFlqlbbRvbXD3yyt6sSTtDO4yxsMm3UzT6NAXXR2MtobC24YCa83BQHH5WmIQ,euw1,europe
mcyBtCvmd7PZEf15vSH9vQDG4uxPlYsE2m7VFyHtzH1wanLOjDJf1rJ4GH-OusrRp_xfP7XLzTWuqw,kr,asia
GVCUmZgGoBrFBbgX7mVnpboW43kvFD6RImQrn2sQ_1C5nyrV_BUMOM1Bmee4pwXw0io5fg5yWl9tZw,kr,asia
ptngV38mcRwepcmnF7MNFfPdzE5DbPBH-flIVLVkDi2ks8NAfjs78cFe2bMUuao9qFQJr-28r-DDHg,na1,americas
tgYBbNgaCjcpWvJxZcsCqfeI9S7ObGL9J861LWlsg13FZiqaUog26zGEv684T70JEghYsTcdE4apDw,euw1,europe
YIxMoqu65BIZppFPWRphSMR6PIqUWHyX0XWudjlCQLwG00nm-0CFjl5If1622T7TGIQOw7P95h3BsA,kr,asia
2lcUN__QerXsfzUycyi9wbnopBS-CPZ544rWxKsT0aF4ujFrIh4IGCk8RoYG2kMZ05fHDF2xue_8ow,kr,asia
y9t9DoyfT9wEdsf5NvtDsILgS0ejUTmMcUncdBkxPMw_m4XNBq1CsJYQ9YFnKcfn5zaBkRBERTJUPQ,euw1,europe
GzWUSTk832QRDiJXWVAnV4kDSskHqqBD6Uyaaa0JfUcPw0eFB6pn-LhLFbqft3HxnzkssOq7i7Nnpw,kr,asia
mm2rnJTA_i15bSFjiur75PpNsM2_MnbcDTC0B8FVfH0_f06IpyotGk-Slg5XQFTWkzFVMB6sDwD-8A,kr,asia
336AkUtd0YjMtg9OZnln5P2C2fqFkPWTg0TVp3Ufe-VzA1BUklsbdh6vSicUMaU5ONwlK9Pj_yIOng,vn2,sea
6RFZuj_gAbB6zY30rerbtfxSXfFsDXJB8bAblZnzGWDci6hiEWbH2daffqWraQIlPLr2EK-em8iQxQ,vn2,sea
QPa1GmxcrSKuo6watrwgh97jTdvZsE01R1SFt7Mt8dNtoEHaJ1D34KFvRdve7Md35TDVFvxQTNQSjw,kr,asia
amwC_MRURj-tJ6rnXFsVSA3CtToxxqJPZ9n3lcsoCwhdW9YhNO4A6CsdYOpPRegfLPDrfRg9s1pnfA,na1,americas
mlF9U9Xl2KIo1ZG4_vpBf8c8HW2EMsk9kEsVimQOw_oWCAoAem324gRy7uAoajLn69Pc77BfArTpwg,na1,americas
AoD9yJMJQCo_jZoa5TxxZlOkG_66KYWsUlGR5GeThoYwFyTqZP_LAPbG2ZAbqdSSDpXkOlqpjZEDIA,euw1,europe
vZ0nn9SvZu9WY278Vcw13OaylfBnWUKmV2elm8IFjtt3jL2Cv9aLacwMBANq0aasVlB6G6BljIvYYw,vn2,sea
Su5Z1w4AfmhikT7iSCfj_gDpoj7DYR4mLo2R5tZlMFluAjyGictFXp1mmAwP5INwkMYfOp-0UUIdGQ,kr,asia
bXk22Nu5aeclI91tKgJ9bveM0kXdFz36WxMcM1WGShmlcOWHKDK1_pygjrKICs4GW1XCMOw25FVCnw,na1,americas
tYTaefYxy8LzPkYH6WT4DPGZiCP2bFY73FnidVPzYDp_Nrb8nwNOlHSP_7Ij7e9j2FuUou5ycQckfw,kr,asia
nwWdpU8UuKFpnc5oR6YhF90sKCiwETOZXz06bhZA3z0Elvd-iP2i77AJFCi1zRIUf_4hl9TC36b_rA,kr,asia
wJyr5A0jfWjq_wAg9TWWPUiFFRGDowlBH4w65h-PN93tfIa8JLR9LhDBsSd2S-3XC5OOr8eJFsZPmQ,vn2,sea
Bd4Hv_np8D_9lKovXq2L-xuoFiGrZPcXo6fE2TX9uazYcoIzzKf3AHlpEmPfgsq_DErvWfNPAGGgJQ,vn2,sea
LYnuTztpCuofYLZHxyUScmEzkVuhlmcEA2a5046vQc7Vq_CtCqBQsXacg_0lyflU7In4FqBJWFOPsw,vn2,sea
oGN_3QXHsTiGf-yYE8rQGpwu5vYc5BUX_LPhHqn80JBJta3a4ARer7n1w5whHFi0NoDyDcxSt6Cibg,vn2,sea
xOZ3gauumDQOCfMShned7hcqq4oy4yfOjFMue0nt0dxx5WzlU7nMLicdjQFOeJ9JrMhcegyyUFPlDQ,vn2,sea
Razh3dCSy5CmGFvU6tPbN0Ps9EIdtLw8gElyn0ZV57J_IydakLTSqRLBJNsA3sB67c_q6PmfptuwgA,na1,americas
671JioiZraHZNu9WC6OVedmIPIDD2rubNS-pUVPSeDek4yKLbiHz29n2XcQA3XyKBiuZ9qWjw4yeMw,vn2,sea
zNrg6q9hzhx8QTqREi3wJcawWS4vR54g2DxiGIZ0FzgLs6099eJv24g4VsND9VBeAqHYxFqFADzx3A,euw1,europe
QzvYbg1qandu7xrxeDYOygACj4SeQ_oBh6C2KojoPDZl1L77k-lY5_MH-oWPjHypikNicSCdljUyQQ,kr,asia
VRD6FJOC9gLylXN_001ieduOXg_9YyhSAayB47H-8oNDo1m_O-0WHIygAy217ejnNp7w3owyYokbwg,euw1,europe
kIS_O8UY0LpJrXL_OUu6k-DLGondiIJjkqHwz2SwKpNMq1PCePLBtcf7fALCY2_hZP5UOe-Kyre1nw,kr,asia
l8NOQZFcHqhEWCmtJfk7SGgr-SdXbdfRUib7YrfkdCAxrXI9ypyd60UdFM2fHc9_mGZ1zKm4Cc9pEg,euw1,europe
orfyEOjSWcj7fLwBfQ3_U5t2-raatjWJdRqRJA5YtwlWE_0z6qo_vhxWK0Uh-dknXzvw9MRSHWEH8w,euw1,europe
-YMxSN_aku7P_ms_aUP32KK9Ea7x6J2heZiRuAYYAcsbzlwBq3ZjptrLW8TmxvKJagjrMUDIhE3tSQ,vn2,sea
0b5Tus4-tXIUpVnxYW7Q4LUC6LZCM9-MeybFVp15-hyWn2HwpLGBbRhY6yAVeiJqvo_3Cll2lFLwkQ,euw1,europe
YXM1RbTZi8jrb_i3fCLpYMMwMMHepu1zHSp0ORXgf4jl1BRMegLRX-OIBiW1vSZlpnT1-aYlhHQYDQ,euw1,europe
49IvIq8C4NAaswnzA3f1iKxJFbUCyDxri9MEVj6w5tIgDUqzcravB_dsk0zHAKnH4sr7PjL33iV4jw,vn2,sea
Z1G0X4xuISWRAMsFX7kq1PLk_ARhXbM3YbhmdNQztnvHkIG3bshX-15YMkmGqzxMaqWZpFzWkp83kg,na1,americas
UYKE8eOFKoq_PnhAF9nGso2-qeUpcz1dX2e8X8mqFXVJ2-g0WY0xHSttYDC0DfaVIh-A5SSc0uAPyg,kr,asia
Pf_B9SPShk6aTN6X5shQZZLjLUWSiou7mkagUC1PhFMcwFGzMNiGmAcnRHOPr1QTGdRwfVTPcTBNGw,na1,americas
JIC_0lOxwlhq5a_ADfc13dHCVZm7T0OuciCUXjWopVDlH1_ckF3d4aqGrbbAk7NWqDYd2_aRYnvI9g,euw1,europe
-gmLnjVSFyiCTM4_n6GS31fyit37cGa5JYYo8Zp9IVmQHzFsa8OtvRQfoqdpSND9IJA5QFQF0yzFMQ,vn2,sea
-HoMH4JZItuZjE4pWXMriQrHs9dDJv4ikD2oeHjTQydSuY4ZOS9aedEXw-_avO_CCtWMUi4M_58BBQ,vn2,sea
-xx0BTVXNZTY_G2Xx9A_3J_CFqtgSDwSTLsFHf_v1aBEp4oA-Hw1so8BV7s3o3pDQKuEuJRuDJwE4A,kr,asia
odJpfvbZDQMpYOtc6Xr1oKqiJJ0Z2Yzpc0MUlWzdJerzyKvYmUeN3_7zfl5sbMEncXhBCqnwMyRGeA,euw1,europe
aQV-eChAN9hczs7qJir94Vgxoj_a1cRLCbDaovdxt-IEdBpnL8zy_T2vR6Y1Rf-teHEV0EsS7RRP_Q,na1,americas
pGXgPu5ctziKNa4sHx9y6U7ZgErlH9fhz14-_BEZAeGgKwqgB0IWXuA6nQfueqpW5lNE6R4QsJiVQA,vn2,sea
BPznsCwutup1yvo6qFpTQrky4QTm10kaRWwmAf6i5SOBDZeRU8jMz-gxvrgeMKmI_YP1ckWAP3whBA,na1,americas
uOU8K0eikZLHbhTUIenhtsBRYd0AV1rUBVItCTEPd5ulFpj04AwCO1DmS5zAOe72kNLm7rK0wKcEbg,vn2,sea
Vkal6ex5Dp9RHBUk7VdAf68vPAJXSxaUuRBhG66gleHMaOMPWEpRL10fbkyRkyoyxlLyCtEIOAruRg,euw1,europe
OuUI_ld5EXp9TsWyZ_vf5dlRmYuU9CyKDGznWB2g_iQdms2D282Liy64ZS0Gnltb-Mp-iAZLNSCjqw,na1,americas
bEsZhb0zq512QElYQQjwD1mcXv4w7LXQL9BGwuYgd3rdF55IJ7sAxbfY-fyOzyHMECNyVufORsE5IQ,euw1,europe
lJx8mmpVa9wgx2ot5xm89-aeMeo7TNCjIi80J3_EvCzqafMpVMtY8jMszZJj6_XnJG2_dMpuxUTxpg,kr,asia
VJdR0eBcpPKjkR8_51eZkF91_qNJOTrYKqEbBcYIcmLhHRX8XO2AUI6bdbnSiLVHuaQ8wFweX6c-qQ,na1,americas
G6WEUHNc8SXVZw7Ewth2w6j7nNXHAKv5BtVQeqDZfMj26Aoml98jY4f-kZnIO2-3ZgPYEZQ2MHzNrg,euw1,europe
-XEY8duEvEHvZKTKGXuSFX287o9s613FU0TNyvRMyzYhUpKpbtFQxljQZvMwqmF9Pqn5V7dA4HvWdA,kr,asia
9QNih_UHZK_Iv8KpuBOjGXn5nAzhVIsMfIFOmLIcyXfkWvxjuZXzBUw9ErXPuSwP58W3CZ3HhgQJtQ,kr,asia
8f5JAkqMHESoOxrICb4eAqO6tth0_wA-RSksZnHswLggoa61SOOAaOeDDeKWhtKJNvBLDNzlXCOIqg,na1,americas
i5n3CvbsoSHxFL23NEnlCfrZs8mUr3O0RyegxjNrGx1FnVok44mP-dtYAl2ZgaWwwfXpzFNSPAG39A,euw1,europe
0E0sgTXVEA3UIPrsjh6pxRbC1LzA0g3eYXjnS3PpLLkAwAmUrWIpbcHxkXhIRJLZPWZORV9SGqHqMQ,na1,americas
AEF8CU4gYu5uK6bnqi64yP363T0g9zWspYgF8L2nj95aFhE4hL55TSUkBtWWovCfuuiJ2JH23OBlGw,kr,asia
4Eox7cbrIP8LqCPACbZqasMv11Oo96nfg9BgnLE-QKinm_ThvGnuZbH1X9osvuKqViwo6xsYLzPOLQ,kr,asia
zhEjxEG7ldrvs65dkdlwWm2ql2w_b-AlavRf6jBcAxCchYP8mv5H6qdk6PuELnuysPPo7tY51k_i-A,euw1,europe
I9CPM38ESLB_ZE4d2lOTRUt8ikNRv-tCM9P05iQ-K6x4pYHOkD9-qaqxSn1LX9o8fgWOCVYGwLGsxg,kr,asia
ZFAH6xGy2vKv7rWL-DQ4uXJwUu_y-MiuXFstro0_JM-Avn887zel7pwiNUS_kXxjoOm7Ve4qlJBptQ,na1,americas
d9p-d09hh4IBsw5OYRXtibM0Iv0M6AuvO0WGiwdB1olKZaT1zBjuOEfVUa5YLnYfQ9Vz31nzbs4RYA,na1,americas
VbsTy1dRuIGVK_ojQeVI32vEEPUruAlcEzcuuUBi0EKoFDMOEn3e_nG37xhHMdS0orFBrn9TMpm09A,euw1,europe
eiqcGy3VNErzyNA4zKJOjKBaZnbv0ph34a86qukjaZQPGphBqi4wc9fvNV0fLTLE7Ntw3SKNsVwZ-A,kr,asia
UCBslX9fRMhWpvx9ICiaZ92I4mEtC6aYlmcdYvu6YkPzeQAxjt4twhrEJQdaefp_EgKqZ1G29MeiSQ,kr,asia
Yf7Q2aOK_GZGNat8Sqrrn--Tb49XNs8fkFayfI7rnj6kZ5uxxfpjUENsXDRLSkPCMehS4HPwxlPtXw,euw1,europe
2vYUP6z8r7MQQh3qKhETR3Gt5cnmmp3HIJDv5JQzj6Ggf6SQIrpK97i_WQkKvSFcjneiJVAQT_C8_A,kr,asia
I5ia1vl8uLSGquC9bA72VfWCo0UrQelxZxxYtfK7P9tqBgcn6T_RBXWEQ_GEUo6ZNcq0hQENaVW8Ew,vn2,sea
uwryRbLAc82QzCAL7q3hG7dZmf3dYxz3B1SeLHwAyEGLizCQE-fbBKmRo042js7E4vR5hIjDIyIp4A,kr,asia
xQiMo5sfpD3R_zbg6hwNX0of3pjv49hDdKOGvFWhjZ26n8kyBjMkR-6oAix2Sxy-HSGaM821BVGtzw,kr,asia
ergYqwbsQW61WiBlmxIq9Wy0yrg_W8yGvAKbBD_MWontEd_Ri0AUd0otWQMqEyriGYj9mv1vatHUGQ,kr,asia
1zI4Q8j0oPbq6vfzj6x0mQiMZ91wIkY75DhfryeVj9HgwcsbbG1osSu1JIdMTRde3Q0DIL51EUztVw,na1,americas
gQ8yIcqQ7zgifljWCT6B7rnYaLM234fE3IGmaxSfikGMOfVC0cWrOYyL7yFgpnlAdUh-eWvY4c80fw,vn2,sea
rRGajUvkVcUmn8b8cDZ8X88ujWETiTluD6-u1zEf1K_SPHyhTmO5_--P-kwxBIBAg0iR9Y5vN_n0tw,euw1,europe
zLVEfJuQ60lnQoSUCL36cuBaFcIL_r5_1XyJ-eGs07HuWv7obPlnLCG2XXfXPddIqkSNn_pwTZmy1A,euw1,europe
9Hj9MsWp2Dgar5uJhPlwGcvSfyhHQJS8O79G7I1C54csLnpTio1eSHET0pEiIN1E5YLW274eYsexkw,euw1,europe
mEbDTMeekpF5hoOwokBJ3_m8L8YImeJXaQocxFtCT21vd8vEIj3cvRwb5rp8ckgnNb105-QhH8BcCg,vn2,sea
1rNuWrfvqugsjbb1akoEDBk4HVAT86O_aH-DE96ZM8Mc58FMxfa-_fTGS0-6FrhHtz03Cx8oKJyVvg,vn2,sea
ElOYEfiH5GihyGI6jhG81Cyddql7pee-9b8AGQeLKCrM4TUx3_FO8lltcURMspbq8PlGG8A-_Mc5Zw,kr,asia
2L-VActvXe9ipuMvNWEvvqryeA5M0vw2zocgxfdyVV7vn-ODtRrIhJolAwfvUKz3rQ9aN76o9TwucA,euw1,europe
aI8VBa7c2Qpn-VGcld3DJVhAGGXe9b7IvG53BW_vrlwq9FgUqY2qX_ciozkQJ5XL73LrlpAC7p5qXw,na1,americas
UOhpPMO5584cePvstbtTa3ODF9dps1lLZ3eA85qsEcbnGvxw-JbeA2dtFlDgNBSsaLalbGlzj-uE9Q,vn2,sea
JeLiWLrsraAGzOlNCbIKcluHYEiemz-41ZSd9fbhSeLUzK6TiFbbxVL6s5eRvLSm7LGNBl8aFTZZwA,kr,asia
fcAohppPrrTRKrL3oOGXvidJa7kTP9mKUKIVz-vLzE50ko4TbExvug8hJzrU55Sh14lHJe2YWkv_WA,kr,asia
7fs0R9fNhJCtF0X7X2AaoRfo10F7jMaTP2Kx2N1wqBQabfHDvfOz86vZvj-EYEHRzGqeFPnZ7hJu2w,na1,americas
IUssppbpVW4ncxdqupmxNoUzRCcfxDrbeSGBzGeNqkm6yZUPNSENqvq2YWjSaKpF8drOPOJA9cQdSw,kr,asia
RaCfLRjiBK5tR4LZP3WbXUkULT01TCA8TBgAQVMIRsokVgsnOCJdCQzcrvQMObYDpwTMC2f-Xd9DxQ,kr,asia
mZ7pchAUWzzDi59vqe8Glu_3fHMUooTacLw-k887Ug3Z3umtdoKB4ZvMYjBMpVBkX9KI9V6Sp_sY7g,na1,americas
eURe-v-yRPnRhLjv-7n38nJKEB4pc7sq9vDnfNXLXbRNNPmBSXv0cQ_FMfs1Yv1vYM40YzqtnXen9g,na1,americas
LhMDxiOwiTlQyyesUcOtDyO4RORmy7OV0TRAMpAYYPrIekMLKYqZBW2DbGyvxreEOgV0nUAeEIRvUA,kr,asia
5z5pJVuyaeLbuw7XhoIuQbKXL71DU9piNwyns-nDynqNrq9hXzwNguGiYWZoyaeuYgxmnoa3DUX9Hw,na1,americas
GtHpw9cdJkHRhjdsflapW8RY42_ueC5Ou4F1vyo7-QsUAcNlQQEydS-5sKNKS-syQ-9aVdfd3n6rmw,euw1,europe
StcZsgafVWLARP6HNmJ4dzx1rRT5Ykb-skFQQuDrRHazBMuvufXAbV1HFZPhZnDIgoo0neMnEmDs-w,kr,asia
p6IUaUW-dcIcSG82R04Sk-zAyxQM2UCsqiLFauXox7EAKWOMLNhzLjpnIj9XHoFts4Iav30JJtdKUg,vn2,sea
hWkpOW22n1soYWDfPDdKheUzdc00UgnXsn-CdBKGqNcT6gYF-AaDKEi3ZtQYCTUW3aVRC1-lU7b8PA,na1,americas
IcmVSgjyeLDGgHgA8_YkiMDEclplpllb9z3aqBhvV7GI8T2w6vWTpYXaHAv6zICxP1YOVXweedv0nA,euw1,europe
PRN5yXMJXSG8e9afrSR9UsRhqA1eGwCN_TByvVI-O5IolZZN_oRN0yqA1SdFwfkfyNmY7JJHbOPpKQ,vn2,sea
1u909UfIN4bFFIFrMzbvqKRH0_r511ezDdtaEJ2Sup7EH6wx1AXgpWK_mo5UTSE-c607YylFJkkGYw,euw1,europe
36DChBhGw4xy6MRI5JwizfnwE5YkSbsCcAXd90d9czEOq1UjxDaEfV9v5l6GOFtpU9u_609ArKGV7w,kr,asia
ZnTar0llUJTpXtJXWMXxa8TBZReSWCCReg4LKh1Mit8M-5_Lgnu77tA7FqdMrLKOaduFTqwC3rLzog,euw1,europe
lZQ__pOvjHZdajoBPVoAGtEcaxCvtR9xFdP4BY3x91xI7oldmfJsJAAJyNsMF3GXAL28roJkesBpBw,kr,asia
o4vxG1mNTmvUuwuJwLDcVn8vO73YZmPMwWXCWumKyhT542CyRvfc3Ux7JLLTJK1XEWboLswyFpw-CQ,kr,asia
yRg4GUn771nPLpQMWSqfOxOuyc5yf385A49gUsHe1oYOaUGZ7zbvgm54liihC9CuO75NAYpUmkhyTg,vn2,sea
GxA3_TQV7-N6llVCiVB6vcZpoVluhC-qV_HTFLzKhZue_zWHRFtpfkD5PKSe8MHIrE20aYeS1jL7Mw,vn2,sea
VU8au1is_Yg5W88Hnnwkb8MU3_QywrXMQAu2kivMxv1vzD4DTcdakR8ZZqUMcb64sM2487WrYSwGtw,vn2,sea
PNEFbK0FVrTUTfRv1qOW3Re0eoAU-lLr7ND9JECkFIhq0Aj07FICjOli9bjO8TL2oo7tD1twarNHBA,kr,asia
IC1eflsyKezd0HQY8gFvUEyTlmRijpHJp5qFHYXQ2KKDmwL3dEB9e8b5WP861zkQWuXUdJQsgLSnOg,euw1,europe
zqZ01lCodIFQBkJvAEVLMOXsr6LdMW_AwENRTKtS5RL3C27jWDqUvnPNJChNNytWPtWahue78ZiRWw,euw1,europe
J95z67WIpqCNdNEKSkcnn6Inai7mU7aGU-jb8XpcHLIYf95uFvSI3oZZB3MtcER59wgtJdg0SuPeRg,euw1,europe
ll4_0hI81mBNV5QoiLwnxaxMGA0XLng3mq8f65jCaHryuzaDqnUg3Inc_dMwa0IQU5nTYOhZ7iyKsw,na1,americas
9yRVDs-vfJqATTq1XBCm84_jiQMUhCKQ_KMbo7ywpB29mrK1htsScA48k628FA64IbTqy-6TCvw9Fw,kr,asia
_qvW9OTe1CDz5xacuY64qVZFC8UKyDVmhCMddUxdT1F1KTFED13N3TG-ifwXwTbAgq9E9ntxzJoc7g,kr,asia
bvevLL7IhG1j9OJNfcX3rTyDsMLlkXMgi81vIZaN1xA5OfiiYBgrxFYm8Ql9_Q6-AqtnR3ooXKFUjg,na1,americas
2wtWcSRfUI0frVYheu6LPpfI3IQvfUsNplZX17NOG8UfsvIfoY3AaiyUuygqHhMKp7mQiNzycUYywA,na1,americas
x3_RfktBeZyz0mnEuo-KF2DOzGN3mYf9VH1yhZOfyopIk7fl0UptTk3xz9m3Cmnj0df9mzG6Rv1iIA,na1,americas
MH9pXwkeQKe_MH4wPtqXcvBvM5y23UfJup1wWcSovTB7_HtvPJ-KAfXd8qqQuMKo3I9u_4iFW5IGfA,na1,americas
AWu1Dl-RR8PbnOTN_QR3IYhJHNcCALyTRdDs_Qan3zyEYu_Oeck2AzUfhbp-DiHfSQ4OavSumPOouQ,vn2,sea
pJnw43c1mhN2qAPSbczOamcrPfEr7r0r-wbSPeBoF0_eby28qwrMpNMWey-cs2OtJBoeuVkyDYZ6hQ,euw1,europe
Xfg-qgjQrtRr2E45iLlR2z8BtHDymxkSFZGdtz76MHrBb1fnmt71zz_gBf3O5T4-e_zql546AXNA2g,vn2,sea
--V7o8olRVGHNBjcSGpkqxKklaRFT8tlPKLAoBEvdxJAKGm07a1av3PezQ2m7jDVtJSATfPO9Hk3rw,vn2,sea
biBRoVicAattNwS70thinRsTl6OxfELv9IW-X3IG6VFlr4PR5UDWw1yc3VSklhLaarjmovtoy0gU2g,euw1,europe
8Snrsl6gjGJYtrIWxzZILEk1-tr1L___jof25e4Wl7cc4ZHJa_u1Peyrx2B7N9bsmyN10k_MccuvRQ,vn2,sea
vREOthOUcTFrac2Gu2w60MIKJSytEK3t1wZDkxn0idfh9D1jI-_cs6Xsi4QwJuALHl-NKxXDT52Yxw,na1,americas
_S505TzEdrcL73nxRvbb2P2HkuKftc7OZkESZZAnly0wKqswlfvxIqDb_T0SFr71cKz_78LhByYcDQ,euw1,europe
GZSSgpWN4bTRoMOaexelLyFSg3p7TZvwEF3iMaGZkGckwt3wBf3Q0kH_IABsN5VhDlskUP_-LDbofQ,euw1,europe
3c3yvmHhgssr7W4B8nXdP8LkLNuxYh8naICKlVesBqOm7yYEjEKD3KQgfqUxlY3tzdoEfTaBOKpiHQ,na1,americas
fjk4frvhFtXoS5LGfsNRWxLBl2PbwyhSy9SUUB_byYhejZzfFMqqjMhUIkvo2NfcMIwBUoZJQ7_bKA,euw1,europe
o2VzJsSmHP_NE1OMXXZQ4oD_tK_PeVr0izUEMHWQsfWT40xkhpDYPx1LibqXeIF3jIJinKq04ytYmg,euw1,europe
eKKBToWIYjBcdKGbPN--gVVFtMyLrOsOcHTaoOszo0XdLJ7LPaybMY7hgqtQFIHzalGsl2WOwEn4PQ,euw1,europe
BT-blw_ycdedxMnIA0ovL0vPDKDNmDH0d0T4HHVpnXh18UWferEGn3MbkorWGL0AzLRjQ4y0dC3XLg,euw1,europe
Qm3ditgvir6oE1ig068Hdql7ArpuwehZXb4j3Nw0Ykur7S-D1zMeKrZX7uyZiyjoG8_iVhy4RL0IbA,vn2,sea
xVmP9ZyiJFSZCUdeL2G6-84sVhZbHC_psfDGcL4ZooWA5HAL6I9q6QuUtBGCAitr06EHr_fnW9qKHg,kr,asia
HbgEzXKAxI7T2t605nnXPazshO0apLq9pZ47gqpvSF_DEPsDfMxoG9e0mSN_AcflkBvzdn33VY5vAA,na1,americas
23bKkz2nZEw6EusHJpi_xuvwg45wu38B12vGIkS-ffsNq7QPWRvDVqhChU-K3_l-eCYteW6T0qlBlg,euw1,europe
-JvDKIvkGCUqIBZwZMh6mgolAHK_hYv_uTMpQ0JcrA0s4irwguJL5_6dGiLu1i9KVkBlD6zz-RqVqw,euw1,europe
CnVK1vOu81Gp-R-Mj_gPPTZeyg6rzYDs5WLA9_aLw9dPz82WnNUTfWmoSvJGQ-pMvYvxIyAnhaHivg,euw1,europe
YSUwlW0yZBwERRd-rIPsHYh_iIvp6zCscwSovLvkGxCAMknSeZcUyyFr0OtAyAkk9cD6OGWaFtJMJg,euw1,europe
t3KJx4GsF4UK2mbvL_GF1Fo5jTuPX84aouElstU2xlkh5d_f22n2Lar7B_hXSJMH8O8MXlhriMPomw,kr,asia
PgzQgD-k63O_KnFDtYqNXTYqdxNVmNUD4s6inZmskzryZnx0K-m72207L58uZldtOuANAzUkP_WEaw,na1,americas
OqCOpTCherXc3MyftEK_VQEI7NMM2j0pu-qtI9JgYwFIcf91IKPR0L0Hi4nEXchHytzmmvk9ZFclQg,euw1,europe
os0iRSXFzsKEKfYN8RCcCmpjodpUCBdsD3V1lzJLB5ke8gQdfgpshGc_l98kSHHUIecu8UIVWOH_jQ,euw1,europe
VZVellgrI4UGNr99Scl3KXsL3-N7yMAuey7hVbMQ2-EC2TBWtqftlHnLGY4WrsnmDWuua9LtRm4TOw,kr,asia
xWWvcenbMB90OpQrjnl7-4ZO6Llkz4lXAilC7rmOEU8iE_YlO4NmoaHsAG4U1cqFp6InXTbSfwYoLA,kr,asia
VpfjWgySfq1nPgwEBZnl6ydZnpKNCiShMc149K1fbNaqNSkRQyT81G6_c9ILVunstYnNKphQfT9cXA,kr,asia
4H90T8TEMxq4FcRGE6fa9kHL8qGalO9Xp9OmxLIy9DsR51D9Hb37YtF06qvxl5bHGVbgCvJssS5-MA,na1,americas
hypujqGHsEyfXInUrWyyCA4XaqUjJdKx5-ibZqhk1TLCdZq93alS4fSd08j-c8TdVQhPyvBZnvBlxA,kr,asia
kIQLq7rlbIKaN7wvr8LA6t-pSxIsYnQYyBjIhlrClBCNkjATPJt41KCdMQY82j1f7VO-jWQv60vqlQ,na1,americas
4qlfoHC3-T37tEyHjips6hoAJQBdTT-PE_LO7XKDkWX_K_i8Ugabvw6ajyYnp8z45FI5J18SZ3Anrg,kr,asia
H2iH82UNbgipLv_LO0Ti8c72686uYkBff9sOtFF4TJPAxrF1IiYL6A0en5VeDzZKm7wU9d3ldH5_9g,euw1,europe
ZWp23ndkyX-9kmVCwFZkpnLiDYnaGkXCCkNY8pN5faKHP1Cm7d6C1KqlCFn9B7oCWjzpt6T9Y5TCDg,euw1,europe
mtv1VOcaobMe0Z0nvv6ZsC3BRx7McKJ1YCw1ncuuymz32RJRWul29TjzZh5yxoylnGxyot6ha5Yd2g,vn2,sea
DSrprKdVXwJWEfQDVebFDr-xItLEF1rGKVmMvBzPa6dLu3HFtPdchfhMSp1yrFV8EE19IwRr3UFomw,euw1,europe
J50WtAnz1uNYEg6MvxalH8uWCwnlT3FZ14hg7gxph1ByYdlPwerNp8V4qn-LUxrx_StzRYxPy1qZ7w,kr,asia
Kq56xaygjiHl7LkOjY6AeXZUd-B8GtkFY_EVmgzqD9OGM8yxZ_icv8Hw7Fep78-Z2aIfc9kjaQ5Xuw,kr,asia
8aZ9HfZDXZ05GB3MkxsdwAKrSZqgJVIFWuwunBbyLr_DkSvpZgYFo7dPd8u1zXQGqunmoD2aNzcCpA,vn2,sea
tCjaRalZdNxdaOrWE-E5M0iUP0cjRXJlLF-pkuf0lzvW-zHm7r6NgDlGpOW0ME0Js2_KZtiwMx0HKA,na1,americas
HISXXHLB_5J9wnQBvwnLTS6VNwAtcqeXShf9CkxSopmfBOBPVH_si-tWeiZ6TONRd6peH5Di8ClqEA,vn2,sea
nfpU-Du5a3nOEpBqodFa2EI2rQQn_YPoMvuLWBfbQZqU1qLddZTKpGN62pxPuGqx_lXHiBSUDaHGkA,kr,asia
9GzthDOV-vovV9kP-RQE55PSKLctBFOpu2vgnSlFhM5st_eDsWyOU2Io2uaUmrbQw7RLl8odAgyCng,na1,americas
2nQEwsfamz8ZOBNtYMeSdTJeur5B6g6llnyipM-moTwZm5zRFeJKW3dcYhLrnRrMtLzUrroF4MyJxw,euw1,europe
H4E5kP_O20SCHYNFDrH5no_i_vSHb_oxjlXGiPuUjL-aWug1Mc2--VYKB4dziUGCcvgchEY_B0OnPg,euw1,europe
sh80erEwnjizwQkqE3tjjTLloPH_bT2EXkUeRQm9m_nn20k5QlZf0EImvsGC_eZijO-gt14kXRRJhQ,kr,asia
aufy5v8_fFOkhG3j6K_cWz09XtAcX6ejOoRbFB1H0BPB4KfiLS-UsgZQ-O9LiMas1KyAcL8yZRKFew,vn2,sea
wzC7JhdJ84loq5hk-j9Ew9sjk0XLydO2Ld00SSaYxDGO-lFUr0DmtZH8Ve7Ewc4es3mPWm4oYN5FYg,na1,americas
JfwA5IKAowOEzVFixZal3mFONhekQksqc8BEJbeV9hXxcMsouEtf3SsylkmmnmlIvYHyXUUyloCLrw,kr,asia
fIwpXaAAJFIvy8D24RWMeU3EYXN5NQC3rgjjU05K19YCe10t5fPriK9-fhpAn1gJ19Rkv59jBgizWQ,euw1,europe
lVaQChWtUVAs3X3gmTAUwS3gNOUBW3r3MReSZw9OaVzHb6NH6KsbTgqdPE4ifVeTDAttgG5NTjOmEg,euw1,europe
1tv5zlBn67jfFs0MeI0DttJniYq2zD7gIOhSw2u9d2S5ifKp1lTG9i1K9jvbsN61gOEUHr2KKebsoQ,vn2,sea
mcXlhIIbl8l8ySYjALTqbQp93F5HxFmbVVv0wRxXnNB-f3N1Pt8Gwh2jAC7qcFMfSLv_GYzMbB-j1g,na1,americas
34QgxGqftJ1S9fF6aHA18nagyz5NpCx8xkALOHyE6fZaRXyBJXvqJ8WJ0OPDGdOkCbJgDJ1Dko4LZA,kr,asia
Qfoz7bS6ryzU-ebrmMetL49Qr-mThl_bpNcBc-gp1lt6mcUjVDdMk81Oj6EFlryTgFuoE0_ANepeMg,kr,asia
BJNHAfD8-yN1fRgsIUolfPxKmXzGMCEs-W4X71wqjDb7fnO_VxGOizOevF3xaAjRV_glOhW8IviOvw,vn2,sea
1ENMre4LAafMfWsVxLFA072o2TIIQr2lNUzeBx7-NIFPk1LLl5hT6qIAtNMajF_P5_X_Aep3JDwVUw,vn2,sea
agsvzLLXVewhXtTTSX3bBK4rVW2STlOXwLhytUZuxo6L99E8_oVmGScry4PdX0zMmJ4DwLkfZc29oQ,kr,asia
6Txlr8YdYSbPlTUX1h-MBZfRP75doBHyI_7EjUepaih4Vt5qALPbTW6NypeJ2f9V640Pv1YHQ5bivA,euw1,europe
KaDnfeVDgr4ikpKN4pgo_w8qDxsVfVvtiQhpEnKnzMqXhDxdlZNn_zn7Atgb-YXrraQ82SExY802WA,euw1,europe
_T-1wcA2KYDdo2y96l6406wUqTQeLpaFypleorVXQccYw5VK3QsBJmiyMOh3ctMvTI3hv34eMN9yNA,euw1,europe
ls9YN4WGa-IpjWAq2fEh6i-4jmL2YBdRd1SaqxWO1VECcGUUe89Y4SfmJtLp2WzWCUoOvT2oh3jIhw,euw1,europe
P4H9BC8sBUDkku_pQh-QLvVO4WsZig15_9_pwOmZyIMckJvWVudXpStT9GvFcyJbEHRydP7peUr2Ww,na1,americas
m-nBoiYtA9osbqjkjeSkNk2gGw1YPCUdAf9tc5LaCHOJze8Ac_EmcacKuV-dgLIvGc28u19C1RzV5A,vn2,sea
6yFR_xkg4z39LRLtTB4IQg8BJdV0-lmUxatjB20mo87gmcZ-PZZc6WdpeJfzvltNp6pjp_JCZHaRjg,euw1,europe
P322CMnoOsEyxS358snQ99q5tQQm_FEGQmhdKP8rHzSPZ1sE5BEE3dzcNgSGh-wrXzZTzu4heZTivg,na1,americas
oxNBP_NlB6s-X7AZajtwOzTbRsXBz5pa6JdnXYyyS6ZSlNJ_nAOwDINCm4eIHLzEwaRGyZzf2ha_ig,na1,americas
r2POLaYVhuDgdcqXRdpmOKunAT_HwvVcUCW70Cav2H6Sl7CjHZpeyIHZOjT_P9HaPVUTsM4rMWuUuA,kr,asia
Z1C8rj0s2gA0hqnmgI2-myjX7U7iB4PiH_oMkvnsVbgFMwJgFd4rzMGD5YGJ2eRyYE4UngMrNUGD_A,vn2,sea
PiMiXR8sgdKSJ_OrpEkftqVqBQgr7tmw_gsBUsEuYzLPIUvqrDW82nQ3SogoJEnRWQTKAKJoUJpScQ,vn2,sea
Awiao-3adoCRmugW8W7yFz6sf6Eihggci-kCLcQGXePdt9nHZTAgAnZJOgNOJ8UFh3a9o5L5gFFNRA,vn2,sea
pmFfapGzsZyY6p3_Q9d2c2oKUMGnfbRn7ueY8utlF9LXQGQyj71sMpjig9UFE81lw0PTu6hzBHeN_Q,kr,asia
iJ6mMwEcEEf0VDyvzFndnzie-pHIebfUOIn6GE6dkC-FyEcMmPrT29pNBk6QnwrFCJCNkyUzbeCqNg,vn2,sea
aYFj4KMkLptccuyaTg1HofzFh_codBGhaZu_9gaUSGkt4y3w_WZLZhz5Pkot-tNIMXvr3l_EK3fcUw,euw1,europe
NErPsmSJKwyEQ7bId1DvM_qrmfQAGqHsnry2wrE9B_i1v7aUNi1JCAbcbQQEFPivgMAO1YxLvEYLqw,euw1,europe
BlvjnspHsPhA-Ub0TaDYVAk0IhUBGDO_aDem5eVHeDUzxxYhcXWO3ze99yYq97UUIod2rkER8Lh3IQ,kr,asia
BOTAi5yLJ4pWXpiVLB4HZpW1DAe7mZ-wJUs48eBUbUht-1H5hVnlVs_fp4ieBs95P4QMHRq19WMs3A,vn2,sea
WDdw568nIbvHN0x-xiRxa4ZB6gXUIiWFPlIBnOgM772SHOSWA6ACpbmNXi7ZiQ6Jkw-h9wnbMc5zhA,kr,asia
uXeVzwSTm76X2oCbR5irvMwzoNOxEm7ejEiEnAMP7j39FrOk94sHphbQ2PkiuZdS0A_vuTdnMhy9-w,na1,americas
BeKdN5jHew2GCuK7bqKbNSs4aVEgeIromPSQkK9XJG3X5J7-F0RcI_2KuAs5Ag87pCLP1Vp_k_9lJA,na1,americas
hEUUQFNskIXju5kxYAw-vJOCEX01GExj5NS3y1n0slwNOwSd86QJkmbMdMheUPIfLLjZKauwmIZ6BQ,euw1,europe
Z4PPEMtEyrOyGyn4IJoL27ZBQi32AkCjyClm9DA97uBTPDgkgK8YJjDIILgTpiutAPGg0UV5Aw-Qng,kr,asia
QzqqQosw9js_XobJye-trm_YKOWd8zse8FD2D-KKOXOpUrLaLETSIDrUilSGKkduvawMalNt86z1vw,vn2,sea
t5_ADrsPpukCJfVfrF_FCUkrmIs4oAGRrgvn35UOf9Y357YktMfgESIwpUVej1yYgktIQNHp68FKtg,na1,americas
9_B57fAvO_Vp6dS4cCKxI3EGLb8nrTrEOjXknz8s5L3pB8C7mUhthPDqYIVK5Fd0_ILWyVjQNjEANQ,kr,asia
XPmSJUpHJHS0Psj2ffto3skTA9DUc7bnGX12kfG5ObNEqHKNG2ZPPuGTHhAWxOqFqLvSUDBbaK87vQ,vn2,sea
d6Nxc2zOiOTJPJHkXsSF4-r92dvELAo936N_r1O3aWcoa1p1UFej1gNhlj7HdHQpA5s1q3lCMcOiWA,kr,asia
dogb1yEvdTldLe6pqwU99t4eGJ4vXrJvPY8N6zFnC4EpZNwFlqN1JcKnKGCzIbh56AsC38-RJ7sE-Q,kr,asia
GWVBooRJGbmXtA0YnBdnbrAGXicdX2uH4qXahHOGo5dAkiJqET5R6Gh5kPdfk6xt8HSOic7GvRku9A,vn2,sea
7vM-WXnIi60RgfhKYeqX-NikZ6zGIg3U6kHaZQKVMAtd0zqknxV4A2wVyWC6UKDtMW7eqEFnHS3fnA,kr,asia
LJkpsMrm0qWNkdk_cRz5NbRWa9-N5hY75dZpgtUAbzy8Qmu3o-aleBSwg-grAR_vnJmccPMko1slXw,euw1,europe
8IpIIuuwrsUUw8R_2BZko2NwR3xPN8YgbjBh1C3SklvxkN5lmaUoeHd8zYxi8rBI-j1OzZwO5B11_A,na1,americas
Cm0JtiQ0ZqACaYF2mzkOLXwfly0ck4tBgKx1kMRRwLopo8Ld_x47oHzrDQeSAobVV-DG-aSiCNt9kA,na1,americas
TrLwM-WJ53rPKj3y62FtQbj4cGcJCnP_sbR_6UhdOyE1mn16gh6-LZJzN7eEbwpEeNDD8pcg7LrYPg,euw1,europe
-wvnGT2gJx7xSRjMmhGpfl32McKfzx3VM9OE5DQh89rK1CD5lMe0fAk2Wuqql1BxZXnOgyzCmuUVdw,vn2,sea
kFJ17kYWByFee7I4F9gxExQhK1H3AMmfBAXKbBkhcCTqbkgeOVZmPV-JoSxWcQFK6EVRkU7JXdcEJg,na1,americas
IpUh0W_fZWtr23BMTV-2tMU4DK49Gi3NumusmDFIh2eI9_tbCL7lBDUYBHkUVA8YyAsoOBLaRy8ChA,kr,asia
BTukTpfJwYxLjgpzKQdz7vsUx1YlhVjV0XcPJHdeL27yxoRAppqSlb_7hiK82XJ0tPbZAXmIv0RGBQ,na1,americas
n3Rr3YpV7apsvGsLJtoBXWJgIrjVHPP-o_zrV5pQsxlkjZnTwEYvkhIld0aVfvIYs5hZFplfsRXU-w,kr,asia
BNAygKRWYBPyqcektLPbjBKjJOwvmLCGozQ_jb50rkdCrv1Tsd7Sq0uRytqTjMeGIciqCc4VOlgZwQ,kr,asia
VeZ9WIQxRlXVsDTi3uKwbm8FdSiIZXCVV8krKFXUSIBzu0c2HREEC1P6n0z2FeXH1oAxvEI4sfEU7Q,euw1,europe
s7LynNtxsbvHzTPzUC3WBiHHE9GPj6G4jZEibvYgB4eFQG2wHt0A-3OzwNln-3h3Qf731caOOt4KrQ,kr,asia
kSVG2xffNR1RyvTjeOOyJ6WR7-aa8VNPW7cLtvomdnVhqj8XPhM1rsct4p0-OpGkHefUgQlZzaE5ig,kr,asia
9fp6zLkUSDwyYQAQUZs-ahtmPo5fkJwJ_O2-2vjzGD2430VmJs2OuLLj6Ad4Nv2wegpuKvqyqJZXrg,na1,americas
-kP-9Lz9G7BZcvd5tKgC7fNtOzzn3gV25BLOlrjG5WOoaJ_fYrPRUIWXy3PSAVZeLZxja877k2D4zw,kr,asia
nDX2UC-FVljfM5YDDt7BUsMYyf1Q_YbrcGVUASKdrPRp9jB8QCMBBCJzh0BRG6asxDBya0n1tATPOg,kr,asia
vHULlvH6VanAEqZnAB0xTS2g89U2Hx9t88HcQxVufC_4SvxgNfUGi71fTPdk_zxl33wFt7qM_m1I8A,na1,americas
8IvBKQ74veWUkX0yywqJZ9NUD_Z6qNKTfTTuk6BLJAA9QbBjbzqLbQRe_Qn0W_zhoRRaJ0P-2VUAnQ,na1,americas
53-fQZL_-KIC7Yu1DMl2nNwetm2hy5J-fyIr1PpN0xWl2jcpSxZj5y3goBVEcrfSF5qxVRsXnhQGAw,euw1,europe
EwnIxg29RJOh2qdhpZJcNGB6NuUgAVsEEPetyUlJEtOasZwKV8yMeUP5al-B6C8npKpGeqqeQk5_Kw,euw1,europe
JcvP41jkLEenLwVqONaIzU3W_6dDWOmwgqKqQu2Jp4LIpNbpwDfTsST8IE-HYP6ZnSU4nbp6ontsyg,na1,americas
HTyqHkpDL2nMGToftXYicilX-8-bn88XUN-3E1W3qF_mUUeiErX-UGk38_aqG6-kH075cWU03RVDMw,euw1,europe
KFHwz7DHFLesmYhLbrn8uatW9qp3rU6AWDLE79KXv_O9YYl5uX9idQvIs_ao6Seg_rcwPXQiKfhi5Q,kr,asia
JH-WkIdV675xxP8gKwGJvA1aZIzzk98p-hvi0LddJ5Rv9ArdvrXF_C0reLebHcZZ2NqOqnP8Nl_UQg,kr,asia
UHbdVR2MquH421Bw5hWqN2IroGcYq84AO-rVkNK6GtF-VPj252Iql6ZnhRrKvNzUsmW55vmzySL2PA,euw1,europe
WxHXUmBOrQyGuLHyPRo70eGbc2tncavuPR9hu7kx8XcNgVkkGPuv5DH7feXALdNNWuVi9VB7YxklLw,na1,americas
lgT1Jc3NfE6sxMTlwmCM26eGp4hYltCzs2mTqlPalv5pz22NPwNj01MmbGCDROaxleksLCsPkS53dQ,kr,asia
hyM4OU7F3d5mCY3qABre6gEa1RMJkdpLUmKEN1ztbGdN_fhKCti2v3KxU-MjroW7Htt1A2__9-Kq1w,na1,americas
jQD0n3W8KAf3P-UTACZFgtqaAAlLqaMRJ_uDtdcQ7YQwDExta-0LBfsPSfFcN-Fqc6KexLG93SU0Ow,euw1,europe
p5d8frxltjDqD3DNbpJZ-5aDa8AKaTobI1fnSPjRNA48sRYsk0wkOoJH60yl4uzAqqOUVviq_7BKVA,na1,americas
3wuoVQG95zX4Why1Zr8yLxJH2enWz77iaAR5JWaG3uKkSwQ2syEGd6pgnYaN96EaXc2yK2fdRcb17Q,kr,asia
SUujbHfTaIVzbzM7K-0iRx2dzXz94K6yB6QEX34yZ9TrnB_iArVf-pApXQ0WNsQ1zkmOXJZCzFT1-w,na1,americas
BTu5OOuPQXEgDY3a30z95V88HFs_rdHowZzQHgExeIdOT3rATofRkgniMMHeIPzd01WSBbiK6Kkjrg,euw1,europe
kmeaNfaUIchPgaFM5z4UpQ2K4LfLMGX59dKzYOLv5hPlpw1xEQyIIUYnAUv_2VrCFPPx3Be_oD9Hdw,euw1,europe
vr2NdVGjm5OaoLnh81v-hktAOF9DilBWMvz4PDmJhhB7-_h2c7xLqK84xHDbRPxeY-ieYf4M5amK5w,na1,americas
MqkZZxxc6aX8mpr3ITGmJWQZLmFumO2iU0QCCf3MLAr-9Hksk2miD-qc-xKN3CFPJDlzCNcLvg88-w,vn2,sea
AOLdYNaOWYwhJRoKf5oFQ9X4XZukUx-sWkc4fYYa6qcy6qZA4JbYnETHpfnLlETt0o05SfLn5-3DRg,vn2,sea
2HM9J4WTF_Wn6KEIyvog81Hw7JZJE2gjWOqXVSFuodJd1YvwzOmaz9fDCCAEiNxy-xtHizx6QOZxIg,kr,asia
9YZltqG-biGa1sA4OjXXlHb9LB2G4oUs03cWtjXXwIytyKN8nTHQIPKs-PWtWUavbyekCjsT6u9wJg,kr,asia
H46c_HVHCn9nMqWkdD4J78tF6T5kri311P_yGAHrswBB7hHB3fkV9eoS01SLfMApPwfKeLcpHVO2uw,kr,asia
EIdwli45HopG7dgMDmjOFBp3hC7Xui5hBUOlQlllMbHuG8b4PxAZvmDp3vjkvtLwTWG3xjutoAh5bQ,kr,asia
Cah_GesnfHUuCsD2-ppqhQ5zSaObdCDtMp51ktfy7qZtvF_9xFbhUC4jDrZmAmA8jDXk-Itxo7FP3A,vn2,sea
vxj2EYjMpkzr9X3rhTdbMjZ8j_AJlenLR_TzLdK946sZ6A0jVAs6F5Sjnr2pSSgMSy6Wj38HCTQe7A,na1,americas
nLP9aZOfIMS2pOxW-2R7pg1ny7miLIDEzhoHEwg0JHHvOcqz6_9j7Q7lfoXFSo1-x9U8VWRYWNgXHg,na1,americas
iPxmYCDT0co12Hc-iyskzGjojSFQqPMwb729e45S3bvtb9aNyaqdRlT4Bln5KX-8K-LP4PqfZis0Qw,euw1,europe
drBSotzjZf6ApGZPCadfqLk6hfZ3ES7AisjlQOL1Mwg0Q2FCmpOaZxhf5OauNQYaz9W-_8AT_QjIYw,kr,asia
-VudZB6t9nApS6AGxxWPG7pNn374ZVzry9IPCu8JE3Jqa6kRHX7Lhcd88FrCA5Ekb0f7IUYc0RUQtQ,na1,americas
DZhmYrygMgAnQfqiExbCCFN9Iiw4pFCZuJ56xEsrRhq31FcdTelkG-_o3a_oZBA8aeksrwoK6-1p6Q,na1,americas
RI4bs2-qoLokuDnygq_6HoPmB-BMOXONwPE6Ugz-eCNjTsQ7LR1EN0s79TDCycf74P8k6epYg_dMXQ,kr,asia
Q5D8Ld3SIfQ482__RUoHbNH_pMSjtpEuDFaEec8TFFeHF-whfx9zPyFLH1U1NciY5HlXQuB8cOKD_Q,kr,asia
IXSQpWJuBgqMQr9svAQalHw6X7YRy8u4vYNvRGVJBbWJey8kCGJCnyaTPsKVM5Wg97_hInuqNDxDlA,na1,americas
SV0Z6v4_U-Pw_v1JvKahGCt1ensOK0i4J9B1sldEvsPDmtzFYBYvg0O-dghGBp4cD3IBmPOOtnzRsA,na1,americas
E_9aqCNTLZvO_XPf5VDeicRaLZCHv9TZOvSQJ_tMFNI9lOfgIGoKVj6tVymWBtuJZWIx7TI0nlmECQ,kr,asia
YZ6MiTtigEvF4cS6525YW5HOrMvCHADTaDjIARUaPG28SkGS2vxfreReiX3qd1e4dYW5CHRucQo3Jg,na1,americas
y_UdChH1eyvSc1tSUKUPWqApWgsTMgbEtPPy203OgqWdvt1_s6JNmRV-o0NG8c_EY7-42Sfd9hR5qg,na1,americas
Tn9clXWLZN1Ass5RvcZ5opA7LZlm97C-33UHxpip50pbizftVRvDQ_Nr1CahkCrlO-1aNFFvGIINzg,kr,asia
PINAYTFscmpaO15l44EVh-1diELA489E9oUMGqhsr6Bj6x8VQKLLbIn21UKkxLRC1UENdEnf2dFAig,euw1,europe
yj1TTyU7Sy6_KAtG5nKmoMcz-puKVReQ743aP0bFxtJPnVpVsakdh1auVHFxoG_1eKFXjyLcJ2JH9Q,na1,americas
iqgQSGPFaSVmnR-oSV4KMB82PF49pZF1c3JjNggDXHe8_x3WFFVFGYQqaVeDsMZsdGoRSUS61vrDvA,vn2,sea
EjrDM7Sk_Wzd0ikI1jjevZ-hJNqOu3qJVNh57Z-J2kjaUdY07LZE6ktSN3tvpTFZJnKO45acD48O9A,euw1,europe
VKL04_0IyOHDBM_hwP8uUOT-7jVbI6PD_MeEjhTW_42sr16IN2oib4t4fzGEYZJrdCk5rD2pyMdQWw,euw1,europe
cMJMRH2Fgklh4UuMRmzXq3znxBFdVhqckNQc7PnKkMNDt2vSmd82ZB_ErknFcJkam-NEqC65nxiljA,euw1,europe
NkHo6yKC2f9TxLTpVCoNkpc_OxQH_3oyRcpwskvVKJOhBDvbHZdzKPNuNw94E_vCXQ-BOHk0s4Kx0A,na1,americas
yrpkbo8Qt1bRQJf6a87amXpC9zH_BzB_KbcKscepVGTq7XIcHzAEPNjTb9RioUFSu9jDmt2t6ohYng,vn2,sea
AtuXTNX4mmA0PFmuRAVd4_dMtdGkEJoVs_WQQQwbmbiSeFGsb_pELYPS6RmbbbOwow7Cj2LbFkxSPQ,na1,americas
9fCfKBawgzQp4-W5_KJw4vout-4-KhydyiCbTBIXvDiOhBJxa0mKBfVR4_2x4HBRrvwBL4Jh73aKPQ,euw1,europe
1abaGS47_jQvsSGyYNCQVlqjVHSLAi8n0QOp9vpjdC6-GliIiA3e-omRqoHJlsEO7yxLiItuwHWKOQ,kr,asia
HjgxoVUj-ExPd70o89EckNV9zMlw2y23RsTG6GdLdS2LuEO08PTmoftfGWYsUZBPVdlvv6IZJRlimA,euw1,europe
vNfbt1S1hsjmOp2Ksicklg3x-nNNxJQA3XoHcovNUmHNqtwz00YK5GfxMqXW36CYm4ny2vjJwv0i1Q,euw1,europe
gWs5Fg3y74ZOyBztg5R0o4_ICSuWVOzcisTXO61VsTraZ5hwZt93P8YdGIqgyy3pqE1Vm_Fai4SQHw,vn2,sea
IVq6lSWZGIBchhiUjVs2FWiN95Obp6puTrX2l74hCLf5LowKy9tAnIV0fnjEIMj8JqZaYXg7X-BRYA,euw1,europe
jsOT2Bk4BbSC2qMEMiVQn30UKSiNicUJahq5ZupbeoNDeuXONFuNOi0bGAYay9ANUUfQ3eVoU_GA3g,na1,americas
YdJmgzK4hPGZslIAtj6uz7KzUEcpL6iO9JvnBkcw332RajUy-TndJZTIAVt__5tK1MpH9yRL8LnBqg,kr,asia
HQscZrTMqJwGBc9-jJbUUs6s4BPcneYW5QpIM7wmOsNQiNUchzv9Zv1vV_CaIxtmCTuRI9e9UfEUVQ,euw1,europe
KK1Ojx3rWpLCAj8g3zUP7LvEWjETpof_8n1B_Q--8VpFMQvJ0NiDbXzypguvoqoI4NdqOouYoJOx0Q,kr,asia
SJnqkjkhRKD_nc6sGqrbMvOxvnbtRKc2P6_zv2QrSnzv1QDCuZ_RsXayzyws72FhVNRD8r9QtIFJEA,kr,asia
rmql71ZHmnC_cA30l1ZyEDtG_aGiHtsEnpFYhRQtZ16r97NRydPGdirl1QgoPs1P8qSCBbPHVrLMyg,vn2,sea
qEHsyYpHAECzShX2F-e0slyBtYP6aYX1BgXf7qj73I4lLL8Skc_hF9lTWmqqLBMlM0WtfVS-8WtJtA,vn2,sea
6aIBtTSgbK5529Kn2SBoFkiFZwAuIdQq1Pao6QyGyflZ9EnxHBSuzqvoiwuNjzaaVVsqTQLxxUAZYg,kr,asia
fTqhcfGbazbzG08YMFS47S_i0fvPHT7lyPITo2HnOMUZJoGn3IJl_YOHoWviI9Ms6NWwZlPOoqZOFg,na1,americas
Alc4o9EKsbUTNSiSiy3CMDih4Xqz-zO9ngJZDeMGaBpZnEzOr6S9QNqYZ9fgbDvK-9u_FmnWDT2n4w,kr,asia
lcY9OuigzAarQjqsDqHQklOSXOlidhq6uns46ygDvIEtKkHsqBI0TkuLwHwt598OiHJQ--Vtx_LECw,kr,asia
QZsHIG53o8a1PxZSlFMiPKkeaeoRtiLUFGV57DSB9apGftkGKAMCsAGEFLFll2tZx50sWnBxaTzzGg,vn2,sea
jygwh92DR1Dhzyok0gOWuepIzq9aqiLtTsJWVMndqf7jmeXyt0bRPiRYUqSAkr-o0CsbxhbGBlnVNg,euw1,europe
jM7Hy6nau1DpBlH2x99b3cbq-yo8bsq568FaXf-GosFa2e63tjPJs24_hbZeXkNA2P8zTFs4TtFKIg,euw1,europe
rq61UVOlnEDMudT5PxOEFFzhYz9A92GshapYHC3bgjWqQ8m7dT3oZF1rNP-sp8dxVocSIUdE6zdzVQ,euw1,europe
eBXam0LyAulGneZF9rmBSpPT0BjVA34SQEZF4EJr1MrI4X0Tmplw8nemXf9Y3qdwddLPqiSQsN0jyQ,na1,americas
7i_DPlcyIlzWL_x3hmVipcrnwYnSf8ulDJ_YAPZ2hLMf7lG-0wRfE9yHzdcHj6YObBqLkt0-zmpgEA,na1,americas
un0RqUOj6ZsLJcR6OEOX8GtyQyNG38h0uGEXWSAiSa7AArMzN18IT49KOjebjx55pBINL8MMGjODVQ,vn2,sea
_ytp5NyUgiJQcwL3ooh4HEGiLRUJO8T1vEBQA0BoZz48dUDbpxwQheY_uPe5vje3pB1g3JOCDNFZnA,na1,americas
pHP-Fr7SQtczDx9ccdeqo57NOUlHzrzWtLd5QlfjjNmc3iSbes4auFsjkBFcSu-JlTaIJX4vUFPo_w,euw1,europe
svR7Pd5rFo87SAk2tqtP8oWpNNulLohQw6fgPKF_sz24_DFyg3voEWVatPoflAzUay4QcClGv2h_Pw,kr,asia
Os1O_lfp-7MRRUUU7k1sismH_fLLY-zUK3yvUdKVWdLDhgSnvikkLQedMHqBCQvxfCvFtv6UECruGQ,na1,americas
NxnVbX5r_W_RNUkcSl57pzF87eTUrW4Ibb1_1gCPN3t0Uf-MmHlrmqSRKE88P21fYupxfEjJ9NmfTQ,kr,asia
pvgDy89Qfg0D68rbqbhb-6n2OL4hyBT4Fg3Jb2PmM27wm4HbVWZ2mDhCQMlRxmVQNQPlVcFm1Y0nsg,euw1,europe
Q7AaIHDr8JijIMrY-2eFWfSS57h3cyEUHiME5r55Y_8R4VdklRsBzv7az1Quh4tc1et8q-GAGsPnyQ,vn2,sea
WzTW8iulY_HRJZ5XAxsEi8mtZPAppA_TO3G258sfdwOZTaqOuKrazxH-BeRdONy71Wcn8MABygTV8w,vn2,sea
YppnLTacCw3R2Uj1fFv_fIpYeJtXoKtkuyDGsgCs_DXMgLZ814o86-6Cnu9Af9WpMSIOx8feia8nrQ,na1,americas
Tc7pgUgx0n70r-jpQjq-0pB625qAb7apMrpmVgaxfbchqbgV-edRCpcb1_sYowu3QWpILvcbMMXdow,kr,asia
M28_c4Itm-tqWUFWKDs6ZTkGlHTC6Sbifhm4-QA9UTMq3CCdMB_28R5utReyUsu0PiWePVIPDwBolA,na1,americas
e7YRZGESDE3u9ttz3VEPxhzp6IUVeBN5mHsj_YCogAGpcsI07IwxyEdDrdTz4ux6ZXNprgZqrpcVUg,euw1,europe
xhGMNUYTAPv2V1MMy_vS1WQTsG5hIs-GHbaI-M6coHwfmCgPfRUVJt1o5Ne-SsSEZBWxWJhlMs2DCQ,na1,americas
b2diEI2epeGjnb__IEuiRtRIZhjc_EW_XtFMl0IQUwA_VcQuCCzpl-LkfuoDBlv1KbxRrwOKyKSzFg,vn2,sea
522w_gbMP5b8I9y_hsLH-7piJcb8paV1zUJo9QSShelgCxTWQ9miaaXTS83cq5jw7-9sT1Sx6Gcknw,euw1,europe
464A2KIcQEF0eMn59eHArlA2_qbFgLeurxBpYWbQymeUZDkfnmCkX3pmuW0iypy07j0o-_4r5R4JLg,kr,asia
wa83yMMTutCb5XFH3fB6M0du37xbgT19L8QSo_RcSJMAoLQCTNVNEmHEkKP-0kayohgFGh6dUN5bGg,euw1,europe
2xkGx2K40j99ylNfDXnaCiEhRqlrVqRIPnKSPOZ50AZ_1a2f1s7olMx6MLgkrJy6h3C5Rw5S0lf09Q,vn2,sea
SRU_MS8HFDbOnTe7ILVRbJZmjKWfONhxPQjMGwuL_vPMH8TP_5M8b_NJZvJGDGNlrcngVvIKgVUHGA,vn2,sea
O1Kex1L-CZQcy4TfEeMJttXgAGaalnoDgqb1FaS_CWqq6-vTw6lw4ZvWl-2urwRHTnhz-Y9TfpdzsA,na1,americas
g5BqM8ifPjWytFa7ZsrihEOLxjdgvHzGcUX19U-l19bgghWfqgLA2xqYFMrgC6SH7hQHgzLuodzyHA,kr,asia
T3kH_Y_S3pYJYgTgR8g0-mhXR266p8WjwEU3M40zJ1A6ceR9TMFzAHkZW_973vyDU7d7VtZsC5nbpA,vn2,sea
-ySrGfedkV73aAPXpmxef-xEGh5v-K43bIdJZYJFUsW0i6DIlgU8q_MVsg3DRRpLPT2AGjnm23EQwA,kr,asia
fKHRnxoI58t7n6mkEJUIUjuo1haExgOQE-7d4kRKrTZcXwmy1DDfLQSkmArYFTpaPaWz2u9_LTmE_Q,euw1,europe
O6bAhvcx0ThMr-cabbqYrwmg9NCsrqdoWXfFtYY4D9nxMI9TAY16OF_KMhhf95Gq1IRmmdvqPJCH6w,na1,americas
IzyN2_B3zDomwdvOvRfM3aTgzSOaT8K9so-1xAJN0PKRGRis0PERmXoXnANrU0hbINRNuPZd2v2WUw,kr,asia
gCLUST5Qg5kurUseVmyy3KFNTU4AxvN0wr81wy-nGIqzwmqILVbIOqFfGQNrYPXaROY9IyXS42PdFQ,kr,asia
3unkBv17h3oW9vcz7mr-QE6iX25XzQ4XszKv1X_TTjJGuDj_YFV4pwlCdTG_a3rV_7D8cKX1CVhqSQ,vn2,sea
453Yo5fOLkIyq8_xPUUYpxsbR_J6b00TWTveXMedjllUol-iikAn1T05XOjZONEzGxeOdE-4KIzETA,vn2,sea
K_Vi4wafn4n-Ne4tFQ8GaewFAuH1YPum9rY2N2UfiiJ3da4qCAiJkDveLYiZiuFU4ntBeLyvOBut-w,na1,americas
Rzp4eImg37s2QLiknBmOPzy9Uf37Sk3cy0fKr0bhjB9Pl49D_Bl_0MsOfmEo4jCLFHTx128mr4n0GA,na1,americas
-_crLN7RO2vOZOYCq7xFDu95fAViQHrpqv3sa6Bk_IkvPIcPL4kBJSNuJYFTA6-rjqVnYwBujKXnwg,vn2,sea
7OeT1_SJXkCzUNNUzpQnuHDZeaPExvbCbxp6vg91Y_hmnPZ1lCKol6v5S-pvVPQDOsUtcHiOOGS6aQ,na1,americas
jtWyWn1PSXuKAwSPw1er_oxafWqHx21wZ10lj9Rh8vfvsZq5FLwSjqaqHCf5xq7HzEutuC-q5i5aHA,na1,americas
YohkogFwP-dYMjwAJQjDLxqoR-P8HsyhRbOucTAWldn5faVqAZGZ_Wa_4It6NlNscjisPiNTKVelCg,na1,americas
KC_YMPt_IimQ3iD8pjSh6ui4N9AQztFvOF0e0PWx2cIWXezuWBG4KOXeVait6usYqc4NC-tRF-p1kg,kr,asia
UROucfGtDebI-UVG2gJts7ZEeZBzYPor0WvLSa2zmJv6OeqgI_hQsjFDFMTqDH0-4P3SJbPsW6xOvg,na1,americas
WPWHF5W51xF_CBx_C4dsrYMAkcCDHFY62MYl9AqHbn6XvTPmmxwWwfUyZ0H0QRN3c45x5k9WhVIT0A,na1,americas
kDH_KzzMLNMSsMLSkWP4NoM0NkgwoC93axbCxSdUsPleVFuzJJcrALuwe35PE4wdHsjIHVApvkAk2Q,na1,americas
SdhEJd91n9d4jlK_x_sqO4yUrbxI85myUefD43Rmc0rhTv_O6Xuw5tqI84lwQK40qRLxmigoNUUPRQ,kr,asia
xatFYZwXZqIrNv6_BJuPYluT908irzTTvY2ze6AcaM4PT2UylFpuESvjYhRiA_FIJBzJKsEDL4VzBg,na1,americas
7hPvIAqjMiJ0pldOjC0UsQePJfQZfncbYOfxXkr3BPx6TURPATeglQyHhQuCBMn_2hj9E1VSoSLhXg,na1,americas
FW_VqgKUTUhdEtrK8UguaMEq6jjIkexApPY59py_Z1kb9V1yDYhgmEIn3Iel0YuJoiM1i57-LEwbOw,na1,americas
8jntk-sOZbTJT6siszYFU0MzVe9haGJaHdIPg-OBNSIlVxGA7fwfSQIvAmyRuin_omXmyAvh8mEYvQ,na1,americas
aGJqOtvVALxeWYVLMIy6xS-7Ck-3W9vGV8z_iN67W1Wtv7yjn-9R7TAAJzsJU8JARyudvrHyjKwGsA,euw1,europe
iIFK5OX3zsWaGnyINsKkBZT0uJpTR9MQtQWJFnn1n9Qst66TaIQeMjEF6o7bQNJ612AuEmEs9UFy7Q,euw1,europe
jZUwJVTi11QFSD5rYEs0Uavrrj0iB_1stfkzkBFLswFOurOa2pW34obKVaxJS_qvZJmQSuWV0jp-AQ,vn2,sea
7aIWIoOnIoTdSUycT7Vag86AliBr0iOvyeNDJydjVT3nrArjGv_15D_4aHiIC7_xzilhXjlylqrTSw,na1,americas
y6TH3aaPzLPoCDE5Kr7_B0tH3WucRGBvnVRf7CXxwDWs-hpV85xTiPC2eSaokwexknfSklkXPNU8jQ,kr,asia
mdIuCi-LiBVtbLKiEUIH2ob8yCsFd3hE35kuSLHi8-BiG2xY9FLsSIw18J_3f91dLgo6GFwIr761jw,na1,americas
Rn2Y1uyY_D9XL1J8GXOUnGicp4oHErJug39RKhDtrZEnmugnxSAkmcJrvq1ICjvK2elfmdtzq5RcAQ,euw1,europe
31PsaHLYjFmQ0o3GQxsqJ-p7baMOvQMYAnIAxDMwDfABKvplLM2eTZmbulNycIKRiDaL4MtFeo7lBg,kr,asia
KcskDzD-jwhRqUh_cyI5tQ1oREIexsvYoth3zJzSg8ewH73WXsTMeLYkU2lC-nGemMD7rLnzSY208g,euw1,europe
2DwubX6z-fN9rlBCCKvBa0WZ2hH0kifzWgLL431B-nDueKSp2cFm9t63qskPuJDP9g2hCOKy-3cWgA,vn2,sea
e9lQjC4x6NhaJW6uc6DLKf2Ir6qbOFktUDvkDMNnndPwfimabRqWR2Lg1NwDwzQSrPF61RP26DgiSg,euw1,europe
7qmtED5bfByFUMr7JVWXqE3MAj1a_XA1lERoeYt22TWY2sJDY15lXCR6qNLrfBYSaqYYLvIsCo_g6w,vn2,sea
T78UaTq1tpEYZywP2YPcjy5I4pd8H0Bek7YQMyeF1BNhm_0d5nLTNefWqtRTnionsvwMUgmZTTfdiw,na1,americas
sarXS3hVJopVSDlWs1nRmqxr55FpQY0uxEW8zjU1TTRFcHaDxxIpysoumgL3yIVCQMcXXn936dK6NQ,na1,americas
grp2fVq3vP6m7RqjXggOUZNf7w0OWos_SFMC40xdb1wegnPP_ZmBsDSWDvLisBTxYhPBqTeuWdNOqA,euw1,europe
FmlYNpMWBN4sHJ36qZIkxrfnk2tmOZtybySma0M78cZuyXAjcNkJtHsHVhqi3dCOyki7Cyja0NFG7g,na1,americas
3vUvEefKHn7ukOdEwDyapbTgMf3iVcKrpgdvDZaa_I1SyJvre6vttcIAO6UCm8Ip0HKCcRzxKHToaw,na1,americas
Oh438PMQiR_tFT9zGhCSoDMjocYrrBhgLHL6J6zQd_2BCFb2RrmdQT01DQ8yOgtZRyhmny1kM2Qadw,euw1,europe
dv3KrsQhDg93BL_gCd42CQaQIkSDzFAQyUXlbYPQDBGMzUSX0Y-b_fL-aWYXglW9qX9325H9QJFgVA,vn2,sea
3sR_RFJGHayNm2K9DwBubBB0weIrAZIXUaHBrLY6LWe9JzngU7N-K170B2O-VJzrNc-tBXuQrU-xRQ,kr,asia
V1iJ0P0VEfCjYkgQYVb9Zb4pFyrwGfUMqUdNkN6VDMocWC3v05j5fwKsK80cjrckeQRFK0jjrvnEAg,na1,americas
Z12YxUaLIHiMl7EIMIy47nSC42IK77KbNpFxZSQLWh3jFQOZwbHVC_074FpprZ9kD5R20WY1iJjJag,kr,asia
e9hPWy7jufmLHAEuySalckgE349XNHaW4N6JYu6eVqkBhZU-bLUZL1U6ErbXxWuwy2KK4tqGqACeMA,euw1,europe
RVax-7UmJj1wdD8i6lJIqInOJbgTx26F0qLfslzIaziYTvfyDMoennGmlaURdUOyWWEoBU4BTM3J-g,vn2,sea
X9kblUcozWwUtUetUM8gPPWo1H-jyKW26ADPU7wPMfAto9Zfdi3myhU26r8uSgXX7FDsv4sIm9JgHw,na1,americas
k8D3jPXkctBdSKJOJ1hkvATsNjsWLnkFhVs7GdyMyRWeqq8OZkqtA-zKUWethjhxoan61T023EPNnA,euw1,europe
LpS7tMXTK1Kq-9Ung_xBwHqDpCys-CYJ9VnWe36Q9NkwKkFDhO2jvIO54F-2SrGDRIE4EKiEmYBmgg,kr,asia
UHsESmIvTL_f70rmCRwaueN6MsByn70ESBEsDSUgkhQR-HWsb976n30S-pzxvwYnQ_uNoizL2WMq0w,vn2,sea
ZoNg9FwN5GeprZZt5f3MUGlOTxw70srmvRJxRSkZNlefSq17HFKRPk_UlM89VHh4LJhJQ2ItDEm0pg,kr,asia
yD7ywMTsJFuVwg2QqADG6gC5XMLv64v6tc8GTwK_q43ww8bs3D-I5ZqbvR70Mylk-2NEyrPL9iTIqg,vn2,sea
752A87i0xDKxcmp55PuzMN3TQATgDghK1D0NGDTFydCUoboMS3acgdkBTqae-jlGPIg7IikUz1Mj5g,na1,americas
_3SX0PSj4pxH0wkoqKq-8_QG8l42AeAT6R9nl_bkGPLM-bGXC0udBiQPnCRlNN0jzKtsW7_wFCL6DQ,euw1,europe
H0LSleV5IcEKVEI7ey1pXnONpQxtZrLwcFBCCzRRaQ0q3da-d436MB9AqKxeUa30uSYC-tGcPXEFVw,kr,asia
GBbNfSBnOabefZhk9F522_04XTEbPRi3pLyBSk0BQT7Xciz6LgwnmgQmcuOuS2NIEEbM8Dyi-KuGuA,kr,asia
6n-d9hexgvblQoQmoayRzU0DFEPYVEs36KqthUX8gKOTOVJmE9nWpRVXy3VClVhdZSqCmJbr_30mzA,vn2,sea
GVfQimP9c_O7VhoJFMwUR3IJmTpo4bAeulSWAanXPGlxcCMUc_BVa_L9C0B8-gVz6lIJPLP5FXRlRw,kr,asia
26Or3ExOEuz9aWYRUVV9fMzy69HIPfqqaxZ6PbhIm_w0fQXGad8T93SPt92THtZrpYpbNPP-JwQfxA,na1,americas
fan9ArjLTTEFg-RVVtmkiZma4gCUNq9zAiR1mnBs0mrhuQbP8hsDUp-KQeBjnbc8OXdjp_NgrKx5Hg,na1,americas
tKhu2o2G0YOdyescl-7BSLPkDpBqhAvO8z1ast3yGRIxJQOMTmxAjpP1XhKUCqipv1acD4cRervylw,vn2,sea
-76ohcYp5IdpezcXLseoRXU4fYCMEe0N1IBKve4Gtqp67-dTIBtVi_97nQ8z7aoqjZaWOn1Yn6klZA,euw1,europe
xfo9EWx9Rnx60f4iTHY_k5VCh_AX_938cxNCZ0k4zwS0KHkj6914o4zFfskBbismZSDnFhNiFf750w,vn2,sea
WUcujmaedljKqNuSFsAy415tEons11hLJ-9a_F3B1Zg_Da4n-AZt-wEBUR2F5d4XFyoJbZsqhpTVWg,na1,americas
8N4Brm_wfV3Ht0tRSpdrf_-6soX0chDPWV0YXwfuza-2Igh1wVQtdH_auKgEgzanQfsAcTwrz8yHjA,euw1,europe
GQSJkww6j65IyIelpojVF4_Uf4CqzedmHvArMghEsCg39GELI2Qzoc88GEsD9JOyIiQXPE2VkP-aYQ,euw1,europe
Y2GQz2_ZepYBxYXUrlhLqXxZqIP7gdDdsOF_gP5GUkDzHKqsuraYKGiBtCj0OHhzbhwfT_gSqeZhIA,vn2,sea
MjmPZLWf56Mvz5WDtW8x1YYqV3ZTFLUnJDSVcTeWtb3GhZVzmvmPfbgesCqMcPYYag-ITy6UYaPfWw,na1,americas
m3kEWe8Y5x8DdOEnRl-yY2-LFDhNfSbBW88Z3H_c2Aw3b8L8cppcEVEU4SUnrFYtPQPwTOvjfKyC2w,vn2,sea
qpIYGECCtH1_apFAJGcIrLsMusukCTnvhrEZMxeI4Tw29Cw-KPlYb_oXz1qrcTok9ZdA0o0nkD5Blw,euw1,europe
7B2jFZb6oUlHJEQB2MQ_VRuCri3ulLDRGhfECfF9CWvrOhMAMgvNu1syOeZKYJyj5HiE6cBRhsQ10g,na1,americas
hoDf3j_J_RmuxI7TuTYCgqk3rFL_Cy-rBNk_EiWV2FBz_FNTD6KuA_brs3eDL2icLS1MdyWK__qRvQ,euw1,europe
syTdgxyVDfIoNPD3BuCxNFZIo74ucqFUdCdTcL_iFLl6CIB0w6GLmeKrlSIg6zf_dTsDGvAcuDeinQ,kr,asia
vEAQEYRyfEd3DF4wiFRT4auWH2xjwWgtYvwKteb9TqSLwczbD1MDTH10AwMPBybh23TWPDsfuTpVZQ,euw1,europe
CfIaROGcESDDafAt_VTiUwn7v8XF3Kf0H9YPyQdLJgCpovT5uJvjSI51Fi2S3iXRzrPDXIolHw6uVA,euw1,europe
-z8KR_82Jjat_vaQ52DUrSQE8NAlo2BJXz94w2oGlkhrzCFX0nq8Kf7bbJz_U000BodSUs0rWFyBgA,vn2,sea
a50jdPpTaE0Ya2Ioq2tasd3CgcCaMTWCPfrgmaV4NNr7TTqNYx94soiV9kZnAEAocUHOf0xFBS6ArA,kr,asia
z3C0odQeZ8of9SAFo7NmotY-eerPowGlH1dFPpHLBB2VyjQrK7OouFu3UACO_EjslM6mYgGJWq7TGQ,euw1,europe
oQGsLh6XZOnmu6c11Y55Bjk-Ecu4YwBDuQ4NMho2Rau1BDRx2POccfBfpXvkg00eusBg2kPlAWhVWw,kr,asia
tETh8cxzUT-gfbcIO0KmfK2Nmb9WDYwiLq1zC70ICP2fMhRqX9_4LkKgH2ZZ2Nv3Md86LJ51hyuHtg,vn2,sea
yVCTQNIWG_RUiWQoRaTWYHx_wg2Kvmypq8PZ-HjzMmdvPM5ZHXNJI0hIqUhOsSDldT9NH_imEa4dWw,kr,asia
4ieSFIIM2Jzjcmb5R9aCELLa01KWNaAAfIabX5R9i7GED1L17d9GFXBJiQrQ05ecT9R45o0lBrRL1Q,euw1,europe
A80_XV2ks8iYHUWpvEn3O-G7AqVl1tFirMchUXicN_gkmdn8D7w7cxef6H-exebLYviVqYJpuOgiaQ,kr,asia
CrK64HrlhDgni6LOFu8p2sM_KmGbUl3LPbLYowAHkolzE15nx1XJ3zCm6roeksmDKjxP9pUrKYCexA,na1,americas
29KUpdHEE0foFM62O_snNxUBefjONnnqe8KkLIFYo0oXdsXkRablaJRekDbYmJJW9Dl3z1D6DRIBCQ,na1,americas
SqGvZO0mPKol75Be6O2HGpB3x-clQXObL055_yTDac-SrwsB4fzLOfqT-ZCNajFvsqrvA0w0tavF1w,euw1,europe
3C6QCe89naGnsZf4sfNdzPQOZJ4tyr3IntCF1Q48nK7mE_neBurujlnDWRUROFglOPPeVdc6QzeHrA,euw1,europe
LrD7D4srnpiND0Gf29bPZEax8KhQnBjoApj_tTS4pg34JgSl-XSjS2pjC6A2rMZgd25ZxyUNuI3nYA,na1,americas
O7QeoskP8DPEWZz68WIYOTTfMbvxVBBRCF4sr4IKMKZhaBU0FXJx53mHlwHk11n7r9IHOou3d-83cw,euw1,europe
ox_MD-jrKuKVjP4yd2lyyHniLLhLa9tMWZkM-EBbUX62BTHcaKLOkdW7_rSfME-qX3QGcsMQfzek9Q,vn2,sea
b_vtftm-0CSkeZw13KsEppJK0z7nM-a9hGlNMVVhszKdIwf6UiDlGg2MCTwkJv1k8DpUhrVwAx3K_Q,kr,asia
uwnaxXDu9TkM4Qe1XadGYIUXzyMHStUJraenMNH__c_8l0SvYR4CUYaPora3A8EQ8qZ7ci0sgM79gg,euw1,europe
1HazOI51ViWBl83a_1JYwJ_IADn3ummyG2yqqz94Tsoq_-tna4s5UXblaOsraJXf51HM6bFeKp_C5Q,kr,asia
345JOqhKruDWt48ajD3D9F7oUB8RaU-Pa0ZpGfCBllldeBF1X3EhCoY4sOfWg1y9MkANt3iLVji0WA,kr,asia
5d7q5TWkBWS95Ijp37dNoguHiHLL2fM3YYBRyQ3NTvNstEwgWz-HbUOS1RkN5HY2XPapxZcs1z8aGA,na1,americas
0_Mkl917zJ0De5WrEaDrwtvHqbVkccEE9-L_HOs-oyBG4WIdTQaxFI-ty6bLvTcw1lA3Eb6GZ4Nxeg,kr,asia
3Fy9HxqYBYRlgWgxfOcwmCPP1zNqgt4pD3GFjzLHgIdpspftI6gjCFzciiyx7jCMpGc2RlQUXOU0xQ,euw1,europe
C0y0iPe7fNeCny0s6Tc2TsCDzV-VlFRivUKjehQ1MkcdJTxdq5fJf_U3ZTj4VNvSWX7TRAFUE_tk_g,vn2,sea
_YzHdK0cxkzumK47QEDg3vbKBNK5be5m-1lbajoVjjDytXKrGIr5LHg82bF_BgY0Dl74nJOUWlB3ww,euw1,europe
F_HY0jde5PNNsvXgKfemQbSMz1GOLKtRV1KfTGOwl93p3HeM3EPFGxG2gRyQRHCFPzhkuJzXlu8bmg,na1,americas
XJ2Y5ctcmueFvP-6CMeGaraWfRA9ezHJxmMmRwWhcWdE1X7qb4Ky7l8Y5Q2_QKuUXUndhDZQeHtZ0w,euw1,europe
CpcWeRmtGiuU9VYsn46uAz64wJP1GD8wi_tGQ83QMoneRgKm_LBxW2C6dlzBeknxEzXFh9HWo_l9cQ,euw1,europe
5HgJxGtLgGP1lGCQwesVSQR9anBJPAhujU2EqP5_iuQHLOg54SDodnyIlb9sdJMrXWnHVmWHnFxEIw,euw1,europe
vSm-O8ZFO59bEHNjtGvu4ambyaHY85xCI6hOTrHvufv1UMCtpOmpl1xWcZWBOlzxF6S8Hn1B6OiA1Q,kr,asia
eHU2cTm6NCPzvW0AyEFj_CCpW14TCaKK3fi_OezAPz41bIcXnVFgTo8ZzwE1gLpIisO7-uutuJ5XDw,kr,asia
lMn7e4JsUzHp7WxTMloP38vSe3jk75lZTKrL8XAxRnUifHjqIgO8F1yZ0Nl1NxpmVOyl6k7m6jyqbQ,euw1,europe
BXUvKPPYlax7YJaMKU5XRrIzoO7ab-n8NeJuIHkTC8EX12Apgi9xRPYvUR0w-SOYmnmZKi0pRnYuxg,euw1,europe
8OMsMN3-6LJnkGvULna_8i8yR7GaV0KIvVW9IatZ4Qr3DTIBoDvc60RpJRKcFySkPBEaVCUQ0axFMg,vn2,sea
jwd28HFFxkEjSXwLoErYfgrSk3XrL5du0tUHz_1TI9IpiCHsAMm9H82u6UaKHh5tQYFnk5G6p0ZDKA,euw1,europe
nVdcHt76XBOxWj0L0ryQcbGkE1K2jH2Y2F9Aw_9LrlS671yMOQSD7qY-yjj0_oAi2gLactl1JKoWQQ,na1,americas
qpTLolTOTZWhzCdTEArqt4gvdNOOXXXXmC4R5HxncZ7lVs6PdFNJKodAh9cMJHFAYkOi36Hw_A-BSw,kr,asia
SSknUD7W57Pd7goKbnjEiLYVq7KYPaly7aLjdf6GbztKQOV6IyXBe1zTLNeqsb9fGTAj1nVOz6pG3g,vn2,sea
Chj8fViil7FCsYeomEc9f74dC4mfMv2IiAewg0IvHLprTvu6fua7D2axDhWXx44x5_d_REB39NQefg,euw1,europe
JqC4eXJc5N7oD19agyO71OO9YxFHCLud6aqKOlbt3xjiFunQuFgQuCkKmtJopECNNk4faaK8qnOQTw,na1,americas
wbI7U24MDlVDjParEuQT9C833qVRuGTHYccQb_maTn75bX5XyFtJgnsvIKp94sa0FOMzcB4_87SvAQ,kr,asia
bqspOSgrrNFfhhKQMvkxUuIlU-nDY1SoEK1g7kzovIcZH41ht6AkMWoZV4PThTH6Zy4oL7zysaLCrA,vn2,sea
PS9vQsvCk5DZe1ZgLMTLlvh_VHjS5Ewn4kne0CUMBB9HcWckUzRtrCpWiWUNz1zOnIAKqaJucBwNdg,na1,americas
irmBNIscUUALkW6jiVRUS01uspbDsLqoBB5sq_8GLPC6uy5ydN_zk7muBDpyNMHWhw16lbAZPBQrYA,vn2,sea
kKP1WCW6LDRRDI9qM1s6pOIe2kjv2O3fz-FVRFLjiW9OQhql9Z_ydSnOkuHNNyZXDNxvn9zvxZC-Ow,na1,americas
BIpl5mCAYVQwuIXy09Pw-FhwVQq0oc_6DTUX8TY5jr2aSOoGsZhyZDPIkk-BhEyGaA9psQahJ5iaFw,vn2,sea
Sgaa75LRtVdRRH-2-1DDO7DObXRHskENCBAzmNTQPn-1JJAtPAvk6V1lWpAUCqUKQpKtCRb-M163Pw,na1,americas
pgPahe34abpBejxHtu6cw-p0y4nYwm4hwn8QbTK-Ua_kDFRciBTyJMtbWxtwvXHtBH9QLEW-W-p9xA,euw1,europe
ARbazky9m-h0YH5jIJMna5PqAUKhsklnzYLUQMUEmYCg_YKhZPOgc_Fks-__zZ64tTObgFWue-NlIQ,na1,americas
zMz3Bucby6JYWmRO8SgNkFOJMWLjWu0ATY7rifNnpQB-mW43to5Bhcxm7fbm2A4P1ALqbuz5EXOxhA,euw1,europe
J9pT-5OAADA5JKeeBW3mCDX7PhN_cwNQCzxnJQuPK7l9kB7AbxY7QbrYSxIveq8ZV23XKyGu0PDaLw,euw1,europe
QMUG9aX1IWvSce0jic1qzaDmVg7fuZz9JG1XwT-v_z2bbuTYglNy0rYLbcCMnSyfAJSq7Tg7SwFw4w,euw1,europe
W5xFTbR0TftOZtOq0yJBsj3X-LzGd0hc7gmDWQGBrN-bHRcLP21XDkDdT1F63ZpeV-Ha12heH2LZ6g,vn2,sea
WxjAiOPd6tM94HtHTJtPpS4IR5xbAfS_TnWP2AX_HlCAW8VF1kDdw0FNQ1IOsrv6uy9L0g3LJXsjNw,kr,asia
jAGonKm3biqp4pIB6JPnc-t1YxVTWID-q1Gz4QKRYNeZdx458o5SBBYD7MrZCTSqS-rbCiACezEMFQ,kr,asia
BNjdx2tLF_jza7mB4yWVovOWClQXCgFV-kUB-BsUQx2gRULyWw_eHYnjOebpweQdzHT6Jaj_MZvOcw,vn2,sea
V7iAnB_8iaQPTy82UdUhy6Eh6J8jl8wzVmZW6nE4-2iaVf07VddWMMgHLIQKNZ96_8jTOFPemt-7Yg,na1,americas
NrUH9iv4K5TG27Tn2ZnpiEG1s5UnPrFY5w0-mEjNWA6aJybxwyUyX4MVfLcY61ivTArUQ-x7GGF3WA,vn2,sea
lkEneOeMvsqwtEc0yrHdKaiG6zvFV8JvwrtVwnpsfYw7976wYLvla-xFWC5873X-ws9_QXo3uldwtA,na1,americas
FZnbHiiYKuZizPfSVdurmeBge7gOuhCcVE0y35bFjug4-cb8NtBIyHVhGOQ9WbpgCPynyMO713HgXA,na1,americas
YOxTZTZbollQE4C3WwjpqmRqUGevVRJHIIp4O7USuc-1ZqbDu6cbSqzis5Lgjeg-pEK_1706SkDdRg,na1,americas
mWqWba2fGeUCQjee1wIG0Hav6M4u9uzz8vLw7ikUR32Br9RdqRnJtEk1XuUHoWQQWgKQTrIOcT8Agw,euw1,europe
AoJbtJv7SR3VMKC-wOcvdarpwFu8Q9qKn6EK1IdVjhGJGQVq0Hl6dC_wiMvnn82p9Bi_AA43LoaKoA,kr,asia
y7GgW2AvcIbgaqKd35LRy5yhYh8mN88ng-TwSCfNJgPoLvilwBrI-jB4uH7jXhOawlmJnOOmJYcBsg,kr,asia
f-D7mLKyRMQrdkSvSIK9G92nAq0nRTcQZUkAI_MSXFL--ct-MDa4tSeGYRw9JutoNVHBDN3vO9cinw,kr,asia
45ae2rekZnDfH8DWtG0IfBk9P2LtbCQrw4hJvrUHBoVgEewNamro1YbfQQJgJC-RVWT32rUifYnVVA,na1,americas
TSqneTdWiBAWZN5ibh07-zzlm5EluNFUhjuJ5sUwZm_DNBunJtOnk386eguhhblaoIvg8JGIgekB1w,vn2,sea
JX203_PvkdTJJ3x10wjiytGlJipjShpHZZFVUaMR7ByOTlz5qK_-uSWU81gmoIenNnatsPxgStCniw,euw1,europe
Ov2lDwrY6RkSUyEbRM6DSiMths1vKJu5P9a5-oXUUJMrawsUiyB9X3JbKJL80wiEb82PRTqB_1gWUw,na1,americas
zvUcYea6HGfbHaobHBLc5I-WAfZdM8PriFi-0LL7rUlUQj1RmlCqY_8320FK9LXjGbOvpQWVHb_hiQ,euw1,europe
rwBtjN-2yTyUDhl_07U56CuqEufX3S4-KyZRcZFrLI8rZj2wPoTvyrbFdELvGjxujLcAIyaDJFVMqw,kr,asia
9qSSC8IB3GrDATaaJyP2PZM3bNXf6gx_WN7anAs-gCPKOWt_BY3Pp0sVW_TwV7k8flpK_3d_vy94bQ,euw1,europe
blATjf0zrrE6mHnXY_kJXT8XnMrXyz2TyXpkejEZ4wnABY6AC7mapOyx3oY2_luwy_OsziztuwhoEQ,na1,americas
c7zEGWC1PTzBiLVsDHys_ak2AmEZTiWFbC8iFcV_fc-_dhnKMzGtDrfOEh-CxsUGqdW2qXUKwwxIdQ,kr,asia
OpDJ47DG8D483qMuE8iWPR5kDp45RP8ZqwvHxNtLo2omg1EjmKqpH4F2cLCm4JB0uqndzeDqc7hhmg,euw1,europe
PSyhkoW2aRX6oVKyOIpkI61qRFmsxSn621mCdJnqWAASyTVFPuLoK8y8SxLE7-6NL_fAjFtPiePpcQ,kr,asia
46ttC4R50SLtr6in8_bpvo-5s2nZWhLyR6vf5o5vBPVnXbjNl_JK5uCgiopzOwhjri34i5AyBe1NAA,euw1,europe
Qur_2aXZ6rYaY-eUDz2lf4NTC9RLpLhEiQw455Xs9pC4jzt-i7-PuNoYqrSxUEms3cufEabDp1ANaQ,na1,americas
MkTKyunwW6ss2eYYIn3CA9NuI4Dcp8OF-KxvbcWe_I-jRIFuvM3RTecd6aDtGzPi3wZoEcXPBUSfxw,euw1,europe
kbTzEtLVswxBuTHkh5ltEpn1DqeXy3h7nNWfAIDhpmv6U9pnFVEkm6esf6BkXeOdrZDaQCvr6ZNAtQ,na1,americas
O-KuLwWj0wsDCMF0beeWG3vlMcvROUoqml-fsu1qah1_SBM9si1FMKxruF6ejx8NrNJ8FNygpamnfg,na1,americas
m98T9EbCPrspOEDbY-nsxVbq6A66qySSnEeMxauOeiPym7qvOj_3AZjQPLs1lbyNqo_XHDg1tmiPjg,kr,asia
tl2LmGE2DNqMz5mAJoKvmAVJEk1bDd48g4eAqlhBk1OEXrVcs4GPKI2X18--QPbjtKfjPKnRK0GaVg,vn2,sea
0LXppujjyI7eyyiBJvTagOFfDVwPvHM0yz9NFsMbFZEVXUEbQqGy2F3p-z5sB1zWlWv3LdpSkw2Mrw,kr,asia
rjAdWiY4pzPEzNGw0TnizKd1k4JDm0Ps4evFGhctZ9eQX1fSba2MntStJVAc3Y13ub0-6qJ9mO0HOw,kr,asia
5meZHi-fcPNp0yO1LeK4lN5KF-7xGJpfNT4qr8oWMidgKGybiDgkxp9iW4vinLppn-PuZic8djkhdg,euw1,europe
OxaeefptCyGDJHHYmQs-ZU9Y_GOK5uLwMAdDrTkTFG9kpUEfj4U8XZY3ck-4nDsgnlkWhD-kOCcSwg,vn2,sea
Gfy_7BC6uCBYGi24tuZV4hoahH2QIVPaqDpHoOLkw7_zOsAhLd2JBC-oggI0kSgQo1zHF9NfnjZ_JA,kr,asia
8xnjPFYu5Z3LAzviOM17FA1saqLahSDQunRknL6R2tG8YmkQ7Btc_Pz9PBDDEoHOgxrpBpTE340k8A,vn2,sea
OuVtVlQzEkDULCwi_F5bmFem0m1e3yF69z0OOOikniQofBXq3LqVkxQNuD7BibQCgfS92FHyDBUDkg,euw1,europe
X2vZjmeYQlG5c7MzB6ssJjUDT1ijlYKBlgdLcXfnYVcmmT1saTL6a8QI9QAb0cN8q9O7w2XO3SZcug,kr,asia
M1_xss9Vot4PuufwaPH6QkT3jONjTPn8n4B1COeOsL0aMWgSpIKJcPr2_a5AB9vklhET3NNiDLFX1g,kr,asia
i0N9aMwBL4BSInD4rSnb6BaweGoXtsk_KCkEC1UXqM3Hu0Nbt8EwaKxh2Udx8AtUdi4VyV8CANrnIw,na1,americas
XH6MbHNQfrpZ3dMYJt4yRynHLHui0SwQzonen-2xnxGr6VGVw3ORbSqZJGbzkvKc0Zxwl7gZyxPuRw,kr,asia
yVF69HRQq8dfJDsysYWfAVwaD_vFajOqzq8I1yd7-OV0jabXv8ENNK4dvtK5JyQXFNQNF2oPGoTFDQ,euw1,europe
Ja4MB9Xop_TahQ9TR5r8MFuEYQYOdX9j6uV-WV1yQOcHdOk7WZTUajr54xZpQMLFeL2s_CRZxXQOqA,euw1,europe
9snGDZbQOvaCtq4mpAQcRBd7VFUkXx17raxOSSzhKSUG2EO0B9q76YSitYzBw6R__ISr8I-mY_ziuw,na1,americas
6c3ss8Isk9xsH8h7Gb9QyW4OVZ2lkVYMyrf27QKJIOjYJItQZOE7jBUduPsJM9TN4d13ztF_XGDf0A,vn2,sea
JM6jWZMoAhvrZCmefdIhj_UZ9LXpjhAp6lUDCKxE2Zpq1nnFj-tbwlMME3x7KM2uCD1BQykPIXr6aw,vn2,sea
BiHJnHSqlyfYQ9w3ys8TCNWoCFidtHmbhuo4DS4m8ygyyurKUAoOiSobuQdrBzKKJ1rdSfKU57_Xnw,euw1,europe
Za8mmbbNo9ZBiZgWSJpC-1_lVXoqzs9AiJjWf6fX5Pk-Kio-7P_Ph2YzTDeeLeFcqXr4I4bxN2ec1A,vn2,sea
5Iqxxy3rWYDlVcD-naP_pR2iiUEgSCte4zSovnEa2QIBNn9RNNQZ_5BWWz5ui6NaKjemVRxVlISASA,vn2,sea
az1L2CYwjdHbHyOsQJiepfCxOQQnfDIX05dZhl41O587xw6tCIGR33lpIbu25Rb93dPEGA_Wp1XzeQ,euw1,europe
zEmmFPJAYer64GEmx7ANs-oo7buOXjfaLBNLJ8PM44Qu0KnUW0GAPwwwjFKk24m7W2ovFYVR3bt6ag,vn2,sea
Q2PTpUa1SUSfyyyYuV5awaBzwHCo6sERubzjN2ULfe1wxkukJeRne-Uf5D42_BzjYgJhCb-O8fI9Gw,kr,asia
ttrZGKhHlIEWozlcnSfL47VAiLt_Wu60S4G_cgmS3iYvY5T50uw2agJj-W3FNwjkCB3CK_T37DvCPQ,na1,americas
9yljwv4VDfISXGlexFuQcIN-HplfObXlvs-BJwob8-zSjHtR0HkoUtJMvkyhjOxOrTyT5JhmFMSiYg,na1,americas
S6UxATd438JE05BLOpjy3Xs9uPHy4yz1XwSswVRrHAFuAlSAtfJI6Ctgt6WyVOnvyQUo32gtpIKk4w,na1,americas
JAMsOXCqe7_ZLu1oX-71RhcNN3aFcJvpZQt0rxkQkTiFpxzRqgKWN2h4784fG9egS3sWKla844geWA,kr,asia
cyGFeILk0ltstBrjiZ7svQGYaOPgS1o7I6rPRZ-dJjuBvyi6YAaWm93p0a5hyXroE2--ByvuN4HORg,euw1,europe
x1Bu27nP3EyuRGyJpSB_wYfaG3Asa5mTEPjF7MWQv6w5BS-ewFluuPIKQ5VUW4rJF6hdgI09aVl6jg,vn2,sea
2VwOsB0er2gqm1aRtcOmphBzX1G84sbJkRklsrcMUhxBA1RqwndyR8_9z4Tzoi3VVErNS0PNKOAeug,euw1,europe
KjnpPONwHVideYlS6yrbcApgMHXBK_y6vZ24_kIe3uLHkYmur1qwL4O2g7Ev2Eix-DtEdjnW1LzoMA,na1,americas
O_hfm0XBXvyFaK9gfXIx4NQU5q2Fu8GAANJ5w-uf_7tei20uAwHwFhiapNM2BtG6KBUGyu4KrQdVVw,euw1,europe
0SWGwvMNHq3YyHm0-eScWuhz4Rm0RAqYXMIBSdD2lJR1hgg0gP5fMIofBrrtV8iAczPhneBN7tGx9g,na1,americas
_ia4GLG889NDqZedjYs3k0FO6o-sxdaMnLMSUWg-pvRK7BD0VYMZTkgxy8076a-4jQqKEd8KOdqkfQ,euw1,europe
3innU8lqGBNXdPW3Y4OWqY2qiAWzBg5tWKyo_nuzjLgVbMYbUYoAez5bb8FWxMQDUwX6Q-CcYzIwsw,euw1,europe
Du9omRVanHK0RKmBPOk-R78CeGyDUpGYHxluuBJUsyGOM5HzARsPIg_7-7SFbooB_opuEhDn1HVg_A,vn2,sea
UaoVbkuFDYwqH2YliFov7ET_IpD54yVn7ahq6M5UYbGT-RTejpYugbYCn2lIc9iw5mnjEBJEbZ71Lw,vn2,sea
Pb4myjM4QlHSbvVHCaARvRjM1X767OsJjZqutmN7fvumn9b7VBdraCYzDcK-qYBnbKL3g-7ZBpNRJw,na1,americas
2MRbuXdjIJWgpWliyfHrBE0qd6MBvjuqGb9CHBTQSwAVOy1PfrCvmy3_14E8u87gnoM-C05_jVldsg,kr,asia
DnrHD4Wd5wUMOs-cG_KOdy0qaTQfSk7VKhcY6o_QEkgrrMKrytEnuWqMS3im0KTgGFBjHIL6RVn_8Q,vn2,sea
-DEB8MO68L3r_FF3Cx8rEhYqgced1ROMjAqr1Ktss2rzHR_I-YS89AcM8ZMO1dUy9K54S9Z7q0UPWQ,na1,americas
wYJHIhtLqhv2wo4lXhHZQAxs57971FsKJQMPW18DihK3feGFZLk2vtOCvQlE9sCT64UWi03YDiXC-w,euw1,europe
KQ4aSx3e_O7xHQFCk7aYysDLj9DUpjmTDfA7a4GFZQg9mTWzjO_-KMNixJ6deKipiI8tp_qdFVeWlg,euw1,europe
CosayAL5f6Uc5cexWOjeWCgYF8fmZa135KOV6_w3EuLY6KXYlV5Ok9whBhSgtPTEG2StzXxlRPFfSw,na1,americas
8WhGg5jt_wu4INEJD42EOodhqKwMSJxchld5Yad1QxGRd5BI3oltxJkv32hNrfKVkfnZWfn6Y7GQvQ,kr,asia
JJUDemknREHLMaxKNe7URLLCLC9hk42L5J7zCM1WKCksXdQbRZk9AFa4_aKy93AF7cs3bin9VyWzzg,na1,americas
-eMrOZMfI3QOsR6Rnzo8g6R0TSiQOnIg5LUu9AxPk8jCOZ9UmMcjmd12gVcOUXslaHvjn0qW-3TR0A,kr,asia
XXp1qv3YmwtyKFs82XRQWAxS5bPJ9Y6hDyAb4vLt5_F7bdhmELK7mzlSeePMSz0ujnijZ7f5C-Yzzg,euw1,europe
emriU0ASG9Rq7TPhYQ0E2SDvn61Tu2R8svXwcDyy-Iry8N_LJlDGbM38YLq0NBMXXz6tAAGMqUn1bg,na1,americas
zYWwwhm_KMy7rhx6c7z8sISD1JpMGFPjhfoNZ6lf-VGUiy3QOhmVVe7VHwg_LxTxVwtvM2bbckcj3A,na1,americas
-kcssIku_FvwXemV_ijyJpnD4wm0yro_LwptaGFnPL_9ud4Q2_30lxr0wDsNlupW_0Y1Nf3TjcHmkg,vn2,sea
Ai63zEVT9d8xQtuu3cp6oT1x4xuDwUNeS01ufHXTsgssw2_132RNOs48IIHqAbzbdRQHZXf-q2DT4g,kr,asia
uo2fhPlhIHfoG-ujaxeEXIoh9JV9oOjgLkjK4xIrdTvAxKjxGehwIFAlwGiFuTXdcOd8wCKPYdy5lQ,na1,americas
Ma9NWqdIyOHwkSLRP3Dz8noWZ6CejcuH5N-sij2R2C_1eVXDEM8scdQWoW5RcLNR3oRyI0ucfy0cyg,na1,americas
PzjX-EIXR5hADA5EvzcHfw0Sb1pKlmYGEcdbntgGJPtJMByovesBRJDETkLb2tlzrEqBgEW-1VnK6w,na1,americas
BoEEzgSavMpq3v2NLucs8b5Ec50zrirVYFRZkPEVT3MRTKnIKeCMcmaDOEEb8OcZmnLlGnIa_mLLxQ,kr,asia
C7boNbi_i7FnziXXY-dVhJgarLxidSaUIpdxDwVy4mnei7z8ZDBFN-NtNvX_s74e_QmOT75nVUqm8A,euw1,europe
N3LseLuFLD1ZYO8xGNPgGtidlJV9Ih3d5-YiFoXPdamVEVFodxVlZxKLJYr95eHg0aTOrXWo_PYAyQ,na1,americas
224nJsUR5HPXJm5J6tvvadsucMQ6xeqlqiLEX3pMI4FYA4ay6HR0vqA0M4TYbHZP3hM9YyRhTLqHgg,euw1,europe
XIU0D5KnZWtDVtBzaOXbNlF3T0_q5Fbyeeok9nfGJoa4-NM_7z8b1nncNdTBLxNvXtzXH4jAhtq5KQ,kr,asia
bLQ1UgVkG8SN9WnQR4eQB7y9xduYkM10bH9ul0biYtoZSE1ZaF_nKgVhsjQKd80x3XmJrqEYLoaQSQ,euw1,europe
zdLapj1CzPthJHnctoveI2ZHRsNOaJep00EhBERlaqbGjAb3yZn3JwCHt7cYmQs3fQT6rusrRQku5w,euw1,europe
JK6jhYbxG5fVgxAJKu_fHugyGxNsvhJ8StNYzIA2jZhAObH_sjls1HzsBDhYOGKi_QpdWTct7bu3YA,kr,asia
IjgPUC66mlrFPcqXTaugiV1QahvCs1YP65R0xvixunLa7O9QHdFo3laDgYgrBhFSbyL-F-s9JsQg8Q,euw1,europe
zjJo3tqd4JbZ8U8RFyT3ZfH4vTtMlYnyFpxPeTxW60slXteKpCmOoEZTRHe6RsBLGcUzcJBesiWLBA,kr,asia
dKfGeygbSZmYngWWMV-yK8xDAyiHuQYs3TR1OtJUyjratqSnwneEp4V6WBZ6zxxYIFhrywUbjReaeA,kr,asia
Xx6DJ2LP9SaTaILoUjZQ4mLfRK_O-GXKQNnb6_-fSazGt4sq3Fokdj0Ge4xaBK6aMAs6JK2xMByTqQ,vn2,sea
11-0rUB-cO69T-J5iEwLXfi-ylUjsIo0xX6BxrnGvJI0N7NMF4k4jJZRfVzwAcUWSauM1NARVuuiZQ,euw1,europe
9cJgaKRAdAGAOjt0iCWXh9KffdZ-kn1cVM1_0_Um3TZcEMlvQEPpW6kjNsW0DDVFCdPkheInXVgb2w,na1,americas
fIVNDlLV5MV5BBvPMWjQATH9fWELeF1jnn4J8QYe4GgwPykAafHnknKPtrFdrZC9ANa3kubkPa6Ccg,na1,americas
9ridggJ2Swy62YOFDWzwp4Dz0CRoDNgKv6EDVBnj9gvbRnbbvMjefMDjaZHtJnFbn0-jT8BachUmLg,euw1,europe
LqXA-anJsWAF-U30xgmyKX9A1FMeM2_A6U6a7Iv6DUN8rX3NbT8cVGkfqbUV8DWFLuDELrfespDliw,euw1,europe
-paFga4FVlCNomeaGhS3w702eUb_JrL1xiO_cC1bGVRjZ_ZsCK90n8wm04saCMbsjtkebrlOWjBC9Q,vn2,sea
RaKXUNeHtoGSoRCAX4HJsuv5QdvIbHrZ48rSM4U7w39D30WXKtNK0YxYfCi1BWMG7xkRct50kHZqsA,kr,asia
LqT2z5se_AqVBdsUe-iaYnm0w3UYb7jVL3W1Ou_zpevEaJE1KGU9RJezBRvBVsqbgCzTFoLqQJNvwQ,vn2,sea
zr254sXRPuSqM_Y0dLhOb6vBPQRXSvgv2YVGKxciYr8yWc_pGgV7D-ly93ullfjAslhffyc8hV47Dg,euw1,europe
hbyrST3A5xillwX5qQv3dFeYo66aFlrYDMSOPb5WP5ICK3lRszzafTwafP9UqLlffwvkNShs6T1lKA,vn2,sea
X7uun6n_VD9covXodWItbpC1tJOkhgJvKsMAjnB8hd6N4mK-_iT0HCwa11325GkJWj_nbHc5ZhRcrg,kr,asia
774QpvZUOTK7i5p2qKM-wa6S6oJPyB8WerIWEK4wfzhwtTN4jasc3IspP7hIc9UrqvSJfgY1qgBIOw,na1,americas
LGFIpDSloLeKIIt5zz0FE9blq5tKuhV0Hg4KDPnxG8SbrwQGITNluhT9JNgVTpfjKcOlKlUouymj6w,vn2,sea
TiIyBC3z-QfnMszwFsz5oShbIGHAsKtpy25RVSE-yn6uCg-lK59hzYeOmQ36ppT5xehL2POCBfZwXw,euw1,europe
D7WU1FjrVypSq-dsHlwpp0rGBKixO8egr4be-DQSqOzqd1Kt-U5OviKQVTZZXxWh4BUVeZ2LulQ-Yw,euw1,europe
Ct4UOC_Od5QI4e5a_h5vAHCOfkm4OV--FLXrMoNg5Ivvsb4cNTi-nPKB8zXlr9JgLSlLeWDkf0gXWw,kr,asia
28qzx3kPRSQjNMdPO_2afuzRLdoY2bRAQraUADVYwqrScRUw3okCyl1Nrv9igbTK1yCVDkr6vT86EQ,vn2,sea
buDfbpQ6vQZ0hskDkB8Ar_SSk3FBZwlNGtu8lrCSeXIr2mjRhuwPRqfQTJn_5-gdSzWm_OwNGMVYPw,kr,asia
wi9HRqzqmVx40G1cFEaG8c87VlteEPEQdAeRin8huyCM2NBKUC1yuZEct5kTyu6XkZ1qY7_v_MW1Bw,vn2,sea
sHmLyebJ1oHidg-lQkKHCK10gJRWEHTyOsolrx2xyIWZMNjNiokGaJw3U2w6WU6h3yXlHjeghN97cQ,na1,americas
EqTnKRWA0JXgnwVfSVUj7l2_aTzDUep63vHUIOAGpJRTMp2R-MgJcYszs927J2jcDVGj1Mf4VUutOw,kr,asia
XuFEqP0q_ryrQ8HHazBHiuo6DpdQrGprGm35ta8og_mZtJ28OxKO9lP6gCZmUY7uWotkyGvRtGcx8w,euw1,europe
s0wtLFdfihaCjH6XbJZPIjSkgKDordy8eV0UtO0gnV1JZocJcFacXZs0nE2tk_P-utrD4sBI9krYrA,kr,asia
OFtM_DbNVwTkamq9h27m1ZmfzQOyzlWD8bSqTp-bHz-Kkd15xbvyO6R-JKDacIwWyL7lYfIDRs3_mA,na1,americas
rJyakYg1b8XQ0TLidMrfCBF50b7WleX9rZovbi2rS16yR_IFFfCoANyZZXoVCS_4P6AOfAVt1VftsA,kr,asia
GoPHbjem3NvO-gTXzjygHhbXLGvgSp5kNAAYcgDiSfpoUbrHHjR_omTU_7_x1VJvq-tVAChETUJG7Q,euw1,europe
LZmxM06EMr0qtk8dQAto9OSu5NyyglXjR8zRUCvJJ4YS3z2xR9mVm1WuOuao_pKfQSkASLpbyWipaQ,kr,asia
h_8lqme-_lpqq2jfTBA-Z32iNsKCnAvddbE89uYVN2WjmDM1mLrWvg8gCobEHRTJVILoYOHtjYdNIQ,euw1,europe
uaBM2rL5M0fLkNNGOtGoICagh34uTkg7d_vhBzubkOHkiw8OkvN3s8brb1OIbRprD4NEZNFrndMEKQ,kr,asia
RZvshBGw5NHegy5bYwT19ViW5jsXf43E-z4eP55sQMPVPg4ZkPRVKwLUL-HoFgrt25C5AIBt8-owzQ,kr,asia
MZWd3j-WyJGLTeFvVi_JSI4dEVMozQJ2xCB9sBjHmJJWqCnDIElj2be307Cis6Dhk4AI6npQvzNeMQ,euw1,europe
o8BOcbRXxMyGhcPesquq3Vysjnjo5FjxKX2YJBAteHBNk-bpi4GPY9o9zBJZHifh_UIbh707WPRWOQ,euw1,europe
1WtpQq3rJQKAgchzrADWCmxQUgac0Zq9OKXlrubzvf-6b01y_u0bfIs-BuOPGrQxkVXJLF_2nyitTw,euw1,europe
dONjUMZJRh4luDQBrDokqqqVtg8nWEyFxT0QuoWRn0pdFpeJBUl3-1f1Dwk-SOIdZY6zUXevCBfLdg,na1,americas
yLMoa9qmWBado44uV-3SpdVOXySSfPX1MvWZ8mlygEEh4HfVgZ4bGF7SgXZsBOmLIQU7g3rcbHjO4g,na1,americas
47sumQCIfRnPxUKT9-h90ly4tsFhPbexXcLpM0l-HUb6y6CLR__35WodNL4lIAbHKNB-GFhcTDwFRw,euw1,europe
9t1I5hRl4po_jTDoyZXlKz0jePrHXEAaUbwIhJVnZccko-eWxWsJZKh0dOFrcy9h3X9f_ghb6Otx5g,euw1,europe
khCypuBwUVOntT6KxbqBraxbXJ9idV5qn-4jZmcXeqHe_q8lpwg9Bqu9jOWaaSAi9XdpvQjdMVHJTA,kr,asia
-oZpRuMmeOqcE1jAf0scL2phOVWv5aIKpqQegGOfUXGVGtKllM6jdXRUrm6rc5Hun7dPvvpS7BeVVg,euw1,europe
cVCz7FncMdN8yIQNWKa84wStHb5rYoUt4H5IYZD28z_DVHH8br7xgq4Routo01DgGd_o4q0D52jgQQ,kr,asia
-TxosuOjhC1WBxJd-g-xSOcsKnAr_sEJI96ltfCt-sLpHByGyuzl23ENMUplK0iJ1_3l5tflalV3mQ,euw1,europe
eg8qHchpYu7Ed5R2pdiJQs4jq05A_JZB-4M-9FK7Iy0DQWrzpk534PN6CWRoT3laUsXx-A89-NKeEA,na1,americas
2PGyuSY-KiUjdZxL7vnEGif-mcvM_L_yRTtnCUdL3BKPcOTqc1HJwG8yz12F9nc50znWyCoS8HkGtg,euw1,europe
5yn8lJk4vekBiw1_zaET4VqsgOZ_huHbsIEZ4ZzASpSXuVimXzMBR6Q4XkPQK2FyWjEnPo9AxxeiFg,euw1,europe
MV5xPtNSaFeTmgrrHoFSCDITgTFOYr69Z5RJG_UWJfwCorCqNvPHPXIOC4ZdhkkAWCTsS2R_Ib_E9Q,euw1,europe
pps2JfIXpLXvbOREsByEZSAAZ_UjrQPZiduQzRDv6o0wraqEvRdluXoTGFaPNo080PWaG06XjoUaTA,kr,asia
xN-OieEkXPlZzYnV9glbg8qNyQrIykVW7IYJBwiOZoTf1R1JUYT1P5Z6w5vVqEONYQVNLKFLS0QDJQ,kr,asia
IYaLlBebNHANlA2gqsYTBlwE_ISEnGr5hLYKSLXGBMqBLC4443xHxZsDUzjJuTIsItnKbjV5j77p6A,euw1,europe
NVTNaZD1NVSjecaj1HhcvQN3BGaFcQaXDrSHvWaXW7QjO4anJ1_nNxEm2mURxne5ucyj_Gj3v2jjgA,na1,americas
80q3MyrQa3ZLSW6xEKNR7QHUKzSVL6pL6m8WdizKFdZxse5TsAkgi44xwldIstLpKwSzc00TzsBNyA,na1,americas
acC4daD1omWxpclCledm6Ny5MRPzTTHDhos7rxObqkpvs1rkGhGGzwL0hcefDzV09lvC7HtAC65YAw,na1,americas
0CAHlr1K2NdAMkTTrnjafSwGFMBX054ZpjakrMZnTZdjpgWnjbRxUFtJ-lWPuLLPaYAPoVlwxamVyA,kr,asia
XkA7Le3RPl5KqzNkJ64GwXKTW2eeDnol7AUMUeArrelC3tF5B7ZySdeXKBiqJvOpZE7PvcUsyGLGeA,euw1,europe
859wwg2qg-AMDdAuj9ugQdhwB7Do4RSnUhVbO6ajXT-0jqqt7H5xkdp5pQMi4FwSeo5hDDHfisVlKQ,kr,asia
HI5y9bs8967Cql0HaMk8VQScgdCG0tw3-kao0pO3GvXAzTAJYWpLEOWDpWkXTtgGe0uuTARR8j9_gQ,na1,americas
uKPNMpiWim9p50sKRd64_03qUVgDmKkXWWKSIdRvUI0lefUE3E8zsxIBNQffdoKhGRlIYk3u0Bpu5Q,euw1,europe
Rd2M5SoJ1jXMDGcQyWdEY0PC6t3O-4m7lJC5ijy8-TvBFXUMxw-JUnEsT8ciEg0dQg4yaSqJjWcqzA,euw1,europe
kA4kaCiNOcjWIP7DiYXfBdrpupQt5tPYJoi2p71v89LW6RSW0a9EUU4w8RQpPSEscM84ITftyZpz7g,kr,asia
GI0zKKZ7YvDCIf_sovVWdGlhwWxsCi_IfgPIYd0rTjhpN6fEmF18vBnKluJuv7wx-s7-we2yviGc7A,kr,asia
b7OfrEGLgWOWwe6rmKYPy0sstKv_A3chJHcBDm23RuSwgfSrNpNOUlcQl6cCo5tS9Ap6Gjj35nuiDQ,kr,asia
W0ZsYeyzi84x3pq4f1WvF6mG6RAvYKCKwQJTkGsGmABXsYCqeNV1mI06fXNcJ7OJUe_rEm9BuAY66Q,kr,asia
nlZ1rkiUp4J5Y-2sFf_mhhaJSvv_w3gE3do-KUVhSOVXA0HqcDnANFKo9koQXpdC3bcAI50KJZhuNw,euw1,europe
SNI7YHkkjVaKTXtnuOBjfswIsr0Bl07RiIZPvNfKuHNlTxSmjHxaGG-62cANBJ6UQS0MZOpxZ3VYmw,kr,asia
mMSANiFZq8vIwf_OjSwN0tMliUIB3c6rOORn34X8FYV3uPvekoToxsfN4dLtjcAn-JBtFfMLAE_O8g,euw1,europe
ZykJfd-MftVXYgqd_Oh297ycNS1D63BfNQNctjy2egrEL1NKabvgkjnX4Dm2r8feIyDRYqozv-IPPA,vn2,sea
grHFIcj0E1FWAjXWaTo7RQ3WmWqx8sJaSn1rOMFTbbqRSOG-681RVj-4VNbRFU5y-qfBc0-XLdpQ8g,euw1,europe
U0CvQfRqJduZSMJF5K13jXmJTs_H1HHPsw_n3-YdgLqdjdrOlQw8R8RmQCFqs_fz4JM0dJrsGSSrUQ,euw1,europe
q68mnQBTOrqtX3cIKCndlltClWdjpsuZCBgRruQFzYFlBSJl_67xNa9v-Ep_SDWGWxTBhk6D7QWstg,kr,asia
ZGA817kvDbpkn0bZUEF9RqMh_eE9x56-T1slLQ_wzoYF6-BJVSuhC14SaqYM0Bvrrg6ozJRLMVoZvQ,na1,americas
Ep9Vk49YaWPjvHmOp7HDRVSz7AQ_To6Lr4ubkafbzPI7yqJZWDz_2TdNHg34zjB7LSLp7cwb_3AUFA,kr,asia
I4kEiNWvt_L4ZrxA7f-ZqBNbgDnwhGJ0FKVHMnREtcbJoIvQhuP9jwV_S06KXa59QLqwbWGaSse2Pg,kr,asia
vrU62Qy4de2d_zD_lf0uToK_YIqgoCz8rkc41vFUCI0hNUG6ftM5b9i8tdp-DfQ-32Ge5CMH6b8SLg,na1,americas
ES3dF7pN8LShjKm8n5YdGFmE7Uc9GM7l5ug4fsDCMxgtEUf9Ow_KMYu8NJdOQBziKsmUigPlcpXIfQ,kr,asia
us2IMg-qhF9PkZOpNRQfP21WY2SzyBL4EryGgo7YEMvaVO7iWkRf74BxnmoYcdbAyHkiaeUhP_OuCQ,na1,americas
rsAfkSjQsqwJK6GipeMaxX9rdqx0BLqr4JesuzfJ104x6GY7DiyDCFZDL6myh4IFIM7SimJ9d7NQDA,kr,asia
mtDGqlwh-3k21BFovXqitWu2oeglc-9-lc3mXzLALooRUxKP-txwY8lruQdbbYmo5TErKRbdkToLxQ,kr,asia
ELdawpIsK87rklbeZ_e_yjTAuYx5FU9koNIY_nCeRx_Y6BW2bt19mHFinvSS6h7jK3KZB89O2U5hQw,kr,asia
EmhqZnDuI9UjIPmEQbquuZKqt-RpL-tCcQUAZWLykGA9OZygpwyk69yRroHZZR6veQIqAudKD4rkIQ,kr,asia
1V3fQ3LzU2kGWxm60KqkSQRTkZymoB_P3OBRq-PYuqKt3lnraucsnyDDpQauV7OL3Fcs_ro6nRKFTQ,kr,asia
oZh5Kn1_0c1p2RyjHAUXQB4twW2goRZgQyvzfRAtsskb6cZP4dcXUMoGs9Sf7jDpUtm0FLWdh4oesA,kr,asia
k1-KYh291lAmxjKjwATCmUoIbaYXa1VJbvSUR3aFhPVL6YFtEftaYF3WjW8dDAegXwHw3gtZ7qWgrA,euw1,europe
KpLeGCNgN3CCf8YpvjgL1OgOwBU2ZgeRrP6xpNVq_VTQuNqE_CYhNKjdw9V_RwUyXx_2d5J26yDOWA,euw1,europe
BsAfHeNbbq3K4WEtzwn5r7jxonIYJ92QZFUkg0hh_CxQZ33YFkrA95AMY1rY3Nw2z-ppNDYxRwbe-A,euw1,europe
M4Wy7paP0UANIG-BB4EKhe6D1_TR48YbjgLUVoLW3kTMTEV-1VUFx4VUqCVLUUnTRoonPTnS0ilMYQ,kr,asia
vDADi4AMHCzSIpmxVuumZhbMcu9CJgXLtOsQRmVVbvAX4s7bfcghi3M6eqPhFYqIiVtfKi8cdquvAQ,vn2,sea
XiKNg_YH9reZvM5e-94svabWGFd0mRBq1WjsoML2PZj6sATFdxiPLpF19zgJQZgymoBu8Rq43xy30A,kr,asia
ziIOVXUWJXqwgbHNdSFFVergrw7Oc5uhW1n8SvqWv9zg8fNilmAP4qXvEDPg3aqf4iFAkRu1tiA4VA,kr,asia
0f6wcbyUAHNkNP6uR50PBD93dB7FE5dstNbeCntKTa889YGynXE-n0EJbTTfIOt4fImR-oZV6CRwhQ,kr,asia
Y4E-q1-74MNyC9xV53jBZhZu6MY7Kt0HtYNFEpszBnVMWwEn7LLfzqOdCfaaxFOKce6I1o1NrN0xxg,kr,asia
iy0VUHUJguWt2vsn0xbGLfDkp7KoNbmP9S0ZmPTYhWMJJ9x2tVgBCWqavJZ69mORAGrJ5bt_jz1wQQ,euw1,europe
D7L6e0KXRWvNLQzEWyHGLiYHq7Ogy7a8X9yfl9SfWhqGX-fe6aaVFQohh2BugWfJkPIuXPqiphmmHg,na1,americas
WBVIJ9bAxeB0_dOqb9YWpd4VrtyGUbMeYpiyhY_wVyg45NGHpu7O8ORAj9k_tjYHYMmNdHCD3SavaQ,na1,americas
PFXAXwNl-4fbYbSiqjJZWUDA8v2hulQ2ks9XQLvuUMAQCkmwSQmfO_MUaPidMpY0b9jveSENxDaAOQ,kr,asia
tg50TELzDmBGvbjaYG4oiO8la4ApcmVVn9VWI6CucR1yUMahxql2RDLIVO5N1WVPxoxRvZeAW362OA,kr,asia
5nJFRrbtWGQMxi8PUagGQoJz-B7_rYWZCycC9gszvaSGJndNkkAhTnIsTs2IpJQ1o8KG7nn77PJ6yQ,kr,asia
qFaINH29Q24BGWR9FJrdk46GjQ8rKuaeldoZn2W9OwABd2THatXQ1hspPGgwh8G85m0bIFDpjX5UhQ,euw1,europe
dWiF9VkyZebOdkDQVc_RPbqmMBFxQgAS3oWxSTWS-BKjeuwo80ZIIDPWFJXcwDRR1nejKVwi5XMg6Q,vn2,sea
HJLfKZSMDiY_ltL143JXlE_OoLgZIpL2opbrz8YZEQ1WLWxy03y9HzGBPn9hXxDJ7RWs_1OVAmDG2g,na1,americas
AbDY-5NuDm4-sHKmxGhcxUz9r0-dnoES3vOoB2HSqQUKHjbeOIg1c7S-F8ik0wVzBsu0jfaoaPdIfA,na1,americas
yvkx6FPslugXMwUhhqsqNsA-wYd30suS4qTrBmjmilupr-L05V9QkSM7eSUXzMKtTTbfN-Vf8gCXng,kr,asia
TTHPmii_-aqrX6xIKJTj_wzh6nSlwLBkMHCRfPllhMjs8_4eweOf_lyiG9bk7V2mSFkRoIjlmdKcOw,vn2,sea
CvkCU-FRLeAXd71-l-hCLksUrsU69cJk_gKbsjY1GiQPGWgvfT1yfeiyDfZ7hJ0SRgE1jS1lSfSHeg,euw1,europe
vm_7MNBHek8flojh5ikzyBPQvgZXrwAQ_FiQ9Cd8Dt6u8KRQjPG0yMHnezzG0W-eS57PobChvAI1tg,vn2,sea
L9H-_fXXsTqJvfxPntKSLsOO-UE-p6LprTXOw0Ch8sNI5ZPkusGNn5uC_LNCIYYETjs6dmfi_dAwWg,vn2,sea
SON5Vxhvqy8eUoedW2y6xKtwOa_Jvp777D3P_P69wdjx4UcWy4LEsh1oevHKRxAhjG0zk-bvL_1kgA,kr,asia
cxN-R_HPdDpPLFFK9ihBoTtRMas3unhdP3fGZV1nhhgTbqBzWv9x3CXF5lV05kAVLtp8oD5ouFKvtA,vn2,sea
2hjMmO_Fw2tDdJX63LCOTFTB3gBkS3K5SEmGKxksOOsA-gcW8grvGPMzd75Y6evY2KfvyEITmbSUqg,euw1,europe
6wBun0z3NZhPNuWCIjJxC-4F98LQn6Qopm85AKayAUtaSYQnalkHVESBBelRh9Eqv5sB1sNLSRbC4A,vn2,sea
AdhcYP_MDDjX_IMBPlsMvD5IQByzMqJudzA2telVdenkGxAXG2ofN1oJMIO8wKbZIRUMaw1WzSe5Eg,na1,americas
C7nM7wH35efkitPWawN9H8L4cPiGZuTpB1Q2kvIxQN8mskRy2I5wMLVdsxFc8iM0_i-0GB8aVgl2DA,na1,americas
jVmh70-HLv9lvwBRU6v2sajFTfWtPp0TV8fkhU5YL4ZgDbGNHf6W8AZJL1PVucqmocZPjAaGE1lCcw,euw1,europe
2mnKnazhAWx5qaeoQyN8PkalirfqYwUB6PpWHd5fQrAn7JosWAwb9FNwImb8MnKBiAEgWHeBoye9tQ,kr,asia
y-SDkh4j-Q72dwFv1Fzam9m7GClkyLM7-B-BiwQCK7s_4eDtry-aAbVLCnZ-xRYnbr5grSifk8necg,kr,asia
fKvvZd53ZC5Hb5bcLhdEt-McI_nds0PQmyDW2ZiI5Z9s8I9XccREovkqwwVdOaR2F3Zg45q4_uvesQ,kr,asia
Q6wEncFDG46s_waF9lqmCxq5N7LhScDnsKPHhppcBp-Cj8rxcX8cw2AqYN5H6IMQWtdx5UrxxUohGQ,kr,asia
HhtZG3jWheojAAdg1bftg1R3hS0UvBgbEdtk-azDRNE3rge3qO9Tnyd3e4ZJ38Z8GaDggu2idC_9Rw,euw1,europe
Q1hLw5sG45oWPUaVw9V-A9oH1sB7nRXZsei8NN4xu2LN6EU7qrPoi8d8Syndp_qCu0U0kxx12jjzGQ,na1,americas
osv2R1w_IaA3Fs5TH88tZUA2V5dVcvuOjFhzPeMBUJi82g7FEwrVwQqzmwF1oXdSAlmAnnjouRdgCw,na1,americas
POU7Jf5l5DpSOHdnQkuAb3_hcvfwi4wfeopeCTwQ3R4c1X3HpAce8PQXdQL_uWMaHuZOHvGOalUdfA,na1,americas
XHIimUoxNOPlB200k9nUEOGwC6Y3QHBZIsB3POCbRBxpxL3EioO8jkwmAKIiUXSeIs9Gt-IaRsbPFA,na1,americas
IeAwgyKJ0DxoZNtFV7gUpA8dG822onXjY36HDv16Mye0V5mFR9aMKtMJJk335n2Y8DpL8E1B6MnioQ,kr,asia
f_TYUSq0Orpb6EztSJe-l3y21sFkqAb5w_j7di7dcQY2LvrBcFYUFFTN_otn5vGImy6lFiw8lClZDQ,vn2,sea
fgqZ83GPq7Dc4Nm1UV7HXgqoT9TdY51JDnkSoXeRmxNJBxAZLSd3MHvJ2YIqryayjrU5pcdxHol_HA,na1,americas
RSpvdkACu2J_pDVujxXYTFIip8PLYCNbA3n2ahF34MraJWpD0X5-JAhgBcmKXftM5g8i6zNIFVSe5Q,na1,americas
L3DEyqMVDHWDBOUYct4aagFkRwQWeQOmivSSxBOULD6JiwW3-UizoTbRIIGa9Yqf74RT75aVBqxzOg,vn2,sea
AgXszF4UpGm35Oi0bOnVEfittKu2RPsD2JdTHbLMrw3ee2c_zJZPNDct_W57K2KmPln3SuC_h1uFrQ,na1,americas
jWXqWzheDqPh3H6sogJ_krzNw0HgbsglvKC-5IIJJcB_NNqognAINihMQMePh_IkNR-TdX6RkX-19w,na1,americas
2RbAPt8NX7qQM4QOoZO4Gtf5i_hbAL3Qnnp8HU_78DfC8S1RgzmQ97C_7fjm0YokyTsD7jKE9XdcSw,euw1,europe
GF0fZ_ui5P8c44ZD4SAkw6Gw2Yw8bngW4FFBZVrfcMZPToepczmBtKXaEI2-po3KUDjeuJr_MOZKaA,kr,asia
Tk5hhzgpqVpu0TMbHGPmgSL4S_cFFVqyvAi1p9vzd60f-8u6T6wtsQ6MBirUUSVn0dsBXtyvYoFnLw,kr,asia
5C9ZMgoOMFwJhd9xkZPNyVkAnvGlttwQ9QnMU11d8J6N4M5E74wrJ2nSCkW4ZrLVisIIpze9IzIQwg,vn2,sea
Bsd_i6q8oxRKawYslFG3YGLhk3vIvisSWlJIO6gpIkSpoz6nTpFQh_lIYi5_n3XDLy5dTeOu5oRBRA,na1,americas
3tPGVr_uPFagZ6iWujoc8aL0eDQcRGmp-MvB0-6o-rY6LQ-coelgoSPKEp3qHsstwbyLs-Ulpsz1PA,na1,americas
F2EengCDYhmqy304dzk5o1bBHs_3eaEakcXjQN7XMPjOlu56uxrjLuGJXoUCOQmlmhba7TAWDrX4Gw,euw1,europe
XYgIPe_QwGDD3MgDAmNXZRgSCFoltKRDdkLHaDyluaEfcMeFLYXToS2hui-wFLsJ7HhbNe7h0gnDFA,euw1,europe
NrkshUA3MuX2y2BI3uqSFmtI63IbM7oRfg-_sy63o1DYtIPnhQ9BNsgsneUbuxBCBWi2wVHzWZ22rQ,kr,asia
FilMTpeCNUn6saod5zbwCBA_5iNWcZcVmEtfU0XgSmkRddlq0hAI_iYiydaRpBZzZUEzr-pEljZ9Ig,euw1,europe
AzaIPp_UkZc9bVD3yrM1VDcqA7ItEh8aRE67opgXMIEE8Ytd2FXZevoPTUWFo5cXK_4jdKBKEcsR6A,euw1,europe
ZIy04klcXxSn-DQwDHczwQZ_ky_G8mM-lIWTRHcBfiEq9AAGhtjRJfZK8PkJQQBgx54EXOUWB9tIQA,kr,asia
kIyPwc7Mq7KyJ-xgbR-2WQlVmquDTzR2Dd0sniTGhBobxxL8kt1IzvIYEXNQ-U6SeErFVUAtPq5tlg,kr,asia
-k-5t3G17cBE733EO21540vmcSql0_-FNFSk4pZ4I_oRu3Eyb-pOPEi6GXW3BR5hXdvUh0u73swQOQ,vn2,sea
8D5RNvQ02v87QgnJOHPB-3qvk3l7iJ-PkAs3CHH_nNkxYuAthfxZldLnhGNvFliSTjEcWJJP97ls3Q,kr,asia
Y3uDAD82K_8wHGThXIkDf9SXqN-oz-5dDGWYezW5Ta0VueBYL0ZINHNpESyPh9UimttiL1ipeyGghA,kr,asia
0WReG2hELccGJUfiLDV98Z0Gefgh0KXb2d0yUjdXGkuiLHr3Y5ymOaWsvG-4vMRe7dAFpMg0ATrIyw,vn2,sea
JWP1L6TUw7c_70S90pdBWXn-hQfLdAG5yX1kTy-_T1zT645a6CZvpWdYLoobQmCvFDUC4QJwxIrHPg,vn2,sea
SaV5MhfpaAYDdiSoI26CeMIx0iC8VK3nK9Nt5Ka6kG5m5-hg24_DgZjE_TcHyRd9bhQywc1ALNR1tQ,vn2,sea
DG5_JEsb5SoarNzztHOAVdn36ZnRp2GlqyJ2JZLPEcfNwM3HZu8nXDHOAl97HJzHnNV8HtpUtHuacA,kr,asia
rY_dHkcNTyzH-odVRmmWuGn3TNhCdyX8C0r5qR5YLSiDsws0aNpW-Qd3Ko6CNy0NxpOAaiEubcHpXw,kr,asia
ar3LumLud5hMv8dsxM2kPOsgOrefPu39dUkOih8-CxKt6FqHx9805BKQYIKI6l8Loj805_3y9iU4wQ,vn2,sea
1nr_mAL0AdYMqz1M6P4MconO_ly99My__1iRPLohvFSRu91bZYFZCgOhXsB462vP7oWb0PgobvEQmg,euw1,europe
0ok3cStEw22kHT9h4cfJaecZSDjpDkv9WqGCIvLLut4rfczW-IxDtkwXYbjmOCfVePFsD1ezOsI99g,vn2,sea
Cd0ng7EPBusbuHnRM4JTGfEPeoPeye_WtRWL4-XcoaXlTV5OAMtFoLX8K1tMbNJmLJE9beDss2qXVQ,vn2,sea
T1ZPqIxUUxmUnGjl5m8B4ASsOvq98igm40oMqnr-ZsWLqoUxFri1D2D24jeXtAsRuacvRROEQljrnQ,euw1,europe
QvdYT8Qgz6y5EMBS-FHpkaB-KYI2cNgfvJc5Nj8h1qEn0sx9KPQBU1KJLfh4KP9ngaHMRFFwOR-x4A,euw1,europe
LT0JnTycAthmq9uLr9mRD-CufRUIoYjisWEOIgLPRQ1TTvrvwo5p8FCGiXfolQ471MM1t_dphbY_EA,kr,asia
gXXgeV3MD-uXoiSeOiD_HXavcfzvmEhzkWpiX2TUPIzDPJ4CKNcy8_7nYugfath1OjfOlGuf0bdedw,vn2,sea
-tBNAI3vuLDRjqaEeRnM_7QqPvjkNyXFoLu10kXM2rLzw9wEFBZtzdX-BoGalA8Buo_UzBd0J0u2ig,euw1,europe
6Tzj5qA-dUrqclDEqaxVesVv8VbbIkI3gbBOYIx76owlvQFQV8rmQLw8cvS1xLqfbHBDGaE63G_Rfg,na1,americas
aGNt-M8VtGa9NsKsfl1aoZFA5ow5uFpl_RqCbjpv3b1xsVcsUG81Wm5eYgb3EZZaa8MXtkq0TgUa7g,kr,asia
0w7J1aKb5htgTcLdyCJtuIyHDZDU9u-lLyApK4U-Hd3vnOlVtxs0neGXfwUykTUstwzpnvr0D7kNwA,na1,americas
ScHW38POtHGU3JRdLXWAxLTou5eBsyJtJKjoSQmVPE3dBPELRktidbWNUzLmzPisXQPVTOy9D_cJbQ,na1,americas
bU1L7tJDnIBMVHPE_11MPKmWVbOI-invrs2vNg6ha_4CCchK9W_1_t8GMSN66QFhe77u8TkXEQEkqg,euw1,europe
NZx9VuyJnuxJ5w90imwDnXhueMDi_8qCBQ0VgOWU6pNVXqcnNUOM_-cqcGyZd3wK8qCDTDS-KoVIVA,na1,americas
ELVo_ixnbCr0-kkLI72aMqla5f-EmxKKN_qcJaEZeNvbIGwW9TkKmTPGotMX3Y3Aa1diB9T8m-jpQg,vn2,sea
0OA8ds4c5hEQpaH7p5eeF8nMWJvNSKPqBtfkF6r0Cj07lqww6_xxB5JmWzcSUjH-wHod3muZMqsaBw,vn2,sea
NWt9CU6OjHm4xV8VH7Cp0UXK5cOmHjrW1ZSBGib4JZGHb1scN7bSPmB2IWjhSq8X0T6dsGZzO5pbvw,na1,americas
gFDGnHKq9UBsYQW4wicBx24fGja3M2jXvCaeFSXAQUk37gF0m7NwN7ZQnAwa2YNM9bmIgTxyvrABCg,euw1,europe
rqpXuHNlzM5F2Bg3-V25xZ7LgF4RQRSU8bpPqnVqkJN97dokD0mG8tS37Adrqvci5SeYv65tbf054w,vn2,sea
TWQQvANKKclyzl80cW1T6hgKFVK-7zBV2S1bGADeJVkjJXX_PXiknCRw2VqYHSPxqYxwZKJr557x0g,na1,americas
Wd_jgrX5HWiyt7WgrJxi3riXLlJZcxlkLnwqEIWzV3k8gCuXccjd8D0a0y1W8g98id3Ig43DLUMFMQ,na1,americas
8JaFzuew35zzba7Kpl3CguWfB19EGcWc7ntZrPhYRPBVAKLAVIM_I2OIj973GGc83H5JaFKVk79w5g,na1,americas
QbXpjueOH8KKDm8vmQscydF9vhtLAhgBAdt9cs3FWpT7EswCVYPZoIJA6A6ws8bVA1unDW4XquPiOA,euw1,europe
Gb0OrukQ13eSUW95Arv8aKOWaKDgihrEY9ACUpi7PQokXvirKA3ZfKoKriPyI3-ZDqqSH-OeyJZPAA,kr,asia
bvcDv0i1BtVb1fNh5JKkzF2MdjACxcOkrgvm-r43XguGc76UkQO4on1Ujks6zpJmGNhr75b-V7lC9Q,euw1,europe
s8qeJ7ETJrW074U0QqrqUz6NouLKasRf6OmRtFJbp90gcr9reoSX8VCBOLapcxyuccmC22_6e1XvRw,kr,asia
lRAszQ14PRb_ww3D8KdTz87lsemorMIRgJquHNcdlOZp1IBs2LX0i7Vjj4sApjUwdmdW69OdPo-FyA,vn2,sea
GMbRvg0dWIjCegnZt6Kjth-af6ERQVCKbbec5mVN1u9AhRp8f3tqx2SN7jZv9wfHAi4O8o-WR-wpQA,na1,americas
e_8kBBiWBhihcn5m5v0eeRqYc6KWPs7lwszSq_ZFIv0LiMMMQNu_TR-AfmY6dXalMT8oxflmqFbQfw,vn2,sea
r4nHYPU14Rkl7iLGxO7vijSmUClp9sPFfOiEMLIJPCYwooqNVtRmqkIiFHSjrF65MwqIWvIxfkB7NQ,euw1,europe
tnPGsB3Lt43sN3MoxuBjn4ZWb3Fl6O6c356YI6rU3gqeFtjsfpxHjXdQ_d2m7lPqT-a9zwHwyV86ZA,euw1,europe
yVEyD_cygzyU2XI3JjId_WA1xiX69MUmxmOWCkWt-9YbLxS1XhR-duvZuasCkW58U_XRTsmtZnzRzw,euw1,europe
KCtBfrR376f4Nam2xVTMHD7EyK8iZnT8zoU-ybSAadqn-IHRtspoH_1mymQYj6jtFQ6u9G_A1GnDQg,na1,americas
8A3acG7PvyE0lmHInRx872ijkTmmslLqDRv8BktQhVXVuBS95O85VmRdv20804ScRzmqdmzu6q-86Q,na1,americas
9NEDIxdeYI1LWUq68QWqNg-zb5Skk8rlj6BvfQs-YjjabbMgTuFRxZVobpaVatnU8qV7ux0ATl-Lcw,vn2,sea
H33mFqdFzg9LhhCOVLWI5gRcQTj8czGbXzargGqrEaiYlCCYzxMPRyO6KQlwKcMHp2IAlLAFGZkawg,kr,asia
x7NbGyZ28hVSgf2OicpIkxPKkY8Q-X4Yea1bJiWgDQ0lDg0cUpOrgR8k7AB13p8UZFy8-Epq4wC4XQ,euw1,europe
Pi0OFOOvmwhGeFrSab0x51eAEDnHpZrbh3r4JfaGtnU5Yum8DhQDL3VQuu4p97Zcph6WzWmalkZweA,euw1,europe
eszNTp2PeUgShGO4-58eHtNWKtljLQA6d8yirzoNarF0DrJf5Yt33RdRNH9rhS234PZayJ8NwOba3A,kr,asia
aX-a50IXtwuMCNb7KYxczhnQE1J5R6C00vqxdnnQhhnsSqZd3fH7GnbGPEjQKjwJ81vETrC_4DaUgA,vn2,sea
t9F6UX_PU7bPHpi8D2bz3izOM73aXyxyHGjTrJfdOEUUZ2vOqH5_3997ZOphsZok5On4eAmqA1F85w,kr,asia
TaIAEpPESv9n_JCrQ_HFw7MAEO63ocns_cAS9P3N3vIa_hc-0yHa-IwZEHNujdFA2MJDCyLpsrPeUg,vn2,sea
AAiqTO_Km2zfKwKTXtj2B0VFrsPDmyh-leNZLrsJ8lctEGgrJfddX-QJL0z-Ata310C9dDCr-Pt0-w,na1,americas
LeYn7bC8CHSfzBZ-KDwo8dJ8ueFjMtup11Nl9CCcztDxYuE43C1cHKiNZNS9utjYyZDdjbdlc6r5WA,vn2,sea
reXb2RwahTm1ez_-yjaOUglIgBUCSEwOY5S4ep-twTIOWpBOX2JUb_Pl3mbuun9q8jBF1tXaVypZ-g,euw1,europe
wvARx3NMzkz7YuU7wcd5aK8iEBRcoMFzRix4ABgIg2MHAxdIWjhEvYMAVejLN9KTWKtSnNC4Ah1GPQ,vn2,sea
S8OZEpYPEiCk3XSRcSHyUIph7OX3d6rdbIFsSuBfNcCf_GQaIZkTuMeBA2rW1FH7gZvWsMmEbm69TQ,kr,asia
-abUssA-_8O9PI5-sJBQHIbbotCqbCobegtA3UsdSDQHVFHFSxinLNgL8W6ZwKcgpfWspGmOjgVPqg,na1,americas
LtRrjZRmPbAnvFiwYg8mKmf9QIwuSyKwZCLf4OidDrHGVV1TLUjL3UIfttw6C-3FGc_oNu6lu05GPw,euw1,europe
ECmE0UX1aF5G-ZgQ8V2xXsY5OWY5dYFdBaZsmvuof1T_VJDD4xSbyadjM-eZ99bD6UcWAhx05TNY5w,vn2,sea
gTY3hytdo22HbWl1KaEhXVC7T74--SHWX-31D2z3OD199ghdXu_d2n16_BoxiINWe8KqIL3nNz36mA,euw1,europe
gQ9QPeqIUdsfLDICOc_q6o3_xe_O7neUaX7Yrg4E-tOt4YvAxsQohkbMJAfoqW3dTdY8eCB0vJce7Q,na1,americas
VQdtc27otE5y9dQVbjpxiQuFBZXbD3tK9TXXI0AiRn8Y0uylrbSz5H8vomImyeE0XFoG2kPh7TRUpw,euw1,europe
naHDWWExlEX9XA3eGlz-4Ym-nnGPgZnIBukA89QpltQ_uM5sBrIcAHwIbrxV9lpBoSYeUuP0BYY7Sg,kr,asia
YCmf8_YSYjU97kBCd1SntXHCBQaQrDLE6E-bHtNXtYxMFMMRSNyKYbHSNgL5ewuxjh4Jm52K5NpTcw,na1,americas
5PMLTKYnIzv3LnCtwvzoYaNN8F4XF544xEOJ6wxUEHdg6EimSxBKGw5GgFYUpbsPP2QP9swDCES7vQ,euw1,europe
IZmZ8n3s-kHl6kPLZsuqyw7Q4060Xu7Mdveyoc7XFXdmq9Fy_FixleaijlwlXbl0a3RISvy1KTB9Tg,kr,asia
u5IEcthHZg1pTakTlk0_XU8GH-nQOpPQb_OmQnM-A9J3AbHikoeYww7pJ22tzYnZBJRdmBirN-HdUw,na1,americas
KCjUo3tuR-C1hItjAE8WSoYnECV63FaVtokMS0fH-k1piffVUpDYL7Hel86o8Of-wSaUVt_S3Sr9Hw,euw1,europe
7rCXp2BbPToU7iXFwugfI9K79Sdr-sHN2jOLPiTby4SHFzWPJDFDrmjGU7pu8t4hprMtgHu7ZDlzbQ,vn2,sea
DAW8QBGYmhEEvHcYEAPS76bRsS83fACf1NSEsM70RACGVFsi0ESpN4G1eYYigzac5oF4aTL98nuDRw,kr,asia
kRVf-08ghPBo50uv55l1VocgTdJmfoLridYeFRt_J19jNhuukB8b7BEXKUstiL2Q1xfzmbbHzoDF3w,kr,asia
vq3iya-ni-1lQl3TV2gMFrt50tbG9X47QviwlHEcES0CJltxQ__F6YAAufm1-AWn7V2WpC6Xt-Na2w,na1,americas
HtvuDbBVdkLdkj6QLdfmWTea3TQTUnYhj17yrjaR2_7MPUYK1JWA95HcKv-9ggaEUQBpdfwIuvfPUg,na1,americas
ZY4oqrrS0si67hqOslg82YwnwaTB6ROHbsBxYq39sMQ5a48bdBv5eU6X1179Du9EE4fbr83RhReShw,euw1,europe
eQxT2mBWIkViwj6rqaXxCkllKKNbzAlRArgpU5fKHqYdZKOAIZezCLxdChdhd1-YHcnOVD5n5EIQAQ,na1,americas
whPmyAY3OQ-Z3o2axoCBOoMEnn3gB3oQ3k5b7UguITRS3rF1Z8oN7CRLnYSt7TOOxLaGtlc6GRnxHw,vn2,sea
LIV0eqq8FI17kjMJLNDihkvUybimdLFJ9bgsdjgsRcjlnv65NjRTi_D-gTQM-mCS0vuto1FXac2m9Q,euw1,europe
Abe2NoABqXrrdkzXTQpk5UwKolzt3v1O3GqXtE4WcZAOO4Nd9WxTf7jOGXxMbi3n-2Ndzkmbn3fNaw,na1,americas
JjII9CojLVj0fIbSJSa5DGCDMB0ISaztJfYrWzKEq5Vp7FUHiEXiCpM2HzawaEZrwyQsyiifLSNoRQ,vn2,sea
vB2yZeCl7wpwmvjOokACWjTIRhsy1_jTVVqz_rwqj3nOdilEIU9TOvAJuQcthTZiQgyGgp4HDwTxCQ,na1,americas
s6_LIFdDdnLxZ09JRvLpBU1xgOpahO6owpOAIJhKrvmzX3zwGGyxO2XE0u5mdF3tTdyyf5GknENWnA,na1,americas
ti-sevUF6KwX3ipZSAlvwsF1KrnueVsjMPvSlMGuuJ0Mzq4Dtny7TwVqu1wecuIZrOKZLOjOqURwew,kr,asia
E4rpr2KOOlRMu1B6KeHpFMio1RYNrtHxbs9jqAMeqKw46dWSqaL8g3zMAfjCItVKImEnoHJqYPPKgQ,na1,americas
xuMbAzjwOCsaaXGOy9wdCS_00FV_TlWNTdjQnP6W6g8bhQrfVhOHZ7XBMeRu5o3l8kYl_F9FcSOfwg,vn2,sea
cQ7GW-zFozKxIWtWJ3Rp1iNaBAVOkiThaS8fCHui62AYc1_cycdU_js5x3oZwvXB_Jkdd1d3TVXaUA,vn2,sea
Igt4OSREFBSuYLyd-mKtbcXFrFAqciqRh-qtudbTJoWkMpAjlOcyOwnNzGupBAtS7GbQcHjYq6etrA,vn2,sea
sxP8VLFoFyzFpU9XDX0OYzQ-4NkgkZZP3SvLLwc5IqLWvP5WvQkrttNDgTVLdaFyTsTZdhy0EYgFHg,vn2,sea
zckQxvF7vVjkPrT6ZH_i5Rt9ABkgXdIhqHIdgqdMdLoKv6WXfxrSfC8YqoU572eQH0qhMNTZvP-0tQ,kr,asia
r0gDWgGuEPd9UeGXx8fL8plNFkWyzaz1-zgT2cc43r0LPF8VEx32kVLS4HIngYqMcE9iUBDD9an7Tg,na1,americas
G69Uho92CgXTRf8SoQVedPT6Vrevq56tFAArxYRDl1pGh6PLBvHbAgsGHLRiqe4Jx0HK-cmwi1YpEw,euw1,europe
uPVju666N6eX_3rzw9JCdINFujWo6WsZzPuPVNDIDo4HhXhNBiZh74xY8cBCZDDSdwSLyJ1WmqH-vA,euw1,europe
EiwPiT4_3oVx5en-qnLSe8RG4kDvsJ6CQ2ocLf9fueNUtX7ZC5Ui4b0FyvXhgUPZbjKxKdReUp9lYw,euw1,europe
hFKxnMxQ5VilnwFEd5xADSATY_d4IvIHyjl7lm8oET1PLeXpIN6aAVhVwjbVuASJZbTYHzhYybehCw,na1,americas
rsZlUG4DCelCtkwRZk8G453obP-6ABKSDMnY_RfIs1JALrV3Xq1p16-E4eOAdiRHHIfU_7BhWtOEwQ,kr,asia
KRxmC7OBGDWJ5RqmJf6AzxUpinsX6Jw0C-68BoVIMKTUYEWX6Z4oehGynd3rvaxkT9PTTS5blZHz9A,euw1,europe
dmBF4sYI6hBI7H2dOt3O5Xih92rAxaaVRR5AuouLvdh5_NgqMg_tPE8STlkxe_O5fKp5JIAbNdDWfw,vn2,sea
c8PfguAyF-Me9vllcyI-tLBf4BrL847oKBmtb8C8VDAOG29QtGn-wZk397zvpG56EsBevQBNq0pDuQ,na1,americas
HO2BA2dFjBdfYq_Uji3OSG50IgYYSCWsnS-Vw4Mhem7qjk8h5YWt21JmC2k_-KKsfQIFYHaOHXmJmw,euw1,europe
5W2lq5gLKJqfjrENwtBq90FGo2hV6StbLTe6hOy7tVsRd7NCL8quYkIAhWtJpWk3cIpIZIEKp_adIg,vn2,sea
FRYqn_3l3Y8Qu-4RI2Ku_bnMxa5Un8DVRQWetKMzhAJaeZ0qtLeiemxZzcWFVt4PFxu4XQegwCeNrg,euw1,europe
srMgEk6uN0zyZWG9sERePFlBl8GeVgD2ybO3a8bdbQGCTL6D6vhCQMzj6jvcRL5DE_Fud-iAaYxUmw,euw1,europe
A_gsbbd4W9Ek4cnNNEkHWfnPNR7TCovRjdymk17-eKqFH8QchNGyBjLISuBTrXVvWsLrPfYjgJy-3w,vn2,sea
dTLRtuMqi-SGg6cyAocrmSyYrNGKb-QDgNs7VXIYkWYrb0ZSnO76riCtFpHahstQrtD_pvVClCWgFA,vn2,sea
6tPeb8Ij768RYvJ-c31vsEOwnbTti-NcCM-2Bu5xxelgwJ33cqqmyO57ryord1t-U-2iEZQ1EMDHgQ,vn2,sea
7tvPqx6qNrX3G6Nf85euES8RJ9M24ZHMcm7yhegscMD2JIs_nfZlYiPfqSnBYUCvOGQQGc1IxsfOAg,vn2,sea
hIX8rb_u-u3oG3lx851mawFqgX-7sjXwq9E5jVypX4id_Sey8aGyqzaQ0j0VnfITtM9T4ah5sD4Arw,euw1,europe
MA4Ojr5EP6pcmJofbNVhSDLeAugIfgBnSl9Fw6OgeNKB2EvzjtuCRPbfJaZYUz8r_rlFic7jsT2JnQ,na1,americas
z-7x7x7CT2jrLwqy5TvmSXT0HXhifSesg5Owg4dDYffOVVVKPiWmlqcHalvPvCojvYEnvNoRBoxj7A,na1,americas
hVetDztLdWdA2Q5VarPv49041RNOT-aKoevSHr10MarICGbHZJSK1m5qw1RPHShyLy-X8_zO8rWfhg,na1,americas
hXudaI4N7zvKUiO2JPmQYkGe23BvqDK6m63FF_TCxzesTq9pzVxz6-LUBUoclm08UEg3RMdR6Pu-YA,na1,americas
c9oQMraSsLwK2ROkyQKStZD44r23v0Pf6AOa1cIGUuNFDfTOwCvGJiOhAEhrzfWpfL3FxGBuqiTXbA,kr,asia
_32SWVDTZ1z3gFjOsC5aM0tFyHSF-oXTdvQG4JdaHua8QWDphhP3uMRHFD4S9BRJVdXkusxsFGWEUw,na1,americas
7VPzlkHScL65-n245tZxmaX-bCj1BnHbRK0X0-7ggoDc6uP2RqGP6FQD1EE0Ekmi0oE1J0oRfVeElw,vn2,sea
YstxOgihtxZW00bemrnnhMVVOkckZitJKsYPyYSWR9M860ustuee-jx6RMoE8KWLRPjyELb1_sNDaA,na1,americas
M4TyJaI-Gn13FuBH8hhVmaUEuM3E4SHQ-k9ojtHWkansnWAIVEBJmdgyaFzKSnfQ7scORkRbqU5b4A,kr,asia
TxAk6x3PiXZ6pyamwgxo8DlNUsYzQ3jdCP6Mhj5H98P05z-Vh85ujhn_3CMvOhNy9tWkTeVAFT-9qg,na1,americas
wQEk6bGauW9JSCkygTTo8ypvCTSgFsBcpuRNWDajzLOCEGg1V5bonUjTRsBWyK4Lxp4vAv1SZnauAA,euw1,europe
-D053HUvpZqAzIeTOl2bJAOs_v4_-s9gFpQR0-17UFQmcXwxRpq3WsgnwOe_11bIisp6Bc51_DWECg,kr,asia
aRbN7FHip2b44tLD8GmlAQYvIncNvbtHvoL2REpLVgqgbi3ZIHvYB6W26UrXklQOhpWbgpjQzhGj-Q,na1,americas
weFdsZI4GneAHQRLQguXtIsICAle1wrlYuzHotD5ztz_UfBDivw-YYC6D3gVFlh9biL-Vi4ST1spcg,na1,americas
fCO2mrXwqKikfBuutNp-Iipt6nAbxbLJj2FoSPoxuyaRxGi-8QW__t0oKkiLDwpD_iS9QPBW7DJzLQ,na1,americas
noek8RAxD8_xXObSGvm2Wuw4HYHQtfOYFEa77f9DVTUscJUKWQDNWhnV-rbu0wC69-Wqm2U4Wah5eg,na1,americas
7qcJbIGLPnkzkKbqoC59YBOpzQPWZY2ohPA2NY9MF1V8RjyDXHR1XOd4mdoZImyoDLez28VzCx24mw,na1,americas
shsN2_kEyJjGXOlu2IgRsZ7LFui8Aqrl85MLV9-rLXPrMBmKSiwXGDDaSPbLnHOiat_TMYDpvArK4Q,na1,americas
9O8sTjEbomFxgN-0XcBpN8IEX9seibayEMl9kceKakH505ERwGOZwzJNHHua6iyXKRZJdPNwU6f1Lw,vn2,sea
QMYLsHk_NP5qnFy27GrBg-wextX4PdupU5Wr6M649r3QLn0g2j2e6o5A6CFMPdgJxwhWvMvZz5uHrw,euw1,europe
Ml7BAbnuRC9dOlimOBFeJE-qtZT_-NLyTGJMIOsCSgk1nD_aSYYZKpYZoCTHnY4lc8YhtrWoEp5Zsg,na1,americas
6LRjQPKTyDZjcoj8Lmv8Ne41IFBwxxpHehXlH2oVrqo9jvGPOFFOlHYGTrm8yJqcZpaobo6fYs9_dg,kr,asia
TNMUHWg5RrtkFQ_BLC9P1ZUyeU5cvXbvZgJ8R1PmH_YqomTjQAVCqekuf_JYb7b8AJMAnH76TAVS_A,vn2,sea
7kw53yKuOIXjWTabaKslL3dx7R8Bs9LJdsxxLxKS1-_1LdBJnmnGJ0x-jSKMuRCooYDTqBmIJ6pYsQ,euw1,europe
wb48nxfadRMeQMy2WFKmzwQ4kawKIF2vSPZQ4pRavnvcAohYITrzJ2nMWPWwlZ8uFvR-dtgr53qy8A,euw1,europe
fCXVwNgpmFX_n934JzKnSZJara_W9KXK08fcCHHj09TiaMCTUgtwpUwUf1THw-vtV9SL33FrCOWxuQ,euw1,europe
XzDm4SMgx77VUfqO-_iObPxONIXRsQ9idjoxFlZ4870U_EY3JhttRL-UAyBbP4vO6fuuR6oOcbxNRA,euw1,europe
VEJXc8LZifX7mbAVlaC13C8WJfGJD60qafZ31bugOKwQfS-soVhv9DTyMh-8qA0aZgIAZjJXki2a2w,euw1,europe
SvnsY-USYw2NB9xdiSRnfWRt0_eGMBiy-GwgQGSQyjos4-0qg0Gzj4T6YoF6Obn2sa1udd0WP73Z1g,euw1,europe
P3UFjuPFsxI-98nLjxACtAgmTHwMoCARNI6xCBZsEwXgEW3RedvwlQZ-Bf7X2swtEkR5T04XN7l0Pw,kr,asia
EuNCFr2I8X-Bqe0HKmsPUmpfFoXaNgoglfH9uxVIgMIwjoIPkdx15-yQFfT5jAbarlNq_T4PAK1UrQ,na1,americas
Kb3IKMaeRR__PUn5_FjxI9p7PF68TGacCXZ0hui3bHVLG9aRYbCUbPUUxI7j-6jbI7rlRINR6-o92g,euw1,europe
fKPHjb4V5V-EKVzptJB0vAKnZB3QdUCZDl_aESTIzyg2pD-SoXPne30s9ZdAc4r_zINyNE2YhsTc9A,euw1,europe
ftapomb-AuOLxtnUG-p_U26GSlQVEFxPaTxHGkUxaXpziSWC-KwalmbPmH2erzaoYixywEZCgSe2yA,vn2,sea
_0NJqpIeKrHLvmabf-29oNBktxWCa5jD7v3Mpk4Ns9uP9lJecpYt-oMKScKAzbGAy8bE69dTRWODzg,vn2,sea
9Yk9dDwTWSqg-eVdj8hQn8UGc8zE-xym31dY3w1zDtR7FnZv6105a8MoxedFWUYhFR6VkYboeNiXFw,euw1,europe
7LK1rHzLIb5VCLbdkmNOnXvJb0WdKOOZneCv1yjJCDNq9Ms0ihmIu6jfbZnGJxAhy7giI8jzzHNU5g,kr,asia
LzAAtSqmtrWtTgs_MCcTHQnRA8l_O3TDjYMmhPFNSphyw5IoCWVPb9UJa3cZlSlh3i8yzRzJ8WmO7Q,kr,asia
X-ae6937J886n6D_qnbnnm8nCTMp6FqvMjcsWX8mucCbZgAzShdDJR0RPvvem0bvwt8blCjUNP6ERg,euw1,europe
WDG1D3i3Wq1umMRhs7d3TqypoKOfTcHjyQmxzXrZjur1C8279YFQ9HlYps8QqlHvYV7HWHGxp3jMOg,kr,asia
pG1EQ3KzDo1XX-lm-mj_V0-a5nyNMkWuLcAKaKN4wMvmu9dqjkzXXy1dKdOb7XTeXYTxcT_qaDQpkw,na1,americas
cEpMeHyAVx3lmqPOYwphB6253nDrTGz3mVE2sRVbcWyOaNfjoaVUXcpNfh10hyUKCh3pR5kEUkVIpQ,na1,americas
JsLKA8K6BIAx69BVh1QFN6iQcJkAGFYjsMeBybGIS7Wkdyj6aGEAaVuT8o8bNyoPbE2GcY-knqtncA,kr,asia
hD3aNspgpXevE3ROPv7HKzhk3kEdT-5me1FK5TsAXxXwDqSsSwBpIy39FV66V0tVvgaOwk3GsAsn1Q,euw1,europe
BGjB0whQpuGIy0CNSckt9_dqMGMIy7eHa2ZNF2VhyWkPLvituvXIlZ9zKlKeZzDZdfq1wjTPqGKc2Q,kr,asia
9BQGkh9TDdO92lGDHnPvXWAxrUXeVuwmaeMCiFsmosXjQbCYDKjAIezfpUMVyctZHjfdT_uMBDdmAg,euw1,europe
_joCZcmaSZ3XPq4c-2XCn6CtUFi2ubKG-AAKl_AL3Tg9MnL87tKyX3JOfNGLBDiDNfAoYhxnpbBZWw,vn2,sea
cOmq1TTXiw3zEymic_7U5UoECteqY9B4eYZe3UHh-QUoJ9F51FkxRgxh4I4s-hSOjtzWOn5L_arFdA,kr,asia
SS7fTAqruLe_o-3IJTMmwafX6bfAr3fBJwlTEzPR83HKJNQ5fR5qFB-SOOTvVqW7XMtHvyDOQu19Qg,euw1,europe
8pgJncyjxr1_naDWAQDMNbGxUHmrNF6PBVklJy2Re-AFA6fCC3NGpp60eQBpQ7jMLbKeYXx9V2OT-g,na1,americas
8ptmxPf9fYwsBuaBE0rN6n8VH8XqzouDHyvz6ejVlsfKWIySkIP5rvrw_cEFp1Tufm1UTUkX68NtHQ,euw1,europe
Y-8alI0pm6QyQoJXXTeyGw74WnxG_MGmiYfpn1X4PCtMWO17UZK-bia931UMmdh0StusYMUp6S_YLw,euw1,europe
4AV5ovcuCeIL-vNxecjQ9R9GtVlfbYqgCoeY9HolyKlau3Anq9fceIDr1s92qC_C96Xx1YEPX2wpkQ,euw1,europe
SXoeyIjSnVCkJDcLsJ5GhJq73uOOv1xgFjpVH25YkZ6Pb81B9rzJtoVG7KAvYhZtOZlcr_m5ofeLRQ,euw1,europe
ni5fppUabBCMkcjZnMfq1ldi_Fa8q_OSkCdYEwZ-ubyqov5hPa9KJXqb_XXsBg-ZX2_7_2kdcKWJfA,kr,asia
5E0esOntUEtEOnC_QbTUIx15wJac15YNCtpM1QwmZMAaH1PdL9ACkqWdfpTF7sVKJU4rYNbmfxo5Ig,vn2,sea
oMCXN4LnPYVm039xxL9KGYKS2Nfi1VGiHGb2NAogDZAYGMdvmw4tDjHwhDHUZ5-95Mwuj2HagYWCPA,vn2,sea
bNOJp8qlqAsNlYH34NPe0POxCdjHIIqSD3PLcXnDRh629XpM9soW0JYbZmVMVPndbgZ4fn1jNq4WvQ,vn2,sea
_z2ntb7bBduLJ5Ltulg3l8BtBI35vG6sznd2TgZJjS3TIOH8LO3htPZspawsgfgsu6gftPVy8UXCyg,na1,americas
IOms2BOZOrSIgGNMnI81B2jPvIc-3ePBC-7HTPsXjS9w2ArNkSWDIOJtbdTDn1hYTqF8y4qgN4b7Xw,euw1,europe
fV-mcACisZD-mAyTErXWuA4gz2Yuvs-2yXms5T5gYdw3pyylTV_OzujHpo_GH_dwNU__Z9YPr4ljKg,na1,americas
oDAbiNOB8cYZg9Bem_cI7OSiJuXVBi7aJzvUEcQh9QINKU1VFZ6RgFNSSwcHxPaVfr40nFvJMUTCHg,euw1,europe
48z6Af96ZwjsUipBvF7wUPtv-fmAaPEHcMVACFqzEfEqybPAIxpuFDjlTRqAUZeouiRWtS5m8_Ff_g,vn2,sea
BwoM5KnnJy-nrn5pOJCLTx2BSaKRLkhaGH1tRUDf_uTtd-iKCOsdqUOPVCc0MAJSxvTLNZ9X-6EeLA,vn2,sea
sfenXP1gFB9SKpQqZ19qZYt2jGSqH7HiDDeePMyG7v9qwxl0eOtyLz_1vre79FL2JYaP3rWfucCeTg,kr,asia
nvFv8XqGopkrouLoqLwjfZT1jrtCFI2mSfck7Xr9aCXho5uFz7HJNSsC-7DTCHCyhMuH8y3xgoQ0Bg,na1,americas
un1vkw6fN2zGu2bph9Q8izYdFsadP7lRzjGj_-9nqjrqBxr9PyQQMKzJEaFgIGmUzwaGXntXFq-hnQ,euw1,europe
4kg3mg3Mj4eM7mI9SI4Dh-CTHHTSa72X623gmADXlDU_7JE-YebdlSW9UhoNYQ4bXdqzE6Ddn1a7eg,kr,asia
_Up_rD27PabnpvAFBs2sMffxREP_l0Sc6CFSTvujibNHu3-_yBvBCU-rnos6o_Gt2sKljX-CuZgYjQ,na1,americas
GwvgnEgjmwEvlEBtrlsvUeiu-aF5yH0PlyQqUxBQQKoyxLq9u8QHtpbXcRTGMCsfs31bQknu1m6xIQ,euw1,europe
9zRYHPEJV8H9n8DFovjb_YxI7FgsbXzeUg71BSEt26x5_e7g9VhNivtKZCx-HJYj_2lCGjQK7W_25g,kr,asia
eOi8XAxb-2j4TYn5RcZ0UzCMR_ulyQqPpupJ_piXn_C1Wf6mn28dwNfGtLAtLy6DJ9ZnLl74Bhm20A,kr,asia
7lOI1YQQRWda3fqcrKcpK9_EPlYof2PQEmw0HImQwT5hc2FcoGlzzK838bSgRtt37-PBR6NDbDFicQ,euw1,europe
w9P3FXdX54c6oTwghbzw6KhxInIGIRezrzejG5IyyeKTEteA6Cm9XPmn5fakqhuZ3VUAUBgGxW-u9g,na1,americas
OjkeIRC45rz_lD9DaLwzgb3M3Frisn02gqXanDiLcM2eoKAQVfTc7uyoX-6OPSPOYg86qGe9YN1ckQ,na1,americas
ii6qm61kMFoNJuAVXFNSK4rPml2RV9ndnQoCqFllbuRMSGRPr3Mh2nqjwAWcS0k5c3FERs_sGXtwDg,vn2,sea
flQLmyxGg82fNEgKNEIgFPpVkDpXbmkXQ2zhG-GP35bcJfhi4IAzEEtwzCDJ4WY3VWd6sr-ShC2pAA,kr,asia
S0i8EGHiRlL-1zfRz9SiIwwiGUiOacVnvXXr16PWnySi8ssfKh3IOF8-_TW-mdBVq-v8qpn3JnseCQ,vn2,sea
XxyI2gkQ6qgm7I6dhmlEeaWP5Whbiw7b8EAlBrr3m6MvVzfXDS83X4Fii8TUUxNIvyjkfnAXMDwtWA,na1,americas
jWwxjKWfrwT_uHVhtIht7nVOJWDo66xkvhc3aZguyaGeftck58XLgpOtR6SC0mH-kqVK8ldwQrjfZw,vn2,sea
yDEnpR1Z773qgQyF2el3wPzTeMw3Y0BbcPQWc9xxDnFttT9rGQ7ud_Uq7O76ZP-dfopmX26LFBqYUw,na1,americas
da6bgouS6TpE5K__26vnjD6WmWqdEWM1qI5CAiZmBc-2qLAqnDq59EC9isblhsokw3pKhYjSoboV7w,vn2,sea
XPLRg3EYdHpl3eP_m0E6zm7ax5bhs6hsGWSh_NBV8HWalmQhRbqaSPrlKHlo97f4uJGLUIgQ1Pnu_g,euw1,europe
WtP-K6Z7R2WhHP-BI2M2oE9y8CDu8EJ2YT1T9PLfrgIu3gT8V2eBuetkDLUFBnPtL95fsRE_iPB65A,kr,asia
KGPeTB3Nv_gum1PFrL1SPsecYhLfeFk_KI4mgmRESwlABRA02MM9jMsIvqVhtQWCxia11S5S-MgPzg,na1,americas
DwW_tGbKt0iCgBMP2iBYfxIF3TQBYaE7VATqNRlAq_yp4mAULxOwFcmn5qOa-HC43clCV6vkMmmFnw,na1,americas
gVTPYjy2tlQ9oUYMoHVjplJ6IN_iK0C77NCc82GAt7kd9Hl0oF8Oxf54L4CRv3mPPRDoHwuyggMz_Q,kr,asia
11j3dMfmlLCn666PqJyNCZWy63cUOS_9pgRVkvTvptXRWJ3uDiKyku50DIqNpH26Ufxvc19TE6JgDA,kr,asia
c-5ch4EoXldMkUiDYchLGvmo-FL2j_gYYjdqzLFFaqItII2sHm4Oobdgb2v8Met3n3c_0y3nq6W-GQ,na1,americas
TgP8GQWSw_HrgN7QjQq5L_BVpwgwCjQPKfi9gWLnDiAtZ1qpaXV6T_0QNogq2H4aZAGg3Kt4WKnprw,na1,americas
mZfGQ2L7GfhSsFHW0fwFtHzu6MdZINbmWR13cjpERfcZUmTyOyauBie9fmK-RVUho0lA1IwZQLtgmA,na1,americas
I9xndVOVgHmvawJgZCZ0u7LCTWVtQKGoB-_DTrf6tjWv5C_oqIPY4C0AJWSAU7tO8fxIAzBcF8y6iw,na1,americas
kRc-T6Me0ZitVY-sad_wdDulWs1TMiLQAh5JgxVy42xEg4FSlXJVs_UiMyfjMrWILn2kFWKgOgF2Pg,na1,americas
pAegJbtBGQs5-UC3p9A8LXgV9oWnJxjIjISi75z9QGjwK6IxD9RyNNJNn7IlPMAH_UlcYq3nH0YlLg,na1,americas
uBOluLr8iml1mKcflKjxVwuo5AHcyFwuj5Xtwh_ArP8rAdFCzggdUOFxsCgVpC1qk3SscjdU2t3J5w,na1,americas
jtRlyAH8EFpCelB39Y9oX2I_X_L9nggmslrPBupYU7AP4R4YQ3mt-xQsT560-Aw7Md8SdLLmnAz8pw,na1,americas
qBsQm6rM7SwCYQ8Od1sT-yGmDYe4nTOpB4CtDJ51oxHS8wKK6aOJkZAmSm2mXmnxVE4wznrhpgZVqw,kr,asia
tAPzzRT3vODqSEjbYBk8Zdm2wTiSIiHokfWNL7R9kc8_cxodTZpM1OSaZ2nrMDPhrjReKHi8B64SNQ,euw1,europe
w5Vf2YbM9HY0l_N6qcqclOqcNlJdGDhGnF1R93N6_IjG7GOMYJ2MjZp5OS1J41lFTuTNg80bI7GB-Q,kr,asia
fnf7OI7eVOhf8BCQixDZmY3muDoqaBz3uN4R_cdOD3NgfxuOQO3fx8AoIf52ax76XlWDlXC8u_QWQQ,vn2,sea
WcW9g6Hy5vHVs2e97fz7P4YNWOOcEfiEEch_beCI50TL3HzAxOkfCR6AtcBJuasWR-RNLdti5iDGlw,euw1,europe
lZfhyrfjANFswSqwFnyeFr1_CWC8jxQbU_BdDHqBP4zxlH2KvhkJnwZY_c_d0-G-aAX4epJ9j9Gkgw,kr,asia
LnUQsFi-T3hYGPzoCwpDpcnqxSjxrRHQkfsvCqd9-NH0C9kAjxLSYV3uF4FKkR4i87wuT0neqjBmpw,vn2,sea
3YNh2aTUkD6yJaYaZTx7Nt3lAvbqYCSfp9mYuQWudG6d6v_QrRlzXSH5OjkNbzKKyOT69HFg2yXKDw,vn2,sea
G8OApB6u7BP5Lmr31X5Q2ydRgk6YwqVro_eF3KWXTa987-xtv8YKDgauCCd4fMHsLOCW8pZOoXdapQ,euw1,europe
BzVrTAurZ_8wFfP6WXGe48lwxqzyCnx5KXryz0AmOeDMoZY_SMJ3RpKDEh8pNmm-4FOta-tGPvJlsw,vn2,sea
ZVRQC6k_jjbz7r0vl36GvdGoKd9p9FN2frFuJ3H7rYcBWvF7Y2yT2DnO3UL-gLYreMPaWp_-LJs1rw,vn2,sea
gkcTtGHGAcFvj4ytg3tl7jZLfznPWwJ59GCqjIE6mjiXyEwjXKLWN-AyZkzsIv4wSLBuaLd4FMY0NQ,kr,asia
W0rsCObvTuRYUmG8rBrDpeq8hxQhXxuPOyX66Q1IOUVKje4f4U0h_C-j5lqxFxQPOPMkx29Oiv7A2g,vn2,sea
Lk7Dfpp169ukjvCSReyzYw0odiedvtRJiQsoXBKaler-_6NVdOPUwDpSNlC-LPPz6G04iiCmjW3ZkQ,kr,asia
IHnneXGc57PtL2ByV63TgqU_uWCJ13pIl7sywiZgzLmyv8vCocp0dh57APEcjabdceHWdhuXG6iYyw,euw1,europe
0jHRyNk5bGOX9seVyn_815gtbGbL_SIQyWzOCjXqyTmNtdeE_eSKZULPO_mBUGVD57O3rkIY23KkjQ,vn2,sea
qW78wDeshSuuADZAceY-pJM48-WJmhP2wIxo1JVYQGDUIVK7FBtuuvGej8KfOWDMmp0jtk9S3OqS5A,na1,americas
II5dVC0cTw4K73TycJIh8yWV6l1H0PbwO7FIYwD78gtaVwE3OtFNHkYORGlGVI_3j3SEAlgBL0yLtA,na1,americas
Fq-fp9Ii3siM3U4n7VOL9Fb8g-RKrKMsvawnE0KeKv3nKvOVRU3XPRY39gs0EnaYYDKLZMmkcmjAJw,kr,asia
-qH8U_CrIUZIX7H7AkFFDujsCeIY_7tbRzgmU8m9S9-bb-VhivtNHiPZ5lvmW73ACdeS41ziV8R6jA,na1,americas
TD8Y1udqVmox-GcSeGxUplNLJDn5f-QkRiskluLIWAbPAk3NfULWXd3ZffPwIBR5HBf5RnMaNmHVQQ,na1,americas
EBn2_NwY8IqY4Gj3n0TYrnV9n4sikD_s9T56BKEWBCqGaRWsAtF7kaoGEaaj8kDqvjDIq3HSGHeBjA,vn2,sea
g-I3oD6xBZHZndeZnyd2bezB6pHRvKlSVrwIJvqZgiGrnE6L6TP50qrxTXRpEsmXoFzaGWWpZ4R-fw,kr,asia
DeYgwTga9OeI4YiqafqJXg-LP8HpTorWSR10sXl-ZsEzdGvg_RKxs13cXuvn6B3dCyIx0EZ9ydnIQA,euw1,europe
p0NjDl5SfefTow5JVfmga3iv_Ivpt7qJwkecaVpCiRgKPzzP8FDYB8aLLPDnfLHg_7c2gzdRSDtH6Q,na1,americas
jFQdYgGDPRZldsRQODrhs14abE031YgfTFDOO-f799FS3eW4ig73-F33rjFbmwdd4o6IQ1AJf_28bw,euw1,europe
h3IHi1tzf6zWMT0xmxwgWaTtGMFmyCma9y2vltt7fHAneIi92QD7Z-1l_maBtrJYtrUTzCinx2dy5g,kr,asia
HkVqsZnqU8Ybx10Z4B2OtpHdhPKCqyb5WhCgXwfy6NFs91QiyTUCvGcjfW1hdzmpOS9YB9cTYLx8eA,euw1,europe
5iDLhz1s04NH8prEnYFyvP92EWOy4p_-WSa0ciIdw5A3SOQgY5oRvWUoCXsBwJAQC7HCCTyIxoFiTA,vn2,sea
8-kgU8p0wDLQ7Iq5itCRw9Cf9Q7fR49pqoI-l3dKnaAX9cm-wBxyY3GkcL-KQ3Cpd1AGAGHbOqCxfA,euw1,europe
DE5sFzmAokHkK1oE6AkAPmC85GPlmtbu7SaMGeE-02CTWCs74w4hhqPTN2zrLt1oc2kq8_cCod1cBA,na1,americas
3VNlKULpPgAZR1oQWq-BiCi49K4b5VTElVBWVNzDtAAJuwdtjl96SdOYeYVmUl4ddBEB1oE1Oowckg,kr,asia
4Nxk36Yb-xUS-s7l3afuNHPoNQG9q3gLVzIrKIcr3JZV1aoVpR22A544Z5MzpLrxpdIrnf1zgE7d1w,vn2,sea
HzKkNAYUWS0bLxC2KA8TT53MXLyXb0VCllO4ZJfvLeeGVBV1bWK7CpieOUmEw5yu3RqZ2MMrS_-2-A,na1,americas
pR9V_1XCgtVdz-gJfk82QmbRVORDgHeC8kWrboHmtd2pM7uVJsY-f1jqCSqCUD_bGgvaNjJvsjiAgA,na1,americas
wRy2CM7y28ELd-EXBP8liYO1NXqoGnJoUyFq3tDSq44V0n22KpV3SlQ9PHtdrD66c9BaJ_d-6S968w,kr,asia
las8BlBYxRjXAXYg3GXc8xB8fwP9ujrlgQQlGCtleJNUihWD1X3H0HeEZ-cRl49fkMt1AV2xfY_Crg,kr,asia
xBBRr1Kw5X37E8MFMw1OmdLwyTjRdQRWBNYCp_vBYOyl0xf5EfMRb_y4LOhNdp7T-vDDtnL5Y8e45g,vn2,sea
LvBdAbMzvosO0rTxkpZLBKVlPIj-X2MVadUPCJTvZYLsrj6qD_1S0jhF6vBhHUaOo1QXi0knvnHOqA,vn2,sea
90xiW49-dwoDfkkJ6I-dMpVc6e8fRU7fElwVqmwhjJ_8cGTMFSBm2dtIKzRCQIWqFXxhWxK-jyanUw,kr,asia
S1tfieUCYu5lFi0AgpeXqhvcrUGJlmoy0esEqmcXvKiRR0JrutcdSY3TM2hcr7lMQGFpnKKHXPH1-w,kr,asia
hOXC9Tm5xBYowKcjuZN-5siHr6zpFCg8tkwfU5ZiaE3XRd11Dbzl1GUnkSv98kbpUi_ZpO-ZG9tmkw,euw1,europe
5ccj4WybYDaG52UYWXq_HPCZahvxmwp5nUiBWKZnmvQ1oCWlKkmTnfI4q1LU5jScEl0W24bTG1Og7w,na1,americas
uTC3cG7ISocS-1J1ENI_61hpq6x7CdyBw1qQ2R54NiOIrp-338BE1a0tgShQY0WQxJIeLgBTLlwrsw,na1,americas
3ics91x6w5IU4pEkreihnCAj8DMvdDWpQxJ06wnc0JzkYyRZvSrxTpgPce50-0VP86bEcIBYKkMkSw,na1,americas
7wmaa4BZwkLX2xzIEFmCAVUbVLeqAH49DeOicT9nraX3sW7KgfBEmBm4mcGtkcaWzK_TLh9_2jUqaA,euw1,europe
kRTjj36N5dkVIviV1ZCUmNHc5yN3GpjRCFtyLOpNvCAhzFNDJ9dzqZ5_81kFVTSULwJOjrkxIZ9tiw,vn2,sea
HpuULVSJfMqsQNZFPeNIpjCFZwKjfurpR6W_N729_Yt75PbYxRegfjtx8e4okB34k7VOdBWxmQ806g,vn2,sea
NYSnXyAk20icK1eqld_R5xcJ5S6xikdMQZmDZb75umWny2ZfULD0Th3eXWTBR2INrniRgdcyc3gq8A,kr,asia
FPDpW9zSZ8QJadZkzM4jXtvIpDogldvMzrsLoMlso13mr8VTxBBx2giHGLSfWZEar2A_jUrJDtJmkA,vn2,sea
WawMEFFXf0be-C-n01dc_VcbWoC04Ns0q7pZM8dR-uyvewuDKU4fCciv3VFyFZFqhx4X9kA1O9bgQg,euw1,europe
VK-ZPmpY0PbsJe_eoBfmwJvgzitQyHFFgnfS1qsQ85lFnE6FOIiYEdji8rHWz42i6SfCP6pGIptWlg,vn2,sea
BF6c352hGDFj9HAKwifxmR8nFyT1dRJCmvTKEirZ1cYIwUmQtZynXd13dWP4xRa7Fiwdvsi5OrXbNg,vn2,sea
p68_S-k0laxSpFVY3SDQyKl6LsdM_39yH7p4TJiuE7xofoA6vyiIqilqkbECuiF-IPIw0HwV2weEDg,euw1,europe
XwvBKkHECC9WDxUV4fE__98lE1QnK4FRyXsBa1GPGYK3Q6mK8860xFRWGP7-ehkkMtHwBKsnWnfDbA,euw1,europe
8jFnvWxb6UdJRgYcM_E53hD0NrHwHAZOnrgvZBOmBfx7P_WX0KOGInngsijDtS6Ng80IpdZb40G9gA,kr,asia
9_mejKnC0nqRRnxs_EMU-2mKB6VwmoUW7eNox2fqDCSC-n7VeJoOgaJh7t3dqh0ZylVfW5E-Fan3Eg,euw1,europe
p97Y7zzvniJPahAI9u6k3xlfShVaI0IAg74X3YlCFcHrmeADiY04lcEZpbup_M1l4h9O4jJaKqMGhw,na1,americas
mUK4w-lmmy8GHAmjWnO_W9SI2OjIcyYPnjF_cJeNWi6TaqW5RX805OkOgzX4uKEDiMaiu2jB3WYrdQ,na1,americas
aGDiPBnAIvDWK5zOpDBTQw992uvswGyyETzAR4BvoJhs66GOfwnuALK84ePGQo5pGlkRYiJ-nlEBtw,vn2,sea
mQR7B5t6i5Ce0JBGZ1m1xezygRLo8cLeBnUBI6I4eKRZGoZM_6wHjGb4bOAMW39SKBl1PodcAMhYtg,vn2,sea
FoohoCSvlqwKMfubnaX4vu1QJcqwSfVRSHDbNdNsoggNdmzEH1jTR0ROjJwn1bv4vq3_Qn9seV0G8g,na1,americas
f-ZciD2CKiCKLEcXMj2uSXvjiHPR1d6UQVSab6MC3ghJ3FGztLNNBTwoBbW1AMLVbUAHZO8zabbIIw,na1,americas
C-Lac4FUdc1eFKvGRcL8JIwuHA-Tr_BD36Lo1EK2M32r3__moWUAXgl1J9xI31pNphh88BGWOp9eEw,vn2,sea
ohIXFCJ7oxyIfVdnPqGBAtbS-qOOq1RQxPw-giv2JaLgiy1el4U_oDt8WmBi8yMuKwBpxk9JR_81sg,na1,americas
_sv2qT85VvKbAWApaqQBn4_0rZ7M0FMOqPT_G7hJ7vCZ5Bo6JnAOw6rbaCf1gO2NKbxOYyPmVx1OUw,kr,asia
DYJqf2tdYt3giaDrCmKx1KHaWNxPSAmhlV8aD5C8xWKYI3oDSw6ydvXG9ddyEmYUinLgwMXdDrGVZQ,kr,asia
vYgn19Z11aA_I-Vm6m-AhS7GmsiCP2XGmmzH9JAzlYPuXWZkzgKsTNNkl9_xHsUdB-vbQ2HQ-Y6JhQ,kr,asia
rCGPMa9Giya1VYlQOB4KrR8VFVap82kxhhsdGG8AQXN8hk2yLtAYj8RhAg7BGmz8ci7kBPSYvI9mvw,vn2,sea
Hrko38WtagXv4n_oAC46ImiNZ8GliRigEjJnWQdX5u5AHNXh_b1aQAvYIpan__Khg2gaLmkxoHw5UQ,na1,americas
G6uB6l4MmL1hiGcep9qI2nlJqiTLbzUwtmfQIcJO5SULZrKg1qvbi5nVHt-cHh5B73xv8rEvGnCuug,na1,americas
FBH5zlwGixEkaBGIGn7suYZNi5xMqgVZyFqkedbrREjaHxqp05AzM11MH-_Anpd7vD06NT9OrLIInw,euw1,europe
rTcvdYNqPfXlN97ie4Go1PABOlSM-yAHYtbi7A28WD__LK-_wt4OQAPjnWiS3QORSnZ5BFGzGmFzQQ,kr,asia
RdYHyPGinhSkL5QKM-gbrvCOxrjQBVVqeNMNn52QWp0x4gmcCh6bAyvCH38w35au_yhYpKsj8sIOjA,kr,asia
MK7PDAahk6pc0ZJirmJG_ZWjnEZ_spD1ve_qjNDEc_ShFpnUFP2sLSCNpcd_mvRLvuV4IBNcZPZlJw,kr,asia
ZggbPnmrKXcDmkE-heJ-X2vDObyBe1jrCIsv1Rytk7Yv8SngJ2r7xYq1j5b3AvwlWrzYuX0lCnx1Kg,kr,asia
jz2IncbGomcRuISgmkSrs5bN5g6IBOV6lZVF40Va3fUiNsytsr_6OSaqOJiViuJTlOgVy_Ejm-a-gQ,vn2,sea
U6Od3OtxUCss2AWgFl_NWHYSsgJvxI9bkAD9swdl3Twnt81nNF-CTdW8PCjyTitzKkwteY892y2-Bw,euw1,europe
lx9-D8rPPVmWmG_gxt2yYArphjFX2CukEAI2bdPNA3GteiA_nX9eRnN0rM2kEM95KtK56_AjRwFGjA,na1,americas
hqre8OUWfIXlx094hOC93HOL6Ot1wa-ukZOr7ONJDUDAD7hpxCPC11TH5FDJoXGU_zkmlceHAiTt8Q,vn2,sea
b8dqPWbQPhMu-nLHVHfY4tu1X6TDp2ZuI33xiTEfrzzGXcwj_iS-T3z6Z31AwJuNAqWGGxBgv-B5-g,kr,asia
Q6x-xpDs_NnUwW7JxPBegfNFEDYmeadOgF2B5uyM9L9VlakqyegG20LVMN8yLJurag6gpBUVRBCXew,vn2,sea
Reu23nq1mW8Fj0RdkyTXYsL1sbEr9rs5ryk2eKhi_422iTCVRq5UmCeqmztJ350FBf-H2PCNt_VlJA,na1,americas
QdyirE64yHoPCVz-ofA3T7cHetM5406_DhjPtETH1u4qjGWweJTwj31H9Dm0mtB94erybTsfgKe-qw,kr,asia
TbT8tx6nABpD5o-eI7rvzjOkYOrpDZvH6P0n2oDElbd2mGIa-DRpulrgSdL75e5gie5axZmH8ABU7g,na1,americas
0bLUk0voaD7iuDXVvEyG5ZHcbopwbYIT2dWBs65qQYe_SjFp1T_uVvWPnEIZVxnGDwTm_GfZ23tYzQ,na1,americas
9PhkwL-L-wK4TMI8mJzSs9Mg23gOt1CyTJXKDjXOF3w9Sb38nEq64rsOhaytryySyoC3H1JqQRMXZA,na1,americas
CqxpGYAB2MoUgKMw5m15lU2B5YxQUj6Eg_9OGg0E1QE1vZCYAAbI5bk2Cq3bhRtzv4gnBZdwmL0NlQ,vn2,sea
7-oYQcDeAGeGk5Ub_jCBbn7on7wEZ1FAelNtt8fJ6aRSeRX1Z3AWFzFqyiwPZDT3fI_Jh9nly2zNvw,euw1,europe
xBkzKFihbcXBpi4jocwGhoo_qLOZ0_fPYt3J6C0MnqQ-XiWKMN0pwLPLOtdPVWkvim--oPrvytvVTg,euw1,europe
HQfruhPVK9Kofo2jhsg1_zQHRjqhEEEKxl1kB8DgmjPqpiyaRgpe8rPicQttav4GuM7h50Ku8osaTA,na1,americas
6R6bNHG7sj6ruoggs0IgXRNeuixorff0YW1X3jgdqaZwEWKOXFXc9qCc21o_o_14wAxYGdO-R9XzEg,vn2,sea
H78FvbZ_kRmiYlIJncgZFIiq8e-OSbPPdEg7JH3yYC9EOxEUVUTKJO1rlT306II9PF-mqGcRtzOPbQ,kr,asia
ZPFS4nUpgvQllOo8wO9Lis7NlCzJybjUteEfmqxoDeZKiYksxXe_cJW_jJGOQ2gGmSNKKnszWHzlFA,kr,asia
KOwpK1msxoT4QffbotdHtkIqxbPN_qB47EBpmjU29yGAZj_Ct5LFQrZr-h1tNHqhKM0KRKllAdcBig,na1,americas
Tywpj7FRQcUqftvm1xJe-d9NktY5xIF3g99e2Yh017mX1vqydrdQEjMjEe6JRz8HoLRquJ0YH9DfUA,kr,asia
6BbsRBbmAcoKIPtaDuWoWWVk9hdrWaXLtJG0afgebRSLzSym62xXdNkinQ-XIx6z6ifR97imqsmx6A,vn2,sea
QzwF9UNS5GSxBwUb_JX55JmDaztRjQZVWv1IYVLyaITQfBbJ9bfocIwdIT5UXAUWz4Q1GMU_YGJMFg,na1,americas
8bFhucZh3bj53C-qZuToTOFVhKMZT9MzZz0wYVAvm3pSCtfXjYuzcmqG571gId0EOkBCLm-m7oPbsw,euw1,europe
w8qNCaQroj-QcqIGxss0zsL-ERKWnExYdzLBb_6UHowVPhCYsHwb9ElqqFIQqbjrzOmDTMssOS7wGQ,kr,asia
aTq123HHaHO2jCwwPZ6r71-8BtSZX6IQ7e_d-zhSUECTYzWHSbxHZb2HHYd-RMUhwJU6J2vGSjAktw,kr,asia
zGi7ynIVjtqVKJ4ISoGW3Ati-nGRXMsdz-P4kqqWpP99V5jzciXOB35-_HPxfWvp4s6iQrtK45CBzQ,kr,asia
uwGJRCl8LL9wM77rcPSz1yH6SefBItvpMoohkDCIVRlxtQfv3gU7awPPmLQzH_liEly4fSLJbHsEnA,euw1,europe
0s0ttMUsUv9CjSUEkBHNGcdog4x5snBzMb1WOP42s6iXWx9EPCDVqTLIG06UWEDm1tnUlSqfNix1uw,euw1,europe
f03ACLysqMxuKrmTiCKacFsOcbxW8ybjOPvRc3jSFqQDWtOIaeIOvXFtsuqhTxaIuFjyTbxCc4ltyA,na1,americas
-oXAnOTkryz7xppr16KFKlMfa5c9BgjsydzjhFpJogRclYZNsbhou9OCrXl8juzp9sV8gaiil2ZYEQ,na1,americas
MMVgfVMsrqLPucPweYYmL6hOp_zrMmlgmqax-XRMWsrA9Gf04jogNa5rirFWQBnkExcECqczVx8rXg,na1,americas
hDuwCL8z-CPKpvwj60JMCznqdrsUoqeua39D0CYXEbfcj0i5CTnu9Vtbr5RgN7mKlaS9q55sQ0Y_5Q,kr,asia
6AtITDYe6MDo6vvetvtrkghVFay9TCRM6x-1gQ9CREU_s9knxH3pbmBz25HRUQihHxKGa-GJMS5z3Q,kr,asia
RpNMesDYC7I0dqm5JxDs0RuFg4ecUaoBqY0KdnwAtrBB-e6eddctCklqIcdPfFw4RFdD0OFeLCDdwA,euw1,europe
vnqIjC_ioUiepfHnnaaHdQazk2bjFnKXnadW1VBX8kkZaWXeeeMhVwbwmssDg8UMPnCsodTrFLfLWw,kr,asia
kcoPyY3kguOuJiUnDez-m9AMAgbBFqrIL_z9ZSRDQ41s3hxl9FhseGPkt6zE5YoP-W4S3h0uswPdEw,vn2,sea
3MeqZ_bgcGFoUexR6hzema6l3jhOwnLboHn8cgbWDiEw3bfec3mCEA_yRt3CNZBoP4HlQr1K1lS5mQ,vn2,sea
C0VPEQJtnWk7kdZSEfjJs3gbeEFqirLxIvNzL4IWfgyDmU9IzbFaskv45MsdjPNqNe7LK_8nXtSfig,kr,asia
nKL0ZlG9fpE56-jg7ZPMjElMB5vqLJcOANxaJnfPtNQ0pgVN7xy888yvNfrtnVO_VUj8951KoE8PTg,na1,americas
KOLsO0R25bo5C0h9L8r42o--0bVdQRyKVtl1AHCn-_SSPB2GTy0r0eZBobucPccPKTZ4xJoOKssHyg,euw1,europe
N3CcwQpy5rF99eQpppz_xsn8iyhNtaoGZ7Td_uDL40WVkw-By-y5DMcVbiECscIbwX6190aRfhdXTA,na1,americas
1ZRYjDMwKWXqu85MuZ8Dj1B3OKpMnQqZLb2f8bS1eH1LF30ZnJgjn6osYVYV4xhC1KbAGAwuPHrldA,vn2,sea
Xe05zprox3kwZnc8s0LvbYstMLHx25r3HDtun2ZRoPA6ZJ5_mVzRsemypdGMH_Ewh-6b7EcAwC5Xwg,na1,americas
Hp9Ek2PJiUtMJHO5xbWH0uHCXbba8vVsNKGXUMkJ2Ng7ZkeC3xWfiNQBs6rN57GgODiNv2F2BdXYdA,vn2,sea
up2Vc8wG78gTOOycaZe4PC3D0MEscxVyn0JYyjG4aTOqONQl73b0hVbc3vNAVwfdsOajEmlPA-YdvA,kr,asia
jYSuv8x1YlbcsVcnITSfeCWsfkInn7uOkrJCvTd1zPHxXXdnhomqvndE96cDv4zTqpMhNC6B9skNYA,vn2,sea
gbx5wa5Rol6h39QLrEolKfYW-07_mw9dcMeKrcz_G8wbnfVOLT6c-Gbl8AreIpmD72gi--UOqTlQXw,vn2,sea
TqU0hbqkJAuoqsT4G7WdNlAYf2ZMakJUlxPsUQzQBfAPDDeMTGI5iUHS1BRu8gNvSWq0PurbVcFL2g,kr,asia
puAhSnG0NFXgMrkQOnjdq-eCfs3guzvEx3manLSaG5K2RGoA92z2q2ZTiUpFZRMa34odqt6O_HwhhQ,kr,asia
E7Fpo_kBcOsJfvQMa897xWHpphr-IXH7YrIJLgrJ8MD4ftaLHrTS21dAQ8TD2SH9aiy-RXflKpQNTw,na1,americas
koWmjdl1bCbniCsddSZbIEGV0Cd8IIGQzx7ScPXJFgVPMYXFJhva3N10lkc3n6wV5XJeMJvuoSDXkQ,vn2,sea
b9nJCrdFdHQ0Otn5-dk4izJ2cEfKtbKC6iBm0oe8DaCXGvLXD3RmM6mQEb6FeBoZoNQkXCGOCZjiPQ,kr,asia
2m3zEEgKUt5rrToZsH9S-WnUjQ-jfyCiUaGY_iEhM7K5EveHrJ5Gpwat_52-T9XTVkaDtpegQuWw3A,kr,asia
4e58l-UtYWSt06XWt27H7zLXuLccxG076BdjkAP942ZqT2dx37VkJQy4dh5pO3f636eoOpbS9eCcuw,euw1,europe
yW2EvYEpDC2ubYJgENZK7Mtl4eg7galRLEpj5VwyEst7hF09xspSJLteZmZH0zhySQD2b7nQX-p25w,na1,americas
H8oZF4Iw0MmtUGJ5lgIKo01hjUYZ9RNlDTv1IBPQoDVjv3mKqPKOCgre0kGmwfT0W5kqmgVRL9kGgg,kr,asia
BTmFrY_TWPYRrUVXcliMcN9QLZW5iPV0my-0RiZBbpeNXy--LJJiV2MYsH1PkFAgvWCfNSKs0FK1Cg,kr,asia
2Lj08p3e4OPlg2G6WKsKicIfFiEdc3ZBiG3vSDkVHvXuhUIETj7NQtR3Z21YIhovipOkE0LpG8LGRQ,euw1,europe
2fUmlbVdp8K8UvDUfHxvRWJKTzLkJbxV-T0hFziULnCWu8F9xaa1m1y7NrD2zyDiHPmdVVNUPsXmaw,na1,americas
1CPOp2mLK7vWY2hHudX_3PUMYqkeNomPkhEH975Wllo01ugriqlj_HexQKJN3WdQE3r9uDFjB5s7jw,euw1,europe
TU-0UWSg2BAbVDYrOPJeXNVPr7_QMKYpjw6Dj_Lq5cZG3hf9pzKpPNVqLk8jvPwgonGj968kx6yDhg,na1,americas
52YZlWqzdQDqZDnsOOhTmmr7LUAZ9N4icfEMYmDLpPIICFqOy6CvHumMaTyYm6cJuERQ0Bu8znSvlw,euw1,europe
pbCHmQURP3l8QSWxUZmv9aGdXLatYMVP3-1MoQ3xr2Nxt8akqL08L53C0xyOmfaxBxeVaj6d3DzoPw,na1,americas
cwM67kWI5wJspeEbZKM76qsrZpFnkNlT6xv8WPVL5f1l5jTf5mAUnKKBFLreopfyxC-PHBPr1eD2GA,euw1,europe
6bEO4R2bITsG1jd_K7AInn_2cbhsKyY-_wjIr7BnKlZW9slRgCAzT20rScpwelaEWeKkbCiOy7mGfg,vn2,sea
8FzGuiirtvVPL266kL-4iyOF6_Q3i1Yay5B1c6iM73UWPcoeOO4vBfpil5hBX1c1TVREYQE9P5V6gw,kr,asia
H60MmCJRTTeGr4Qp5i4MH-7Yhufo1EgslUu-jfaJBoHnPSC4kJxNPI33XLrYSEVNKqSVruoOFGnSRg,na1,americas
yl2LczJCGXG_Ro1jj78FGk8QrrZf4A-xYKwEYUAZ5o-9pBXCfHS8wVAaKvWqS9j6ArhMMic6jQxG7A,euw1,europe
NgOOYavW1Yv6E9oZkGkTJfVu6-xdk1WIGca7CfWSzre0qlmKAm2uGEOd5YtmgvJfowaSMeLEewbqZw,vn2,sea
FlK-xKooAQy-s7gecEYWE2BKki9xgC1V-YYTsZkcvOS385Irdj-fk44KwcFPfX_QYXeC4qcxn9RZJA,na1,americas
7WsLk1UxJkbRut8Q14Uh8PM1_eLpiHjExx167ELh9ZQInJcV5FyqRKREa7XNwOm7yTGiAeY1AuLzXA,kr,asia
R-AG3HGOuC9Q7k7YMAI9YSyk2ImqTAU5ZS0Pz0zI-gEQLkxH_g52FxtG4XJBdaEYk6jdcyXS6ivOqg,euw1,europe
hizNKJavVWbRCB0ETSW4FFxPrXs6ixGkdCYaEl3p2X3CYCbDfUx_oBfy4Ki6eXvJ3wHHtyV85PBszA,kr,asia
b5Xy5I9sPJLCW16Y5Na0li0qeZ4Oy-NfekoxvqzL2E3Cg-fk7eAu5GVjSOlns3cLTmE5vy0u_Qv7bA,euw1,europe
iRRlSVbSQARkUNBdXTocxW6ENnzMCihwOyuDgSbeT6WU8WvgA0r82OMjnOqK9H9DaNwWyP7-TfQdSw,na1,americas
GvOUyJwdKrMDMyhLDHPiB72PC4QmMPHfjJRd3huq_mksy5W7M02YD49xna4nhgSlabFLg3Z3Pvkprw,euw1,europe
_GM7ZwEBon2VIo6VO7qLTCE14fUFi8fTvNisZSkLGss8fLbNLDGckpzJ93mdOCrp2ATJjLnllg2Y0w,vn2,sea
1V_AL9a-0bBUgYd1LBZo9KkLyPIXrimhquUxGtULM8KwBWn3OIKASDZSN6uSWjbSb6kYzp-WEeiz4Q,euw1,europe
rZcxsItb0H_fw3MjmH1CWYDxpUmaWQBbQk0DXcxQk9I8ibVlbTUlhyz_6wmZXAsBPbGHZM8Jq2C8rQ,kr,asia
uUyWSYLXIpLLYgv0zl152gQQXa0v1TlWnYhmkhhF5BevPWQxXZEkMqyXTDp0wtApdIcSMzP-F-NHrA,euw1,europe
q17tsXdNbEQmH6tzZ-Zqm_59kY5sMx4WIr1qJCBcSFMNoo3SE_8FSJCAdPVZuKhPv3sOfPoZiWyxxg,kr,asia
fcannbdC4-HVGXKM1KxsK99RQaTLTXSBH71f2yauKy58B79GzDQtP6Q9WsvBg_sxMT7Y6-6804__vQ,kr,asia
PespbTylDW2I6ZiVaUVnx6e0pCcWNarkSl_7Rap1gx9hojMCd5PUludFqFi2jd2Ui_BqMyiZdnj3sA,na1,americas
z8El_PANNGr4U_uj8LX_ffee2QNN2o09ND2vSsFVODGd4MtcBGjFJU1P9Ywaa1ZQ40VhA156XT6r7A,vn2,sea
wLBcRRmOxptd9yRxDw6XFA3rDRid6dmwR85FGSwjMCptQ3ATb0f3FybC4CAMyThmD1mzd2d4Pam--Q,euw1,europe
KVzU1-uk3GEyv4jUW88u4hxZYWfjKSZn3hCYmo6-QGEOmz-6eyYqguyOuVzG2AmxxVlYpznSrk6UvA,vn2,sea
LKXx4Uvcj0CSXU9J0MP8q-pEMm17veyrLovmBxBHPqf-_2AsFz6_NQRmNJP_wus_JnLSyQnHsuurmw,kr,asia
M-lnP8_KRKCXPK674IB7sl5J_owuUm0IuOt4I8WU79ShoimVI0tFYYcM65JjaYsEXjlF-wvZ8TiJxQ,kr,asia
VyCrM6GjEESk9fthajZG53NLtmLb_w2tRt-NfZ4PQZS_KZU28Fsa5YlfV7Nxqi7JA6x3TdquJYBu5Q,euw1,europe
y3-QwbaBUQCZe3y6oKr63TGQ2YT43cIo_oze06I2UNLcVNnVGTlmn8JouzNbGDrOTsTKttzaErB8hg,kr,asia
09So3FipGgL6MBK6D_rjZzb_uwMWf6Cl0ImgsHsqnSabohFEItrk-r3UbAc-CHx_bqI2IkP2u76iYw,na1,americas
hJuLU94wTdhZkvWD39tOHfhS6mMBsqp3gV25ZUl_8FPrLoXdrYjKMRVvXNFIZv5GKQFeFkDeDtOSbg,vn2,sea
hDFkAe4vUD-gfBfehQYyNUrMdTGH7s59lH8C_L-1H3Ufjq2k6DejWu6mxGm52EqtU3IFo3B3tlI8OA,na1,americas
L0fc-bCKusMSU3xLmJnnWwnZtOKA_NwEMFzjDLcJ1xZf0W4eiF-9WiXYBrA638IoDPZ6GR8QBlzKGQ,na1,americas
DpOYGrKYlSGofmuMfZCJ7Wo_BnpjDaD-6uNYeo9ffF5Yrme2bnhqa06CwU4fDEIiArpxHJustlGzHQ,vn2,sea
vP4iymhuNFEWbasZbiDlajfd1f6PIlF_1yHwFVk6zCGW0l5zNGVLAvdXJBacL_eil7YYHI5cJk0r2Q,euw1,europe
Lzl6JHE91l61b7fumw6YiDP3ObEuvD2RHHT9qXdusPPBFZkxnVtm5TKpJE2mbNg6fjOBOylzqVtO-A,kr,asia
mTMszT3v0CYEN_N-oZTd29MPyt670vxakdznE1AsyIOYD8js9SH2GxNyTtGrieNKTOQ1YsWdu77BVg,kr,asia
9o2XBUtKIaYQXLkH2O43CNXYsTLxa3JiuoTLT7K2apk4cWVTMakIuARCgmJeyOcNWYOrD7hoLFyEDw,kr,asia
3EQdwS688bX8NSkip3civ2aDeqjHXdbhUZZTojkIVx_DHWtigoP9TI6rxALyqW654_nmn1SAdrBcEQ,na1,americas
8XLyCvebzxsJgOwc3YZP3EMEezc47yWdX-jz09O_TkTlBy24kjaHtfucKC4ky_K2SpVM5nzzsrglIw,na1,americas
B0GXUAOwHbFMuYBEWZ4CNt-qHgu9ZJg5KuixgW8nxBYGO8bnMYStKoIevGsS8mNfiVewPTVibvJWxg,kr,asia
6HTC34ZH9JgrrIwJ-TaWmf1yMiDmXdPe7G_LRrcEGcDZaMTUhCW6lugJBe5yDNHO5ZhAAGwIqGwfYg,na1,americas
4h6BfYSzA4QLNL2i_H1O0z3awaWBewJRJFoHUn3vTDQ1MzvjvY4Hf1uYjNS9DzCIWNlwnGx7jEDVbA,kr,asia
32kxYSaIuoAf9SPDZOcawyw6EC2mx2shRry0SKoCFOsd8a0aRWrFgHI0dkVWtgjU98NUpwSqAaXhqg,euw1,europe
p02z7Mo8yzz5AW2CsS9zc9AX4erqLZ_IsaPO0RKRs48SIbyqc_2_cy884N4QqkpQB4Ls7Fo-FrAAbw,na1,americas
R270tDlmjZDEbp-g1QiTpw9Ps_hRIi0hncJenM2p7N_WNemUP79cERVUbfNtsLMdHPJN59xkhAsfZQ,na1,americas
_hjBNafWxMwgTYxK5bCZVUP4F8CgJtU01P2Y6Q6TJUJIOkQxbSDilcJKR3grEG-zCZxfwX176ywqjg,kr,asia
QntiQbsSaiq0miQI-liMCNU-khS-tyhHbCtQURRp7UEwINLIgbcI7YCAU9-TbYK_A0sRyr4czdP93Q,vn2,sea
s_yEYztigjRWTI-eAq1OfojhfJCwWfdfy-z0WZAotXY3umRdluwMbBrvZ5-H_SRxaAdEDojJ2BX_tQ,vn2,sea
gud6MudR5bEpdfMu4_WIyDdHRMwQ-OqjZFMyRE_3rVujrs-mVfNi99Yb7WR6Q6I2wGsUW4HGHm299Q,kr,asia
SUWgadNvokQE092ZMQ08S6p1zlax76HXeCRWbnJ8eZDCdV8uTb7ErZUUcLB2DiG_lVop-EZ0D8vKDg,euw1,europe
oLVYST7sLQ6ywmx-4To-fybrVPiRLCsukaKx1ILEWNGA7kIy5GADBqfMZOy0DFkusFHk7U3cb33uvg,na1,americas
wWMnRHOjlYpMnPZbNIyK9UigrXdnGmhinhGoPIYHsFWNt3ueNH6pe9vCqSnzW5w56Ny_9Lr_h21C6A,na1,americas
MkdAFR24O5UpfqsQy1G-QuKWvjGMWsbMlxua8Uk3lmL3ZTd_jLvp6zrXZ00-zfVMx6HKkOKbbCrTVg,kr,asia
NVezZcuTYaisD7mAJJqjs0JkSIWuMoYlK62uF1FVC5yPmvemQlB1Fx5U9aY6zjJQIPvJdHcNckGvUQ,na1,americas
cdBWvPoPUMZuF-wtyOCTXd3bDhXqfOVsui1t7L6SQlOj_5QAOWgHqkrdhRuFli5bklmH-q7_EzT8KA,na1,americas
B97-GA9yzd0mW7-0Pb2xDOGHDjrIb6SoJiBlD4ehQOfx2lfl0TEjXDbg_A0JEjvGI1lGWmyTEpFrSw,kr,asia
cy5Z-9_A76faZ_nSLchlQlgaDssHBKEnLhbrm4V8g13sZq9ZAiYyXBy5yGjKdEGcnDfuY-jyBGsyVw,kr,asia
gueqjQnnEKvfQCJDKJoCifk0IZEeOnBD7TswPn6rZ6_Twi0hvCjA-xNce9P_bHEoSo5GVY7b2y_jRg,vn2,sea
qQwaq05xEQqdB1IWfW3ck8cubiABwj-Tm-TDxw5EubahqWmF9-1caUq7D-72RBX8f7tnfxVCdRnRjA,na1,americas
IDTvTscBclJfc81yUL1VNHpn8znUQdWPHvzI3_N-nVE0XEb1jFkDVkTnEOuzRNOINxEUxlK9q1a6WQ,vn2,sea
dsa3J1FMe8cVYbEVmJ8MxXqnxF5cYYCRs1k3yCW0tHiljuvA69H-VO5PkiGeUe9jV2GHohAaxgC5Iw,kr,asia
jbskCwfIazVaM6QdRxEo0d5mP8satTaNFfpOT9qIgWue3PUtpxZVi0OPW5fov7lOorJuQikOspvXMQ,kr,asia
JN_dZ1q3o-JdMv2QSXIvR4OgrLIgFVO0_d8vMws7anxo0Luc91S5bOd75PdklxYqPzinKopNhzvz2g,kr,asia
IyRysTazGqLlzlStalHd6RhqLKktxh3CwqKTMDK9cTfCrycftb3vYKTQcnbmnHjaG6YcJaVLRJv1MQ,euw1,europe
iTLUzLY0QrCYcWbM4g89aF85Lpe_EhWtvCVNi53kDEZDKxE2wwQ1GSBJoYy9EoFr49BbBz5Zo-CMZg,kr,asia
_Eb2qDRkUeftKyf2px2Klop38k_RRUfah0cvSM2wMf2OHIN0j0xQ8pfIWbNKqbm3BUGGUgpXDL3nzg,euw1,europe
Fja1ZFWo4UfwVDo2ydBTPievaVXQZjPcrBRrc0GUOnDsxeD7RyJDTGErBbiwKx44i1X5LjfX2te9DQ,vn2,sea
savg0CIeCcLY-WOoHHnz5U-b6oSbLzhVIUawKAX-r2pVw4holE4GHjKH0ZxqOfkyANSHqfz5Qgg3lQ,vn2,sea
SofIef6j3a33aKdWN1SFbgWDWLIjF-rkGi3tKfrr92lbAr7NFLRH73e2sqyNfV2q3GtLrUIz5RoWsA,euw1,europe
Us4Jv7xHkHTqMnNlheG2ifD_7tZ3oVQFygY7SJFp8WhWObxBk2szWZouJ-U7UEai8sWRklcfneOZtA,na1,americas
7Jceu7nbmt1Twq9qEKeLTqo_MD-apSiq6JVu0GgycakjoWXXY-Kz3uS4CdwSoDr1mswTXYJzWc3-Xg,kr,asia
xK1nvn0S-D9iUQmu0zRaXcgO2HLbVn11pnzDVUFTYp2LOG002-yIsW6VbIKguxKt1kOi5hzwaxpyuA,vn2,sea
Pw669H3X3GMZaITFf4B6-6HhCu9EVoiWXhSi1VToAom-Cha_cnln5DcF3tJtlMym3baRnYOsfckMDQ,euw1,europe
UmtRWsfnxcoLwNUuysmweGlbw_5UZe_eVfbRg_8gdE64MEudMf-iK8jEP0jPFDvArsfpEuz39XQcFg,kr,asia
EnIvgcBvxQLi3cKGUKvrDHDmO1mYHo0Zs1gRGQXrY_zpUv4naf6DdCImupLPz2ND_Hh09lpObeuFoA,euw1,europe
Qt0Q8WsYCIPNAQX9eAqwbUfhrO6x5lJpPC67IrH_8NPZcDDWYpn6rwZmhRaFYEYxUfQkx6MMvtxcMA,na1,americas
nqSvQxz6ojUTH0U2Mkyk_sUeFnP70KYk4zgbLOOmPrsK8FpQlYJiK1sOjcPx9lyYQbf4yciHbXc0RA,euw1,europe
K1_p4MwD4hWRaBwOu5U0Rp_ZHuFuo8qeqmBxIMXe4LSQFh9X38s-xeunI0M2JvyoNe3kW8QPvb5X3A,euw1,europe
EGlhT2YdgdDycyCn98VER9w41kQiC45LgfRRtjUO_2UU1FEpYu0OliOrI9tDtgaE1Xcfg_bmRoBB3A,vn2,sea
TiywxApcrN0RrNLHwHYKHvgf-mfGQZrlIfOfRVP0KlUAPE2Bmwyqh_TnsIdmNfA_Q9nOWQpkVgaLMw,euw1,europe
_KvsD2PLfL8Gu2OY9yyMJ3JtrALl3O32R37kW2Q4-wxP8MfZR9xewZDblhMzxinqGdMaoXYhgB6nuA,euw1,europe
2AEGvZQFuxHuw0zlHTIIf2Kr2NCWZ5bzIZYZ95L1C1QJn1CJHNbg2hV-xxhbcKZTqIoPXIWRGYa3Kw,na1,americas
Q__Zs_xwJn0r68QJoBwiHgoK_Mjt-MA0OO6dQ7-_cd_n3n6giMbRuf71RupQNNqvaO9lwudi_c79eQ,vn2,sea
94JlRvS5RwCrLlCaHmRhAy_ks036gXDXGczVe7nTV-l-jP5mrke8dL7AC80GgLyV0pQLtsLQdfL-wA,euw1,europe
iIjDtibZwQ5FEcZTq2lN9pmS8WA6vkLnaL-5Evoc2UNNHHCNkWzuS7QxNdODmHgtyCKojHZvaR_DbA,vn2,sea
t0WoVwTBbmpI0fpD4FLyXzALCRkl2iVBokMxUYilHILlIt5WdWx8PLM5EX1P8VuRGCSZTCdgKO12SA,kr,asia
ZA8wlLCjheOnQ7hgnDvsrz5Wy9UM0S0Ol5lMfmXofeDko-cUpKCG1H5cu5Rz286Wvppn2Q5A3A2vSA,euw1,europe
DpM5T4AzH3RUgjhunFLFlmRklrcksx-58fSKw1yvSI8bnBtt8UiQduXOtzBdqdmW2OXpp1AZKlZ9XA,kr,asia
1AfeM2ZW6nNcNWuQelZZONbfGXBbc9LmSEHgtot9N3hlXCc6zN1vu9oeDG9J8Sv5z_J-37J88nXnBQ,kr,asia
qmxHDh-Xcs2dmixHeaIQaQvwEb3O5Xk_J6cUdDCT468ONSJbp_-mcr0DLb-soH5khMUEuvHG_tbcHw,euw1,europe
plQoB-5gKSzl03RZjO9KYRk_DQ04EONSpWmBIfzBFnblpRM2tgeXNh0yT98HVSO_0lexhwEhl5OqGg,vn2,sea
Xp60fF4CHtaB8TqmL_0vC9GxEnM9GHIVIfLHtTqtaF0CU2RBCKa56M6M5ck7aZKlcswFxtgGaWxrlA,euw1,europe
QJZ6h06aluE0SDKZsO7PZBPWI8DOCHdROTMaHtKZL9lyAamsgIwMp5kni8sprRhi4ULn0D7eI_f-6g,vn2,sea
6jHXDAO1vq5cDxe7qdLMDRYvydlq3puz3hnX0EdowX-tqvKBh_SYqhnDE8myQ51jFttk4f9tWZAQTg,vn2,sea
HCfGV0ob_v3DfVq92NhUKwpEJjISK9A9XKFM8B_da4tJGtwjMfw1feNDtJIAAQyPB_O1PxlzQCX-jw,vn2,sea
t_tYrrrkY_DSzc1ktDekTBH0LB09IjEmGMhukuDTFLa8k2Ml2Y-9uhRNWgl-SbwYtoChzzujhcYt6w,na1,americas
PlEHGb_U8LwcjLsrCZrlmEB9xXtNcuUqwD-g14Rrk_0J9YcpbMgehL13-ZXrZChZjgqnOMHsbY53Kw,euw1,europe
HTzfB3F5EmEr27L9Kf3MtYj3LSvXegmKhWwOv6gHVx-UMDUwuuyUmAJ8F1rfVAd_CRWEJvrqYxSoEg,vn2,sea
DonTNkcASCP9QZxwI2TecwhlAKpPWHIfKEs0ubOEScgD25zVglsyfZquyPZCUclk7fSVUFMYs1I0MA,euw1,europe
vZy4pFw1Rhac6sT_nDbEwjb-yVA6KDkAU2gJGuIBtqZLwWl4z-vzXQoD2u6SnRXMBghxWtv3nzBaBg,euw1,europe
0AIqAtiYrNSfuHu8A7VJebbkj0JKWpwiuEdt0frxhq6c6g3zUOBNuMYh0lTkbAJbinBkuJlzBbZ0Xg,na1,americas
tC6T3NF90K2itlq8j-cLDosDSYKsGCWCMdKQDtmABrUEtmsESks0J10kqSTGr8me2azJ1OGz4LaGhg,euw1,europe
V0mCRiL7SC_3e8eemmmorNgkjsT24fmmxzYw-GIw1eW4KGwADF3t4_3HbXlz8mTa2KF362ajUc4ilQ,na1,americas
heakdPfK8ljxBZswFCFreqD_GnKHm1U-rarfOj9ida2hXA2dRe4mF77Jp-9nu36GG8029eQ3DtBLiA,euw1,europe
xDQPRFIUVQJE6retJ-v8QVV6NcvpukyuJaD7x215xgynBXwaiFzUv766CUIKnMnHBmzP2cyfIVr_3g,na1,americas
z6NuxsxvGpcVlF14zY_PyQyHLGAtfOL6fgnVdXIXHBH5xKLFwx6xJFqwpu6XrnWfS_a74CbGU9N0IQ,kr,asia
6y2mwey_ijuLH9E7ty-VTg3NImxhAQUNLVLhpaRzVUggbxvmH_5qT1SbZJk96piEUtaQvIJnhgbqlg,na1,americas
c5gQlo-qLO1ADjErmIanB0gMXC7W7NWYbw-gcjV2b8Prg4MnVqLc3O7ZIgj4FwWcTboSoyAeaowl_g,euw1,europe
RLlJ2glMyDorwDpVoH_gb9yvtDtWJRU2PpzzulCD-4Eyv-LtJx-nHTUBEG-B-hP2LriyJ51OhRk36g,kr,asia
5NClz41I1oaSG30wIFvSepRvc7YFkM5jYGkg5GulQEw_doj-G4kmgMk26lsjBFZtWKXU_jJR4lH6MQ,kr,asia
DqkQymdIVwolRa9ZxLtePVOw4jla6Mh2MMyY-_OZimymuTykxQefFmYEfjRoOj5phboFz0XVMDsSew,euw1,europe
BA30HEAk6nmhyDUuomY2IZNOqxnXTfcqTszUzHZUaBLSEeiUtSxqasswsjurt5E0CRR2lKG0cxf7jw,euw1,europe
yLn8TGMwWPoTVfWE9Pa3xXefJurdTYmil-Ga-vGgWvoGjTR6yfW6sxk4opd0ZirMhaFT9GySqarrmw,euw1,europe
FXcZiR7APZP06d-gBDCdk2kBQmwHsS0B0Lt3X4vtHG3piAJuk72mC5W42ZQItA2OEaREvRMWaBM8ew,kr,asia
yHuRtRxeLJTXF3bzQywS5PB5WMyqLiaf930POBIAo_jIOe_8oytw4yXOH5E_ef8Wqgw5PiYC0zjUNA,na1,americas
LRuq_8JP8SQOOTsQ4nty8oRvKaOQi9cVf_ydfLSSa64IIn-jQKL2yzwWOZA42wPpf-6U4_JHLikCpg,vn2,sea
A0MaOAdY2RZ429pQDprpvTEg6R8FC5Ddjm4WtVuaPPqbxAgUgqnYZ8DueDC0xGLQoGEL7E7I8eQlbg,kr,asia
63BQmoUlM4nEMPex492DnuChzY_ccuaualEfKcRBnWP0RfPrKa9gUaH9_Igb1_E0uEeqq4jDtaMOww,kr,asia
kRcz_LciT2pth0FChrVvCyTObjmWvBTEq_OVw9E8vyOPtIDibbhbjpe43muzgUZ3Nif1QXQBeQaRYA,vn2,sea
RRivo1Y0hSbn2ZngAfY-VXmyUfdKPDrIgggwgGKCXdYcEiX1Wy78SzuiAHDhMvs7n4bYwGQm7EpRFQ,vn2,sea
yHoPKTAd30tcV0fFe2-rq3IbB0S6k8DnlpaYYMcekVdWemb2AdfdWxzOFa-nJwRHRhFOCsN43w5r4Q,euw1,europe
gAjDSoDoiJZlL7NVBfiojstGqCQ8ouc-4D9AN6JYvMJ5iOneqN48h2UnjE-4ADYI01o9EZZPTFoGtQ,euw1,europe
qu0zmOryEXqeCrXNwN_sfdXOIoe5PjoF2ArfnsH47_jSEgd6JoEHTSoRZwoqWCRNMwoJh7S5Kd2f2A,euw1,europe
WjzImg66gLgQfxhDEBHsy-gvx-Z_1XvZ3UmVx9LZeE9abvehZSprplyaoFqYR62TuTgFqc_DSvYN0Q,euw1,europe
M08FfRiHfLqGy5d7fAOIpJoKP-rbIwygsL6V0bfaNI5KyTe4Z7UGweaQXqQNrw0q47GTw3zWFgrPGA,euw1,europe
gzO4f8-o8B_a27p6BnHuN-n0UPVWRkCX9HkBlnvhAiC7_tfC7Vn2Nz_aM6FuobISIePZRClG8T6xeA,na1,americas
sWemcRk68pSC8wqTanDRalC_WZseUG01pUCtPZXAik5w7EFDjDrh_d9gak8L8yY2uyhV_iIukBoo1Q,vn2,sea
0wdTJf0iP5J_tosKzdfDD87Cwt44ORqkRWYyqjrihMIN5QIetZbhhYzHAGr3aaJxa3lr39u7pTN_aA,na1,americas
Q9MkKIcsZNpQpXbRfbQ6reF8xfSDoxaPdh6gxeK-9KB3Mi621KOZ3Zr1yCwXcjpdJ3cIukaT8cdS3w,kr,asia
A4qTP5LsNTx-JfzTghymfSRH6duF6ccPaHW6TEMRA4oRN3pponE4gdZDW_2YqcsP82k7FRiXnhvQ1g,vn2,sea
KGXABSU41Vv8w_KMSVp9tSmL6F159vEZET_U6mwG_gBKP6usukKh39uERLiI8wbEXCWmJoo583y8hg,vn2,sea
l9oCd7-XkoVPgZM2aqwZoAm69YBsRgtCQXKLlPLrXaty-w-EsGZ3OKRuiqRhpEqHhZOBXuB3l6uZ9A,vn2,sea
CvbimoDgvbJHSjrh5U9kPGWhC5Vc0a_67DnwJkQXYJeW7m708PwMV4giclieJZ4zRPtVhqas4Y2yAQ,kr,asia
CXiR9MC0k2UHiceFjsAuQTQWdkSsCp_pqTVxJSur2XKe-zmwiwFx1JUMaihnlkXHEgij1LUYdyAplg,vn2,sea
cJczH2y3IbcJYNvWGPHRznCTN3EydEYa-VwRbv79idZ0HwH0YLEP5kpeB9Lj4kLV9JLfpOj9gnRlBQ,kr,asia
jg5cvVzAx-pEhR0Ead4PV6UD6Tvg3sTf5j71vefLXMhJltaz8qM0cKYwc__727pTsfrKlJ0L5UqMkQ,na1,americas
Zpj-Eq0uqew1KdxhciJGfwFwVKtdXufqlev3tHbQVtmEEt5QwWUwDbKKdN2CukXihHAP4g3_9e7wXQ,euw1,europe
pWpDPz0NQ-K1VCsGEGtCIP3PoLOKmuhcxczYwhlB5XJ2xdx6O_4ojsA1aJLfm1YfnpM_z75zi2aUtA,na1,americas
6_nvVtOQvLH4AkMPNhPtKvDuheX-wAeyEhiEDiWey-wjMlLg9XNcNbmnKY6acRp9kQWBlQArWq5fGw,euw1,europe
_Vw5s8mWjh1QtH-5VrmkPl8u6i-hu1m2-Uflef4dEvrn28etSC6soTab2_l3lEZFwfJBDP2kj0J1ZA,vn2,sea
lEGphl6xbUWZ_lRBdLkvCrRN8QTni8WQIzcY0J-EyPzSjdB8E_wD8HkYSGVAD7GEmeyR7fZFV-YHsg,na1,americas
RdcP___7G2W9qSLpZX_rSSB61I6lwaHnfBlzTP75qPBKIX53MtdPYuwrneMetmpXO2jQqNp-WcRc9Q,kr,asia
4uahFGZEoxm_IM5JyeEM1-79U6JLA5jkgxMqyrb99ha5EXnz0Z5Zw3ZmhobsXfQi9lekoHUPmBjmtQ,kr,asia
CWkMU379UGGPBV8-VXu6nMOSkigVV0wEXF4MPydbgGfxyh6zv9cFErDyNfOtZ2Y8ERpv8xF1-LgIgw,kr,asia
C2z9_BfoZ0T36xzTYhgpgxzrl9ZYGH9dy3D1qO7aAl_bzgnk7yvHfy5WpgHC1Im2s3QRSJV0EPG7cQ,euw1,europe
dLW6NuFr1JS8RUYfpzj917aPSj9YEL1Y-9LqQZIEdHOLe7cCalHY8fDURYksi7LvqTlJNCC-xSnEPg,vn2,sea
Hr7P2t0YVIzgxNLrKS74MRKEiW0cT6iNtJPcY_x3aB9U1popzgnkuGRgcDJ2J3JXsu1mNDhlE5lspQ,euw1,europe
Ua4e1qIqJZsOKELS4aoCbeSAsHk9eAIQvuCj-SJoSg-bZrNIhT6uczht3DK4Xw7FNnAF4PdXU41Efg,vn2,sea
j6l7hUYgQtqzX9VWlHo0qZzdvZMATzIPKyXCarshHxHPtk_poTYB5mFCN8Ir0PoMsOEZccRm7wpp6A,euw1,europe
dFDzL2H3aWh6qQDJScI3is5tMxtcJ2SKmOIrQRaNwUYxjSjXzCQ-FQJGISMIa6FyvKfcMogGIEPSoA,kr,asia
IaSYEc4noZEWG7ir9BVvkvVx0mwcaYzlK44Qf11wnYLYwXycTIuGTQb8qLX9BqIv8K8funQe_T7IZw,kr,asia
DwEhfjxdxHyCBZTq5i0DjqJN2S28bXytQ6x7SixKRYANF6TnmP_QQRJAHEf4kQKEQUypcLtLMCZA0w,kr,asia
i-DAx281futqUYpIUZA_7KB8gJc8sksXkexQzNxtDtjvzvL3H-A6RxgdADvYIXKzRtQTSJJEHzvWNA,kr,asia
hCQdwey_Lm8iM37fznC-vcMIjlHNmtr_jdInsKbroQ3hPfbhGse6dnSSMOO1y8uc-rbECD-QCpvseg,na1,americas
_txJWFzTUfBKnwWsHxHCpyjUGAPD3VUgl8IqPSW6pR2Nc-4uV0ZTM93vAPw17RC-ruv8IpA-k1WZ-A,vn2,sea
aLfxKDH8IPFxWTjkwriPHLQLsed6-HRSzveyKN2ybqYaZgHMTcuQ2bYiWlrpgQUfQtPJM_-o7dG8xQ,euw1,europe
dKIHgPrtnXwWg-mKjk6v8FJtir2PFeT5JsAzijGICUxcQ5Rvr_kOvtz3_MA6ICEU7VNeAfY1Xu3_6A,kr,asia
divhO6UbqmVK7oTbmb5otVdYI_w6SBT7eCWspQ-7muby_iVVb0CdvQgAQ_Q2RoSIg_xas2bdgK3TJQ,kr,asia
I2ztGtMayKktE8OWeOJpCn-20o5n2OVUb8kpPqVTdog1gb-xjvKNC0t2wVBZgCQ9m6pjlEdd8ptXoQ,euw1,europe
bQpacf_V23sAK9CQe6xWHj6ogbWyv1W3TP3VVFtBfE8-fmrmUEOVgBCGmNAGw8EVS7GC4RiOANKd1w,na1,americas
x3xxNt7CoeD19bwXvpFkp4bvlHysHNZITJqczmTG9Kn8fC8maLRwPNDhBEbp0Nbkz9xuGTAJScXoTQ,na1,americas
043KpDzdoTohwQZwSOtNnRgkvs4IJMLJUBxtunyewwBdeLEGx3hfvToMDXS7lGVUM0UuvCRN7yHveQ,vn2,sea
quKITzlsNZ5MSkuZ6eyhCdZ0vcjSGLtALcJ-guEOTLR-oRKAGzOL3b9F36AMnLiS0ebgp3EseXbFsw,na1,americas
Bfo2Nvs7QKDyXr-p2BEsoU7-7t_d4EjoqQfxdDlkAdfQfty4rdeMvBTa697f4kb7dvw83AnFjDy6lA,kr,asia
0L-MvJkiXzfLISpThqrziXb9VyVKtMt4kemCG4KrqxeJnBBbybWQ1FXpuvC9m7DL5LOMMeVn5hwysw,vn2,sea
u07wvjohuPPaAbSlvd5guzo6AN6rXycjZnzYT2jgJ1Tyb5tXempA53r5aCkde4Rwb8YM1laPojRvWw,na1,americas
5R_R2fZTxAyRK4GaP2VyLawj5fdCzn8--yxdm-CvgvZcFe79iuX9joW8kCjnaSgF2WG-0LrNxkiT_g,vn2,sea
pm4V0uUjJkVzSIwprQVOAtBVboOEDh9mF_YvZIxuSVsidr7QHJNxiFFKuCbjsbPYg8h6Pz4eIVh5NQ,vn2,sea
9r1Es1MIv0w79xG9p3zqxrW07V27nwVoQZNEishcfxwcDGgwqOTHzOnbwcTEROzcVp4kG50slHXatw,vn2,sea
S4hYBB9KiHsNPQzT8XU-GDn-iG5FMpHC1GGSjvny1tHapjw1XUdEoL3VuOif-9isPauhr5u_x2UCGQ,na1,americas
8Jzhn_aQeH0GYhooLWswZPLdtzFccdgDNyyjjkQYXXR9n6IdnjByzQ3geenbMzm6j9Pmt3ERsgHgfA,kr,asia
p3fRLXh9CyY0smyny_EhP4hCzKqD_G1VGeQR_z8sLnG2rmYcxgcZkDj1KbcdLQptoczMFriDbZxNMg,na1,americas
jtiPCbhvKGey3FW2NXkIlRXA3VgqrEMZ8trIhtLfVI9yWOnfw-MZQHDxMCgECbCoQ5q4pXy-iRgMkw,euw1,europe
_UJDurKJP8lrfEDmzmDVcxmaP_pvEtR6_L9yFc2w2JcP70iKrqXHPIwr7wsewSkxMlH0z-3HKOwtMA,euw1,europe
CSThbjtvc4Te6B87Y7M2LHxqj3xrBnSjHJaWkLFtR1AKAkDdw7tm7_xDbKcDFa2V3a2lUwaPckf51Q,vn2,sea
IvAycWXIqiPoL0UDittugDkn3YR_il1dg8XwyvethZFPpjySZcKBAGPspTsX68RFqqBAC6iWg99r7A,vn2,sea
3EetZ7UNd82x-Xr-sGImnUmzqHyTRjTsL7mX3HpWF01x-d5Saeq5ejS0_QNzrzc2fstmOmndt5_tMw,vn2,sea
s4JzrwaORsDDEUn7wqAXYn_58qP-nH5zBg0QlmoahiX5U0meO8bpgI5Q7iSwWlCjtvSfgCeB0ejgVQ,vn2,sea
kOaGIUPizyy1NxLuMI6FEm5j8VKCJgrRwtBw2USwehKe_bExJ1mTZKS_w3o8Ja2nrBPQVAEPcusalA,vn2,sea
RdeQWhl-ScNl16AauB3vTwKAMk9zbQaVTthhc51YzHPTg5Z816483Vu97flTsFLnj0oj7I__iIEiGQ,kr,asia
35gHu8mSipWaa1LZaOoU5y7GUunItVMnK_s_AoA0A22bJxIJsef14XkWxW-FGzOhM-xMMsmrtkbQmw,kr,asia
h3LZhjYHMAzobj8X8_sy2Mab7awaeH_PkZuJf4mmDC2TzzjvSzhIwrtUWhS2E-RGsfzwfj0Exw951g,vn2,sea
G-vbzBSKOscAatCifkXg52lFByjg2xIy3uqhdsb_841m_UeWIJjXKqxhuu3nVpZ5iy18b0lqY6LG5w,vn2,sea
E1ScNA5CL4jXSBtjB3jqYmmCNMDxgN9rDGogURlJFFh6bGYweu0IL7K1oOEZW4g8w2YNKbjR2Kbghg,euw1,europe
rX9Ke3nqgHC-I_uMR5mM_rh8EUGrdOS7v1CutGLUrZjPOj9TLp0ZDaTb_51TLnXAieip1THZ_-pyRA,na1,americas
1l-389WsRPF630AqiHRIIrkLliXX0HDRCXMkcVT0f75Blt4PhHLHD7507zDCGG9kwEN3EVaSrF7n8A,na1,americas
KIs4HpJ6-Ei_wwq3bb9Hv534KFiRlyN9vAOggy7ZM5RHHV6qZoCkXF20CvNi7q_2JI6DNSA1T0l70w,kr,asia
x-TMgqm-yHpPK9qHERLuAgA11pANzsFDIWCZiE4zAZ3qMfePQSVTqcr_dKoVmkKsq781hj_g60hp1Q,vn2,sea
73NPhMbYn0r_ZkIy2ZbvlNOMCOPWRQt0wXtLgtWYCp9LZmxnhtd1xKBR-TRge-_tsKIlR_eiC3criw,kr,asia
RuVY6M-Tiqt8PXAlVOlALlIa-Jqz8w7omdGQb2-clQsv5NJ9kp6sPMs0xxoWBTwyzmPQE41PhoDjkw,euw1,europe
JQERNhFlKzMo_CJMioXcHg270dFP-rJzkbDnRX_HO16VMjf0o6OJQdE8HHEVRUaitLdVx_6BkNc9Nw,euw1,europe
xlKF3EIX7XuQg4971O8dyiIfpnbEwMcyX6Zn1MHhyQ_YUZ2mOY3Ma61CkY2rLQEjZqeZ8AUnb87_wQ,euw1,europe
oshAp3_gcl69eBcAxb6y-mF0-MYSTTBYiwB-r2rj-uz8EdF5PQnJU4QuKyFfOse5ZsRtNUYsgltNtA,na1,americas
-raEnlG78SXfURon7XWoNKxADJOGzPjdzTsw-ABtjVzbMeVtQgaJkNNh47QV3ksuUU2Exn-oHFk28A,euw1,europe
rGUl1NbEMI9UEE9J1O-XUN68-nsfGi4IB69cklUnOm4onzwIdXQv-FR3HRHUb7e8OXgNa6Jv2bMV_w,na1,americas
8AbyUpJ6Wy2ACCULzkgl5efvzxSFcvtu4EZjLBLAxOOPWE1jAVdtWaV2B3CoHyTDjdpULg6jRYSvKA,kr,asia
QHqUZJmdG-M1fMjqWKWq8IUmeCcMR4rFJll30bMxPx_sw8AOCZ9jNVG_EiW6T3EKG_78akukC6Kf-A,na1,americas
CjNzfLk_P1jK0xdJ2OjoHxb2EYSTtLSDep1yJFocC4DPJGnY9lJzAlYGU-hVGf-h1Rgs-TdDmHgDMQ,na1,americas
630nXEkRGGpdFDKgHAn2L5Nr3EBQoCEe8PeVjrRy7qmeOiuIP708nZbqqetAH-tIKZaMghNVvumpMg,euw1,europe
jU478QBASC0ZmJ6nbb_gGr8I48iOso1rtgXzkv-8QFY15_ab0-YcejA0LmLd1MdBB1lN8ZlfEKwhyg,vn2,sea
7-RPxzRV0uOCZh5_UNrYApoATX6hrV9xc7SbVpbdhBviPZTLOt7NTsvxiwK2fgjwjnHup0K6_sDFSg,kr,asia
qtjgSONotn2bza6yApvHe2ixVd3AMsx-Y-UHXsz1a5_-KP43KMPOv72FD49SkM8lxccDbKYeyjGutA,euw1,europe
NdoRy7kaOU66hDNOMxU3WRi2rFWpuNN3uY-FhB5UbOH8O-hFKZlVRgzJolhIUaJLaFMGf22O08fSYw,euw1,europe
WaSgb5bj9R3JmQ3A_CJlyYAWKG3W6A1gteNKjTRBMEt9nPJHYW8v692aXYW92Z2O_NfrWliVrad7zg,euw1,europe
Av6DcvGqWZAFrw-YNh8N33ZCp8s_jNX_rXBe_53YU5DFamsKNM3Pi32aPKJjpq09xaDv6aEl6-gjsQ,euw1,europe
hkeuANdbkhEu0H0AIW0ezIzRSnSYOTE-CERcd8WzF_BcUs9SQs-w2GeBBYj7eO8BgJDb_clCy2zVYw,kr,asia
bltKOamx4AbzLu-KHEBs0_7gQ0VVFMa8OEFrDxl34AEccnRo4Nyxh_OcMhPHjdYsSJ9pW8l47AL_pQ,kr,asia
-EyyVqf6WUrmPpnVZpL_Y1jSSULy9JtyZIkEA-DDpYuM90jKdBqto8gnasyNOWLrLCOVW0TirnV-5g,euw1,europe
7VZVWnFFWi9-GBss7uG5L7Q1XfWbNetWne9K0wGGBnqiuvLSqtBud0EP0C35z5etQpEeut72n918CQ,vn2,sea
2hLeApIMO7DjnWaejjI9Kz6LraFL4F-qpmgg-lYID0Xzfzgc-4J6-ZyslJJXIasXwbDhR7xPXXZraQ,vn2,sea
DAAncapxqqinwyGaz8qZXZ2H8IDc4JB0YDmuQKVm5wC1a9JVsZPX_ew1K3gjFXuUbIp_RHeHHaRcIA,na1,americas
Frq_ff21EEUrZWxk7fd_KS0-LPskOkli7mDfqmMP4T95tFdjXc1XRfV2i0pMSxAhseoDdhClGZLBvw,euw1,europe
bX1Ej86v814MOJsmQGkq74AypCSr9rDzGV9I2twIiS_FDQEwse9WrQrSpbCW8Ulo7FI5kU0Ol1ZQ0Q,vn2,sea
SAQ3qaBtk4FCk5s5o-ldnVkl7P3BVaX9KXBODfeJeoLxxTAlpzQHbDwtHAB_GPSQH2ULlfIjh3q9oQ,euw1,europe
UyUhhLAYVsFPL5PJ0qPqC0utRfRH4xSaKXE3T1nUae4Ajhi8MSdG6abDttWFLI9hd7P6Mn0vVQdO6w,euw1,europe
02eIhnQABViTw5TuSTIrxbNqliwbcSpJJFFtoCFk1w30FTeG1G0EHiQNn7MfqzJb25ki9msvLX060A,vn2,sea
quPIExw-0Nm2FBBX9VC81iLqUULGBdVavn2rMG2aUgxkkI7lSqib6pbii_Ud8U5hB1yzIu6dWqAgWw,kr,asia
PfvekEiOMJibsHWHnXLDRMQO_X_FN0I5W7v4ELaaOuMLbuLV9ye2pa5s0OfxPijAKOYQ8ogdhI6soQ,kr,asia
qofdIkfWUgECLQb8ZkhRszasb6fke-5RCxrnGE2XefataRn0PgJAvExmD7Q91FSa9vJeznVm1uFqeQ,vn2,sea
EkptWxuoihwc_ZXBRnW3AdESHaEEjMXZ6gnJd4FkwyG-_kTmhXfXwqfBJxsENbe063fdYmXdCpIdzw,na1,americas
Mmmb0YTwFgsp4C6wB9xRTPU-mTUQKYZ6Teo0Ad0w1Hnhxb5Ydvh-adzRFVihUq416dSPYCooi3HD4g,na1,americas
uWlqppkC3JxmBd-QiocmPBdjMI6XG9UxlietqMuUZvkeI4o2dgSuY79b_rktkDVkogU6atuO8ywMXg,na1,americas
Ek0GWZPtGnH6dG1CMUR3ajsvwZrRgjvK3FxIsSvXcqxJcbKlFwFYfpvw7dWxglIHPhtxQWcvq6JiyQ,kr,asia
Gv1R5fIkDiu88qamF2u9d5CIAhOJwOSHOyYjGsUkFzA4h4Rl-RiBVfNcEZB1Xck6K2tEw1Ux5WL8kQ,vn2,sea
yhTl4aKeEYKKswHSEIRTWpPRS1Nze2KOyKRSTK02DWfIoXYHcCjU-UhJLpX-FglIRicLLAWW7pqXgw,euw1,europe
lcsnA3g2vb4vB9QmI2-JCE3dRV2LKPs9yKFH9YaUZM1A6lZS6RbVB89u3oFY_wWRokVzd4OTE3751Q,na1,americas
XV_koimJkDPJ2NfU_nmn4rPtsszTexUKOoLW81WpPNM29higenP6oEiX5j7XIJ7xYoV5Jlm0bned6w,kr,asia
4QarKBaZ3XJkktz-peXHq14v3UmkIsUcg5jvV_D-w41q7KElqDhQ__XPcP0JN7DvUeyNlXRJw7Ey7w,euw1,europe
SzQO6mZoDw9HvbmUFcW1Lvh7f9TRWNi7kfrncYaoqM5AbHw65BAipRxWVNOi94yWVAqeFE_HVZZp2g,vn2,sea
NeMylzlunn9powPAPxI2dpKeAN3XuYp1-iN18yZ424mAK8ckAds3FTLVqIaVGQzYh76p1p-85FSY_A,vn2,sea
-RbwCyImNuOpqbiC4AlC-_DghXjeWMXReI_hBo0sCr_Nl9wIlgfwtzTnU2j_QnnVX_31EfAtED_aXw,kr,asia
mKfmBtnJImj_QuF5SrSLmvtmrX4ytMJcH1dbxSnF2S_cFldbpOgBuVO8Gg3qBQM1GwkyG9vv4nsxlQ,na1,americas
JTZ9J2-6JbldD0cYh4AL3rII9XwBE7iGEJLWV148oIfwSJGNv_bG5bsvAHRtSnOi7kh-R0wKsuy7Pw,vn2,sea
f3zZQ18nZvaAXSBYmKBxlRPveMBMXmTWY0Qs6JmNh7P5ghyhjN-SCRUeaMUMtUZsZD0xgy9iWkLk7Q,vn2,sea
W5wzGyIX7hB0PrSdnjL_595eiuyEvSpeiH5FJGR6-PPPvDRDh_Lqx7SEH6ACsS1tBdon6K0qlCGmJQ,na1,americas
7wu8QzDg6JBQZcJxg77BUWC6QqN-KZ6kigUInEw5jzi3xoMOt9zWF6bTqCjkNtZ5_wK8C24unrC6_g,euw1,europe
ClmGC7UHZHyBQabzEhS4BoobqnyN-hjDk3vte7lsY2O3rUm8t2NRrwg8r0n8aS3JAPbjnS9W4elJQg,euw1,europe
s2YWtlU5xdcffusscnHcD212nEITaw2q3P1dkKIpxj_-PSwgxSqgIUe-93QoqxUKdLcWaW5uvfjZwQ,vn2,sea
DKgLb-a859YuyS483a-wGYCRu3IOWu07LU-YcJzVznCoP7wcZXD4IrNB4h1R30w6ET_ptH7rwoHefw,kr,asia
X1Ls8FZyKl7YK63QhvlKyKtRXGmpZXbAMCqGBeVw8NnF-Ju4zYC6MwbpV2vw7ZZ8jaeFoyFej1M5SQ,vn2,sea
U_cdol7ZDMR4UTiPZN_3gMM5230WZ8w153NWPTAEUDlhihECSKGW7-rkacwUzh0Tewwc7uyfYiQ_Fg,kr,asia
2SeVMMRNvtHNYWLJ5rT5VEcT0PjIPTSpJjdBH36M9IDEK_7B27BjP3xmgAVuBixRukF66Kkz1VzaYw,na1,americas
fxi5AuSjIKLXxo1_5ZYVLKHZIoN_pedgOS3Z8_CK8eV9qvt1Ktt-p2bcxlUmk-H4qAuBTw629ckBLw,na1,americas
F8iuGaCjPpT9wNAO7VVFtLuQRJ6BXryfJ7NqULFhkG9Qh0-Gf-cTw9MaiB44HlgrUgpv1aBgS8iSQQ,kr,asia
gHo7K1D7Ztjel6pilUs5OODgB5nRTly3jYSTsbnuHJeAlUmXh_zEPR3kKvoV0EJ1QGaAvCzoxYF2vw,kr,asia
WeLlPS8D2AclB_msApsZulFRYb6vBT8n2F_eiA4a7zYUSehIDq5MmLbXka99lUjOttyEo6EkOO1Kzw,kr,asia
bb4D9w7Eu6Talu4-1ufRchSMzrUtu6kNWVcZ0wmYJ58ErL7RXdbFEb94zG-JfnHjbHA7Pxo7A3FIMg,na1,americas
fqOfvbYTr-aaNk1H0WF5LmvyMj79G-SBtOxM8k54Ue9iumYKz5c4PDm9QhA9IQSJBkOltt1wDsGwgg,euw1,europe
KSxMxxIFCVxJ4YP7spqCb6xNHZLTrLAEmZ4_4uHggA1iL2m9ER36gM0cV_CnRVC5wecZQ7T4u0Q36g,euw1,europe
KlHrxr2R17fXikw12i4o2G6eK9dubmnXQyPFboy30xXCq4vzhxrm8gwt-drHi38fWN0J4ZWbBX0xfg,kr,asia
MdNWChT3TIDZACxFaz8YJ35vr0ZztOIf2D5Z7r9YcedDTw0z82e17lhxOhaYFiHpoMLa04akZI9yyg,na1,americas
4zFw5IjfW2_kAX2vvrFUKTW6rqzKoBbT4hUJeMky-r-G5-WZ6HYlH2WoNwBcNLw1DFjWL2zMvWlquw,na1,americas
_oWt5PxEZNuENrwsfOzOJ4NaUN-9KCuheQN0UcVPf9ARBtsshB8stgBYb93zTvf9Vp54LN0p0Dtyhw,euw1,europe
4y07WS8ktXuYMFIiBYWI6zf65Y0djrkyhZ2Mh--9BSVBbx5VMS4xtfCcF-mrwrm5zzl_JLH1yOoAaQ,vn2,sea
DVOgV9kehdLxb73GUWhErQJKzaa33BmZIRXHOf7anyouuoITprBXy5dHGk7dAGH8Vy_qd41S6J2AcQ,na1,americas
ZjFPb8iI0n5D0FJW6HJZ7YjfuOYhDtpX5TXJ_kz8ZjkDAx228ZliwuDOhxV4zcvfirGErtp1uF7PoQ,kr,asia
mrSErpCiFZe6D5U0dGXKodQqoj8J4l_cFdZrNm8c0JGoWwBPrsFPb-LhpjvmipHy6ODguE5XWR4EDw,kr,asia
q_BXlI7ehpKEcjC7PuT0tzYotdz0GpVtCZkrsHeKRi5ls7Bk-Ztn1i0ttsYzRVWHP3rhjeJ4kVUewA,euw1,europe
slFzcAwTDQwDuiysQHRLTnV0VvqjEJV_-wXz5QAVLO2fEufEgP9dNO9OokQ1rGbi5K1qfINMcsrXOQ,vn2,sea
LBvr5v_G-7MdUVH5Pijft4Xm8qU078D57oCvtZSb4LnLfCzRjIb65jEKhOGR2k4CMVOf--tp-2btQA,na1,americas
BgE_CzBUp7VJym9n5KgiNuh7ObiXL7gdQJ8zPEcrDw0DQYXutep-qDio1OcZz_D9Ua0M2EStkHCFhg,vn2,sea
Zty_obGXhxklwa1V-0_ZH6enhtXGxn6nRqDW-mytJvyBjqvNXTwJzUUlOBtVH3llqnPRxcnKzV5KWw,kr,asia
qX6KzWmFwIsx33w3Xiw5P4vMqQWqDeNKlBpvKbcT2QrLFBksfr2bHybIyz2YpJz1OZQpi0_1xjT_rg,euw1,europe
tqjc4W5SsXqrSHnSQMXWAxK5I-ioueDbvZy-JB7VugDgDsCOqKVohYmBbd79jbyW3pgiG8yFgNP-0w,vn2,sea
qs3sWe-NNEE2igos_SvR6GKxADAbzrnp17_r1Lr1HSHjHSczdc8Sf9R4aEiQu8oyOZL9JJNEr79hRA,euw1,europe
ZZzebeDMSLfQnFAB2ZAKLty1y1zHF57YxIm2BExgl9SezRcRPvGU83ZLx_hQmFLop-n5aa-X-hBoCQ,na1,americas
fk3ryLIEe83RpzqycKCcxADg2Ii2UjkcwBgfkf8y9DWHHtbs0MjdXCIpHTQzLktFKjMgOz_1xOdegQ,na1,americas
koskmL-5sqgWxM7G5lTB-7Dq2oJVQJqAep57XspEcB0IxI6yYWtLathufM5920Y0qFh509k9oFR2Mg,na1,americas
F7iVJPu28KwBzOgQlGWw7VusMZcn4sIIeiRg6mICECwPWwlNTNvPzF2QZxmjg7AnnyOqwZBrPiiceg,kr,asia
p9Fe-q4nUGRf88d9ZpW4pWXBs2O5RsC2-81aBLX4J5SSDhappPdGaBN3KVbT5_V0zZNGhlYHVLyHPQ,vn2,sea
wOX9uQn2LyKR5HsTYnmT1pj3-bW2THjnqACDmhoSyhUruzZWeD_rQOL529WVvkEXjZv7q8VmmOzcqg,euw1,europe
epLwxyiA31CM-7PfO9-pLO6X2NqJxACIDXfUkfZIp1Ur5tsaZp32gEvyQ6n78Axh4oTTT5NlDmCj_w,euw1,europe
9XPJFBnhhcOSFF6Lt7tKo0zPk6ZuxfM8oYjoefACp-a-ClhnVYL8UBErIziyEeQh7o_X0AMS_hBiRw,kr,asia
AKcRCkUs5okZQ9HvEu2BKunQ6gfeKG79GQRwGbxiTebDQud_a66ut-ekHMPTSchlDFNG6n9vE4vucg,na1,americas
bbA6JSbnvnFre851hs83F3NnBF1h72seK5O2YhxVATO1glolLO3iNLwXa489KHlrOG560JQkbuhdMw,na1,americas
3p3R8tU712Ag0bT2aDp0xMzZQ5oCZzclfDjWmHTWVA40GUo_mfFCroSSK3vUTb0tdBuelXzptpH8Bw,kr,asia
D79hXa-vlzldF2HiYgcA2oh9lToy4ThAePO-d7m6-8OhLlbJCjLO2ZxrhKpU4zQNo_koH64BoOw1QA,kr,asia
oVCsXZ5LAMzo26uT0sU8EgP4c6Fxwve2nfyEH6XE9dZPFU7CJvOc5TnqRLyeR5E_Ds1xi7fcGWSVGQ,vn2,sea
AsCKhtUanOP9wEvCfiQ5BC_cyBEnpHYrITESj9B8TY_xadjleCkq9DvLby5TdFWHELVA3h8x7iNKOA,na1,americas
tRaty0wiXbmCKzna0bHOfMvC4lXZEaSMVJA7iELX6dTrGjc8xZ59wZkfVajG1zNWqwmIC_PhRg7kOw,vn2,sea
Zwv22OD63Yf5y4RfYDKjUpk8tbqr1HssNvYT1ZvxhfGUgXzRurhy4LqXHmVt24uR06gOlI9mzZLUdA,euw1,europe
qpO3RdME_AO2nU8hv4YaE4sA1ZXkS_RtXz6C3b4aGa6EHkqMpDE-kKVXF2_RzxVax8fYZuIZ5uwnew,kr,asia
LKB75N9ckgDV_eFMhPRzP5vEbcrrmh1ApYg0WR8qwlmhGeHDHfDVp9o2e3egTkUHbV03Dq7xd6oMBw,vn2,sea
0pYXMJk-XyPLyHYKvoyCDPVhwGgubWvhZ1oF1lZ0874kUPD7KC2pIS-uIOujsR-_g81ocdmqRXEerA,euw1,europe
D4OPnB0FwV2yEryB7g0gXaevlQfLmmvcwuIlT9cR_g11svEYRswDZEW3GwQANj21-CdCR4McjoVchA,vn2,sea
g9rmJpRnIprYNPjhTJ-0RdPeIP47ULqWD5zcUZlVwN8viz5ly4NF1sh9dtFu8gOaZZjsAGJF7PhKZw,na1,americas
6rElRPFT5VLUnKvmnrReo8TspXzMrucKold3J682nVJh84vVm39t5jD23Jf8ztQaudRAE0nONKw81A,euw1,europe
lzr4l1R_H-MXH8vvMmuITHpz5kZQQSNMMwiglvXHIHzCkhCidOG8-g5Alvy4V1YQPIKomaHY8fnhTw,na1,americas
Cu4elmvcbBGMI_m_4L2-w6TN_tVlgDZQEFbq3tznpWZ6f3As8wdRjTgIXhB0AeoWLu93XPK6tTr8Uw,kr,asia
ps-Mzqs6N5L3WclieCd6H3AH0baWCC3pD6uBbJKXuLvWUB8inkwkVppzGx7i4WUuCkcP3am4GOgPog,euw1,europe
9JLQHhmvH9jc4TACqnnSDlPcygVG4xbp2UWMgsl_QELHbXz0ydeG58lAkSqVDK2gfqSmu1COIdPTjA,euw1,europe
NxJN8ayY_JQtkbpt8cZXpkLFO7YfukHrdJ2tpwhFZ9M8rkhRukupS7Wri1SL8iT0nSc0NPaDx2SSEw,euw1,europe
8-KY8ovkm_fqr3hCd6nh0kDuFv3XDWVmzXPome_0doG-eRSsBDKy0SXqkV8XLIRhCX6nqVKojVwVmA,vn2,sea
sTttiY189vZAHXM1_5QoIZ1TuK4BYT0I6PQjFjNwiimPuFboUGfzzgPxHTkplM1FVZdr5QQtRUOyOQ,kr,asia
b9zLXDon_7r_alxzQN0uYIoBE2pciLyOFuL9vfCclhA-uwwueY9Pcs5wImHb_X9bjuZ5OzyJSlUzLw,kr,asia
9bLV7NIjfBzE4BrwfXI5FpGqNkx2FoVzSGOQk7hq1YF8lOKl_XxPgVkCYqCaK_p4_vv2fZd-w0ZX4A,vn2,sea
DowMsXbeJBewdZLr9t8lpPkl4sujTbPayWQ31KNN0teBIN_JzvEPIXuv_UvV44imJGZFaLW8hVpPmg,euw1,europe
4O_njuU35mWKrJmFDQOeex1fibeY_GTOQ2KgfOkG4M7uLao3BIqnBrMgyXiZH4vUrq2Cn4rdIvr_NQ,euw1,europe
OjmhFg8Mdp6jQXAUw86S2CcvcFW3BgeIpnEBHpL7kuBpfpxQ3pzOP70gWK16QLlNM0nC1uW1cnUoTQ,vn2,sea
WZBAYVDxufMJwHgI9KUnZ4PRiyktynbZ6KS_WuoQvRR4cDis38R4TwxdhuVcXx3m_NUyp2TQ54RlNw,na1,americas
Z271CHCC5CgBkBxc_aSqNBd-X6xQRZXg5aaRGFDv2jUJCx9Xs8wtwc6oOjYMBNkRW-f1VyGJ6n880A,vn2,sea
d1-gqxQhbbSRcRLalP_VmG16bdsD2fnFD9qHI1dymGkajWPmtMjlGqqI6m3zeJH9KkYqYWYade-XpA,euw1,europe
ys3Z0Ubga0_Vuaqjw_3SMKH3Z3WKBhNL7piARQd7AD8xFkVOayXWOy9DkSgR1NHASk_vowBfy0GzjA,euw1,europe
lBrHzK8OF2Sx0JyLuMnuUSgrei_zHbPeRkEnGhlQz9M1BFLlPb-IKzm0wpEZ4zlUnwOxIEP7VPdpQw,euw1,europe
DdSnwsezA_hFM_gcjvrP8u8OqnZfZGGXB7FDi0SdHMqoH3VU5aVV7ziwXA9ybiqu03-LgnY9PKpbhQ,euw1,europe
q2qADJxPhbhnpq8YOugl9GUilvLGQQYoAsxlc07AoFyl8sxgdjUD3GY9z8A2tWxKsI9O6zX1ovLwyw,na1,americas
4Z6pAebC9Zjvi4k11MAGe1YjgvOapGjKznhFKaD9D_ffDFBmnw_4AMzrMm0Xe0JJkVWvEHairDrXbg,kr,asia
ocLkDGvpllC7c-7gS6zUHgWaAMbMn0Q4H5kQmMyPV_qyx_YjUd1-4oEflps5rycfS5SldAK60s2Rxg,kr,asia
1P53-ElNmYnbFzlgathYnutyQFf6is_4goUIizgedfZrl7uyztpW_39OaVRLjYD8NtRDWjSeknHOtg,na1,americas
cvjOUEzfnFgrb33RZ3vsoiiV9mZsqdhUjzFhHTzNxH2sFnJ5zqko4T7DgtOtGbQqO6jP96_Vl-6ULQ,kr,asia
KKBR4EMQNPo9fJ4lkbOdYZ0m1MptH6OwKVNM5D3s5dc5FpHoYYDBKkr4JFUcka4sNMbcuHm_9Fln5w,na1,americas
btScFHOLuMSxv7fN8L2Yoo5Fq4matAaOsbvnq1VrJiiracvl4RE3PdsuYvUKmsUTCnlHmoSjh3MnqQ,euw1,europe
bRujXVYX5AXUeCg0GJJu0GMdMUXesd-mhNuTwCNamL9TRtOmqW5YY9njzZ8VbXJ2P3iH3BxIofLXUg,vn2,sea
uBkRKnlFiYJkHqY3S7DcQC9jSKLWT8v-fNNtjScThC1k92T23WK7KSYPTL6GcJ8TtljwRFQUZooQnA,kr,asia
colLsL_DuuCop_F7N_OxKfyBZwHoAjAFLW886KcX6GHYKpOlJqiRgFjEtcBZJIIAhxRZFMDj-XBNfQ,na1,americas
Dk2m0tqMSbZgBQkk46PAz1Gqd6msz05KZ3CuHvV__Q3Mb0zu8IEzqdUqts8Ksn7vn96OF92mM-5k3g,kr,asia
X9JrqTWfaDi_eKfBLF_Vc-SnQPg0F3DPbigNMGHGn2fAQET9-m-j0I--X3N5OPbhtQU25dkxx7V_5Q,euw1,europe
4gCuJ11bjbGK4XW22eDFcd_zQf4lvuq0D8-OEFCJyXjr-Uf0tfMKXcAqK8WMkChbzVq0fKAEDC7PDw,vn2,sea
bdKJ--JBnfd-1yuUuuPLPLcrOXkyyfwyFv87hCrtMRJXJu2rxS3SKXfF_6TJJ2KtxmYglKVbI78Dqw,vn2,sea
ZONUO3grkQfwfVciQsJ0wuozl2AacSuOKsgdNV8ts-_c9SW9es3ZXnNtu-WEfZ8LkmHfxpOj0rYKYA,kr,asia
jcd61_uC2YqPnUmrk66QS67HUf_dODIvzw_esw81s1u_rG9O62UDbxuCvHoLL3jCvFyaWMXdrY_iqQ,na1,americas
OWTCIFFQyzoV_kc9og_DKe4qdBw8Ju-NIFUJzb7yVwfj9-4pbXaPqc-TbVupTxzN1VpyK1Y-THFIiQ,euw1,europe
ZrfW0TcRKe5I88CsK19fmq5MbmJPrwWMtKH5K5HlC1UklhhE3Yj6rx3yYefJqHYfDjvoFQs8YHXrww,euw1,europe
CBCcflsh1tJal4u3EG7lAJ6iV25hJ6F23POfuQcmWL-xMJw1tFguXfLncdRRCAEBD6l_K_HYd3KQXw,na1,americas
2MvILa4xhlUMsk0lhh8fsEEilGDWgeKlPlaZTpokSkIC70kVOiN5PNjASyn_d7oYV14eGYdxPC-FdQ,vn2,sea
sqAt4SoTjCwYzTelWt-R0YAq3_vB7d8FlgY5uTofEKmrxd0if7wjPxdZOHydq5nauYOKMdxUIOEdaw,euw1,europe
CWo5j69PIhqgwA7oSKm9rXkQfSy45GCC3r4t8ciNNh9bgjeepVBpK74-i-LMVABoW5mba1jqpv5TCg,kr,asia
H7-ZkixCgCiY2JPF1x_JiTzynEtJlNkQ2ciBlslDK3gYt-foTvA6bdocFUap6JJV0rXTEeolrc9DjQ,na1,americas
hZmZdXCFYXf8bMLnpelZlzWfwR6kw-WjY9srsL9wIF6SBG2FOPFrZZ1ciUgfu-_T6dRbbDsSriVvBg,na1,americas
a8bfFcwfyNbzIKa240H4MBF274Vh3-scuFlzbqFBCpBlqJV2h5VSoG7rHGUuLsZuLYOM8MK8X9tbrA,vn2,sea
FY_22fMWW71Ta-qiPGe6y-LAtm8CsTlaPQ-nreudj_-hJWVMTRPTAgvCShherJvVHMtLR9hjH17yTQ,kr,asia
9VBX2O7KNHYjA2rnBz2X0_sNxX16QWnVIHIChEx7hpMWGcn_VK22uyyyUdCn-OM_OiaW3lr-tut_jg,na1,americas
sDfgFL7qXseIOwrxg44JzMegkWR8xXAkJsJgExRmvbNkjsqHexctXCqNhysnlEO_EYCJyPyvCCDaEw,euw1,europe
3l2zLulgLshXGLNTWYQSYWT9HXsq6h33Qz6k-YZ443QOhKipDrPL2xXsJVNmTRBeP_2oNqoOY8HBJw,vn2,sea
fOIeGwrtpsZlASGRwIxOFxXkPZOSiy8TFA46B8BUgr59y_Ml-CCfH5wHEXL0MmIF1-2t2-s7_-97lg,kr,asia
fW1D8ykMYraxEWWqNDS_nqAtk0Pqb4pnuAJgEDvrBbMIJKWQIDS0o67TmSxmAL6CV15YKqeXeBcK5w,na1,americas
hgrqU5OIFro02C5hoQhsNdN1G18dygXHE4iRueiawRmGcCA4oafwFzS5zIvVZN7yhTR1dnj-zyQlxw,kr,asia
ojGf_bhfA0WguIry0exBPCv4FXKxe1Z2RRwRf73GEApIBNmNdujP83SMo2VbTS8pwgNIcCYJb22FkA,na1,americas
hy1VvLhN5ECmGkeM4VISqw__G5cnd878PWa6NE8LmFgxQBut7-47sKzXvqbbox6MFEkz4KUKUGwgwQ,euw1,europe
VSapXAvIgOZGTRmklPgif6Bz_b9R0Vg2anEtSx_PPvB0gOfpkErcQU530qcike7zjqNyAtqAP_TDwQ,vn2,sea
o-TDJyUMUjKMsV1Q0PDbdtnB1IKf8j_ewNc7wXd_OEhfbAB-JPsjuvVFsA2q_0V-Wr_05_QisJhDmA,euw1,europe
6pv081aRd9T1MFZSqwjbD-KkpWRd6FmRi_bbWsJyXwFGqID3qQEf75h02CRPq8EriSRp034itpRKwA,kr,asia
lpCXzgJ70z02M0p_UTc0JkNx9QeLrRmVROhjxCt6oZ5ZViqQw3syUsOXgXLWkSnzvGcHqgkgfsnjOQ,na1,americas
Pb1CfTH1Tz38fVm5o0vhaCAYOad07Kq8QSNZX9FdTnNQvG8h3hVA2C-yhzyT8BMHE-2x2ATgRV-gFQ,vn2,sea
MhX9aPq94OwRd16csCSynoP_CRxbQvRWHtysRL_ZzuTA5-Om_o8GmHXmRY4Wi_hLbdrla_Lb_42MfA,kr,asia
LCKSPvsWvE5dBcIY1SPdrhXsnpSEAwDt-YCbdQ6ZMU_-cYqOn1trnnUN-X6pikSh_miCOSaiTqJ3ig,vn2,sea
t9eJW_nb62IHLU466KdTZe6an9YuPwlzebqWzksZM36Ly-7sv3UT4KX2drWgJEB1JKWJWcUd_VwvtA,na1,americas
o0smVPs_SupXQOyg14lBFhbnFV0hc1wtbk_ib1BN4Df0uIQce0cm1ssQyrubK0bhO4MxwvYoJ6_8Ow,kr,asia
tjblccp5o6rVxmGP1WV86ERpVFYY1TcOcGPnHn4J43yj-MJnb0vzQD0SDJOTO30Zkc4u3A2NWQoFXg,na1,americas
0pXDd-JTH-Ns2ZQNoe1UWFQlaqMFYCPjQoCZ62Ec5ddo4gQoXRV7GFv-nhQcfp-VOR4K_437utpYaw,kr,asia
8ANMgJJxVufJzISt9ueuwazKtyt0T0Be5eQGf13L1PmmCOqHJ7jsm98foeyh-4y8aniNgzMQkyedsA,kr,asia
hlNWIk43_7y9v4-Jx3B7oSbsJ9hU2-JlUb2Prt6fDzNfLuHw7Fk8cnb2EQDOdEAeddz1iXYgg0GBkA,vn2,sea
Mx9RUFr5AEU4-8TyU8aMXrqANkTU9MQDOdGEGuJsbYeVR2XksGwERK2iV5LiZlsDztUA8UAHPVqLqg,na1,americas
FQsc-X4FJNGREQpVIJWP4P9lYDWgo_aqaUs4g5sWQqoHUpVbC8L-DCyX9UvnWogKaOHzrt1zoKArfQ,na1,americas
lcmlsy5N0IMxqHAM_7us7vi5hLBF9xKhCbMJaKz1CNxpiZMBKnBLyZu5UR0huoUl1abqwXnn21GepA,na1,americas
cva8_jBCpeGOO7kJAo6yGoNGLSQAgHGV4c22OoqTKwHvwj1RyF7c_h_P2knNlYDyMNuZsPDadJXCkA,vn2,sea
03EYds3akDG-QwZ6c9eDQ65ouMzsu2PYlqEIFEFq7UjBwR43ihUtDQu74JV398COZC6Ns7vHmONaWg,kr,asia
tXlaJ-uXUYrusJdNBLEm5uTWT3sCw37gvBsUQLPBpAMl5n5jRwQyVyg6kgM17rhnRRvLOglhhDLmqA,euw1,europe
wgBzWS76ZF8ydANVfxrWJvaAXznKPUk5hJSc9DD2dSg3jV849fRnejgyYdKo_Qb13Kk8qlY29-fE9Q,euw1,europe
yZeUXD6JLybMGxuAO56gdl2J0gN7EfoV4SkgptI682MpA3_5Mp61R9TF_8iJSq1nHvWsPreT_GrTiQ,euw1,europe
RIXJ4S87H_-CLG-VmSFHKv8sPB2-sfKX8gMjfQ5tNFVc8ZDap0LpBOz6yoCmq85bvSqpiubaTvVz8g,na1,americas
bbQ0Rk5pQ5f3RBF09dtF0CmCit__3twuoomSFgQFWhzIECkY6smY5ncUtihP-c9y9-3lDJRfMRse3w,vn2,sea
LrzF5ktcZZsf2F5vv56pD-xwg8fKl74TFpuLJ8hzNrYD5cfoRYLR24YTKSJnjIkDLMws0gkH3vXPig,kr,asia
24V7OIqu3J3QfSjOZXEWOCwqU1srN4mCE8RiucHmLeh1DNOdlPbI6wjc8LGaxnefLP7wbhXvXwMNwg,na1,americas
Tl9mm8cZLL5lB8ofBakC1lxM0RbhFmAv5LvLyqEFICu0PDFy3cGQLN4lvPH3RQ7MeWEy3DSWecyjXg,vn2,sea
V1n1tWdftJ46fagiixMrElbTdjzdYkOulsNy2hBWwB-ASG6F2BR1pED-9l2TcQtFrNh3JGCWpMqjCQ,vn2,sea
uunqD_Ufn6ueglpguQ670pT1JLS2Ni9_NpqZeFNVAsKmTt2KTtgDUgndDrGVAArmDCenx6e9b9-jjQ,kr,asia
HxvzeKFtzSWkbo6N4U4STD1uNs8wJ-I4qf3i4Z30Hi5MbvnfTLJQSSzGNmJcMUkpRfOWv1i5Tawq-Q,na1,americas
ovHBaZi_M5H4t4Jstz1Djy0i_7lRqE2K-FmiELoFxXFegl7VtIe6DUFb4Quc1JY0-v3gx06tLxFXFA,na1,americas
9HlcIodWLXcol7j_wg4TlFTGoCLW3K8jhdv7yS_KgIdYqxiqqcEnL_-tMWLJS3kV0O7RQeKI2fgSqQ,vn2,sea
D8X-W7IvaZUemhAxpY-s1VqmVwgLeFqgZ0y-z6YKmCGsdEZIQtpqrzmAc82cj0mK4d_7mR3Y7IWR5A,euw1,europe
z1-05Ood_iHfHOXKHKbRwUg-zG_B3lG6fuFccVdUOV6wDgEYVOThtkqMOJ-9CVYzVMPRXCh8XrPHbQ,vn2,sea
x2QeHZY9K7lrX0ZXxDvjC6Ls26DJGM9K9Aj8ZJsznyKcJhIr2YqY-KwDJp99EcaQivRFJ2vMAMi90Q,na1,americas
ox7V5J-vpUoGq8-lk9kgg6kxRcmz_lZiwcOKc-NanIUC7bUtu12aJhAY37vkOSaCO5Q7D_LyIABR7Q,vn2,sea
uDXSEe3dDMYqo3qFwKCKSuaVszVOTJnHG4gTmeuHDhQVHKGOunWfpXiFUOOsVMVIWTgPfoq0VsiEBw,kr,asia
1uFIU7U9a0xR4xhU4iXR8XWSxAzQwKGJU0iaPFUIvk68kCuOvlMlBOu6Q5CvleE7wHK3UUew6vYNnw,vn2,sea
Ao_l_Hhy9GQ91uQGfEahTLYzn4AQNQLrLlpH4XjbaDkVF_ZedBYFLdySboOrOM4DX9h0TLbdRWLKbA,vn2,sea
EOdJqxmilU7U8avf0X4FgzWeAGMqPBFRVeKeAIG4U_0Mn1x_e9daQbAJU9d7MZZ2Xu9aL_Zdsna70Q,euw1,europe
uG4pZh_Y5ZaOWl0twDJj9fqozP54Q1E7lMjjE5XCn3UHfLDXaSYoqCIPVJZJVYYftJDVhlFnmUEDjA,na1,americas
IH__wDHqWrWdxAngIRMd-bKEYy3R16tzu0EFGvw4HzMnuAjk-DsCedv4kr9wLvPfloHRdO1vzcDIaA,kr,asia
CH1aaKP62DstcHEDyUn16lBj_2hhh_ORkXMpSh_WKp4u3UJPjq1JbCa0bfrFpQu9OS-NRXt5ukAa1Q,na1,americas
rC-1vVOtGw1I323-I7iMng9JdD0AxaoBkV4Iz_3GebMbiqQXe96mfXDcZ3w5QCQ4QcSZjAjRdgtTgQ,na1,americas
_t0kOyopwQHgqJAis0VXYIkG3PgAwB6J4L89L_MKHLVND-y6Zi56wGJSxAQgkhs6RRkqbURpDLhGgQ,na1,americas
LtcywUm-Pl9gG2qtQT0eW5myv8Jo6R05b0zl0SGrj0T7lTv4NF_YDX1EIBqKeOHTheHE83XgIIXdkg,kr,asia
VtV_UzVF4nC8EXKLDd51eTmRHJdSvCVCsXuT1w9QG2dViu2mPS_V3Cgki_bff4CBBBrYRpJWTTvJxw,kr,asia
fGNpM3Scj3ULPdRjogzYRiTMW_vLDbe9qGi21Zsm1yMedfnb_GZAGg_EIbv9_1BVtLYMmQB4GVAUbQ,kr,asia
WJtgO7R7YeQK0rj2oesx6lki-TAH6Ni6WuzGqE_Ld0ZngtcJer__tEmHxM5NzFcRYMxH_QGFfi_1YA,na1,americas
s-2TQP42OPRW573PYjtQZJOwnfEKErviSJAQDmds_tH_W4Cl8bs_rRwlIaBqwY2LMSSmx9n8fREirg,euw1,europe
WXUSUKv7FblV2X_84brENnaRKdkcc3A7R1EZE22XIasufiPNsfVF2MBqg-jhJGThlwvJPyAOBkSRbQ,na1,americas
eFhTsiBkad2jvvhqp20mQBMjMkAIQ54_ti6Kfk0o-S-oiopL6gXt6tNPToPQ0UoypwdQRl8CiP9ABA,euw1,europe
VHGQLk34BFVzcV9wNqMUrHMUJjniExQEGLWUQeEinzaT6N3K9k2ZVJ78etQ7FJFLZIFfSfnSqunTjQ,na1,americas
bGMRYmUH3gY-4iRyABnosrH-skFfBCl9C8qmJ_h8D-ZWujRMe1WCCfKRy9fL2fnXHNDkcD8z6evV6Q,euw1,europe
dp7Fm4FsZ8tCeIVy899h6snxm6w9W8LBgYPNcYnlqNoYTeZhGf35xptUY2MpyUMg2b1_dG94rxuV7g,vn2,sea
iY2XB6NdetMHKo43ps4OadmPPDO45cG_JxNQd29Fqm-0c_bWa-gAZaCRAMJ_uGH8nB03g3LucimWag,kr,asia
Ob0C1cC6lpm4gzcS6PZqHGQfClanQU5PBk6_U5K0ROZRQYb1GH5dOGlMn1swkPOz1kchk8oX0lPBiQ,vn2,sea
rwUcQVqpE8eI1YmBQsXM2hSuIvD7y5idmlMVJXTB3VJyif1_x1pwUZBB6oMcnMsKpnowLtV8XAEmBw,vn2,sea
75oRixVpyR7OrlCvvliYS3MxejtHM4StlB3U72EY_2_7bV0l8vp5_bIUpR7DRTjEW_bNHBSU-BDZuw,euw1,europe
d_mhe-fl4lSQ9HVE472R5neyDevfQTvyza_OzIkmINsz774PHXf9Z2oL1mIENQNES4uoOTEZM4dGZQ,na1,americas
KyVVqKvaKeVG-poHEMFCFaWc8TAO5vUfTE_XgevVkHpQ0YvwbWgz88iE5HXSWRNByjWCgFl1Hf76_g,kr,asia
L97ebXZVnUcAiBxolhv8774HS7bqqxveVQpzlHx-lHaHY4tepp3CX0ss9wvDkmDOxSOa1_mJCQV2Mg,kr,asia
0X_EMZyydXmzw2mfubVpfatqUqnMpQq1q257AuCugLXj8E8C9goiqEmAQCpEUylsvM3luYxbxn_EaA,na1,americas
cUTwr4RaUlir0GyJhTbXDqXwun9kfWqHQEh4FIoIXJtt2Bl0FBQvz3Kv8QrRxlKOg3lZNnB1Ao9pRg,euw1,europe
FSsWdA_kdSMQjOGx68MU-Oc8lOe9KM2lMGTdssqTu8h0zGH0sQ3XYKTY5Tk2C5tIhrp3_VFUI1HSMg,vn2,sea
KvKrNiHhxpXM5MlUlgUB-TEWotC4Oa-vVplo_ujvT8VF0yMmS1fLJV-GwtqG_UTi0WjZlrNqSedZkA,vn2,sea
59lcMot2nVri43zhSXiumIiIhZKcv1okIsg3LgFbJsoPIaoC_sqzCryF0P5e0bVCVzZmXW4sK4f_gw,vn2,sea
O_ejlWBQ6OyZjdg3KQLHE1wC5iO8wGI01TVWTVws0KcxE1ivxGmij6x5F85MC_R5L7NKPUnkEt0gKQ,kr,asia
aZts0Cr0Uc9rNEISups7N2QDQGjFymg2zFGVDKYuX9w1rkEiYQX4y6Ixx6uO3-SiHyeo_-G5xXRYtg,euw1,europe
DS1NQh-QlBBxAOaKUm2FBrZlAqMyFQE_d-5xmoMNqMuTeSeVsn0Y695oIs87RKfHFdQnJ3O7F12i0g,euw1,europe
Ogk2gigwdtAPKf4SqYBYtsOY8-FZlA6BgFD45M7boN8ag_-zE0FNrLn7I5E9A5Cb-AUNPIgB148B8A,kr,asia
LIfE4m7NilW-bVb-1VoKCxwwthwumLECPs11NdrRiE7xf9duZNZ4XlIxm8GgNgU8i9ahTBZQhChkaw,euw1,europe
YfZ7yxvcACM_zP2GgR6BW4fOi6mb5LabNcEY8wtKtSyas52YpLjusAYDzD-METDFeOa-p0elaZHlzw,kr,asia
BFoi4qJzAONFGWtmDnx_gTNjqWZBRsYcGjtm5FuarDS0BmO_X96YtjnlFUAsU7yBHaJdE3Vj7fujXw,euw1,europe
wZeyJaqiIFhaFHWIKaMH7eSMLeVJvYESZ9h7_1uLKDezFAXLW_Y7Io7BecdCaDjgWu2bK7ALQZJfAA,na1,americas
NP9KmAm6IAq4dJ9YrdNdIHr6K29vrwaEutzipUwt-WqcTPOASkVOo_ptDWV4y8yqjs04pIEohh4LaQ,euw1,europe
LdXDaP5fcrcIyoKqIMHKQMhmwXCv9J7OuM5Xy-k31wdvA_GxC49LBQ8T3uxkzn4vtyX3Rv7d2FAcOw,kr,asia
0LWiPEmpJhprSK6fVcgd7DNReh6CPWCaqqI3-lp_gt98jF1kNEOp8m1RtdbjAJbT8_QAshjkmgv47w,kr,asia
GjlFgu-1S4e7fMYHaI8Y7DE8naMx3LhVbPX1PYpx5iUwFjpOjFjn4j4ik-tQMUgb1VPn28eZvtL9rg,na1,americas
-ovO3oQFCZhNprfzbmo3iE8S-NpUhOeh1712hAe7dsc7xFqPxaymKsaLaDKOVoev8gbr-kjsgz6cYA,vn2,sea
PlVoSPpzDQ95JnuABiYs8ok1Tb59mJlpy3ZSzCVFyZVpAMozY3I1VkAXoiMT17ExIU4fWxeROn1dLg,na1,americas
Xg4kfCB9F-BztZFF8RY3KXmMFstDdWavVZHYe8qXXgwRvZO73WORvElQACSPe6qrG4WVPkYKxY-iGg,na1,americas
XWG4zhaFtEQzKz5zwlnNQSGh2P0_uIwDxWp5Duv1E6C703zY0JjBNRjIQhd3XtG9fZJlCXXLj-dkLg,na1,americas
vsKQAagk1-cB_FFvSS0eURrOmse8DGRzFD6NKpGQT_5J-KMz2E1eWOhr2AdiHtAGcaeOB6yku3-9IQ,na1,americas
VwBWKYGSR5wf_-tk2XqhJ96upeTsPcJciSq_6qp49o3IR3UQwMbGhTO-9viTcURC_gZBOCyWP5NYvw,vn2,sea
ewf5amyA_XedPQJwv6XX14HcxxQ2QqDm2j2aS_87odrrn4VtHb0_OvWPFdpjeUB9PY2VNZfXLXIRQA,na1,americas
9ziFyMD-g3jzEwIkI6703I6cP3H3FkwsNcrBirEOQiWAza-hGvqDIqMdpzAgCRs1qmElc66upv_08Q,euw1,europe
gK9RZ4LohUTJdmME87r521ZJaAoj62Fz9zbXutcIIDX5W-UhRLTvGUWaD4wA57-Aa-U2jVk6y5eHFQ,vn2,sea
L068thM_8G0coi0bwl7WdJIF9FzZivOV6MlIxBOZXIYSns3o1kbcLSKznKkKB9qToRTGoyUlDwlmng,kr,asia
yAIa_nmQYyil-d-514ajuZ6qNjY33L59qat8OoLpuk--SC3e8BPgAbYqm7fHcdjHTIbWQ-j1UB3AcQ,na1,americas
CojCKh2ZYnBk4UYeWjmb3FXpd0TupOeZW5RNqId4Ziwbz5-plH6HJAp-v8eh5zOJINHC8lcwIOHKHA,na1,americas
7ebx37BNhR7EW3xmuFAycQG_zdspVrWCplSkUarUnpQ_fKdARckDS5aQ4KP_Tsju7BpPCWFRA3u5pw,euw1,europe
S49jcYnZmOdDyaa4GDCbqAXH-e4OyIlp0RltIX0e4f06iOqxLO1H2SQhHGheWs7wm55cKWHFbe7pdw,na1,americas
77b3xEg5DMSnJ2GYdlnwePKwH26Da6wJZx6QhQLGaDsalEuR09y3mpuedCR8m8wFItRlVObe31oYfQ,vn2,sea
h-qSXcUgA346tKsF1p6pF2rRwJdp4Rr_l5bts_bldfe7yG_OZEOw-AzxUL4lDtxt5vJulHjhAWZgvA,na1,americas
isSOrRi1hRP_jvOQfOG-KGZ5K5JA2G7zGlwyzxmLT6oVok4sIEL17WTJio7sL2NLSPA8qNm4yTwa1g,kr,asia
HMAbhwzPl32PNoKwRvUSNW65coxRu_bPr2_KBG5klI0qDS0f3rJKxYA6-aTTE7VGSRIrYuwtQRV7yg,euw1,europe
s5YMAKZKPbMAu3aliFq0lnbVLAofPA0jXzZnt_yjoTnaIIA5TEzg1B3FYhIn9MLLXHjYCXwfx97r0Q,vn2,sea
hxKP6Y5yFwuUS1w1K7gV2OOBkYCCRhGjSZmDF3zjES1zYO5dd0L2wCnTYPy855K71I7BgdRZhWIh-w,euw1,europe
46c2yGc7P_LrFU8D_9nSaYv_ZKfqk2VILoItlNiDL14YbYBo-dS2hP5QvnihmmdPrQbZHScu-aWUcg,vn2,sea
t0Xzt-EFxHcrgi7NFf7g0OwPKUc2DhU7AsjAXQyftIRPyoJQI_Zcg6VYGFgKpBicRbQxQUMJaeKKlQ,vn2,sea
YfI46G_4PbSe1NKrWOcAcoDR4SJY7k4O36g9c5w5zKNgOQWpcGZHUPLVGBsV14U0V1n6UnA1NJATlw,kr,asia
7Yo3Sf5qEE3dP9bcskPbZt2VvG6Xcp0USN1rPhM-2gionw_zVSECkg4VDbXdqBdWPuqY6UIyPs3xdA,kr,asia
IqBwQxJUwi3Fq3MebLinQTLPHerylDi84U-hexiDVgZZbmRdcKyp1qiZ64LRyasp7VBZCdbY04sL6Q,kr,asia
eVaLRcbS7PjCoObDqCgRjTmxy-XmlHnHs3OiA_LbOA9Y-1GiSEdQmls2RwNSI0exHpuWdPo4bAYWOA,kr,asia
BeJIhbYnJToZOg12pOttHa5JNQsHpJG94lCdLtqmzmIKPoAjZp9MrG2mbCRXK7bC2gF5FfL8wZB2pg,na1,americas
6k50qD26ELSVbyySQhZXzOABMeelqnYrPNHw9ituR1zMe4lxEF3R61G-5lb4pNdlcqW32uGN56n8gg,kr,asia
YS9IzZf2zmuuhtbX8xrph7IrSqEBrBjuTcF014DlJiN-b9sKulbEDEc_dUszP1nfQ4an4Qcc93Qrnw,kr,asia
vs96J_hcbgxmcc9rxPO1-HxnyUGKaO3Bb1sXwfldyTnXkdo5CyUMXdJcnvc0LOnXkuzJoDzMmJEntw,na1,americas
BfnIyGeOBW5tb24nw-7Ua98cMKYueU_Mj7R2sXXZ7PeLvPf20Circ21xXxTAGxOy5l-wxBBvVwWQbQ,vn2,sea
cLjws1g57IJCUKTzKxpsQ8cw2KY22o4nnf_QBuX7X67hqXoyUM6GILVsYVjq5Y1C8irXd-eoHrayAg,euw1,europe
RnTZd3VwvIh8uxVmzlQmnPvPRwRP6ShofRCL5jgrPPDmyb4nniQvZXW8SxoD5Muh3M8t-upgrqXfgQ,euw1,europe
4yJqpw8Rjc4E7NJciYFmPNFFla_eLUIjqunJjck7ndEW7XSw1oSoudTFY8Sd2pcUT0plHOGEmrzlGg,kr,asia
qZRVeuEXbuCjAbrf1xtB5p5tFUbIuUU-r7_WYeNRbrOZx4_GrYuNAByguPNB6lJj16jC1FySTYM2sA,euw1,europe
nA4mrL2tAPjRedkHp9G2nJNIKDrp1xe0Lmz_hn-oXQvv3XOHwKCe139o8JUsrQBrisvTv4GLuv51xg,vn2,sea
2o8Lp9mVUxxXSJCEoMnKDkdQEykJVG1_hljONUaOotR_RSa8yXpxPvltRHHNasDORgxgiR_jpxLrtw,euw1,europe
M10jBcfTTojTufmFZ8Tby9CKXt-PbRNtRd_zOMI_wcJ3jiy0v5hCSd76zSRwcKFxGW8WvhJzPtc8Ow,vn2,sea
LdOgTAaCFFASsN6pF7K3UGuXuNlGf6W88GBwxxni3VbdoUikFBzNZ53Q97Tw9o8EOzTdzMuPKnTn4Q,vn2,sea
_bbw2HfflRYZqaszRm9hmaBkNGHYBkVmRuiv_7r3XxqgVaxEl3dmCP7SPL7MTOge1CEUkiSbbgFVTw,kr,asia
jO6tsUtRJEEZ90P4aonHg8ZwD7s34l1CHSMqVdc47MtYyD883a1TRdi1XeDJfQawfkLH5rZMDXg86w,na1,americas
fCZHE4J0lZAaL1XniuG5mlWC6Fuj5uxgRpVxyg-B63ogj7kqbP4gjG_I1r9dLrT-_nhumiLuP4bhyw,vn2,sea
xd_0TFDwtr-6tRaVk0nvga4mnSTJcOHPG8YH1N9ryMAHvdfGpL1tdL5XvRMInDDpv4MsaxgZwe9Cng,vn2,sea
WqGK8tmGsdem-kG6iYS_1P6FeYkf0I7QGQUjx9jkNixMAaVE2jR8V3foQQk0aGlW-URIrgivXPab2w,na1,americas
lN2RcrnZds3hjuXw0bdQWjOcYhJ7ZH9I62cUxmnBLsHikP5t0BM_TSsIK-bXOHfojrwCJ6wBidm_xQ,euw1,europe
-XFpddYmYOvaNrV2cfZU-ypAfdknsEOmKskZVgA51FmUUxGJ0d3LVivEE6xfa8mdBE9K1P0wqtA6Xw,euw1,europe
bATkfXLyteayXEBzXNDIqtyY-LVX_0ssw8G31MkGhjJrRQBk26FfdngSoY0zpI3Q37gFlHK7qVYz_g,vn2,sea
UW5Z-KB4cJg7gvMn3WHYLZVgz1tcoGWgxF0zKFPx5fLaBhgRrRr6wp0s-k6XoCO8KApnrIc0ZO33ww,kr,asia
Z6k5eLH3q1eiumURqXRJgDFA6eUU_YUhW5M9nXmJ1md3BS0DPajG2A3z1YrXQRvIhm1JkKaQPuhTMA,euw1,europe
tQd7CmY6KyXVUH6WYFjvPM6ODu8inHgiN3-wjnk7kGZNYqC7fSARRcxlSdgYOMeVVbmltYal5FL7Bw,na1,americas
y7LA4qN3DFKC-O1nbN2rj7gg1mbLpbvvi3VzQLSovmGaeZN8nWY8H2yHCe6wJZcQCpjHFpOXcfrjOg,na1,americas
hMtOcafSeLx_omfzsMzNhowRrMIyGZnKEPfqiY_8E6Z3bPBVMzEllIjTUeVRH4rBxvAHy8nxMuRQXQ,vn2,sea
Vj3yRXQ1NrFraqqLPmOeCSdBHNyJO9FVnStyefq4e1Mz8cSI8Q9EeGrPDiBTp5JX6RYhQMYL0XNo_g,na1,americas
nvVXTGI1Pg5PqWuBctY2n3TJs4uCXbTCkqQWJwGPnWev37-Kx6y2xqR6XsHYzd26f4Mn3WJf0JFQ0Q,euw1,europe
b_mYkTqsa9AiUYUlhAf1xsyNj2ctGSPfZFlTl7Ws9nt7JEmGDW41e-EmzkLZtizN7wJkt_C5WSvyNw,euw1,europe
gDjUE3bF6QoFA_EFtfmjDNNu3k3u9qCs_4futZrGjEMaxx8XX1b7i_OSh5zPjoWZvtTH5h-jpLxEVw,kr,asia
DjJ_lXStYI-BEMqdWy_UGxmWdq0jL9K_JNrCGE8wNy5mAO6d5YDLVm8GeEFHZioxFhn8QH2zhomOAQ,euw1,europe
DC-KSGGh9UNEmOAYTc9IoUq8edaWW-A5EV_nNZ7Pn7IHtEAF2avaPSz33n1rd4XMcd345xH2ojeGog,kr,asia
PuFCkkeQ_zjEOekkXbltvIi_BxejwXc2evnQ3UdSsZTvw_x1lPqJGHFO1ezX5ffDGP76__7e357WKg,na1,americas
OJ_72HjKxm0cunpvjth20iFtffsKGtbmuXZ1AEzQS-z5bpw3z1O5n1sQ4F12Yg2twPZP1_ExiVZqPg,kr,asia
1sCTznPgUd4PFmqRQqpsMedW7nJ5v3XSzbBoyHbritXPO8swlDRCy_nL-WmL3kkibOYLPgR6IU12Yg,vn2,sea
OVbkYmnUza9s7N793AaTAiQJ61RR8_OSyA882l563vIoJgrSw9b8Rw6JJsS0ExxyAIn6hRzMgxF4HA,euw1,europe
XH3ockJbPEtmp7ioH4bjUSeEK__uHZJoYxRUq1k_XVS6qL4PhHKBEIFSJqzzvxzutfJonBkQQqaE6Q,na1,americas
Apac1g8i6QWYNc6OUEFCEVStJFUeRnyV1Hr2FkpIg_ZYNNLjoMa5s2TH2qEvOIliQiJHY_OT_IwP4w,euw1,europe
nFcwW0K1Fw1c25fP2K65RN9RGfFdD0mgzVjqqML_S-hzPn86zIxq3dpzia2_N2pofvtMTHC4Iph0og,euw1,europe
gMOOS3qOUaqPWdK54nqetBqtB-11v9noym2TxxK1Zr-UJGFLJivnyv_24DjEff8Uho2qaOUjFb3DsA,na1,americas
bAirLY9QNDNQiKZMb--Wqj7XkP2KJPvBT0GCZ8MrG3KKduhZrEljY2KGgTIgufMRsSNu8cR5zO-Abg,euw1,europe
i01a-iJ_PcykRAbNEKRHNMC-ewDutx2zcG_GY48CNDtJdNadPZ2RQu3AG7cWAgxIJl8JCDjrtILN0g,euw1,europe
BFhuDwT92F2w3Ut6igiOUGPk5XnefuFUKB5J5cfVDGOeLzbEd5uQM8lDCob97ohJcYMPYjOGdCkkuw,euw1,europe
T7EQ63kGx8HMHIxf1TVvq3Sck77b10r7dVj3YN-9aF_u3ddum9TAdiWZPF8hN6m9iaSm8Y8OtV1WJw,kr,asia
pEkuY0NwZr4YY3VrVn8TDBxzfe-QGwlYHF0ybh6o0jCCKkM4k8S27IA79KaJnrhaA-iCMdGKcz6P7w,kr,asia
SPcgxKG2rAOcEPkhP0kaXYOd9RxYTnry7PmAbJ1B710a5nA0iaRb5vrgy52m6e5nHq88eUJWf5UO9w,euw1,europe
ksSn9FYGv7xCHNrYnBTonu7YtxrtdtIBLT1AposIpeWjTNS1iQbjRRx17Mu80AGQ18HFrkp7VUXqOQ,kr,asia
q2g8LXkKsZGUjzzQRn8tsYjaSqMJ4ezvLdjLvAysZiDx3j3WFRBjpBn0-favNkMA5HThRabfNUF_-A,na1,americas
1SHHa-Y1NGZ2zYbTbTi2sXk1FcF10rUI__IsHsZLSL4owukgbPBJxlx2NsDjnjxP2jso2ELJsDusag,kr,asia
3TZLyIJ_5yigZnf2FkPkckJKAhCneedBE7E9zrto1FxcU12R4fSVLkYrMNvjacmsuMvhb0Quj4HbyA,na1,americas
ShhzLp0xq13KbFZLUF3ot4RZu0a0FAMIOu5ioTnnzDr0IgnjYCk_udpOPCpyHrnVpQZhjMiP3LrAIA,vn2,sea
LRkkIFWFQcfwZQSvb3aLmbwhKShTWdWZDJ07efI9BwZGFzmfYl94ygJxrTezBLeUvM2iqNYv_uvZew,vn2,sea
olZQz0Y2IcUyzA7xrXlvxjUUAHf5oEv3fY1it-SPwRAWbUk8ye3AJ-p-H2O_ENBS_lVyrutxGw2f3Q,na1,americas
2zkHk-8FyCqms83vkXe7QazDeM3zzShC80OJTJKiNRDb_gkTIfs765X1fFeDw1wH7VLndUhyygQd9g,vn2,sea
8PPTQ0Oj9kh6VEjZoh5055dvNcmBea0aTdjsLADuxqYJpF-3fZ-KkFsdB_G25xKcuiHWW6MDdWfhFQ,kr,asia
Z-htwNR3bkiI5k7MudpGr8V057LZg_Tr2_-ojTZnGRYfEGYqHJQyiU8SCUA8Imo5dIR1o2sYF5Di9A,kr,asia
bRr-tQ1sNzpiWCW-JRdB5E7JlAlDUf9HB-E0mJRL_-gWoCNBtioUzLjeDlbx9Hk0m_nBkKqqY_dqrQ,na1,americas
GdGhiZyl344Ns424o0B9BYBUxnKW4vDUqMYYKpr6UoKw89ADcqayn5f_P6OOtIIq5sQXy8Bc_4QjqQ,na1,americas
jXSc8MSK-B8e9TL1U2aFvWlzgccFiv67JrdZkDf3NiVnNS-I8EDBvPVr_38oamrBSeIA-4ERAtU3Yw,na1,americas
W-B-qn3Hlm2dIxch-PdiJdnozRwWSm_Idmbu7tcRYXKcwv7RuxrggL7uColY_KC803eXeuWhdNnYNw,na1,americas
Of9y3HNQ05Vrrm3AZDLkTr6nUAhSA3jOqATvC2AA5hAF-b-QfG_uGbELAGljLJdmP5omZblUPv-xTw,na1,americas
z6uLtB4TaOC-0uqEnNpk-rTGJryCOGryQV5Rw1F8HzJykv5ud_xibDo8UbqziIgJurb2MhW_IxUqyw,kr,asia
rnwCgwRE41NsAWAkaWuKMTU2MIp7hjxzqc4nyEAWxQecSuIxoxBe4QjTjyix2eiMOW1cTSt7i7t6MA,na1,americas
pYuYMgkTiM1FmxO-Qzk7_IeBa251b89H1wjQAqh4mTgikRmc5fHHHNgNL6Rn_K-noCIHuMQmhDoLYQ,vn2,sea
PUYn6NOFf6Bw3ut_9kjE7ee_DjKPFcD4EVkNnDqF_EM05mOPTH15lGq_5-ylK1JmQk16EqZX1SwKaA,na1,americas
mVmAMKI0zntNuiLUrpgOI94NOLG2dcGzwTqxMxpC6AugKWooyyFrr-ifsH22OdgzRmpV9Kvhp1kC9A,kr,asia
qKvIZVhWBOM05LfwGyp-qMx8oQ1ZdP1u5qvuDSIkw0MZYdjbicZxxP25HVtxRBbCQ_N20J-6q3OtSw,na1,americas
UdkmIvxIr6FPrxfsAsnr6e5O7Ldq8_qUzZD7iE0kjJZlWitstXBXKx5texcsmgYun4A582VpAcKYAg,vn2,sea
t9TcW_dX31Q4n9b_epPiW3uTCwaIykf8J2gVhZRlz-vsU2JYsdxsm0VEyuLqKr3YBr_ASf9RaC5IgQ,euw1,europe
8pcVr4T_wbnNYosHYMZ0e00RDslAieCGWozqi-1rYlAuV9VfcXxIRLlrDJBjrhE9tDRDnUM3oB_vYA,kr,asia
AK0kU9t1bMnysKwg3_6Fw76DIb4H2komOzwIuby4B3rghX_XK0NQUzpXCFAb9KbHK4MMVCVRh8FcHg,vn2,sea
xJiKKmjJ43forSpPpDzduJJy_lobp_25tXqWB_YlW3DA_m-1kQOHQ8jzdjWez_72rpvLoUDThCFZwg,na1,americas
wZUa3yzONO3mZTTZW2W7dcSvjfKE5Y9YKgTFDzn9BKcYm9XbOMrjGSEzAl9xNYA8iVtFdFrxkXTtoQ,na1,americas
zC-fi8t3uZHtBCqYvKpZ4L6det0KmO1mLCR71cf0M-hqJNSX0Jsi-YLa0Gll9kFDX8vP4xJTCQYkdw,euw1,europe
ferK4Nb9usfc1pD76mC2CJq_wfQbUFFH9mMf5ZVnwOJlKJeV2tF-RvEYiM6NJg0ymLqBSk-Shi712g,euw1,europe
cxh0JekoGVtirGeF0eCg9PS6DpjQGyymWCe_1r4zPDB7n_3AnycqU0KzyFfCBFtDF1vfMGUqdSvcLw,euw1,europe
0Zox9Y0IWNe80H43KsVtoHImU_dorX4kvkNklMxcuJynjfhNspTdjNnEi2F-IQEWdxNE02UNgIETzA,kr,asia
p5-lQn5sTJILUhNPcAzCMpouj1oNvJnetLciFDF1H8d-dPDG1MfKYdX6a5RsQzdVO9Z7dF9n9TJtnQ,vn2,sea
dc6fvTgql7QLTpjSqg-lTrtnvgEhsilA3h3BY32e4q7SfAaBPdBXq1cxtEHsQ5QRDucBnyBsbN0P9A,vn2,sea
kBVS9qjtpCVlZn3ypRuDbAVDxlu8UQENCnK_XP_Itpx9Dj9bN4kIBuxzNKQGzZTyNH7ftXQS2COW-w,na1,americas
K5VkM52tA5GOjb_JVWlvClHi_aao6kylle1ACpYYMvfum5MDweOqgNWwQBlAH52OxeIOBBtTyFeZeQ,kr,asia
Uz1rbYMxWsBkNScsuaijRkoX3FSDLCK2__LOF-cVAz5JpaBX5zd9bTIzPovm7JrOzTIKxUSW-0ue4Q,na1,americas
TeyWsPu5JEMBgaF5niBQ7qopKTxcJCaoyHl-resE3ZNfY0xUqffU7HQVV1Nm--yR680XkMEZC9cvoQ,euw1,europe
FcehyLLwERMgu3jIEIWv-9xvfB3bvf0sDxu8ShgsHIj0KygUJFCvf2mmfWgPffSVNfj8L7282pC7zw,na1,americas
GCuohG3Rlgnl_4Jyfz0RWg6SPtQH6r19Gz8iJR4qoJsdEx6tC2Pdm5RLJi8IgzFzkdBlgj_zmqOgUQ,na1,americas
SnOEY_Tgg-y3VKPHTZedmWTF043f0i_Vy4TQsP0Vns950DjUiIBJ4Wxn6hrBIkyCDA8irrJmjXFYgQ,kr,asia
BsnPRC70PjJzLGgbwZa8ktvpP7dcdVS8KmA8CO0-q1lr7bFMQ4u4CbstCHHyNrwjuXE6go5YYRi0KQ,euw1,europe
7CUeTYlyx2x69wP7wQrnebYyNEXUTAswjiBN2JnPOULoqo8ajUaRrN1J3hy44RLG6TKqYiSJTrngAA,euw1,europe
Iqs81QZrqnrNmJ0VAnXfl_xNXKVgnieVkG5M2uN2AhC9YCi4i-lVloo7Z9fM33r8hpeelf7LFPLTHQ,kr,asia
71VIQUncfHq8aZ_4Pwfv04NxOgp1KwR87ezITlOFZZFhXUFAUTzF3axi7y_Qws4_HWhvbva2eh4Yqw,na1,americas
X3NdjG5Rc77fY45nRt99Qw1X7sBgM0ToP3Jo8qWgddXQCJiD4Iaw4oDbn5F05Gsu5eNHk-y58ej60w,na1,americas
Q5_SLvdEmmHIAyB09FC9nfPQ-AjLjuCKQfmonx5hOo5oZ6Dlu599xHjnKP0_TR-9tnXkSg1plObF-A,kr,asia
Ao5bFgXArtbQ1NWXvTN-G19SDsCmSqmrlMc8-8LwZIRMFiCD5vkuCJN0p8egYgEGBm7md7hZTt9_-A,euw1,europe
DNr5z2lbjGjSs61yl7aPApdmC1hezpmcN4PRpTV0gZg0W_EMiKD9rMupOvqf10yuaAyxnMyOWKKxHw,euw1,europe
5qcDP8Gie1h8zEMecoNCxkieayINdlawW6d4D218QrHmHvRumULJrWW1RonDfFtKwZ0ReaI92eX7yw,euw1,europe
VnCUg1CmtJXHHOJHmppekn4kpUHuizWfaxQY6rBy-0gh23tOhVvHP2DOzuVXLXMZZsU9W0IAQyXW3w,kr,asia
8tsPMgBfgtQvAZjeGlKS3djpNi21J62plCGTzQPb9yKWT0tF7UAhSvuWmfPd5QH2fvU2-gExb_VkzA,na1,americas
vCeaq7KDENXC-my-5vGFxwXgz1CrfaIWRzcYGUcNJC9ByZaUjd99sGfRfv8v3eJT_D-L6DevquSBNQ,kr,asia
lgn_akUwAvIvOLGkAxCDgK5DwbDL2g14A6aUnacExGS-eN-nkVMav6xaAPUtw2l9Q-4NwF1SVaVQ4Q,kr,asia
7uakIs90Af2Gi8WYvsYdbEd4Jz4Hw3qM0iqIOYJA3PpI7yKjS3D5GNE-d-vFGyjBXTettQtZxjJOYg,na1,americas
dDXex9MINaivxzrvcHzryhUBL470m3c5dWq22Y2XhzUmXtS9C2UVlu76CY364nvmbLw7T6Po8eXNTg,na1,americas
_kkoFoyTEJJSMakXenDqaCXSlBD_GyDG1QWvdRVab4bsF9HZj1oZXs7V4aOG4MDJyqM-wxPPnxwO_w,euw1,europe
9jE4ykn-Tth1gUsFZFS3me4iK7-VZCrbr9UOted9_USCOY9srcWsKokzA_dSPDSbRBa60bQBPWwRlQ,na1,americas
uHkoxJMgxkCqW8PJEv8o0ckmDFAM95IvbXi-k4O5dXyE0CCcSNBIXweA8JgO9V_7gkEdATZu9_s0JA,euw1,europe
c3zRrT3o6uG-3VtYKLs83ad6opJQjvllMMJlaNmdXPA9aj-_PfwLpBBUqrzT2QhEwSXo1lXFa6DpsQ,euw1,europe
fkgTFokqbRpYoSXnWRgVFXObxdP_ZSTHRlbHkgQXEvxO9eqbMVnXksX2sgeVQiEePJjz1-DFszCHJg,euw1,europe
DOrNWWrbJesVEwtYjoJE92Dzajz7UvxfcXnugAi6qJYfaCdKgI5VFof8Sn0N32VNXyl3Z2JHamdrSw,euw1,europe
ZLybaN7E-uuTQTYwITKSObb5G7qBMdU7ZjDmRpb2tCUE5z1HLk81Den8sVTMnkDfcEekWsoz22EMYw,kr,asia
7mXnXb3Ef_hf-MLc7ZVBwE-caSq_R3fo2mnAGaOWWnedSbk0hG3XYpYJ0Hdz6gfkJO9RvhLBP8Brrw,euw1,europe
jnMjEmEYCOXOJ0gCmo-VjYPQlSJByS5h9PeuvMgeOdRIacp-ht95X9bTA0bRLswhENUYeiXL7m19Dw,kr,asia
tXk9COafHt1Qfw4XZn8leS9KChyxv2mzMVDYbWC2n_52fX8Eh__9frZXrX6k1xKOgpDi1CdYT_Td8w,na1,americas
JzG4fHpIfJcqYWsOBzxisGWPQarRvG_lIjX9Q9vHvh1gIetnW6_2_k4Y78WIYuGOdcp2WVbgcns5Yg,euw1,europe
6j7vS8dXg5JskuIolF-dSZ4E1TOrJItEwpWRM96xjS5PVjtNDdAqDZ3bl_1vN3_nW2maWa1xExd-eg,vn2,sea
80ZP9rDnLXnubPLhKx0mRGf3w07AhYlQwt8oQYG012X_9OxEBU3fq6qYXqxHng3iCis5jC51YXRsoQ,kr,asia
ugcM0uDvNASIwg4PYTkBiFhmHtlmGSUkSFijAIbIf4Uu71Bm9IukvIK02bNUnz6L-liI7YCJq_4ruw,euw1,europe
vGvIS3OMzCDiSYe3N91YELpk14TcgI9XZ6HUD_FhUAGzh9xk1b7h9mrkyvvPHYoeWgkDjWJoZlIolQ,kr,asia
FrRQnpmS_OKZccmEOxwbB_iko7Zxh8cwkOzqql0f-RX2FxD88hTkk1Snnizy5C8v9HQ5RUAIhCwkJQ,kr,asia
ToYmx4o0zp5KaYegSbE7GXGqfUk6cvvo-nUzfpAlPhRpcRdczButZGzBvsjrTXMvX3pab8boJTLMvw,euw1,europe
uBvExwF7my6xhiUmR4UNr7kp2t_U1LJLJWgKatudax0f_mxH0rzIlwK0KsvNQf1KITmPem9HR76OOg,euw1,europe
eHwk1AK2BRuwFnV1rF1lNjbi0IIVv4ibvBZ4sGwRoCO7hZWFq88qolDQ7r7IMLFreLLn3TmylL1jEA,na1,americas
IPKg49nqD6uLymtvXTsgZ7sCYYQqLVTVwk3LJJ7Cv19QPPQ4xFAqt_uqtc2jvligIjqPGP094mRDhQ,kr,asia
Eect1Z8QUr5Y29hU1xBqL1LF2RDHC9l3HISG4k4ZbNJklwv1JC_xWn-Lhfyh4YhqpoU8lr2l1WZgvA,na1,americas
SjuUEBcO8CWKg1AnxZ_VkRZnzTpmuN7Mo4yHlQidNJIJm_iGXrZ3Bc0CgXle9mTIJgN_6n-hCJZdHQ,euw1,europe
0N6E3lEHWRFrQymWo-E6_7WEJTtFSz2KOMZvhYyr9hlp9JaM3COw8jxF5xXX_6fvrbN8H4N95kK2HQ,na1,americas
jLuca-TlzEyt32_0tEftGyOLso54oRDiTe0xi9H-fBB_I4h02GCS8dYREGEzvpMRbWO2nk7y3hCsBg,kr,asia
rHECaxunLPDCM8WQlk8TPlbXie3BMfROetz_6nz_Du6yKHCWVD3bbf1ViZisvzuNJhk-PmZYdRCUCQ,kr,asia
9F7TotnbzTKTiMk56NxSlYf3U3CDeJgWhNuXYtxbHpuMIy87Pr_r-uvCh6j1Y8GqATqQucNjZl7naA,euw1,europe
FlWI6Vb4KOqUJQgllW71-OJ_y13JLl0_WT9ny1R-XsPMwhY7hTq8HDI1fj7chBQIbnb3fIoLpoSdZw,vn2,sea
ezt9eaDeHw7XOS07QTvpbRA97yPylXkbuUkkAFL9QEjk-Xp3dPoxG7b3BvQqw96bXunZN--_N_uUVg,kr,asia
gaD_SJivi1ZAfCij0sMPyzUyKtGyhSM6EQxjMZNUlJGSkqmmlvTYOBjVW1t0KysfJLQGybl8QcNZFg,kr,asia
XlUjZHacWHWS2cwj9vK-eSDw-iepU07-45eb2tIqUX0dWXtJPvOZZD6QFQ4_UMAfPh-cZudjhZXz0w,vn2,sea
FGd6zd9_TxKDVizm4y1nflO7TZDsJKav9O9R0CHxVu5lzF17HSP1Ox9F4xeXMvAsBXyX7EtqO01hKQ,euw1,europe
HJJORBMu4U3QZyR9os76xI6Vhd-UgAawZLz4JgJBMiCNPY-bL9WI1kC3ovauGWXU2099gaSX8EmbQQ,kr,asia
_13_cDiDKapzeIPhh8lBHFpk1PXbCocCEYWXC0GFBaCOIauc8CgI9utOfY6snM4JNyp0hfnIbTbSxA,na1,americas
aw3SAgPT8_MZ6MNV9uBJmJN5R-no2UUT6if5tImXKejAuHIMbHyvjQlBUhvLCLe4xVpCVbQUyB_0Jw,na1,americas
HCJ9qkwvKYWSSB1o3aTw-F5581bI47zyScdS7RbutDMrBFDtbNNqhatlBdRMjSGYUSUMomeTKpDepA,vn2,sea
8Yjmvl2nqgb9lU9oPP_mN7K-wKNp78dAm15EFjyPSL-nVfQYIL23ON5mf_9lD9BwmuHFaRLpJCHiwg,euw1,europe
AAflbx64ce9AEcTofo_VgS1namGv2pKL62KDFkyC6Cdd84Wmzn1V9cT89Vc8CDeTtl9Oqr92l0yWDg,na1,americas
GcGTYRkY8OVvaBXY2wF4ei-rLERK5dv3imHuSyPDeDjnMy3y5qeqOXe0Xpk5GPJ38RbRsy_6yR7WnQ,euw1,europe
-MeFsZGzUOHClKg_AtXH3ZBaiNeomnVXRGYQRdgdCIM3tAjE_XpEhl74jkJV5BkUj9taM5ETyHRemw,na1,americas
J5hATz1ktkpGRi__gUzmfhZZSZo69mEYuNXeYFclshh_SbNErO6U46kQ_FTWzReAUByQ63lkpkRh0A,euw1,europe
pdvCTjNgRS0BwwcoonFrtWFjdLOgOHSXZjbAAEipRXjW5STiHPiQa0SgpfQkSjH-7ropP58Symu27Q,na1,americas
OwFujO5xFu3Vs3-CMzrbYa8FjVyBxEnkJ4xvpRknkTjP6H8dIXjoVMvI0K4PKF9AGJvNtoGdlUh5aA,na1,americas
o5i6B654ZFJhUF6ZjnT0_KBI1lpMDTH4mKrHXOaJrHtYLT6jP3US-dJ0lH6NzSDJzwlKwc-P6_hvCQ,kr,asia
1VTaevEf95rZfrmaP55LSqZ6sQWAtgO2Pow_ahusoXDU2JqK1u3OrFR6Aj40zMw5SkOdRKUvLO5Hww,euw1,europe
j4a-QMPKO6vctjz-mRAZYh_M5qOSOdIe540ufrYxrftprQWd7uGK-kYU1_kk-pbbJpK2EU8CLJUqzg,na1,americas
7PrdkVRXrj2x4IgiGkx3KEy-kteQ03VwrpKMq4mFmz26rGssbgiTP0sSmE7P20oKHhr8ydnJSYW7kg,vn2,sea
sIi6J-rS5hwH7UWR77Y_w0C_yMXk5jhzjY2EfJcwBhhTdvl6QlidlclAR6fc2BJu4l0ZrPM2FKPvEg,na1,americas
pgaPJ_HzTo5KzVPHx_DMVhpoxFRfYaHAJDiglIWIpqSl5ugdJ-OQJqCLaqGeF8g9e0WqXTPyK7yoGQ,na1,americas
cvvKBBffmFOX4eDSdXIM3yip1VvPEkRczcw692xnnWHDhJuHa4Sm4Mst-mrOLcIax2Sbo5J9y30G2w,kr,asia
1xEdt5hLwYyqfk_MMgFKdLgscrXMI36Tof3RhfnzWdVpXNMB5Ckoq8EV_98ue9rHREK_1Jesmd5YDA,kr,asia
yY1n8cvntypGPSgFj0uL9rz2Jvt5VGAIlOChQC8R28hJO_g1rH20GSh2fLZvb45AZh5rnPd8nkMFyg,euw1,europe
NObjsOfgsB8O5Mgd1-wddl5MF5wT521zIgLigEn37ZVcAZB6_e2biC9RGmS34g-ZfjxNxYuS9fLT-Q,na1,americas
lh1KvsDMWJcxmrogbfOx214my8snbQHbkK9Tkm6JK1TVY9lakmOAlV-xlgB2I2yjUfeF-5mNhAmsjA,euw1,europe
OiFiqPJeCVuG3fOMuNgFMGgmgJ6rcHMxn_NgVXDEUhhcfeeW2fa6SiUh0FFR0zZ0w53UBKyqi8H0zA,vn2,sea
qGXu1sUlt260ESg4hHZR2IzkUpTRr65EoICzgdaElM9x-CYJ5qrt6xhugiZqRiloeQcMq5OubrPuMg,na1,americas
tyNZTWZnrwqlXi7LtTKpoPbJrD-0ZuldKu6sYD7L68bX8vkjRYmb0yrz3w403CBl3vAOQISQkUzEkQ,vn2,sea
EVZzx9dc3MXEHN2XKV5r0MV7c86tFj_xBf3CzmsNy_eYlwWPZ6q2Qmu39GeqfAHSMFyZXbQ_9IEdGA,euw1,europe
YwGYEglVpdgcoBs2KPb0-S5WO2XrFgF9icM4uyxGfNNQU3lHeFXbMgyaEemxMoT3P8DgwrNZzr0_Tg,euw1,europe
SS1BKzYgMxQuL-D0L9Zmh3DBJ2m_OlL6eVncVnyFqzx7tkDaYrmv0DJ0c4UwVda727cSRbGeOPsLJw,kr,asia
EE_lQVALcqp-d8ZPkO4pFDVR05yEG7dEEv_v30wRkaaLhpvpSnaJgiVc7wIDbQeyYO0ZBNv0Zifljg,vn2,sea
lDC2ztqAELvX_lxKTgq5binBUMJOU4qGLgn6JeECv9unEJ8bcjQCnAf5TVLvCP-hHChHZDpBNnk1yw,euw1,europe
qXb-O1B7R6uvSM-1hNNK_WZHcB0ZfScVCxHRV-0AOVaroJD7bIKFGE6sSSNDm0bn2TvL0poHY-ntEw,vn2,sea
LAG_wENj4g0QU-xKfLOMuJE_wILiVTb0ljElS2XOutTTydzdUet_1uwgxi5QScP_R6nnO95ogQU3_g,euw1,europe
ekL4xZoxsPpjcLVbgF5ztJkU30pGe6ezH_oXkYwXMsWJRQpXyRIPWX4Pu-QJ5xO0GX9_Vgp0BP3lxw,euw1,europe
crZSzOSg49GZ_2qRJsC2_8z6bby5CX7X1Ml9RVIaZ5N1qTS0fAVUUyK6eMvP3Nq3Y-T2BYA2FrSL2A,na1,americas
dL9s15ql9eTsWi6Wu-pNGNB-jgxHmupSQiHa4aT99SF621TGN3iXhegAWx4sbqoAAfs8G3aqlfvRNA,vn2,sea
JNuv8E6a4gWqChFCAYVOoYWnASwn7Gb3vJ_qNhLh_H5hb96Kd9KEGKsbuil_vIkPNofq8fm7_R5XiQ,vn2,sea
tPl9JbSXavHTbNOn8zVX6ICsRKYYnjeGeg5Dm3LnuOVfOmJTyA33sbwj-b4fCOadHkFN_QnlYCH8Tg,na1,americas
Z6sdE5DwMOb86UJEFPP7GvCO4wny1cjykTxFDEehF5U9BuPojCTwcR_PM986ZF0dqXO1V1Zf9IRdIw,na1,americas
1tZs8Tsm2fgHmoFU8iYHDZtBQmuepjne2t4quKnMsC_hedmUWcI_HfzLLlSIQ95QlJQMVlJTxIKD4Q,euw1,europe
coVvhTlJ8mP6z6RLhDQunAzDPSRCgemovGAKqrIZVYSD5y-R6TJq34c0-l0ZYRd1RG5xfJgBE43OFA,euw1,europe
VVg3EHxHkvcRTxbM5-uqm9K-T_4wOonrlbuBdda7Lrx39o6XZqLKmN1zR5v-2i_5Xuv0qzOy1zoX9w,euw1,europe
paAAWJBUFnYGvbbcF1S17TKX3iKTZwivqYB0xii9_TNIeGZgHCZrEntnNrQi7go39ccsKXOmLk4wJw,euw1,europe
xxTVC330oBzq9_lDlyq6Hg2n1G8ryKKvrUNnIEIl786U7mTLlv9CDc9OMSGVmdYU0LC_s-4CbwULCQ,na1,americas
FfCAKdF3TdVPR80xBkVJS5Q0eoQV2qr8gR2AVZdtM23RouC9CpM7LyZqopyJ_FGnmzETeYXQ1m33-g,kr,asia
VUmBaHhcHquNtq6-dQMTPONmJthj-z_n_lXjVk_705B9u05iiZWtNlj8OuqgZb6unoS_a52MDFy0Rg,na1,americas
aZj1z7X84jh9KNZbzMQSvYClljC1bCsrJLVWGk5Yh9eCBJ3aRVrG0XLSwIZAzJ_6Ha5Uxi5TFzvWkg,kr,asia
eSETJcyF3Pi_BcJvAeYjCv2sdgOazLemMTqI-DQub3rCYxT4yWpsx1pTRIIV0eE0ecGygYmrdB9VIA,na1,americas
j12H20a8G-TGiQX5DWlyJpIrocgKuw10JZ40ikQriftQkMOCPHOyxVD7Bq3IoeNPcl0c0botP9kvuA,na1,americas
ibhJ6bxxL65kvcl3_BWUkkpffjGF5gvsGSbqz3HfY6S1p4xG5a0f8eJsOnx8r-Md9hotAfGsqH8Zyw,kr,asia
_dR7E_zBCEyfe6BlzozcNlzkDjXb21ymgJ-xFaWogzkVsp3a-YinZ_1UMI0sJKhK_QcKAhSvzTw7bQ,euw1,europe
IWBWKD6AlVAhh2EQufITATc2oGkeLK17UL4-KumpWsdz7n5BO_z6q4A_Oq-9HGVlW_chYn3rGX_fFg,euw1,europe
g00anWhTqqDZUS6jbegHRLNlvMMv_eZV_-Rihz4EYCo3hQVk1I19rGf-uFi9UJSZ120rtqUkoHjvQw,na1,americas
4lh7MMA9rI-QSET2iPriRvZlhmPRe4tWFCdPtt2oEVa7YbrN33zsvt1XqsOtf9YBoP38i1ttmcC_nA,euw1,europe
zmeRUcxDYkf6eVglBLizKDZNobYp8IVXduleyMeUDP-Rd7L3N7mmiF9XP6RKbMS-YVWluVuaycmxMw,kr,asia
aYTwX_a1ByrRwY4urLiHfaTLq6anjpsFzh815SU7T-cg1gPMlj0rGdhz0jPqTUYDHhArPdhB8ahZlg,na1,americas
q1kSLO601ShlBqQb08iNW6ctPg2ZZln55To043QDBxnVowJnX1BqD-KBarVk11pSEkyqrHcA1ianYA,euw1,europe
qYBI7ZjeCyVkZYFOAM_GrzrTfbLFPvXSu8jgz2Fo5ri0w_8o6jgV_kY6DcvHnOBAp2MDycP4USJ-Zw,vn2,sea
q69C2-zI3zkMe-biY2g9PSLAYiyXIMCV5Tc0V8_UDIbHowjFet0ugiZZoLGV70EH3ZwikCsQkloICQ,vn2,sea
2vqLiZ86C8VlLSZuc_6T0n5nul7uIVfVjOuguBbBvWKui0P4tjiGH_YBMk5yX_pPaAVo1fw2bGYDuQ,euw1,europe
r6AyckhUw-77ag6b-5YVCUAJ7CnQRP2yCUQttB0hzTDJfb0JWg47AUP-Xugg_mWV2j8syEKmx2vqgg,na1,americas
I9wzVIqdt5TFmPB1e_J7BJu2IQApDLWt1H5BDDjGiv_e7UjH9LfDFi8Wt9Fv-7y1SK5Vitn32qTqBg,vn2,sea
h4C-bE8-gHIq5M-m2RAz62r5AW3y5K2ZkTAVZlhGa4oydHGvqscOIq6Jo5V3KG5WiU5yNLKyCmM3Mg,na1,americas
CzdCLpm7HlJ7kALnSd1ruQ_CgZ86gtKwCa0CNM85HEdV-Vj7dSezJMeQcD8zJxsA_Z9PpqPbP5NyqA,kr,asia
q3CqCdemmDKJpQnzBKs3mrRXizY1mdt0aDU7_MRISnsOWoDGbqoq7-rosZcuDS649VZ0Z9YfWYPQvQ,na1,americas
oRydYwEozda_Wt7A82SmUTJnwZN5_2_RRWbW7L2XOWjkirdU4cAmBB0L7-6OIisBWUjfD4nFuaBusQ,euw1,europe
OCUV9uzAK9CI7Gw-O5QwHxKro8WmlyqGmVRQR9eaf08CtRSfictV2BYkHxahZOdj-ljs5MREb6TPaQ,vn2,sea
9aLGtXfAia_5-1PJC2wtANnPfwrybwPvAz_UeaBTD7GYfhe3nOtOSOznILZWLa3P3O1y9GBHs6MlCA,kr,asia
7U7UXStNHUeu09OshkBFgpI4j0VEw5eO4gx7drOtvUzkvzlKw3VneyRsXD56HwKyk5Leenniy0iNPw,na1,americas
typhxmfL5j5wfBqB0_WZuwk3KJUJwxdNDrDDEu6LcNxV8XblH4nhEQmVcmtvcWl732wuiYP8maLf0g,kr,asia
NNFlniJSxjzC6AEF4P5V2UiDWJSLTJNuo87oEiXkp21Us5ZEkzWQWFoIomyS26-iWGC_EAphxxTIDQ,na1,americas
ZbQeyk9LC8danpdZFLXjY4eer7RsavIy_AoOCqXgHP8kIiYo-5RqZgqeIzSnjZNgkpIuNo6LR9UaJQ,vn2,sea
-RV9nCoIMOsXjxMZe7zaJzd7EQo_H2m7cg9AsJr4btR1flKBMP3sZn9TuAbO5YP2BgHOAmVxzkhx7A,vn2,sea
w50AWnjGvPbwsejTIsnyMtZj7iGpTVNGUtMzq3UrnslOIfRliYo-F12D6XoYdcajhD7t8vGtXc0L7Q,euw1,europe
JsIBPRrbVT6SJviWwuYZDisPTMDsN0QadwxinWM9sKwepb_JXFnyn5x-MOs5Sf7nOvwm4NYBrXlqZg,euw1,europe
ga0z4h5Nm_p8nnbvzqrCTs06m12ocWTuR9bbQ7SgkMnk2O9bVm0hVLBQsdtDRuguYVRnvJKzfA6GmQ,na1,americas
4iT0bBDVOOx7GnS3yrr7R81XU57ekRFFwJkU-5TdmeVci0yZMXpOQ9GGx7MbQsceQjRYQzgijYxdYQ,vn2,sea
bKyTuCjHRqkf7-F85Hru1yvyQkA74ywNDEQs2hk3nNmLvw0qMZkYc6TAhCdjcfJQViN8xa_d-RTinw,kr,asia
YZewVAp1GUx33MMOwNRH0ffLE5CtYnWspWZ0VgKYMcCedBR7lpGxMDb4zCmFahg5DkKoAgrbbeXlVg,kr,asia
qCGOgluQz4jLUY7jMSDgmXW2F3KaBuVCqqFyjfsvYhr1BQ1IQGynsla3pIXDm7EYq28YWNd4wNnFhg,euw1,europe
Z2ddJpUvGwEO-g2HQ9KWt3m4PUxbohHROzgOmEY2QnxFWbwW7_jT6DGGQRE-bQjZO84g_azBjmx8pg,vn2,sea
rtW6UbE9J7-XfdZa0C8qK5X1z7bjm7iUd5TKtHJUAqS503M4OQzI-Kmi9uFug6ggPpd0c_a6Zod-kA,na1,americas
-DZ8IpQo7xsHp5OweeGoPb7RInRY_3R8or8BOiwjIQ-3xjGuZxQBrLZYCOiO2yMrVLiZhE3BPYKG3w,euw1,europe
TYZ_ZcjOHzPPdoa1j3CcCXV_y7rHHReLDCtrBz7SeP1F18cPVBqhhj36B0-WBUweRACnbnYOZQYQCg,na1,americas
kVymwSHc2n8b-W3hHHCRUH-Vt-QQ5wNg_0UgdCZp0KoN5ig6aVqI0EbzBs9IFsC2jGUc6a5e4HD0NA,euw1,europe
PXY5fH7Bf_t7QSuA6EvGuNUI1V8uVEd1N4cCgcv4KWCk9w8dCwMDAOIDnlxFKxF8H-Rli-hEMHubOQ,na1,americas
ddojs_tbqCL9QeQYZwxpA9DQ4iaL3qq4ZcFkkgEIWQVpJyN5GOprlRpd0H7yww0tvz_W0CSLhX_UUA,euw1,europe
1YtTiNRwdoLjMbh5qMs1_omr0zt6EBHmcEyQu9gUw9jkwYV-NdDVcT-SJKZOdFAnOBsmywF73KX6eA,na1,americas
jauGHec99zSLcs51FiBTxZtxI_LnJv9qaESEjUd9vCztiXV085K5azckxDoxbE5BEGIeT41gxfXHCw,euw1,europe
8yB8XaGxbLksM9_UifilvKs85fkUkOyh-xB5IEeyTf5nGD6o1C-StK6LwmsHuI37MJmnd0xLr4oKmA,euw1,europe
yRqkfzoKXNSiLnqeebyRKOGSwvyLMv0VpP8X1fbAzYHj1KDbvj6y8Zn5U6yBRwodPbAlK3Lb4-Toeg,na1,americas
k48nwVIpgq6JgUQ7kkvQObElVDXehkUjM6EFkG7ZhE9SwKvrly5KIuoiDxXr4iLWJjLoT4X_1fDL8Q,euw1,europe
UA_onhkaiGBT9bDsS38gs12JVvFF2e-aycndVKNomgyOhftApcIFBd9PCoixBnYbtYsxsLu0L22APg,euw1,europe
jl5z1hwkM5jzfgp5n08nk6vvBTvCApEZfBBJrqNkn7WvRweJFc8iCE6SguN_L1wcquq-e7YXJ2WctQ,euw1,europe
ge_g0QjHJB7oyWd4_0Sry5Bn8j0w4hd7VFjfJzxwy8xw6jg7HV8asjYqmR4uL-ECxVQssHRWuMF35A,euw1,europe
KJtsN8LC59B2HP3P_NycLWMG8BbNVW9TTnnNdxHyZSbjILVOwoIP5TGxH8XncU3HTZRxUClU4xv_Cg,kr,asia
3T-7uhV09MD49fg5XcPvnufTaqh85R94GzvRyJJaqAM6W9xDknnvixzvoD3RCQoe2mrAnlI32unYUQ,na1,americas
xIkjwTRcI00oP9KQesv0FoIwEHwIWse9LZjjl3iRRcozR3Do7BTJFFV3zJlM989pREI9deok7vyvPw,kr,asia
4ilHyMJc2xl4U9B_biSkESNOrcRtVcEYwJWDwRzbjTEgWznzcl-31GlVaa91XfKAqWZsQMe3B585-A,euw1,europe
obiTjlS6aOApedlUONkM5EXimaxVezuqYppbL4KFmhpEWKtKJ5y9QmYWY3BfRe2NgYX9BqAnqWhMtw,kr,asia
5VbY08jShBm77rjN3r5eujy_epIkv7jEYKaLvSt0wvnFrQ2ck-4Jvu-RpFO8g-Pu0WVCwx9QBxLuJA,vn2,sea
LMhCyZQtu1Ow03Vjo-4I-42e1-Gplwg5lcQB9EF6WFbcNpaOs8PG-rNBz2wn4zr_2icVs5nC4oeC6Q,na1,americas
_pT7XG34yIqjr_HYx9M00slq8cqLy2gHr-cilbreMJPyCzaOtqCBszy98EHZOaNb6OHIa6dzrBByog,euw1,europe
FFHAkbh9rhm3sOH_dygd0WYcxWP67c3GirdbbHI5TCtxy0_HGjWzuzCtWHsAMaFie32ghahWogZXtA,kr,asia
2EHzLZ3ZML4aNWe1SiqlE2l6yQ_jc0tchk0Bq_c23HIiFkOV-tZVRKqDO776-n1RDI75lYfZ0DrPoQ,kr,asia
KmvwLiG_aYxyteOsKnNxbxBbNHrS7YURBgjpeFV11FCx9WkkwTx1D5xaxavYaavyrDuSvFU25xApFg,kr,asia
ayENFEk8WI8KrEAdLJ0Q-bLB5mr9hcaf8r7XHBwUv-d9nP8_LTTZwVYdYZJ2NxL03Exyca799tDhTw,vn2,sea
oCqeMnI6-P6rvZJU6buR3BHm1H5TAhD6PyuWXv6tdyEj-agJ74dEkpd9a6QyGzPo3FsQQc2ETSIPnA,vn2,sea
JUiEUjm5DVtTx-i2xIek2ed_TXw_lMvY92ul0Fd8rvWBUYH2H1vPTg06y0JiAMgBW_5fQwjNrnJJKg,vn2,sea
xZDZRlQtWqXeO6HWoQ6tMIF5gKJmWu8cah7HyUiDdoC1ydkzsyJOkSDF0nzLIzT6aUiyKP5JJ140JQ,euw1,europe
cHHD8Bmr7BE-eW3SWLlEOvIyfmtVqhAGKQJfTVOzHMisgEwe01yp2wUYdtflJAXKgIl87NTqVAQsLQ,vn2,sea
d0lpWonj7ouZFqyXkA-aeAyk409R8hAsj4mFDj1WWjB3PW0sOWrOuXumrI3fWDZKHRcJ1uuI9Wpmwg,na1,americas
DbAdvGx8SXAQTSNaqM8ZGn-vyqMbd_9XNJ4if2aX7l0IaO79sQycZHCjpEXMXd7yK8XDOqBiGy8fug,kr,asia
YTDhY82RFRib6pQFjKTKTEKM16wc46Rd842GTNw5uQG7y--raasfg-qw3R9oZy5AmbEf5qvTc4lF-w,euw1,europe
Yi77accDHBQifpf3JjFFjeQ_JQh6V2oi_1MtcGZuipapjF7zrrumhdTK6b3yOp6fSzkR6L2zOiNH1w,kr,asia
sd2i1uFyWBuBlIxW1xCvwxb_Mv0Y86Ba_kTV43WRbwhfyyjWNhgHl2MC7cHtlnAnO0vQaoClX7rP1Q,euw1,europe
Dp0Ub3q46oWMrTuLwoB157CIemxobPX4KXMfDRnHiV9TS-GOA6agq4p2PabTtV8MPzC15Cr2wrAJlA,na1,americas
CY2PvUKiqLnrOeLDpgU1vt1eZ96kLj9DaohKI18RFGibo8r7PTxAFWMEYTv3wwlnaHYtY_q6iaMEoQ,kr,asia
JesIbpRu8ZG4IczXZ0tcX_dHgbSfdPEao6z-LTjaFE8jEvFLdVPxMX4itDoPg1pbmpyE-xPf3OWtxQ,euw1,europe
C8pz3cncWyCqZqrxlibj_r6B89dKOSC8n_6T9kV4ELMAy2czujBOO0z6oK7mdLHyGyRGlIPFA_CV4w,na1,americas
H3egURkKV3pcPVpyWNGBzKz-46xc4AixKmpdwgCTKvO5Xz19SGNQJFv2QhWR9P-5eQ6PyKOPZJLFAg,vn2,sea
kCB704HcuVyyiCH45rdyOkHuFhU6_98pwF7RU7g6qX_B4PQhlR9Pfr3vXKr3La07YDKbtEL3yf9cEg,na1,americas
90d5FR9G2IToY5qwalM7oBDb5NX5lm9AC5KZXmxG6TO2I7jFtaLUaFBWt8s9jfAUFyYGn8fLYbqdaw,vn2,sea
HrZPYzBQPUP8ZpEbKlaNx-Lf-FEheLuxzyURw1LtysvI-1iPoPWeJvly4ZSUPUYzOO28W3U51MkebQ,euw1,europe
6_MDvSTgn-FUeaGb01uWPB1DuIh6_lk5GG0H_do5U3PudlAR3F7e9s4aNyQs_a4bRR_7bJ5caRw0PQ,kr,asia
M0vn2JsFwLzlvFR0t_g_l6Psvq9lAsud998r387AocrDsfJ2VYiVNbYRtta_XdzBbtiel7HgLurK8A,kr,asia
Q1wlRs7jizXd5NtC5ktzpM8B9Mv97UyfT5IKfWDuXTBETeNWVF3hruKkUERxGTbAgglnX9d2K49TEg,euw1,europe
KuK1rVBKDDoRlg-ZL6CiUJkvbF3oFyJF4y8Vr5Zwg6p-Gnc0OIgGxacTVxqbvfFxfm4FC3_3jzqkmA,euw1,europe
jofj4dwrPSTKVg5DVHCFci2csVZoZByVGtMb5ZfyQJ55gDxRL1DLor1eCxhA5mKurhAeq6aI24jtrQ,euw1,europe
xTTmXdfKByudemowo7PSgdKQZXzdqcOLmbeKmc-kd2abRskh4VrRVHBq1QCTvwB61NijX1JsBF3t-w,euw1,europe
EzH9CVTHMrWm9DRzAYzAT7qxvzFlDzIAti3aw6wLnxYDOK2f7Xb2EPA1RZ0rodiiZUHowPPPUrXEVQ,kr,asia
rnuJiu6Mg0efBvxkGsdbnmswQn8C6F1hSdzYh7HDnu2K5jP6NsQovrZa9eWsO5_qZnu5qSucdN2o8g,euw1,europe
xlg8Dnogfh98lnsjXbqVeG2AMUbFTRRBdsTYrP4YVUI5_OIpAvGQRRx-1SU8ofe_JHGPm1M6qUox6w,na1,americas
qVmi8Hfu-gqKglcUkwvjTu-5d7lcRVLYgrrhXgJ9KSGZDSdD5c87hmXwn4S4j0cRfJF0aagoD3rl8g,euw1,europe
BgJ6PyBq-HeH3NhlVGuC6U6hbwOXhODTxsuyM3Utqv1aPWVD_bzV0pRoyB7jN2Iixi29dlR4QRXSLA,na1,americas
lI4nXGMRp0Ty6jVxugd5W0OH39nyuDo-t7WYhec0qEpoW1nVpUBF_3GKGqSrUqyIfANCp-uLhTsR6w,euw1,europe
szW6LqWJebqeNzisL4GQcZriFSBGUJpWf_e6EciPi9KDleBjl68As_uuxlG8Iteqn4l8MEp6GJbk6A,vn2,sea
hij_tqT-YFDbRDCirZdsqWFhnGZq-y3TGpLA9LpHW3t54E35V_pA0_AmCw76Y2__ofxVRLNqAWUe1w,na1,americas
XfvKKiTY-ttsBtzG5vQ4psM3AGHBc5A0OeG9l5MuBjTZ6eP1WmprQfWeB53PvoUgxSopU_v7I3-pmw,euw1,europe
4DpU-HmtH-0V_xqpgUrAehX8XN802n0makGA_8hpt8XA1ES1NYc8SQEQtlS4BmHjRKvAZ-dqB-Vwhg,euw1,europe
JT3mSVqVAX1KArYU8TBnhmq1UJYLMnKtHYr8uQAaWrR_7e0Ey32Lq3kSahUofvFkRyNYry0cYH2Dpw,na1,americas
KolzNWv-EF6FgnVZwGwSU0eRtWBpCsl9qfb3hxURDtmkj-dvOZFEpm2meBn1g9Xd0vrOJIF2E1Cu7A,na1,americas
lc0E5nHIS3KbBh6sfYVa0qzihkMVxq3j12d9klJSXiC9hoF0RmqUesxEzNYykoW46JDAR_UtDVFOYg,vn2,sea
G1KMAxh076DXLL2XEzSNvI6Vddkcu_2iZS5I9hautE2y1-_oWVDVqZM3pvs8TdL6NnJ-bks5yUKe5w,kr,asia
9ZBRge7btAM-5h0S2_pwCLF-FBiW9LXmj5W4sTiRBqKoAjHfXaBq_M7yrrMf88UlJC2Eq5QbZ3Nhmg,na1,americas
gW-wEyF-_IIlrFfZZVN4e2yJqWng08lTHnCAb-5bjy1A6-ALB2xf3g0IVKe_XZL0H5DJvlZ6hIjicQ,vn2,sea
_9UWg2HV_JyVRm_iWdHawvOCLftMKLSUw6T7z7FHpJNfIDzhzI7yKxil8XYXZCLFWjpZUHNeJl98zQ,euw1,europe
0ZErCY6t9m8EVuw8TANlyVztsziHLpmjXDNa801Lftv6G5-326NUn0T57b07RoG6YG2pm4cgaLA3RA,euw1,europe
9YuvBbMLoBoO2ecaQvV-yZl2Opu7-65GYV6Bt7NOMcNnU8trVnh4wvZASiKP6YnWGfWElOIev_tOZQ,vn2,sea
u45vvoopH49PxgHV9r-4EV89mjUuXz4K5P0m0lV380aZ_Sb2tGgZbJU19U4cOyMIXSxQPmLplkyEaQ,euw1,europe
nIH4hxSybLkmgU_5xlu4so8YSCeUZmcQaUfB50o9r4LJmcsvg6WBxym114FjLya3eTf01x2v-_hFNw,na1,americas
p3dy9x2madLviGSy47nt-YATue1HxE9xSuZMvrEwwWKjmQlshbiT7DiNdLZp0fLaqKkA1D7GI6IRNw,kr,asia
PfRKIaZnbyEYu_70HumEXmfDBfkmVNhAIxI6Rml53e3DN2KJr1Dl00qgk-ZUcXet9igm9oTD-jDcAw,kr,asia
SrVG7OcvJfXX1rreuAB9DveYHBmPfVLRVEJJSfD6YJomdx2wvdVlnPsyzt7rJP-PWkt4mabt0QU4TQ,na1,americas
nQtFXMlYijjb33cUG4SCoUAwfjQNp4PikcXyzkRu1ukOjbM6OpWjKVExpb2yKBEUi_MKqRmVm3EzCA,na1,americas
TCyDrb35EEYBl_T1_V_rV8AGIez3LtRhlSOMlPszRQGopmwBLwLnNBcQqDnXsZoy2cqCZpU-I2CxaA,euw1,europe
GHIP79Q199WlTPKmhwul_Q3WOYVVfxGvfvwCytco4jFpuIETLZ2zmSkO0YBSrenT8E8qRvN1xkYqsQ,euw1,europe
_XFEKypJKKqFRHRfRD4mo-dtCGb--jCUdwpiUAlw2neNMG4YHni5_YueRGRMAQ8emSlZ_pxbMQ1rkA,euw1,europe
e_RmUoHMpNZI10J4t5I1NoyR79QN8mrt1T-zQWFcAYYi5wbVn3ZoSVeNjCsIrCvVDgoDV66RN2Cg_g,vn2,sea
FSrnj0jiG8CSxDGb-xy5T4He8sswJzZZZwWsQDqpD6qluRE_JAP4p4wqmmjD47Tmm3Vry4I86BD4Nw,euw1,europe
lvhOT_qmvvqX1_67hrqtaxUeUHTnOw1jjCnFPSrD_YHi978zunj8ymRk-OQebH0BngrH4n7-layodQ,kr,asia
bAiXSgmrDg6SFjl92CY4VQmx5WBITCsxVkkk-fr6yJSu34weTzsuL_PS2_6P_5l3WljjX0g7xn4Usw,vn2,sea
_CAK25iKP5eF0SsjRSjNMhL80DDz3kpUztxuh6v5yNEzH43FM0jmyTEyHm4J9X_okA9ycQg9wAfrEA,kr,asia
WZxnekhfVXxHe83B2MOQu80MAM4Tb3zWtU4-0BrgAutXcDlbQwNoDtgIV8IzI5uEQ2GitjbggxzCWA,na1,americas
nRnP_StHU1z3weAFyWNJRZAWsYM1nsizkI8dpomyal5kq4Q6seeQv-PXrc9v1QBPOGlqQULsFqdn8Q,na1,americas
iGitmN_L7Ko-3pFo6di6jtrnPv9d8OIacaWMOHVv4RPyFC4QmdUMjhweNc-pBcj1j4KfMxd6-PgmLg,kr,asia
g_vt7gsnxnTk8k5xGqWK2x_bnmdkTtSvNNIzK8RFJJM8lHvMjAGlPfKO54TgLGKq1HGhk_xtZdHYaQ,vn2,sea
CppfS87dj8sCTY6qlOPowq7m2zX1YfCfTL9hN5GPodttDDDb9CIflSVvmga208pCKxyS3qvZ8Pjd8w,vn2,sea
5OayzSRgEMkfSemGx3vrbjdXAfhdOsTtW37A5T7fzx-SiFk8ByTQ5SJNxvmiOd3TZzFPcLIFbU_opA,na1,americas
9thyDg5tcnFBTb_UuQV8Y8dx-SL41ZWg_V26HjuGCzsmK6DnruGaQxTbqZBnS76Gq13OLPEcAC3bWA,kr,asia
6yrqyn2HrgtpdWkyuNgaNtVk2H_CG2D-qVKUFK35exmo1lt14TUEwaGN9z1PVZ-_X2cTdtl91vK9cw,kr,asia
ZgJJcsi2zekszNpoFsRMff4XgoJNo1tODvHegwkClgUvkHNlIx1UrhjLIfEWYzJzzkOG9qkst8Rfcg,vn2,sea
BkL5xJr7o7ZCjA6jYEVtJytZsDA40UsIWIBK6Dvteb5zm6Z94myhQlKBjBnwFieiSkejfKAQFxHvuA,vn2,sea
kB7RA-8-qL-Dr_hdgK_iNtmohRuBbAodwyK_oUhczGbiGAY8LQbfUzTyppPezwB75BxagFVtuXWDbA,euw1,europe
gnHSt2y6n2erhu94qjoIJGEWjzJJegXZMWs2aqSN7q8hqXxA8uJjTTvTKD9MhbdyIlzM5r6SwDGY3Q,na1,americas
roIEHXaONjl7d4dfwZAHLPsaN_PwAvw3YDBi48RkY28xRTV9JxYjhO_g_PGlPKIQfJWxlHWZP8HgXg,kr,asia
miUaU0t3Y4l0cgrTtU9_qT9j9rgAm_38u8LM0bf3p91jXrwf49gM2GKNnVEg55XB7R3dJWv9pI4RAQ,vn2,sea
eT-DO-HjIv-8eqd0Yoj6LM_iZ0hcLJhjYep8U1pFojxz9zffhF0adApwNWSkpabCa0OkpAu4eE-91Q,na1,americas
QVQU2Y_gui6HW-nbpEFRHfR1JgWKAbqqaUbzlYnCbdg29gxx3NH7_dhMjWqUb7Kx_bV1R0gupWf-zA,kr,asia
g0P-bmWE_qH-WR9seb2HVs-9enpML-7PXoAC9-jbmwxPYzhEG-Fnojv3YAsaSHaOHZDDhYlbdIxiMQ,kr,asia
MWge-1rXbbof-EFLthzg1ojDxuo_UUcLe-eVU0mb29JT7h8TQP025SZzOCMXho_AtU0kPGiLzWRutg,vn2,sea
1CIX6oud-CdSF2JShugwGu_rAS4KXQIVRtF_DqNsTi0lYh4BM1rXIKD6JCJAEmwAF4ezSXEDpMichg,euw1,europe
bKnLzVSsrfRqdKW9x0YEB36VdaXX-mdJCiGo7ivXrzB7CMxff6sgywaKVpfNZX8UHN1pMZ_DDyldIQ,vn2,sea
MFi-k44U682XHaf_I0wKrbOv7l-jhx1IcohjyiD2pa_lORvFKPbv57f0P5Sp1pPyw4XtxuoLU4Gkmg,euw1,europe
RG8SwRl72aH3uK_MYL1m2iHhttWQxFSpCxAOJsI2FAfo6IPme8GXCRZGkMkBpAGO_yb_1mcF0Ey5gQ,vn2,sea
1DKwfRdjgtmD7u1DOdNsgBDsoGEXB40gmKocDVZa0nWFQzw9XoNujNf5P9IMr1D39SP_ajNL6-pqtA,euw1,europe
WbQTu3uGLC6AJqnT_VXb0cn4EYMNhg7h6vjlx_u0pbzznxpqHtjb6BgeFQ49uQIGN2uQIgm0ZTeH-A,euw1,europe
mxKAwRTvXAhsyZjM2jjG4gfxt468Vy5lxpQLY20e43kQi-s-3gVdPEFlA7H1_exG05ETrv88GvAvxQ,euw1,europe
02K3ofcjS4epIwLXxUXXfYJd5ziiF03_Q9Im-GbckgwNfugou7hfTJeiC9BYTj3s-Yp0soW-wLRzmw,euw1,europe
pyg15KTanO278cF5cSY_BQIax96m3yMwRZkBcBG0ko5V_tUF3Cx2Ejko4TDh8dYBYFjLEYS2EPxjBA,euw1,europe
VuZgVnRi5vVlQwX29quVigjWdVXKxMa6_z_JHo03PUCUz1XXK5ekycyLjL1QMJc7As7A_Q-_H6cEug,vn2,sea
ugeCQTlNGLhDmHy6q14wnLelNm0aeo4OAqJDdvQb3V6K9ttFCPxi3NxKX31pA4r6nx7HM-HuPm4OmQ,euw1,europe
Dgt1gn9AaO21dK4VBjXe5N8sQC4HZIv8S9jFUa-qej68TlkfBH4tVJIAHefrMKCdrfUDYXfLPr-JYg,vn2,sea
jhvSfddrGeHGCfDTLkaGR7JxHPLuGwEmP8n-nvMXoWbyfV1wGVhBK_xr8oamVWclnVvCruBDEzGRlw,euw1,europe
A9hb0Z334VITSQFEKgRVYmuGb2iiXhwjkKNP5LqgQNLU-_hvSuinu-vlBRIEH4njdd58dnsbQ6sISw,kr,asia
2c2u_BW6haZUrAEhJW4e68-3ZAznlCb-Qxsis7aiezKcHDhzTWjfyhYe3DyMjgjY9wtlomVXOdhKiA,euw1,europe
oXtflhJqqcLNPKP42wvpIuOeiXjt65Fq6eY4Ep0PYY5sr57CIIyOLoZlQfrAWaydrJ_AySH9LAC-kQ,kr,asia
SJ-90tFl1m0XndNOF0__eR7UL--I4nf7KAEjzDJKfdnjBxvv5zdtahmI-m6peE_qhuUSwf-zaAg_rQ,vn2,sea
gxa2EiLf0YUecmrh0hEhSySBoLL8GBFQIL1un8dijiyooICt1RYTxdsVi9CoAIsWWkf2G0WrTh4y1A,na1,americas
n-zIYX7JNBnRo5BVhzaslcIh2ePT8teJSfhJC5ucXjLcMGtE7iFJzksyvqe-LpqJrVvKJ2A_yNOjIw,euw1,europe
b-xVBHS9cfn6a_eKIL72fuxiJvq8SaRq0WC2gYVItRVAg3_0T73f8Ez38r2HYe2vyGMsR_6Nzo9OdA,kr,asia
VtMxSynjDxZTjjIRIpGq4tUln9mPs48932bFC8-HMdPjj3nPIelJTVHC8fyOrN4w8ZPgm6nwdq-FpA,vn2,sea
00aY0TXH50KNpHeuLn46NFhVhOV6wfoiiXXsTsxO_mp14a71eL--UtLqBFLfgUVrdx-tHIMIv2q1GQ,kr,asia
eol33TjM6B3YJwkgis0DfyZuwSt5qJmZes5HlD7m4AAemKHIQoi3t9dcDfPjETlo0WCmg6YCi36kHg,vn2,sea
AMm3szXEST-PrGB5Ysmr6HXCxyYezV-Ofksi0KU2ULN8zraNUZcJsXO_DVllk5WY3-frzvMyu_d3TA,vn2,sea
L2gVoAfmiMF2c5hY_9FAFIpwGMekEA_C8F_FJbaC7b7LqxW9NzayjmvneJ9FTu3qRwz_8aLhJzUFFA,euw1,europe
Tima6sb07uYhvnTtoMbyonaJK1shBesI5Dy_Wg4USlcVbYefr1kZz8XxaT_Sgrd_3jjF-aJdk0twSw,kr,asia
9VPjKUobUijZa1sEjxsqKiECemlGj4Gr1e94S5KmjY9zfS2HosnmIRTIX961CXdCN-8Hv8SE4z32jQ,euw1,europe
b30taY4qzMwlrsqOA-WxOFoRXd9wed7f2F6VU5pU9ECyLjTZYhvO7fqRl2clKDeKfD_qlepAvTxHGA,kr,asia
CKgvw6glANF4DTfDs-DBMmfb1l4EL6Dw9ux-KXhwDIRXJz8rCfF4s0eoA9H7h8lJchfza0jDG7vFaA,vn2,sea
BU1NANLGiOEABNDA_ky9mz0WZ9lO8UpVVIkHcjYh1GNF7BphZFzAaVGj6briO4NsvM0bWFTi5LDsvg,euw1,europe
JYrvzsNGsQPwt8bLgaebOhJCB-iGaGP2fqyM806ik3AR5kBtfPLVIiuX4107T49rUWbj85p7ZLfTaA,na1,americas
Y4SZaZFCEv7pUoruZbpBwLSK2hYUfyrve0KJxd4GYYwuGoBwxVyOTfDbxIUJatjvGurdL16qyF_NxQ,euw1,europe
jpOC1u8zac455HfLoGXIE4PB8ZZkricrRT1JBc1QCUbq_3clsINN3h5eaQNmCbYT1QoELQQ9OiFscg,na1,americas
jfifOdVgxz6OiZq2YB9hFfp6m1_pw1vFuNBDTAkTdypi7EQjT3GzOGrHGIWPyKEkJxS5OuIATe8W7w,euw1,europe
4AFYVqES8X0djzNTDWE2OqFxIXa9vsY1XH_28K7GcqCVYfXwTaYZcCFR9-PaDX1IT2wF2E-xaBmirw,na1,americas
pHKnU_viD3rx0MRxVOVJF9Je8ENgKyu6N6c41o0MvfVK-mLT54vR0tBPch8wMmjOdUZKDFyBEf9Csg,na1,americas
AZOpZiDZbG3tWvIZuxdf9dNhODH7jmvIw1wuNXMy-PeNWJegdIkT9d67AGe-CW9VKs5EP5JH6bNWqw,kr,asia
a2C7q3RQbIzxVIT7dopgyBj5nb0IM9A7l6L9Kw7MoqHHCUqe0KabTvyrVwdl2Z_MRRsQTA4w0Kpu7A,vn2,sea
M91wPpqZqIMtZOhIrI2uLdRLgjNx1i_2oEqimWrj4d_21o1ntjANXHBkHRgYm_HD5rv-e6evm5sVMg,na1,americas
3se1q3B5IsB5uKLpl0vZXoLXEbbQKn9pKy-_TpB3NSdXbFm9UDfu8JOt7rpxogcrg0ewJEIId-XMtA,kr,asia
DCw-_SX2dONq5pdNPA0nHwG-8Mm3o3yUjo4pEvWeUNVFA4KbtRfsSEyYlVqdY5F4_8OBGtuPx1bb1Q,kr,asia
HtKYbOdiVkQ_n0F7GIx7yeq8VTF12nyUCzaC4MczTNps-vPF7msU4aFNE00vJQ_8ZH6kSbcI_JflLg,vn2,sea
kkO_aMtaPMKj2ILqx_ZoJqk9eKMfnkI4OWJztPXymiPHPeKyEsKbshb9NZI7DJhqrE_U3L-aslzSgQ,kr,asia
tVALAdYzElyxVUo1diZjhE7Do1zTz57aZELT7ORKuo6fupO412UjFZ7FTnQygcMPtL3EpNOPHcrxzw,na1,americas
CcK9o3KWyMRMkS_0f3JS-5ISe7rGMVgSGni9VmyHRz3RJv7cWPqG8N9Z0z0ZNNnN8ZRDSprs8wHx4w,kr,asia
G2W3KapkQZvlEiTjo4fEdxVg9OLvkax98Ef5yGI4sVqngtzdLt35w03p74beWG5nxfiVzBBxErsVSw,euw1,europe
rDMpwJPqfE-WF_L_H0J7ny_M2aapo9Whx5ylkpp-W2rTDlNykCXNOmKEKnZbT26oawUn3ScxF_C6cQ,kr,asia
jpGfDCzpBzrVdalr5xBCkG_g0h07VnNofLp5IOb75wj0HXGIUNSGsSpQtwHqZik7mtA4P0Y62JggiA,na1,americas
CvrQPaOrJguqU_VNK1jw5-twtdua72IAkz2y1R7UR7vRgZVXuz6SZloD5zP4aNnONmb1NEm5zbwLmg,euw1,europe
6vvTaCAuYzxHvgqc2zf0oT6VISBFNj98lEAHFVKcCVNHORDIulDKmt07TGWbT8zhaiX8uaWdABUVWg,euw1,europe
vhaxTAGFcTdY_nnVy19fIYd_wN3aWQL7pMmxbN60-uyaF0jbCUE0H3MWAfe_k-a5vJZ-hPEQwmAz1A,euw1,europe
-RbpuDJh2-OH_Qc5kdv80sKDaBlM8OJeSLDJIjLi577Paii_dsPJ3CmLpfhhYw627MDly9NxUCPohA,euw1,europe
nukvOvZT3L3iMCgLXgfgZVBMYLvxTAhNW6ZLw-C1SyMALx7-NZO929lfd-157F1z7DY2PkLs_oG1_g,kr,asia
8eBg8hMgxvQXDYwRhtWlJGX4jiOiHgbMPszx6rCbGOPdJrztaGKAOFNl5O8VXWVYVEOF4X-suIGhJw,vn2,sea
2uAdNozeShHm3IOkh6h-Ynh24wh7S9mll-Tx6ckMbCC-nwhxhosNMcgSaqWW3A3Y0m8mlbw4rJwWfg,vn2,sea
1PCcMjnQwI-LV3w1djKuN3SH3GEFvyscONfHCRKaDSUYw6s--2fxVUf34aDL6T9LN6bbCc-9kk9aig,vn2,sea
vorpLy4jUIKNMIPyP0sG3_C3DOmgs2sSMyfNjV_ojcrjrWfhCic0fA1YvjlZTIje1HGSlxPDW7wK8g,vn2,sea
IYhhVwOtt4XnKv1uo74qVSCfkRTjoCghMCD0Q0k5JPBmZgiIHELyfvGgVIUDecPKAD05Bg37zimvew,na1,americas
QChW30SepSq_1_6JZwneJ0VcK2TeXd4FUSGdySJ3QTg_fqLQTjkvBC4Wr9ouoH-HdmvRt9dOZ7kzAg,kr,asia
tmj7H4SDT23p6Iaqc7aABaWE8zoi6AVQ9YixrO3yhA-GK09XitajgxtdlGg43DtozrqPvd8fSDENUQ,vn2,sea
VcwbJdpB7fiz6gpqTmmCKwvWYXhUQH8k-mgap7CCs17MqKOPN-k-cJ9E0n3X4C6s9rtwOmlPJ7qFdg,vn2,sea
j6h7ZhKZillDVatBPWoaO0Zzn_l2BT1gxrN5km8yUVoOLWWID4NIf5qz5P_7U262HRcr4IyiuMa-Fw,euw1,europe
eTnXI3DW0oIT4qVmVmMJw2X4dnc1P-1eU8QOmwEaKLD1UMVkOWV1kTqAHNIv0GWYLTcEUSgGqqj1oA,euw1,europe
fvTlsyLT6xitKZfn8dO1qHw8J5HBgZAHxd89l-4cuq9x6YHJ4e-oZyuCCgKmAN9HD-Ef2OTXFoXjmg,euw1,europe
pOWRlgOuuf2hlFixzyowkg5H39_O2CGogy232vh8vdYaGbhYDH5JMa-KlDc1eVk0lWqWhyvlg2a65A,vn2,sea
FuWC3dYn1Xh7GFe6eCl14gFK9_04U8IkCT0zYlVDqQUmZ6itVM7uB6eXbHZPVTUVceJro16iscHBKQ,kr,asia
BxjTXSeAX4Qp9uIkpAgNcEV_s7GLLgGqHDFLFLtHt2pYqKXi4eHLMkt_zgdP-y74VGweMVNuypYlSQ,vn2,sea
69GC_tPChhfsdda6ojSDPOcdRkRCzolgD2Q6BAEAWjH17EcBI9DIidKbaDwVx7LIuAjydRo9CgW16A,na1,americas
teFjIIi81ObeUPaFmrZwqckk6suEMrP08fJkOsgoN_zjQqQ-ZIG3jWLMWf6MhCbBT-PLCBChiVvDsw,euw1,europe
CDwPA84iOifYQaVgvqyHjLl3UtTVPh3Ek6C35uLyqxp8Tf-KBHnjOq4GagRY3vsWeE3hu1pQJa7Cug,kr,asia
zn8QRDhlR9pxrviTofJyqXb2nJbTVISYHgr9RiPJn7mr2EPYKZzSw05PIEOAonyDUp7C_hxrvTbpuA,na1,americas
WjUU0xXfaZBytY6uFj4X0l7xqPim4X3EfxavZq7GBojcsRjADkgNXkYuhpcbRpe5DavhckY3meX7cQ,vn2,sea
swBlSU9TPwq-Qvcc6uaszBy3xk9AradjpTN_-tLKt01xkIWiO_5SL6peoEbiqT2-KVr-RNNJXUensA,na1,americas
rDAMVYtcVXYm0NpwBNj3h1WnB1bhEGLcIrBdeuDlKcu_DbWbchU8KrKNA_VpThucKqnUQqn_CMJUJA,vn2,sea
TCzFvwlfduGhX2xGKdaBv0VMFLoeOZosMjykeuJOBkZJjh21IY7pmj4ZG3q9QVhIyA5KFf-6rznD6g,na1,americas
-8NPGwJIT8t-DkZJbb7FaKZ7yddl9ynJZbCw62xjmIw9iRNcyTRWQiIY587_WE-sJ8nVm384RM0lSQ,vn2,sea
BQHPfIOJ53Ay0g--6W1ytrEBPaLKxOfwIQktcmInJxYMxBanxoE98u1ivj9dv2M6dnJPWzrEKAcxMg,euw1,europe
_hBz83kn_Zu1T5DoPrqzZMIWNjwty-0aaFHBDdH9bEO5nDg7hVhXQ_3bItNIKxq8kW8yqbhej0T6ug,vn2,sea
m_CRO60SBXWHgtTq0RqIJ0y1yrba7NVWX4BA8yPoure6iL7_ZZwkS_HexFsVkeR8ZxPh1vECUtVFDw,euw1,europe
rksR7PaZVWDXoxsgLBH-gPgQYnAli2loOg8tOnXizv91dSHi9fa_bHzWMETc_BCQpnxGHGNoxfk2Cg,euw1,europe
CbEDQkdrLJ2kSTg3KDYt1wjzrmSz2-7j0PXRhyu6Y4Wux52airy6AhABOYv45qpSWK_WQW4a9aZ9-Q,euw1,europe
FEzOxj21A6PSvzcQUKDEGErPED1UPZmaxnsuz_9YZUn4e9WHb5xTmEwyiX84ZUl65yyU3QsoSCxuew,kr,asia
TdWyIkEATLGhzWjqO8vMLUvZA2MebWP9RMxIw52xMZAhKglhRuqVFlODcm1G9n_CceKxMoX-HCYvKA,euw1,europe
-qwPweeHRnfeZ52jGhykGtpWRRkjmzo6Np1W8zQ780ouoYA2dnJBQooMfhuM5uLsmBv2O4MD0cH9eA,na1,americas
KHno6bVd6GvZBNi0izb641sjV8_PnQrfD6uSfXQarKBi1OJpkt2r2t9fVR9ZvaJjLgMvlMvNqojiJQ,vn2,sea
3vVokPXtnG27MnIZfwJMK19VEnix-WiJf4bZ5CFhLaSn9aYkHQiECYflJHSLubZoT636fBOFyuje6A,euw1,europe
2P7g584aVpo4kJ-_id_iLdqc1nRMBFqQYGkRTu1KtjaRzMoW8siJsPsWGk-BKz-C5DsoDgO4oA4ahw,kr,asia
yjgvAe_4kFtPRkjNaQuG0jF2JD1eYsBeGvuWImK66Msy9qjl617O6cq0oc25si9P5iIm_EBHm_Xj3A,euw1,europe
h6eJZuhytguF0SxvyfbVjevLagDcT_u3pC2GCqnqIkGf91wUeMcACUVAvuDq73-G5MTLAv_g2vBdNA,vn2,sea
rUQ0etM1FEZX4hpbKWYL4u17bpJxS_P9H_-YTT3tUBn8pqt0CRDOjjquEirkNkm7_KamSx2XE-mHcw,euw1,europe
ohD_mhpKMUr0UjC5yDEVfqLCf55nCSN_YUEPv2YpBqUy_hz8wRDlRjPLlc4QjB9D-w9ol7tc8R0QOw,kr,asia
BGoY_afacYjfcrCy5DYL45cbJj5MHJxLq0XvSQ_N_pKIQegEEKhQBCIPpZVxCjyiPIfJJl5FKeeh6g,euw1,europe
xGeh_bnvUUuIbxrEJJIgE_mQjHrPYv27tPhqQgQvJ18Ndg5xtcrlk8yR71HvA8BC-Ty9tDBXFRV5zw,vn2,sea
-kvIJ1C6Wu42z38zGKfqKnq-8d95fqxmWiCybdGTmVoGivQtfpoKujObWER7u6kTNI4lZWjTUsbU_Q,na1,americas
Px8lOFXTCgMEWIcfvBxPzrtcqPdBQ2E99cuN0WhZViWOevaX4p_nCbc0x5ijNtDZPFv22p0gXEONGw,vn2,sea
hoslNZAeq6ht9YAda09yDfv1oRWRUVJyXsiEq0u42_Ei-Y8El5y_T4vqyxBy1bX6E5kKbbEJtr3zdQ,na1,americas
Hb7LleICG98v5ws_FMHpxI6quwKXD6W1dISJtvCdFAIscnEA8og2lJMVXTFEsSxxiAy-fcfQFkgXCw,na1,americas
WzqGcwBHf8V7Q6GA5x8Vo2_r9H3ZmOJigiZj9RoobrsHPQQbjQe00VDfMOiZrPoeqUDzWseBP9DfTg,vn2,sea
7MZhXgWHE4iNaKWFEvMxKB7YpnU67ru4cfOTMr0vtiQ9zCUNJxlliQdRsXB55YsAHPh7_p_NRfrb5Q,na1,americas
K9IF-sycWq_KZ9i32EDq1bqOvXqqWP8CxApW-JWoDh1m4Oimbm_QqS-E3CIqS86JuKXhRtPyjC2bIw,euw1,europe
wOCmIeN0qDg594X2Xkm5Nvs-4CwvUYkY9KeEKbaQAm7bXkq5uZRndU5i11YwewuV405V64d3yWjZ_w,euw1,europe
GPpoDDCyJCK0utkS8dWUC7iHwI75OI2vCdRd1XJEijbT_J7RjF5obeo0F0Y1ZBpfxdqbzmR4_C4L5A,kr,asia
WyQ0ilubSXffbYaLfYbqbpETaBPCJhTpsLjuvNpIzXcfaHfrfN6hRJ0Dle3cCNdDrsDmpYV0ToZNBw,kr,asia
Segxa9Y0JMuFj8t4HvRw10DhE8o0eD8OId5163HtnHPL6soFo009N4Xl0HghJgHweyAu7tlX-mV2bw,na1,americas
py5SysV9yrv7ilbNMo-nWszBLMeZ8PWMt6kPVp-M1h_WkZatI_BlOptpMkmhR31_NPgpM3DSkJc3mw,kr,asia
pgpIiVnH5MVFX6k7XADfICu19cWk5UHqNTXL9Wvbgx-djLlN0ldR3V037lXi_2UlXV3IBZzoSr0diw,vn2,sea
rvFO_8huopLxmeVTYvOXoLc8-HhG14eMG54asiHizyONCojv6AHvWwLiE7VvUe07PfixUdNU-IaDAQ,kr,asia
6RRWGiBW21wbIDkP-J30wzy1ISJ0NNjG3PP5A-60OcWwZhmThs-XbxdLzMS9hwoE71unbhZixTvQ5w,kr,asia
xw59vQAZT6yEM8Wi_jOMJMWE8iYOoFAwNYIGOo04J7744yEfAOzlAnvQ9RGizehf6xqx7x-kxWUMrQ,euw1,europe
FA6B5UiiX6OgwKfkGZIdIspXm-307PECP2Ia2FQl0khRPaaDoSd42ZS5Db_lGUmFz3I0OjTChG_-Pg,vn2,sea
pux7uXYOer0QHcmD6B8ZTA5ozV_CHPCF9wzdDUDUDyn91ccm3KqGYXL7Ju4p54W0FcmLE8xhik3Nkg,kr,asia
Vv6lga9jODU1RwJHUCxIX95BkPZpG4Q1xzSGbE3APmLEkHG4GnjEKUO8iep0VuCvlYwhHZgC45pVUA,na1,americas
YfKh96X4behWCAddbn93t0hnro-0xk7_Yhj7snt7ByLjftKjxNE3xlCYzkezZqQ3P6RVS3c1KUdsCA,euw1,europe
wchS02R6-3jHiE6u-eUpzslusC7KumPlZBKUJOJHvVE3xfAp3Bs4IoE2LMYGHRYdD58gsUHwlUAz4Q,euw1,europe
1y1d0_wIPtIqI4ptjiFPdT6f_c3iuIv4kUP-2CwCfWr9oA6CbeI-xV1U7lsQG0bGstGTUK3BpXnjww,kr,asia
fAE2t06BWUul7QV8uVY8q0Oyh_odllkTYBJiHoFfBhoaPvRSWiNyqbOxMUS3JIn1WbXqFrXxxZEIcw,na1,americas
59qgJ3XrlrX0EPJO8tVlo-O0ImXb-1EG9t78Y3WnNbfYCA1Lv7Vg_TRFC3nmHrXsoSlCZJjE1o56lA,kr,asia
D96bWXVinwiTPVW69QepixdHFQ8PbG6YknxAUEbAHHv1qAQTNgrOYqmZamHxoDnJYyLSXhinHVVzaQ,na1,americas
yJVWj_LDkzk1H63V-TI-hJUhIA72cCMyE-CJRdBtUHiBk9iHph4UfhFHBFp1Bbz7VXo3pqrt-yel7g,na1,americas
4qcDW-aLn_tbvZ_KE_ipdhHd0YB9mpxLeEYDjKVjgWNvKAIQPgisNfT8ckGoCWWEg9xWh7av8uh_Hg,na1,americas
l2060hmNRBZmIzTATEFOnFnRuEGwR0_6mCogD7I6ZPmnfsACbgduazzIvZ6n5XLr45eL1leYV8BLEA,na1,americas
ySBYXWQA0kmze9UU8oG5Y6x5eApFf4LDl46Q5T_NxLns7SRlbBRtX2zSJkbpQh_6ral6YVz4MUu3Gg,euw1,europe
vy6doIYKnsf-y4VNuOV70KuHf8hySZMPvi0NvM05vLQLQr_MWibOh2h-zrUjWUmRCVzycOBJ17mgqg,vn2,sea
SvWNrH_gYIPmhOUZFeRx6l0Fv_hL_Pd4yaTN4q5_ykfaNYvvCiuhT0rlAHgYqa8tn9vMXRlVBTIjUQ,kr,asia
bOHWZZQjDvzjN5mlHXJtJSanGZBI6Sfo3pWyX8WkF8fUlQzDh5L5C0yI8-oaCWSF3v4KzTetkvLDIg,euw1,europe
Y_qiI2UQljhvaCuq0NgrHbFgs9SChOhwThL80cO-9nBTaGY4uNZaj1wJiQrUO0na3zDkiN6QRz_GPA,vn2,sea
jlRly-gfZYN1DrAaEcsOYT4wNtl0ioV03RrDCMp2C8DRMSN4IbBu58qpDmbAlm7U1o3VpXlxaaWD_g,kr,asia
3LHh_zrJZ-X0YAVyBbag8ufCCepr7nGuVv83hTVv78R0jyUtxaY5oe5FewmIR5gI5TLoS4gKtqbEEQ,euw1,europe
G21TMOWyALBYtUmsF0IiHQvJSnrJvWir-ocF_PJGc2JI0BdnTfw9T5mf1O5jfelHobU150hJpLuBOA,na1,americas
eYDi3mLuzbgG1wcQV2n6Cvlw43S4P8JWcYNvpCigFigiA6O5aZmhsYtlVCHfotQDL8yAYiRRcMNxcQ,na1,americas
TLFek9tfWUxCL78cd76ouZurHB71nK1gqLrrunvDvXerUc8BCD2uzOlPyOQXxzoM9VCsoL0jF1fcOg,vn2,sea
-TwDjCHR9Ej5yXPb5F8K3ICzAx2RTOJmU2lwpk88ROfH4erPeKh64uE8GxyE_yuo5H4MWbL_BfR_VQ,vn2,sea
dxP_XjXO6sMJX2g-EWeluMY6Aah15e2GAfWLcZ_mCq9DtnJKjusReJXX1ueYXtQT8PtJS-0wBo2TFA,vn2,sea
UtyIUeYULG6N_ViVHFUaK31VjeYEwuldt7PQadLGlVGAVq1DD2x0DkiI60lNpPLgzgi8ddoZyWl78g,kr,asia
2-7g9DwVBQN-XZyykKe6BIwLHOxaadF5hQMEQRBl1obGZC312MEH8DY78Jyl_ChirYpYYf7asrdrLg,euw1,europe
HFwqrlDR95X0us9uC-unWQ6FEtRzen1GEldXGct4I7WezQYd_yl23Nrx3Cz5vrxHOV6aGoCFHm0iDw,na1,americas
v80d4I31S-m_wi99thj6EmSTTHwFtVwX_cd7Y63Wl5CKbp8YVAJ8sQvro6DR4cBQ55sy8kX0V2ZJcQ,euw1,europe
hH8scu1vtX_UfNmk_dJ7Fnqd8lqIHF77oWdI7G_DP2sx4cKnMr74DbFpcIfizCiO9Nvb-V8R1pBJfQ,na1,americas
KovudqjYBg71sxG6f1NCYrOx4H7ssMmRNOFs65awPZRCfuukhtkvUA2lXOZVwJOdDY4VDlI8ryrCag,vn2,sea
UM8iy3Sex7h2LCh97YcRHooywoxEFCI1tnsrqwzMbfmBqiMJxFQdcKlVfx3Vxf3gQ__dewUDYHx_Yg,na1,americas
EmsycA2xB02Tctb7oG3dB_fnghROWVtiFUqDu9sbEPjyDXb0S4srhizBJYjhHFS6ykA77Jlz1X7yFw,na1,americas
qdVc4u7neJwX4HxQW5hnBSTkhiGj5ss0iRputjA63nG1F-L-icpVt_qa27v2w3Ztte4JHe3P15QbfA,vn2,sea
PtFWLzcWO_DDVBobw0JjT0PEOkb9Cdo63ZR6127zJuzDaUj-l0Ai5Dlv9g7NtcKz-BqvJcWogA0myQ,euw1,europe
jVfrSs71Mfu-9YKv37wblD_9DegSjQyKY5nxRlhrlgi1g-x3kfDDq1QxdMBvsuL71YCyatOWz4d2xA,na1,americas
HxF6inUZSf2ROzmgVUhdj67L8zXpwfbsGTuSSaZYJfeNb_heNDZB4JO8wO8gIY7Zdp66GxeEuEWTIw,euw1,europe
0-emBxAxIAnrwF3A0WIWCHLebR26MFz1vq_ADrlPJfX_df_ZkNgDijQrpuhgeeLSY_bZAYouStgjzw,na1,americas
fnAWloG-wzBgPfZyoEn0XrbxvteW6_5mVadmjHkUsF_YhhhBt75eUooSkNuyCdTsnLL4E15Cj1tjsg,na1,americas
wvDF4d-Y08QGAJyvuIpeo8vz5twfWmKqP4oDn8czb55_CaLsBDCbWEAarkx5w7EP0ybwb_SwaqzESw,vn2,sea
Q9xzg6lDyNX3GXD45PIuDAk071rvx5sSwRd_72WRmcjHN-KX_t5Yi8iYWdDH0FWd33ed4aVBPv2A0g,na1,americas
bLmY_LfTm5oMfNUi8DPWXT87TGGlZFBL_v2nCpbXuMO4Yc8orpcgCDDEHwuBOVQ5xps4SxX9DaAXdg,vn2,sea
UXLuAzcN_wjkNWynwqft6b2Y8v_PeSEy2M6MZJUOL05szwKkOgS0sd8G9N679RyGJINGMGZ6nQBKCQ,kr,asia
N3FvepxbTs9XKnyUwFxqv9uDn_y7X2dPXs1ziD_NOfL-fVhqAtpSJwR9E7uEdgljidS0OMhnb7_erw,vn2,sea
6OAI-ROKansQ_QaAiQV7IBOAsuIzuCneLjJYN57dPRYmjELgUUGyrIGeKgYwys2-ojNdPEQw9nxZeQ,vn2,sea
8ED2K2-JzMFkQBNXPY2-Y2fHY319_PvedG6sp5IZASxh-NEW9Wft5HLEgp-MtrvSetPcKftAHrypeA,euw1,europe
poJJlj__WE-gKi-r5nUpDhO_t4LXMiqsjekrJOBOD1z1qoavled7Youmev7zq7sMJNr6LySoUwQPJA,na1,americas
45WERTfxegsFoY2K59G3Y6gIgexvvSI5cNbXAF64VU0cmgQLKlhEQangLPtJibVZxygXVaAW-DlEZg,na1,americas
ixA1hklMPOH72SJh9mmFF9vhbExvBRcCRk5KHa5jCw0scJn6FDEnxfaDpi4owq-rR2_yxFGwitxfPA,na1,americas
MUqtTU32iQDEoxQBUm_8BbGIJ9Aut3neXuK5xnqt7j51tb-t7rXVb0vISeTIUHl5MrGXIZhQMM6iyg,vn2,sea
j4hunPa9-HQBXYykIt_DePWSUL4I3Q2QZiZvH-fUAbuV3TxJK5KktHQzZQy8HU8WC-UJWbqVJ2419g,kr,asia
lEnVxE_-eMK3svLgnuug0pKo9tLjEq1-NpkjMUrnurybfYmtHqtZ3h-w3b_PU4-s5kwIiZNkA0U4UA,kr,asia
-YmyFAVATdR3FyukXokDDT148lMkwwcjzhlC0cpOaeaziIyJZ4EDiayK2HEZr-4IE2_UFmUemtzusg,euw1,europe
uR5NS9IuntMfAm1IfQ0xzJp049tmaI34LGpP-Er93od4V3WfVmHu6eq1jmOqj_qP9sROCY3LnJCKLQ,euw1,europe
bEO2VzOQIMiRJJvlR7uW2qfO67r0TRmm5mRR40cnQKIHiE3l8S7AHIWacBXeWkEWjaH5rD2XnWSvVA,vn2,sea
2vyXIFVgwoh3hLg3QLAtpM7jqETd4cOm-VMELBGfZipVfZuIw_b-sZ56_-o5Qqsoqr27CdnSzStzpg,euw1,europe
fiODpeK7jleBa7rj1-58KnVhznp3msUu4qesqItuxAm4kdi2jKO42nHTOXIPNmUoWe6eP9vjaXzDGQ,vn2,sea
72QBoXWgqqT8wkocYqV4ZTtEGu2QzV_PyJgyGrAjlBWbh5Xx2KtPF3gC9PKadxWpy7pO2XYNi19krQ,vn2,sea
XO4vHZaJrYJxU2SlKpRgJXK_VRyOKRMiAdWc7VAIVY3vChpL71cXcagr37wBpSkqTdahoSRqnSeoTQ,vn2,sea
6u8JiRf_QURXm1QSYymmsIuVFVfmf7__zw3cYVg1yhbcW5doZUHfjqPbfxmt21XFQ8HR0JInmZ4R6A,na1,americas
o3wyRGQtM8s16GAlLA6urXOsMSOgSPxU2mPnGIj49JHzZAO_8005YTdoadjzMRRlaPtuuw88zr3Mzw,kr,asia
cO3wQcW6MnbIcX5qqUuLnu-P_GbMtp8y4vprY1dPMtMvt8I3qwC5GJN3x3d06FguFIRstmcSdvpwBQ,vn2,sea
s7JWm4Qe4cgz1Y8jitN7RJwEiqwx271wu-9txtlCbTiiaWKDjLWPU9o3ao_cjPm5o-EpU2e55elGrg,euw1,europe
1YoPKEGqpYkOgy6dQNQFdrzjf4HyS5o2YCEV98qqg-PKYjvism3rfDiNS0tX86oP9_k-zVVPcXPXNw,euw1,europe
QoFyfxFFbv3-R-aEAJ6ZsEL2lQTs6CE6hLcB804fPwH11Baf8d1QnjBALodEXxZCUA-RFEzTUrh6dg,kr,asia
IjedhuAD-JtmrM2q482LkfhWG3J7-SMN0mEAioRxGRdxe5dDpRVyZysrff6kCQczriN2GKj07nHg5A,na1,americas
k-IocsA9E8mh-cznNlMu6lr04WvohAxjauAcDW0-HdmgR_lboZbuQ6qOiEcqSpOyKrPU_tNoZLhwzg,kr,asia
zNPR6lyDw6TmIoPwZvgx_Fu85B19xCRfUjT5jF7uJfTNbuBh-TerA_VVQlm82o49acgh3J1__h-wtg,kr,asia
WgR-ppjbAz-NFFVy21KQuJwu6yZYPqu9VcxKR2VxszJHEOKaLDvj89NQh9e8OwGdEF9sVHUQKh_9Yw,na1,americas
Sn4DDtEc05sJVXvxQh--nh3r5akWyRf4paa3XAf2hAeAJoxRost19Akn8CM5Wk-l64-62UCJVHe8yw,na1,americas
YEcSxxfKeHN03eAQ3XYRIa4VM4H2G0lqhhevUyBkw1_bC0C52IWJ9DnJIj_fKYUMMkKXPj38OC5LKA,na1,americas
187nHDDL-6vQ3_-V-oLSwprXCzbpGazjPTWD_lmBvOuSVk7BtZjowjcI-ygVPu8tWQ_JOHfVgPpE2Q,na1,americas
eimhu0nw1Oj8YqC4R4uxMv4K8onE9ojEAkloir8_ew55YRvKVLcb8g88PFr9sjsuYW9rlk6QFOWICg,euw1,europe
nstwy_llLyePWZ5WL2pP9kl0pao6OaSJdQzb-FBulcINGH2D-iBAqZ-jX8uy7uY9aonSRwrL03vXjg,vn2,sea
mMPggJcOx8amPlhrymCW9hfXqXZL38a6nmkUgbrfFg1CK-oyvyusQMEfNSSC4PoTSHIy5gc1JfESlw,vn2,sea
G0aFEU6e8sUFqUsjKY4-P123SeU8-6Q__hECIY0NQl36gSvCYWuUnn9Ee7g49mjzjAxbECvUO7kn1Q,vn2,sea
Kq5eaEj6WPsesc6K8wPiTgUixwYdzaCuW8RcWYGOn2GWAyM7Zxa7XeB4e7ZhSRgMolAYkX4YqFbMLw,euw1,europe
Ecr_im4DISgClYvAdvLAvWtb0AnlbPbipLhzDMLFHZ82Mvc5NOV9CKDbZlFKZ0sHBoApJGAUOgGP5Q,euw1,europe
z5X5uGBj87kFcacbQW8u1gYrHnacD3yoFBdpVC_71S2kuEffqWY513__KZjSpkZAg7PIp3lgpUoOUg,euw1,europe
QkTDFUURJZEw9nCEZ6Yre2Met22t3zej2CUZhVh__0d4NQMrbvWW78Tj_pkXrm-aJ8dCsbBbxE8V2g,euw1,europe
ukiug2_GlcfxcSgDyKSYA4nDooCBHbZBKAGRJvvjV0bRizOlYdxNKsJYaa1oDmo3H_Tn_NJODhccdA,kr,asia
29LIGLS8_6tnZo15guUSXeHA_OEjeg0bJ66oiF28TxZW1ASqobDcghcCjYcGXEFoOHjb2cBP4MIaVA,kr,asia
DsDPhSOaSvJy_N8k2-mZLC_47BYUQY7fY-JHKBFPCh2scVicPFW_Kw55-UiuS9lj52JIaB_NbH9scQ,kr,asia
OZOmL_kZOGKdG3ooHOXQxqhe3Bulm_oU7MEiw1c4TmQvtDHDITnOgijnan56ss2lNBpY44K045zDWw,euw1,europe
FPJtjeo1vsOAVd44B61LO_deHHZjxRsWTQhW_phmf5Ov1SKKTkyKii5L5xO4f8F-qYfXR1upOqcFsw,vn2,sea
K0RZeINI5yqCUyl17Ter5_EXb5teKXaBlH9ijNLoQ0UK_HKrC2AYWhkhQ8D4ozPM3Ai5Z6CXNH8gbQ,vn2,sea
ojeWtUirhgZxkynRuWNlIO9ODB3IHPl_kfs7sHZhC2u_tvuWl7MF9kIApD_QIIX_8gZqWzRPYVuKHA,vn2,sea
WEIf1izX8SJr_zaihGifkRQJJ2K_iZCCEeFJPw0LYEAIBq8Glo2ae-ksvZuoPfqZnc09Od8jgfBFuQ,vn2,sea
3j8geLEDqMPqq2VXeHFjGmoDRJ9hhpLld5w1vdFijgC_hU_Y8Y0BTQ8ct0jZdCM8B7PNI-n6EZ-YYQ,kr,asia
MKUOVtvQC4QgaHRcVS2RqH9roI95oZv74wmLpM84plwZda8PPHC2Raf2EJ0353MK90kbPhsvo6djPw,na1,americas
kwZ47BGm2uvqTaInzyfdJ6PgJh6GehoBYnB3tY8F49C74xPeMdjfjsHlHpqwcGnBQ1xBQEYYmALAtw,vn2,sea
gRiCVziwd79WUduERB7xsx63mgjWDjnOaXLVsmDHhnjYH6jNmIMHrfS6j6jMZ9L4EpyCXkEvQLIbeQ,vn2,sea
9LMTCquPxYgioL-pdp7a5wI1ULAlXmkGjo-xgUxwnRGzArf4gCduJJxLkcOiuNfC4LlhMa4jrujYag,na1,americas
-dJRXwR-3KO8EwgBPbXn1gNAP0VbiElXIYn21kTA3vPQ0eO4azSqLX2-f9J6WWZTrwm4BK2iAGe3Jw,vn2,sea
ELp4Agzcw76I_qJKJ8-hpwLvuUN8BsfLGmTix0Xz8-Pfl2DmiqdLygTlAIHiAUwx89LaSDN8_R6-xA,vn2,sea
PbmL6kG1Q3F_SQyXz1SNgkREMiyxO3Dpvo8SdEZ0KfxzJU-OPlAtckhOgPUkH6vUof2uAIT_4VQP0A,euw1,europe
YHQLo72KDuirSRkayyKbYLeR6-yZZ0t241vlgq4ckbNNjwT9lUvsS66spdCoc99-tUR8wbRbyCvRPQ,vn2,sea
B9vixLn6_3qotiHKlSe7p-Ty5_N22IN3EvzeamWweG3f5HVNP-quuHXbRj8alZ_aSUXL9Dhnj2u7YQ,vn2,sea
77gr26Xk5qorJcsh7OctzjBuYOuKWJy7aStIAnlaDCkBndGVCC6VJA2v3ZZ_k2625BV72mGnOKQVsA,euw1,europe
DJjG50JnD2nsae-B2O4DCw-LDpkJGgFrLLI8TFIGm7_RQcW7kMZ9Gttp2jaFNRGOOTBKRTlrSop0CA,na1,americas
TIoxwSOzDN4YkMdcy0lSvTuaQnVjSwhipiSFLs6akeyi8tZObVZledZ4mEiEB3ih59cZz2BkL8HDIQ,euw1,europe
yl3RI11hN3tfE4qutQS6ukzjtCv1UwoVL35tNHs7O4v2eqv_TRGB0Cm-I_UsUUVec9m4bP92O-pLYw,euw1,europe
fIWHlw81GHP9bXASB15TL3fBGfNU7mn9zI8UZPy5LLVjbkgbMS4amynQZOed169l4__JVs2RaTKTsA,vn2,sea
AR7Wa6mMEW-dDdk_dtE45V5G03roCXh-O9guGddYDE1kOQtV8PkEP-v_6MNm7HRFMAfF_nyDMPNMUA,kr,asia
kIlN9pU9iR8wO_8plrhXCg5CbLMFQSlXQmdaGEWwTEf6EEMAfHS5CvKK4DpjaF91faQ-SFVs2UqZjQ,na1,americas
X13PqfXSpe9cP_j7c84U8_p4fDGwZSsXYJlvwfDnJeoZK9J_e5pEkLKfs2iHh7pWLOf0l9u07O6ZvA,kr,asia
S8hDNdRXhjLtVOXBMPsnqQZel1Xpp5OaoopF3ImquqUNTJ_nB6Hc-TAsIKib8-cmn_OPTu6MG9LwFQ,kr,asia
43Et_lega7QMe4XxqCsejhk9-P-4NM8QjTbyp5GsqD8xcIu3UhHGPNcnZFVg79X7VRlLZlYEy0sJGQ,vn2,sea
ofzwUO62F1mMICiyIFmHrnXLC1lZg6SMDdeEX_plQdLTby_gcjT2vkXGVqUXFm2uwPTJZgCgopMa4A,kr,asia
EsQ0J4_wP-F6n2xuWVLPzVY2F-nGda9PA7wqcyjzd4m80IHOX4YqHYS3Ayh2IvlpAxN_mugBKLPOdg,kr,asia
fp-cGNOjMkgQ5TfvSa_NbDvgsUBN5g82bSHfuN8QBi_Zp3ejMTIfEKFLNlmAtZLJ9CyFXDtFbfI2BQ,euw1,europe
Uj-VXhuKzvfje9QHgk3FDKJqQvH-J_bDJ9N7O_Jxa_QX9zhEGb9ZnuyrWZJ1QyHexvlgVKq72lbbTA,na1,americas
w6iOkySrKJjOBL65VrU1D6b8jdT-d4-v8KfupVItzdg4VB0KydBkSwAiKHTHTHeZc5l9CURDXJNDdA,euw1,europe
vT8ROkcxf7aNOUmGFhDl11Uo9_08-LFuYXChGhcGYz_9xBYfiJvhW7m3MoeitoxqwWA8t-veNw6-qQ,na1,americas
9q_zF4HA0fADP4T8iBC9T3FKGE6pX_3eNpvWOTb6VtIOWcVNa77XlTTPrkt2351o0a7P0Y-BBCLTXw,kr,asia
at08JLi6bUgaUGpcdOtXJ-C7n5UQqrHrI4fBr3ZUHyaS-jWdrhLLAPVQN4LM12eGUIixITpV43XR-g,vn2,sea
1QiDjOsDnMopQlad5MPrWHgRPbWdTg4TuEwmC6gjH4Y0MNlvex3YzOZNrWq5C6fFAp8nIOktBKig-w,kr,asia
2CtmJBuL6uzPeW_v7z_ktK1I0urRBc2I9yhe5fGoXuJt8cmrt9CvLaY01fZLgYbiG321srT_fDRkBg,vn2,sea
k5UQCY1flrqHbjKh5nYdpTY3oZMOOCd4-osEk-BUkWe380rnFgHlqR7Pjl4kWCaql2tfDP2lzsITdA,euw1,europe
Fjvn6UCYplQ7MQf2e3GPuvxC31sMZmYpK84Dlw8IJXajsV4s7OQMcvhAk_iGxQsWVrXHP4p4PleFNg,vn2,sea
5BJaPyU6F9B6OPDBTCXwvS5Wy7hXIM5vaWvfSIieES5XmOlKK9lShYyWA3yvXyjgzmm95cPtL3siew,na1,americas
svSABtU7-iRpAKoMHT8sZc1ruRqNEkBu9m4pRnZLKKwJM7gMl3wNKt5bJLBxo4EZMRpgCl2CrsgGHg,vn2,sea
VjJMwXFN3yLvdLjxvAVCBFI66XSt_XoxKmHlOpstTokZmMCf-_O-vYwglJT4To42JUQajWws15fw5w,na1,americas
3pI4gIo_oiladRnTofSZ4y41MmIpriyqEz72kYt7P_-POjkn_Pl9FhSt-n0zKd4SM_6s1-EB041-yA,na1,americas
n06Co4a8BK9xhoJUQ8k2Y72DIIkw3NSoVpifa43fEkicTCUEVFvw9ywc46jxaCjalskO5FYK2nwuiQ,na1,americas
_GlF591wkEbkgSV7gA2krAzWLAb6VC-mybQZv4AOVB0ecVpRD15PNuKSACeBFGQpVd1mybmMQ0clIg,kr,asia
PiafXHQ3PTSp324g71X2fCrWjUgvnjSQyTzKSwyyZ2HzbnaDDvV0DYb4wVZED72EGG4JmoyTdhROpA,euw1,europe
TrDISRylgBzYnDZERta6A538C368IuyZJKSo8z3Nnv9I5ddRT5Wmi2V6D18Ty2CbkSuXd1IO4ec3YA,na1,americas
iH2sP5KLJPobziggXMLoBlgfaMAn23a-UdGjXb86vyotdOD-SUOMfdDiAPOTsZ9ee-Vg4SS4d4xRdw,vn2,sea
l-tQ4qepBT0TsXRrL_IT165FD54ElaQRpjHEqIh6PHoSJLy_o4M2zzCe0AvkX68APNHZ6nilM06XAg,na1,americas
-vy-HdrFw3s0mQwZepXlgziRpZCdE5A285kbwGA1vIcqziag3875yHRiIY9qRh_CvCfykiXzH2EQig,vn2,sea
fLorXuk5cSnadJr5iIuAL5Aqm6iViuwQ6VEg-cmY0H6K5z5ddDI6fQ4NmmueWzSgc6iNXGTxBCOnTg,na1,americas
WKa9DbW8NlRbeean6WwENgTZ-z744afYN6SR5WdQLxmVawzfsbrcntpf1cqSfqJmfZDiOvDNYW33IQ,na1,americas
vNh2INim83EdhNbC8aaQMjQVLlcsw83ch7wg9QFc3t-UBwURtTJRALtv8PITKhKbD9gB-E5HOcSECQ,euw1,europe
-14-Ea1j4K6Nwr0a6Sjn1SCU1GxcjH0d5POjYHsBlbclQRwKc1bgBOHVNmwN1Md__zlK0pWYsZPyFg,kr,asia
_YTliH1Oo0SXlzk4U-EoiNGmWgmH4RZq56k-St4rRNQFYkuhw3wVWUmVJs7rW2VtdiU-TAxAzpb89w,na1,americas
OuHu0uOJjRoMVw6RyKfX0uvc481twukP03fdPQF-AbLgzWEDu43IP-GqueIsPm1Ptuz5FmGt7iEDLg,vn2,sea
rn6VfCyt1CZtOXkbFx3GJZKwPIPdlshq0duAFbUsjU6vApkf6khHcGXo8PTV-Bwjtf4ORiNRP6O_4Q,na1,americas
fd5pGJc2RbNjC_KREAajubx0CQaWJ6oI3xvIUDLATqaGTmA7NoE5mI6qB-CqmITXaQBNFFMgM-lpeg,vn2,sea
pE01iLfyVgznFNP1JnVUFUq7N5aKTh44rsAvWzsvr9huw6qSyQu04MIT29EFwnEpTEEZuVtlX6HEZA,vn2,sea
SzVHQZxcIk4iAIbdmT-G9-nnD11MNdghWhrealGC7aUkg995lSNHUYWt57SyZZYPNzGsmjrG6XOiIQ,na1,americas
KKXnQ664hZJ67C_zZ-dvlhZ7JhUIkPxwxSB6E8vDejIcbinDEEZmV2LziTLROHiyYOtBelunKAxk0g,kr,asia
IZPukAlW62VL_JBd2pcvGvBkN44TrOUr9ToI41VzJRFgiXEXgIY1F72LumIqjFo8DCiYhhrMief7xw,euw1,europe
093eUuDuABSznXU7hQCK16SQNTpPcjc66JFJDgm11ceaV47ExAL8iY3fVxF-znI78IXIve0_Ubzutg,vn2,sea
mo91jJBRmkV7LumL2ZbYPNqNPeXoxnuUeiX-b4py54Ac2fHfHcWdI2lCAIHuJh_jbZIGafresOLFMg,vn2,sea
20bnApQm1jXG6t07QHvDx8abJdAYq2_Woil_4XLn8yvycWDSW8vFmnVxEYOHYc_ZEki7WRcGFGk0dw,kr,asia
fdaepwxTk7yPVDQMqFD-BgJlF9tanEdyDBhfmchglH5M-TVBZaRRByLfCqPY2dH0Usd7JLLhYB5yGg,vn2,sea
NqoTcYR1IcsseuosuvbER_VjFmYtknLex-NpObRAWwKjh9ioF8ciCKWoS3Qmuq1vUe-xa4yaTYP0qg,vn2,sea
P77JXx5JNpt30h-IYsDiIQpCbC4CXUQ6gupmHOTYdOLXAjVWAOz9BgmkIWH37YhoMrpgLs0TGFooRQ,na1,americas
2J9xcorWBM28HzPHw5YzsikWzSBt52lKuNw2dTvi3vua9TmIXNfH3euVx4e7RDYG62o_yGfsBM2aBA,euw1,europe
LLy3LOpl83Qc55PdRPhiSYC9M5mT2QQw9-0Q5vy8ffaUce2lFm06lQqmzbjAE2AN6e05bzbYPkHgkw,euw1,europe
9AviB_3nEONe6uU_6X0NCfNzAZhZszL71oa1cmFK6BeyOOtgiSBa2608rqZPVTodR65dHIrjO6ZuOQ,kr,asia
l1_IsBvp2MYXhXQvIK78sQNVniy5XrquqBM7rPczoqYfOeYl27-z29zSR4x8uVhh1nBiQOF5wNZqeA,vn2,sea
irdAI33ftClI4ZO75xtINGMUXBa-16INv0Ifwry_mPhXmpqOFm4ZGlQXXlDw92kXXs5y8rs1IVieAg,na1,americas
YRlRGMX49mccbyubO9yJrP0KaHTT6C4YgwWAyfpa81Sb1-2WRdzNY0xEhEALxbsobMItTw_PqvnlLQ,na1,americas
aPkwZGdSIxJL-0Gv9c9daiYmcp_5pMPF4_JbsLyvdSCBmErGqLVjD0DLxNWtjFCZuuiSrv2WArYuUg,vn2,sea
Z9vWNAmEsIHalcHNk9fr6B3IEz6uUvUK6Rp6sYzav_3iND3iw_aBRUuSafKaN1Ru_Y5c9ctlRp1GeA,kr,asia
vZFPJ6U98Q1JOFW1XZgrJKWaYo3QxE9jGCswdHUJSgBSzi42NCtXyZP0upRGEY2gJX9Vb_a1Fhs-oA,na1,americas
2MWst6H91aJKmneROBVy1nE84F9V0P2jUWR-OlIQQ8OMuitrIU8SgDFh8oxRi5kQw4Ek8fwVK0EU0w,euw1,europe
kc4P_gw-oKRVc9acj3OJDFpLRhg3XRSrjDV7q3-8Qa4UXHrORWOlVrD2iBZW7hEVqR7s3E63Vr3VxA,euw1,europe
gfft70MGMiYV2LgzUQV9DVAJ1GeffV-DUBg-5MLquavab6Bsoxxj2cSVESNe1RTY2xnL76-8_bFlfg,vn2,sea
svL9bcK8MDB3oBu5u5kpnCiEv3DFIboRr_UR_P9GU51A6uU9d-q9ZCW5IXZ7YN-s26KupUSt1GtLaw,kr,asia
-RZ-3gTfO4HgUUWy3C5C4rcNGNOePerdlUxsH6BSjLI7is8BC5cAbw1njYufCDHoejjTmUdyssNNpA,na1,americas
DSh1Gfc2UFOlRQtJ3v6EOrGhwsoFRMk8HfAdQBl5sGMQIr-8E4quUaiAH3akhCHbADVOmD_7sDwa9w,kr,asia
uMKXe_h4orcZsQgSl0T0NeyhKaT1j3cMUiVI-oq-zvqm2Brtc9iFbUbhkv8ULLTwRNZYK1Q-6HGPpw,euw1,europe
jEd5YElIALyiHZgOE_rKJar_YGP0E1keLoW6BbbWTWtUfPKUUkeQGbtz2MeANXg6stbPy8LQ2ZnwqA,kr,asia
ztVKXBRiflhdcG4VtVVzUUIdA-hrvSzsgUAdiHl8_o1yXMcf23EmHgCWs1sCX2GXzPJ30kzqVg2SFA,na1,americas
2_4BiEf4Brc1aFgCPac8kGiD7MmP8fQRQ7RBS_5B5eWksFsNPKn9_usRsRLcK8HIFX8FckjxK2YvXA,euw1,europe
_PiEgCRcy4JZ2MR8XYniIJaKgcpyHc7wB3oQg-DRWTs-Snd2nFdZoywQc4eJb07SxxJO7mod0dEqBw,na1,americas
rj-YL1yoQ0s2EbL2_ADZfIjCIpAGJEMyaSJMdBeONkigyP5O6mNai_pBA17hJVCaAjlMNVf9C9jxjA,vn2,sea
2C3YVsfrKE7UnAjiFdHShrXfNCCeDvaG-svwGsmueZIaxdcr7QBuXCxkbUuY49AyjYNAmLgJYrUOsw,euw1,europe
fI_sSy6KJvXmlw6UMRyHy3XcjdkFz6C7sw8xGbIW75S_vJvu8OJq8D49toF8CpvHc8u5JZ5aj6xo6g,na1,americas
Klau3afgntlpzX6nZOdHcyRMVYVdNtMygFRBFGMtlC6W9m1VlWfK4SYLczk6alyDMEzExA4Hy9Vnrg,kr,asia
efeJHx9SvPBsnUjbISL-CTOde0a8VGgV5Z20gjvQkZPuGhdY8hVOX_PIBhHcmDdvvJQLbpy_WmGQyA,na1,americas
jdKag13RnKxHEV5HZam4kOBf2GrfupVPorWWMNJ6F_d_LhXHlJTzUGN6vghZ9DCMb36yxo8BNvdpCQ,euw1,europe
5IIq1s7jISpcBhOqQLKV3HsfEL8U_JSiWG8nnSapQtbXYUNkkDzF0MX8VUIFaY5WQsC7JaecXFOnRA,euw1,europe
e6fog-8jhfGUH9u0W-GOneRj2uRa0B56pvc1a3_Ym7MXO6K5H1CcIe90T3kuHix053Dpd5cnxKWRPg,vn2,sea
hDD3yfAtH_y1N-82nRe0fjFh9WxqkglVr7ishbyKzTR4PRxIVDERdrzVjsi9Q599zaxpDThw8wQ2oA,vn2,sea
I4sRCKnbhNQucf262EnfedRsRWFGpA15ltTECWiZ8orP3eFyDYbRxqZQ46ZxUKO-Sun25MTwhlwlfw,na1,americas
Q5YFjO1Ens9gB99d-lcqpDkA6jOPZM2H4gKZ4RuHL8iClCilXakReXcGmKOTS8RQWRRkmrkv_CbTLA,vn2,sea
33kwHippQZqiSVwpPyc_l4Pddd7nWqYgBliegdZcQc3ra7CGv9G7ZDgCYn7JD7uoAgN2MbomgFA-WA,euw1,europe
0xSLz3Tt1WIFr1f9UYbmM8U2OP6ofs1Zlkp1KfHdsWNgzh81-jth29-etnQAnlr86dCkvVUlyWnW3g,na1,americas
vkk7RUcz1gao3zU8zv4bckzGQ-6ZYg_MVj8Bxvd2frRugfRF-UF7Qg-pCTrVhEGueb59t-yfi5thaw,na1,americas
ZPYw9pVLhVhvA0lIgAevIyu7gNQ2rCOVlCBtVbbx7IrJYCDZs2p9a_IcOl4fAR1J1BxZpHmKfoeuFQ,kr,asia
Gno_MAjcJsQ6Z9_ZTPmidHQZiSgj13ichlTS0S6ejfksBXpMSSEbRrZ9yZLEC28fgw0zchNfpXfCsw,kr,asia
lzqgVaAPPOTL5P0DE2FGZnyIsuxw-51p3pZvh2gexFQWS2gDqnHgaRhAlgLDk3ukeZRowN5LMXJ7Hw,euw1,europe
tkoOpNwAgpcbK804sW0lBHQlLJIPX2fUnfnUhgoynydIc8s3QeVXpb4GNwQ0-Nnqs-FW6dlrbcQJNw,euw1,europe
VGJ421-uCrEV0j80CaSqM_4lwOOmloJCSxwlYtzAtDN7LXWdgnw7e3KT9xO9dzmFByRrcFvbxvVgWQ,na1,americas
E_XfBniTGffgaz7qBWMCGOKe2Mee_m-OKyh-61nMQfD8U0k35c4HdgMOF-CrHAGTfqlla44XvaaCHQ,vn2,sea
xgnAzBj8RQlbVXQ7Yf97K-DDTEjy1gVSzFxHup8EhUmBZQFyj55hJ2fG1L19KwtM8kUucOUGQ-HpLg,kr,asia
LXldvQRIMA5xR0li32VFTEbTLB2nr2JNcD5kVblUHS7jgNUZPlsr6DPJNcHPeVhRy5tPWN52nduCYg,kr,asia
KlCEAPK9EPwC67VrR7LcvNn9_ThRXhLryxAesXVqfslJW_H6billyLuD9uCNwLHd0snOquzuoPmNEA,na1,americas
QqeFdH45sATxssyaYXLTkKIEfm5g_jfEZR_L5AA0A66C-ivy0s9MURJv005J5DDHIL34_9FyPkOihQ,vn2,sea
kiSg7FsAHwyAwhAAX80-jo0aIjk0KB4_Qr4RN2dtoPbNwGJmKJNoQp9iW_HagrdjOVHHUv9xVe7N9w,kr,asia
VaM16ZEB6djo-GasXBgw7GXEFcbQnnsAakuYhIlLogCEAExSllSP0cPbvyAobj7cCQSRBSeUHWvKWg,na1,americas
3YfZfnXuIigUThoq0fjdxmMX9_XC1zTIhgACXM7H61cVtbXihSUdRwjsOyaGiSd6OkX-p9YxUIfS6A,kr,asia
Kh3r-z3MTZFFN_1y3D37hZcepFQ3nj59rob-8fMm_hTV8e381J4cDUpFF8amp-YsbDedOLA_70fCkA,na1,americas
BdNXCmhIX3l7tTJ9-5nmz_nZTWZRBY_6qdO-6BAOUohqnX2n4Qu5tZtEFUKNWt5H6nmWMZx-NeGMDw,euw1,europe
JeaDr9-Z1k2u1Q6IkAx2pIdu1xIQfEb9BWZ-7hYlwvdBTxf2WrURM9OxXmXTj_ZTVSjjm_vSoEiTDg,kr,asia
Pw4XjDtFIf-y_5ugVhx1-Hi8ZD4ZqjzS_23UmSP1522Gb38LY43aZC254F8kNK4h0pX8cg4xGWkTTg,euw1,europe
teVQIZKQ4NsX0LTpGGI_ibagTpN1jBTxg-flCY7__az0nNf6AXgTd2HGUNxZJ_wkq0DD0EJ0g-J6Tw,kr,asia
skDcmKBiL9PMZj_Xq-PKwSViKqgXPzDDbpLSFiT87h6WtukQN96DETNtdoV-UT8vUOb65fK9IcbE9g,kr,asia
6i8fSyB_RYdcbpD0eF107OCk8cuaxVLg3O024-Ux8D1-3ljQFkW7XBHG_ebsQO31i1a9e4EOA5K_0w,na1,americas
r_qwWb1yfcyqKVHUTfwo6cpQJw1fuDRguOVUHaaD8r58o8o6ie8WtA9GJJm7veV22NLO8w4g_T0OBw,vn2,sea
k9eDpz4cp_j4-I2CWIgrCKt1FrV2cMc7LlXanyIlPCkEfb_wZoOcPUuk4cGgXDqqDNeH7diMXLohuA,kr,asia
gLYa-WfGje1PObIJ0Qd-Y89yXWQ-pP7D2LbhDEWwbKOnoYWwMb_5bRYS52-2whxPyUeMhgBV-222zA,kr,asia
vbOYKT8JXDuOeTFwkXpuoQ4_p_C0BGwx2TXcl5lR3iqj7NneSpTSTSF0VXX7_-6-tpDOue2QG3nb5A,vn2,sea
hQ1d2QINQZ0BWLEWQtFGf3clzsOnjpX7gfamwKq-WUTNuAuNp1UG_5K19WWj5m8iPK6uRn5AgisdsA,vn2,sea
t2PEsERy4vz-BKqmf3F11XKio4uxi_USwaOO2oD4avZL9drBYIyKP-QUOAHrjyLOLqLH5t_79Y8StQ,kr,asia
Mp7tB8xOohM8oePPLoI-S6_LET7uphev-cgWHmXhs_PZOdO_AWjY3ZPNw5RzKU__y-7ru8TjlqTmEw,euw1,europe
PRUlvGwiyVakRzKJHq0AZB8LUgRNfcRRqyJIeHcnq-Evx3k6zGVT4iyDTKkcSTK7g-ZwEXM0Sr3bVQ,kr,asia
bk3MFTx1CHKxcIAiPpWJFxZGvu1CTbHAKQiH1G_qLWEsb6UPrAwIodK0FdHe0cGATU7yRQRadW1zHw,kr,asia
0aGq_KYSgiT8eKRWnZb_5EPhcdrHypIk2gZH28rKjK7FY5gwrjpmcr6IjfdDnx439uk4qLdJ5bpDwg,na1,americas
wGkez7KdtthWOWr6jyPCHgBBb8pw6dqNMiBYiwOjCukCpkSppgqrNWVt7jI7v-RWbJ8lnoLNDEusCA,kr,asia
MBVVuSrsbuFpov7EKpCdKiYBZ6d1moyrVsMOkxR1qGtHpwmx-_d-X5IiZNKIghm9USIXrU5tBOxvjw,vn2,sea
sYPItikot5eWX2fVhxgVSIz11FdJGk_Bw0ILUJrXdpolxN_yoAZ1XQtWk0H3QIdj7jJXV0MowEsSqQ,kr,asia
mFVqHNCrG9iituLDnT1nkmp1Z5Kn19LJpd1vWzGfdTfiPh98cv1P94IR6IZiKs6nZ5kBakARl-amSA,vn2,sea
Rq8EISExDIkKrPCPeczZ8ZqULCYNIuYI6ocu7HDyll42UGp8M2phGVFkLKy8tvAd_fEDRqx8m3oFCg,kr,asia
iuBFeZUb_8Lz2wJsyf0I6OsDSilODTBR3ulNxl1tAIkI-Zz3gnnX5wr3gb_n1GSL-hReUky5Wokbow,na1,americas
tHxQ7fCabRP_99O5xYoye9mov0CCO-zekAw33wQlboogISOnoSZz3ipME9M2Btggm-2nMOOsh232Pw,na1,americas
navXf_NaklipvipwjgP2iaQJKsW95rzHTYb6lZ0_K3oIzhLdf6yURxpKbMJkL8GkNY1S3TnK6ucGuQ,vn2,sea
zO1-SbLPLH_DvNWLTrIm4WcwcWdCiBzRrNNSXspe6MTOI-4FrOGP4L2wv3RZLeO6IrNCa5OwGUbD-Q,vn2,sea
1KES7H-IoSsdIBNiEE2w5qVfDoY_aBLAQGI3U_tpqjLWMoMmObrKYQAohodTpYCkakwNp3fOIvaa_w,kr,asia
2O33B7bZeFlDjpql5TEq1NGC6aLc-K3BnNU4SgPUTWTg34u2zpxc7a3GkO9g64mPfBLjUs2FUWXySA,euw1,europe
HaH19mASqYSvSewLvTcWsrwQ6aa0-l5Y-nFd4y421NTLFmYEzrm0EUdV3EOlxyGZKLUAVAGkv7k5RQ,vn2,sea
Y-KgcqhJQWwgo0FaCkAQumlChge699qFy1vp_cC_PyYoTDtwrEiA3b2jnJn18hOCPufD2wU7B5-fnA,kr,asia
8wLx23Fy_dTAIYH5sC3UCovsabb_yvx6JCLPEfIdcE3p-nDcJF3SXb4MlEi-3ff3JlLjdyZUVDJI3w,kr,asia
DF16dJ4mYa5oOK40ZK8oPXaNOykOChxyexVfLOvTfuZ4twkJHtcpw7GYNY6_2ryw3LjZQ1MhTAsnaA,vn2,sea
XaWoOQU2OkZyiYUrKkhZzxCJZzJ_GgdLRQms35VTLBsq4GQkkgSEUWL5jnaOtmsIFiGAlcA_I-Nr6A,euw1,europe
RmQdAzNBnZuxwsYJrQab0zBjhWw5CSWQSkkzbRqLXx5nEG0gy3CjhEylM5VVsPM0ulM_BGecL5-p1A,kr,asia
ReZoOLkrOcI-AZfORajNa2cp3fGogkq1PAhcLfcQ_MaQndWQOnvUmjjDZeruXQsYsddzPgEfTQNGSA,vn2,sea
ZbMDoqM4E3GbkMNTWnoX8qRIWcWdO7Vl0NUS5Rf04kuEd44dCWXyXAo4R2jHVZ4F-8pEDawGs7Q2EA,na1,americas
37Or7yWJPupJjIeSBlWWHcFZeqAEmu-i3qzMhnygwVAXovLmDHe61ZQhJrIOYtIoIZaCQdRPB93QjQ,euw1,europe
Xzuv2VzQy6fdKii78-a6deBTc8BNVtQ7Rk3WyejnhEI2m-5A0YiiEbOoG2cZTwmVySa-uMKKlutP3w,na1,americas
nudM5R9VHhtURmOcfMD8UIoOc-Qf6CLiktNC_tH65ScwGQjAth_-ZMLz6ikYrmkoQtKR89MF0RPgCw,euw1,europe
B8ese88dmuFH0LX3IU5ghaed-fWdcMXtQ5PxJ5JZRMhgDD1VQ1bhN-GUwvKLGLFdoteLJTNOCxfXPA,kr,asia
o2HQ0WLDwqE745b4N1xkzuOGzg2LcdJpz3-JNIwxhQvJDU7O5sivmRXPl172gyyCJlNFN7kOnTUQqg,na1,americas
2dBARr0aKNsYWfW9tbN5a5OsN70ZycIprawSw14m1bRocrdZ9d-w3CSz5rWtyYHj52vvUrnm_S1nIw,na1,americas
5P2zpIXO2BQrCPN68cl-a1-asPFWHn4rNLbnUBDu92_e5RthiTn3zhntXsIB0K-vdWbrq1Dcw78Qqw,vn2,sea
nPadCDvN3QhFcy-xwPjGBt1Fp7OqQTJynW0o36f9tHKqbtKIsCAP7ipAvQ7nweFdPf-hJFiA2KObag,euw1,europe
QnuKjAVUQMwMx7pels31xgkX-sJb2PqbPRz-LtOVYAA8Jj7YEhSGOjQk-YhKJFxIh3zfxZpVUWzx_g,na1,americas
y_AGhsl4J1Pdo5DXo8clsFR8-6C-uJxtWEZsTjMcpW-nB-HuAQLPH7I6nr_0DJV3SWF99I4Sq1hI8A,na1,americas
M-aqxgf4rITQbr5KhZlTX8aDaAF-HVbmosW-I70vi9kkjeaq5Lsf3WQVHDznHOTZi29VguqOgqSL3A,kr,asia
sZAgCr-FbaxV56oFKcooOxopzkSvGOQmE5TVTo6uGZunZthefIguosY07-Bz_6OGDr4VhyF9p-IekA,na1,americas
4BoQvUQMYxFusAnTx3Ma42SRoSDpKB7beOMUJsX4U6NWKCBt8tJU5qYZfcn3baxs_6XHO-o2tE2jVQ,kr,asia
LJ_HCgntvw_fZImY4gMDQAizmuTQoIzorQg3EZ0gx5Dz8OTSzFvifkvVYMm09vxKgILDk1IAbe9sRg,vn2,sea
xoEvOgjL2-UHAka-_4WQP9PUt0R9iQNImGeim1rrc3n6PkP3juNXLKPsbK4fc1imGxE5Nh6u6-f87Q,euw1,europe
ft0aLwPpCXxrfP20qpwKsoArXFELZq5KSRq4KErduW9HaWhhYLVFcKLO17aHMPrGD_GbdgRXK9CP3g,vn2,sea
7quVfyOpOiQbaBbKRtjkTdNZHC-upX6EoPjj-mb-RLEdPZNEus60SDxMMFB9KNoG-c_yLHVOYUkmxQ,kr,asia
eRz1IxUodi_9CeW85zU4LYCdYyDKVPE-BVJNsJLnTf9kJNJqoZZ_Q3mVDDfnGpz_N09y6GrF4cse-Q,euw1,europe
ryT1WviWXTpTyiyLxh5xpjrNV7odXXk_XMB0x3abQhQI1RxD8gud0XSArzZhPRBYAtdgcD-wMDAPbA,euw1,europe
J0BbbgToAiRLQGSTA5CcAc0slAUPIi7a7mn_jgoVtb13cSfR7eDe2wcaDXc0cwyVRmq2GutsFCW95w,kr,asia
lC6Hq7k-h7TgqPvfrMPiSsji02OtSk5pOYhUvM0XBmmKslko3GIM7osChrD6txcM_bOHoBwEnhzJoQ,vn2,sea
4wh4Ij-KMfy5oFdxqXg6szmJk1E5qq5UoknLpSK5EAGwrnKRVUiaLjWmjClG-k6sGTkVgdQgsif_LA,euw1,europe
LDyNksbj2FUa0-70_iYNowiPthPGVPj54KzsXxvt0f_nUVcZQfeZtgID0svDXd2nJT6AlBbyqbi0lA,kr,asia
y0Q-R8gjUvebws95PtZNlYkhPa4RZ-4w8xDSjQleSp34tqYzXWys-tP0A7duztvH1HnkN6IfwJS9pQ,na1,americas
Bu-rs_auUDp499g50Cls5zLqLWGMQ9tpXnQDQZOYZ4_dZaVZ3V6deU7-8YSRbTau3oqvOFHRtGLUMQ,kr,asia
xvkZGfCwyiDVylA3oGW3GcY6Gpnzc31e7wmlAhT3jN33Qm3jubpUNBPWv21iwm_3sFWtRU-2BoqrlQ,euw1,europe
9VZKzg3Q0RtysEdRwty2uBO32LAr4shEH3of1Tkc81j5Az-GfCkf0bXuqdDTp4HloggZmHFl7AQxQg,vn2,sea
x_yWUc1J8n9EoncW3hB6Sm405WF0bAoyakZSSahoz8EvE1uJgn8X7M5DM1NQCyXw2bnLuuyf1S9OMw,euw1,europe
kfAUFm5oWrF8Z6iRw52qVh3zAfbYj806yxziCJYWqTVsRNKkIOAuCONButxxlxzaf84YbhNopz9XXg,euw1,europe
kbJZdZqQhoF_Kp_2zLB3Ba_xO437UTgRsUeH9Ua8Fm0qNqdHDYfHRbVQqat-aT5BktdjpBU0eYKmCA,euw1,europe
n8n_mrJGjNEMDEWSm1P92YXwVVgPpF6TFvU3tTE00AfJCQzWEY7pi_7Vyt3rXPuRtmhZ9xf_2ZO6vQ,vn2,sea
UDeCv6_Nzk_WW-vqkhdChsND5LMX8THF1qdxlM4n6x7-F7tUiVtT_vBA8tPXLfDoEDrr21vF1Ijq3Q,euw1,europe
GTWUzpV8QXdlqD-xheWNAW5YoWJTzcLTIN50l0rkkIcerijcItNNwQ1DZqkuIThr7wCKXem_IqWiGg,vn2,sea
eMRqTam_T7ifHo13do8YHtcwzmO7r8_fts-kKaRupQRdur26ExoVD3IH0qCcEOKuIk-SGR2l_fNz2g,euw1,europe
A2CgfJGN8urNuB8Xwkp66HnlqkNcmA3oxS8ww2bj4QRPfPKYDeLZBRD19MDisLNBeSkbrXwKtnznpA,kr,asia
pDr09zr7JMpKSrl_G313wXQbFzjHCAylivaMBzobHymxO1GG09n-QfR_nXYy_OjeM1otRToAIn0geg,kr,asia
OjFL8kdYPBUkBZXmhNJQwBqenr4VKaGcwHRUzWKaMJcDTYUcyuUvoZCHIis9xG40uIrvg2CYaCmafA,euw1,europe
z0cVH-pytnD1zseKzlBRZY47w_pAfFSmtUL_yDfDG-l0I1bLmxFiJfrZGNq9SIblMplrgx9I1LUcFA,na1,americas
ZUcU1SYhrRFToT6fmVQozPTrByqkBdGgAmz4g-uoMcDXslodQqmrV2jI3liAtKUiqdkq_-6yWvJf3Q,vn2,sea
I3WuxXAccMLLJ9LoFFEGMFvfPDb2y7LaBVlInxT6LFTXROAR3i2gJe4aXubGjkp3w5WNBoJMtv-zfw,vn2,sea
Gol1T2dj13i73yM6YmxruAO4z0RpMX59ShR7JEbR1FpYH-ybM1syZNDDc5UA600_mWwr0nD2AineBg,kr,asia
yul2vogVAUg3tzdGFKFw79YOZp9lY3KZoNrWJVv0ZArj5YdCNFBECUnLYbMndgOe_vFPXfDrIPafaQ,euw1,europe
exhOFRKGrQXw68ujyoRxy4igMgS6yISsas2d_fhC6L3P48JfP0Xzr6EyQHWnbqfe07kcVXcYhrtg_Q,kr,asia
3xssz636m4_Ea79yCLsAqFoWssCmxnp1LPubvN5y14t0mlGnFNSZuGupbqWgvK9hN1Wo32nSW_xxFg,na1,americas
Z-SabuayTvrL6_yzBHwhSMd7cvK3MPJYvRnHZBgR49SLNvjhDJjCvKfEwy7lSlJLrvVt93FnW2rfiw,euw1,europe
4gdLnA7hV8ybCjAw_8Ki2rooQgLEK0qeg8-N23p9eAn9sc9kINXR0kF-4SS1uoywgOrs5o7geIN-OQ,kr,asia
iuD3ZbwQypAB6lMilPmQrZBetAn5pCVMshEJP3GmzxLVzy_SFPA_F0MHL1ilV4qffkocuJjlCVf3ww,euw1,europe
O4GEfZYV9Qm05ikqEgIRpWLAiOLG4eoDV8xmdndH5q8Pjuk55gpWtrlcn09FM-ND307-FSLUTtsl_w,euw1,europe
Rq0TtZB3CqJUltCX49IUJ5jPyRAiTgLVAqBeG4MX1_wyGMyoS40bEqdy53tudQVdPgl_v46JdJWF-w,kr,asia
lNtxWUpMUTJZiU5elWJR-aknwQrvUkVsJtwA0jZFRPup4C_zwa5k6Zr-nhLdnHzhcxClVlrcq3Sadg,kr,asia
_Hn_XMlk79bSuQJAMwwh0UVF6TwNPGMxzsQ7pFmehtCaygBzH4i9cmBOUAfK4lIHEn09Oz-oBCAg5g,euw1,europe
F43AmLCWmXJ1Te_sc67SoO74P9frpTge4sJu6GkmWePS9uPDVQPAiZCNqpc8QD--N5KWlWLKQ0bpuw,vn2,sea
AOIbBFLfIy--Yh2D2QZt_Dit0jhPms5xLlJVRQdSIjltALWAqFhppkjv0Zks5gMm2a8O5uuZmIL0Pw,euw1,europe
HIhU27b17iF_MJxUkeCJ70kvaYrY5RWNLQhKN6jH_sol4uRtfegBd1u1p2xmjUgFwBiVHk4wVSgQjw,kr,asia
F2Nix_7yUB2ae7uRuFgoPMrQ3l-Asj4SkbqjFnLmA52axLp8xDqi84sWd4OSnbgxy8Mf24SFhbEjcA,vn2,sea
qSvXGtdmAjTyGvEfat2kmTp1OoqSi2nVc7VgXhbLr9cBYpwMqsHUk_k3tQrbS0sS3PHj8PqGlz_xVA,euw1,europe
uSlcuuSOMAIuqwWl7kHclu4Ag0v5wYy72jErJuHWmkIvOQL-CJB3WYuHps4olmeS01niQp1u4cg0dQ,na1,americas
1YgKfXAcSA6IXZQZau4cfY8QZXcWFLlJruYMbubev1eQRwOOkbL3fIp9m12DrWZU_FzOhF7AqgoDrg,kr,asia
D_9TI5Ns01GwZVTnRLgvGL-QENH48gjchEr17lqWPMnid9E8VeJmOq4GPCr_nfvelaf_x0y4EFHZVw,euw1,europe
jKlNZ2LfJGcWfDcf_TBrTPMMyTgZq_zC0mjxGiA_4dRTkLG0kuun6gHjznQvxixWueQ3CaTlBNcKuA,vn2,sea
IEDNe5IqfhGR-Y6dlOsCQSaF_F2_GM19vVZP3bmFoUeQ6_DFN8SMduVObyvG3RH8bDHYkiP5NcE21A,vn2,sea
GFen_f0iZePocj3yAxXO8vIq1S1xEQjJLvJq3dIZNL8ys8709da6wUbvlczX3t9EJ9tskYL865POEA,euw1,europe
Fzw58Pz7TOK_QXnGZw6mPIlz8Bi-HAuGeKibmNfjl2IdETEx9EnhNFe_HAxUllbycyY88AEJA_jPLg,euw1,europe
EVM2HwuOrcDJXUwaiXwU4IkCEJXgA1HXfjjYz6HscerY8hkovFU4tqTGKbX8XJ8bV0wci49EPyhnmA,kr,asia
mv9EKWzix_spv548uxcDnRIzZSx-vIYUIyTAYa3xyNCMmbHls1_qs6c4iXmsEWDjARdn4dK0HnxhOw,na1,americas
nF3xLCTxCAp6u4DleDOC65PZ5BA49EK3g5ZaYhE669RK6W8N-XD80dEtnkCulXL5XOPf9B-yBU5kQw,kr,asia
2yqcJ4sAtrazqNnJF5Nzd6n2T0B3WAVoSROX4bIrtldhzjpMUQGkED51QjRtHuJadFdHZr4aVDPNQQ,euw1,europe
VwSJnF-OseOzTWcXWHV6Pm-FukL3WgI6A5QmBKpj4YajHLD_dG0yKy3RrVhRuW_Fp5ICFjFOVcFOvw,na1,americas
ZYscuqFrDEkuwz4ODMJWLms8zHkaK1mlD72PglhpoDvPhsh2HjoAxNE-c0ZbGyB8Us6asKVDgiz_0g,vn2,sea
VPm1HNSSfY2Awo4IeTd8jPFSaB5-pqAcr1my_ghfR4dOmidr8z3xky-UactBoGi7KHbBqFCUW8KLOw,na1,americas
Supz66mR1x_v873VU7sW9xfuLuYrvKCKiJh8r836o7o8rlloxxvazP3CrsfC6R0DAGa9Wexqp76BOQ,vn2,sea
6PXmSogUORFBSOeJ7GfXTDoOkgtDsQvwJh9Rngb4N9L9R6k1KfAen1r3JwOQvyZpba3AZmzljYHmvA,euw1,europe
gV9PT4-C4Wu15RWvON-P8PfFBK12G4kB8aQjNdHPRHU7RvLRt-qtE1v9lgG8-pIBZ20ukRqiUBHDjQ,na1,americas
BbBrIgWYBSZkR1FM_qtHmV6mAkEvh4m9roUwAlRnu4C18yqofVMEhbXPQy5PVMlYXERs6aNHhv_jIA,na1,americas
F3A48ZlJbofuoOM6DMvzlVmrvRWzVMxyu_Vl-GR-PXCYzS-eaBQLK8vrecyBqluj42FCdGkeQMUSNw,na1,americas
-DbzXTPvNaKm85ePtq2G5QlYFwC2CkoS5tsCFU8ZRORJ1qYTdLIAxyO5ZQkNbxI0Cj4YrNGxJU_DLg,vn2,sea
e7VOhtQBiRX4V1h1doW_swanePsDXHz-jgtrQ2rmFRsk5R2CuHl54RMENPwX5XzKMhDs_Rpt3pAbVw,vn2,sea
5ChwiGJ9NfBSDIU_7WCa7-N_h4EVq1KdIf-aYiw0h3yidq4Kf1VxKHXpAAGznHHOaiP-wL5TMXPgsQ,euw1,europe
u9LL43AhxZPjp7GNwRGzRsSz0_lMV0Jflcqj39gR65YkMmbEPz_3vNAm9ZHV44ovrPZgHrJjCNUpdw,kr,asia
bs-gsltOe3c05uLx-4ZE49mxxgI5SIEVB2xlMbYOS_aSA7sjO3CsQkotXneXNvDT1tYTwqlOrH3mRg,euw1,europe
LHhw9mpyuFIasukqNI-meNPh00mj4pmER3TwACuH1WxktoiD1ibgj1jqL0cBBXCgHE2IjHM1nTFFaQ,euw1,europe
7iVwR-1P5SupOK5ThsudL3__5b14-ExMwfXolq5MAOaSpcCLXtEOyONtvxVZs1DniBO1hJp2ku6rNw,vn2,sea
NYwCjgA_ZSgBe72mFxQzy_QGiHSE7wkfBb134JwZ1myyoiX2Zm7kf0fxL73g5BsKhOs1-j1FZ0PRLg,euw1,europe
zoY2nJ8b6PgpkK5X3se5OMfYpzHRYE1OmLOyzq1hEYe6HGl8cVI3H0FAms6Mu7JSIHoLUzntKFutSg,kr,asia
QCqSGdEysf4X3n6PsoX4-qpg3iapoW5iOUuY2dZSKGr4YSI4JfYWdD3tz1o1j3seTE55riaHA17JtQ,na1,americas
oaUyHvApMcdxLvijpb2-UGLNjMkoeA1_Hvy82ZKKhom5jAhawXAE5nd9qw6yLvWkmyheFWw6qkyLqw,euw1,europe
L_bWJ-xM2MbkAW3d146svBvDyKpLQfflBJncJXqJVM6hDwtBZJHunDuNT74vDbKUmx_iWCoQD5izmg,kr,asia
UmrzpPJ1n-U2NOwL5O7AwJH-kUIkc3S3AWjY4xMAJXa1trTl5wp2V054pVt6WLyd3igNPU6CUv-Bkg,vn2,sea
J67TbbeP7dpaxiB9zCy0he9Riyfq72Kg0L4FSyrgLHIB19xRi4MtfqUUSt0Ws1NnQPW-TOau_XofXQ,euw1,europe
bMTR4pXZcodRDMr8ZZoMXFQeS-O2zxcqe-HPRwg85lZ7AxGD2vKK_wnBjeJVqUvClabFAbA6uJDmlg,vn2,sea
Z-uHdvAZTFXe49fVPbdUinCQzVT2CObZdVHfeDruNAkg1RCBVlUFUpZvkbKpPuwkj-g-j4fHh0eXLQ,kr,asia
UDOF-y5POAMkwvCnd40RzCQkGcthVwd9niL8aBwRTA0WYFvlHg_ufwzx3fHflcK_6BawNjU9485VcQ,vn2,sea
iwf1dZDhztmhf5ZUpNQfXkQDpSZ4HmZfENdo6X5oMPaf2JRl4GhUNAA8lmxIVoJtKNmRjpqxOqVMaA,na1,americas
BTgshb_MmQuKihRLBFhcUS9NBfmwrxmSh6ANXsXR_s1Kpi-vQnjOfM-vrTVv4VOOO4cF9PszJ5hbAw,kr,asia
WsHGnXkYoKBQJ-UaDjxAroekNGIzdjat3KrSIhKoDnZlAaAl-TU4ktd7z0ol6EJcuDylm0CLKJC-Ww,na1,americas
QGLBsNi_FgLQpCxDGpuFFxGSG8eOcA2yCtmfE3zvTZm3vZEItq9L-RTznDVF3dN2XbgOvRVdfKDvZg,na1,americas
lPySERzEbH5y7iPHzyXg9mFzthq6WxbWy_OsPTR9tRuCATaRy5j7CcvPSMLCyLuP9HVFa4nFzdiX3Q,euw1,europe
mZDs14YOEpqfwMOwVr6CggueN5dhk2piGr_S61dDoOEqadZOc3lL6GF_G1G3kz6ITfFHrcfOAbNEkw,kr,asia
1Yc_iUlmNO57LJjP6CwtyRRgDgyaSDNYTsO_bXumixslUGSv_nBKrDn6d1H47Feaa9v0157XOacuLg,na1,americas
7MugqVzMcKzhzh5VV3uoIcjhQkU8FlU-gRz1XqReCIYaNrlnPtXVVW5AHKeDTR4FuuX1gbLenuuuKA,vn2,sea
qcF7oQ9QZZTwa3qiY9n2lkl55T0dqxIrTORA_MHbOy1LtIHUQ_ZTvgFeJ5uMX4SifH-somJeXvJE8g,kr,asia
sTbDPWIvRiVbQZ6PMWCjR-EVwZEETghFPGPR3xEOqZ50hDIUWUihvSVhe0U13RsZcIimdRAgPRHTeA,euw1,europe
-pBiSXuVPwPDgo-a3ggUXwjM5dImg03CPbUT7ysiBOA11McsHxGsKaP4MjgIOMgEWR8TtGxWe7_f2Q,na1,americas
3-kzq7munuyDz6QMdvBOB1ZKBMNyG26kisgVjQn-zndlxhd_mD4mb8E69CKZwyBjscgSPLb-6QE5pQ,euw1,europe
PkDydLdkaKz9zgtlSZ8fg2KqvHe20W1womfMxi83iKxsazZxsrWS5ZQXHh_CCE0o0eCY25UAuCwW_Q,euw1,europe
51iK3Kwe79bKbPrG60cf5XwzlIddsbggU4HmmYDA_03gcYZzYB8lKRjo-9Riia7R258getMVu94z7A,euw1,europe
mr-zw0PSwbOcsqPoawyBQT3AtfvfqfR6F1vBrafGtLQEJU8K1szc7qEPjehxlE4HyT7teatwyde3Fw,euw1,europe
rEVal4kx2qAWKCYB61hUSR5MpemH_zoVxRZ7K48tIFqxl6yyqYHDDcczmdIQ4UdX2TkVhtnHoTSIqw,na1,americas
Q5XsgIh1b97BzSF8NXFniUmhIfvdiENJv-eY2_QVGpxdWdkrnKYHy7VgTKx0ZnOrK3cmYJ3l16HQ7A,euw1,europe
_CwQ1FlhOw4CK3MPZ6d26wZ8zsZuUDFN7xJ5uutQT25BFSuzMVQcwC1f-Un8qW7lsoLQs3Im2YJhmw,kr,asia
xxD9-JVYT6AQ2mTnuCUwvBKLb00vKVnW3rwUdVPhMnb5G3pduPZAGUG2HcjI4SinJNHS0VZ-IQUQCQ,euw1,europe
A6amYGeRvF46aAQMYVnTfMpZMeNuP01axGMSZXL1ltp_fG0eQlXe7-jB1IJZSr3gXxWyNZ1arVJPkA,na1,americas
nOUvh-NdR-prEhBOUIFZtJd7SyNSPWgc6dvHPa1bMrsX9g6Wir24Gw5Cz-1CLkb05Gigkf5ihgWvfQ,kr,asia
AAglWAMR7As3S6f_H3YSwGr4BrmG1GhMg_33b16-m_WB42477oFol8cIOmOZzq8bhmomCn1Y8XKP3g,euw1,europe
uxbz4jZmwZEKkRX1ulOyxi_RdG1S-TawN9lO65lkQABOOrdwe0nLMb7aYyuAYqbzuRpzptyMW0LvQA,kr,asia
PLF-XA9RqtyPOYBArvhByoj-9bXaM8nVDZ2duejFkzj8Dv748LxZL8w0qQ-FD30pbktBLyIPEEwaJg,na1,americas
p1fcv2tFK3nPK5OZMIooQ4GRJGK9iaYR2oXorY-nOPhX3u87-ZwyysOiVRmVVKvWuAxfrNH2NQe9pQ,vn2,sea
Kfo_d3xydPzS9AMLGoCLlBzY6EZQVv-uQMnOeVH2VnaLI_bJip4rea-bNazNpbN3qMeQXY8V7str9Q,euw1,europe
Yl_KJS6Y8nvFM6u-E0Da9g7y7lJcDhtRZQEse695aSDsFSJ9_RR0Hs9o6An-udnxG9MtCa-n_G01Fg,na1,americas
57Tnx3VukrGPCBTrNIaMaEaoeyaIO3_KCAQTKDyVqC0pxhK8jUTBTqH_S03Nf2k672Y6q4Ik3dGZGA,euw1,europe
cXb8wJ8FgDt1FodeoWK0hqS4z_6UPcj7UU2svyt9ipK-lf59PHWSCufCBlkYkf-MB10-00aW9If-Rw,euw1,europe
JtWVbanu5akZkoCA6qJ-BV_8TPnRXwxk5AQqJalRPL7RyNpoFU1NXxkMwkZ4vJKL8efATORXUz4_QA,vn2,sea
DK2-4nZ6uVkcnF2YT9vUdiPdiyk-81MKgwuk1yhQbx3K3er88YHzvQKhrjVJZZKni6Yr5ZzeSiDRzw,euw1,europe
TZr6OqiFMcuyOUh7I996nBkxlh1xcHtZEDL9TaVI5n8IP5YVCsqeA7lO-B0i-mvHv39WcITheOtdIQ,vn2,sea
t4Agv650ZEFB6vm-m0EtD9s9d08P71ElTHEEZSdv6gVhTf5423JeiM32mlmqvVSeq6yEOqepB1RwHg,euw1,europe
lmGQ-Tif5zt6LujObyvTUgepaBVHf4tjcZL-cNrWklIfNL54LQXP6xv__r8ezpKKC4RSTut9bc9fdQ,vn2,sea
6VLcptUzpamFITmcDV_ZIgi2kqH1uhWyI1oYO9arElAAoB5EAkcFUW-ksKMoJs4ompGuMO2p2W14gA,euw1,europe
2hflf2aWv1jwV7dotW8aV_J3Ew3Bn2v81Y-CZMjQnlA2l1u1-JNrcG9q9A8tvAKgRzzP1w_LFXfY0A,euw1,europe
J39Fewwz94vivqPiJMuzxf4s_abdjVgDEZid45v7pP1z5KWOAHK7OwGwGkhqLz5uLzG3xSyn9Ert7g,kr,asia
EjWA7lOBtUervuu9HHbL8k3YzAlUok5PntiISJ1Qh1j8QvOYadVBr2P71Rnu2ThT-TJU_4hpilYVMg,na1,americas
PQUYMFtI09sw9eJ6nFyKyLHVlgJqoEGkSvX3ed1GCUZ9sSPc4Fb2LbO8393lpKpQDgqeTNgE1ImRJw,kr,asia
ZVNeE8Gs9k7cZ4SPdcMXjlaJ_5WxZy4LAC8N-2bMmTBdWHWO5FAp62HqQtW8yyJAeyku5AaCCEOkew,na1,americas
jPgz0XI0yTp0jAKjsRUUOSqzusRMW26dih-gmzQqgOly8-VCVtHATPr3Ikm7tIScdzUfL48ZIrKtnA,euw1,europe
1qfKOz9u8AUsmqA5jC1OlWbjjGtkZebJmOiWi3nxAIiiNMoC3g4qYc2CPhBurXze9-njdKP1KUhIbA,euw1,europe
rnFpfboZFXNtC26JsQnjS05uEGN1_oWwYniARTxoHPQkagL_JLopOZj2v9LNgynaahoLneQjBHYmPA,euw1,europe
S30vS3Ef1lZ3xDhN-B8_fbq5k0fvdOHr0qVZU7yhZmMqjD1vcNPSSKQr_E_hJYej02Et9nxJgBmNHQ,na1,americas
PItwnkE5ioRaQaP8f3Od7NUsmhuqNvMgJ0HUciVAPwsAKFZY2J2Vim-GTftbD7-SiOwmds4tiF7qqw,euw1,europe
dMD8vEbaE_xOtVZmuY-KTMr2Kmox5gZzwVXKX5JvYxoikSZcJISdMYwasLi5NKgPCK_UWSvipFMh9w,kr,asia
41tWedTmHWW-gwm5huTBlq-dIKkgLxuaqowRCxlqyipjDqwRjZ3QD7U5lk7tw2kT3HYs8KF3t8iOBw,euw1,europe
dchxzNStyFCt0ctA5HgcEf7clSnkASg_AodscLH0hz5HPFkPuIbut7oC75PlOaPb-WNM-K8roElroA,euw1,europe
534QenH4rUl0o3XwkQLHGe3XlzghtjdxatKYH8M58IZCaVKBZ7tkroZ9v5OdSxCaZFLUZ_4L8ZvitQ,euw1,europe
LRRGqJbVJ-ViVs8DLTvzwJPamAbf3qwjAjhCB8W_C-MKAR2bnOBfPwCeVRmmJI8B0WRSLqmCzEuzVA,na1,americas
VpUOxNXT114VLyCXOzJl3SvZyAy-oE43ueKobphuTFe_mhnT1rRkK1yj-VRhSZelYGk63KMrsIOxCA,euw1,europe
p-re6lv2rKIPf2C7YUzIw5X8C3ejEHKtSJJ0ASAkqou5b5F8UAsGzHYRIWasbPfr_pH5WEMkESHgsQ,na1,americas
11QkXrDU7Uak5iaPNRSdT9WKO4rTaedErdobedxksB7RwjCAhAimHlesWlMXEzfWaZavXHA622Lllg,euw1,europe
fW7eCYCg5waFIVeq-bINnO6vGSpXgLCiFXl46-nhVYi7xhrglDAh9HB0fM6Ujv1zDF7iquN_LYlNdQ,euw1,europe
CtDjsopp_rcm5yyhl_ul6ssGIpuQhs8Z22vIuf38Z8z5kI0yMvnMgeS9vVinexXOrhdTp9U0Pdp8Aw,vn2,sea
_xF7oPRdkU7dsA854RXu-lowzOHedro0s62WJszxyKnFRFcqP7cgtRJJ_Oc3RvXEgNaK82uJr0McHw,vn2,sea
k7jM813eP0h__2-2Gh6AiC-5tejcdYut4S70z3vXmqLqsiIBY1h5bWUopuS_3yzy0O_awJl3q8zdyw,na1,americas
SV6W0ac_atBkllUPSfi5nPzbqlVOc9eIE6cdLkLjcKm4TrV0ahEbIFJThxin7VK_kSFpqZli52Am1w,euw1,europe
kOEwB3p7HxUYlpXsNg-OqH7DOzuXQV0yIHdgnDx_Jn0aJIkDmuFIyAsCKmmjMacPLLAs36GUaVgSFw,na1,americas
AAsvxNtda6rMdKJLMUyNjaoKVjR_yfJQZNlf0T7W2_kYEPjqkaQrTgzDXzkTbeyYF76qBJhk_8HC_w,kr,asia
531egUlGlk_b6fk34qomMLQ8iJU6DfrVmHiEFkyl3O5g4AvW1OMisjYWNFRksv3tLPTklYyOJHEPLg,na1,americas
Oqcl9wCWHyzhEUoKbtlgxU3fqbPtBbVK54y-J62FqciXm-wzgG_Ule6PrAzzHCisTgGJM4sgEcSamw,vn2,sea
_f7mFZLX1s-iE5g3b3fGPHnPORo6aU3qjM_lbd8DmobDzol4mrKSMEhrkNdN41BvridWF4Ji1K8C4A,euw1,europe
00If_3PS53BgHXFiSfDSAUTniKryHTHPlhVAO3Oq52VMm_whQ3I2y8BGvqM2lGudYoiLWTUCviQsTw,vn2,sea
m7Da9xESCQAJs8xfIrJxAlETCVCMJaIfggzJcAdlIvh3fuazq-jCAbgGpWjKbgqqGz7CZCVM7S_K8Q,na1,americas
ZqX68zmYEzji3VEZf7xvOpkVouaOM_YBRS19lowztErSyWOjmpPaLw9fSgHXrLDlQv1SArMqMqwy-w,euw1,europe
mKvaAbRRaXQC5EgYbjkBAhYMzvpeDduqBvry5bSILMWpirhj0gQkjk3rA-ognPefJtf5mvGv--uFdQ,kr,asia
ob6GkdO2Mq0Sm-dZgWuVABYPPVw5LTEF4auZZ43EijLVBWBpDTkVzV0P86sZVSYhQzxuo3XCuzapGA,na1,americas
TezsVsindZkpAZGsGTfXe6kHp1_lRWBBXajbzE0T7i8SbrbDsYqVwURz8yGSL0-G5PzBLRu4CdutHQ,kr,asia
I9y0AGFW2PqUFmC3yLb8u0pu6KHdNZNOuQsVv4hoZYkw7JfxAlYN10ZIh6DNFTTOUivYzvsVODD7ww,na1,americas
thsxC42hd7d8eO-vWL8IDXyVugF3vujyhMADv0JLft59vkaw6QyQFaRPxhfMIRmP6NLsL56b6dXLnw,euw1,europe
u7_D-9pDaYlEb8IGj2HxN457SNi0QTiAeQh6n73sDK3aEBBrnsxDHdMgewsZA1TJ8uxL_uE_NS9qkA,kr,asia
8ociwP9SlIpJazKDMdF2rCKdnKGVj3ok5lqXFfXts5rCjsaZDE2LmlEehmA6ATHqAh7ori3tR8dknQ,na1,americas
AfKLHUwjzpzOsAmDVR352BzmAlJ2HKd1vcuNagUyU58Mwb4o282usG5f-Xy67UDldEPu1K3MjKdvnQ,na1,americas
5W0mIOUSz2C7NTC3OD6XOoTFascGS6HRBhF_-kVzEAsJgs3bWKE0bt6xOlmaXeU230ja5cEmXNaX-g,na1,americas
DUKZ9Y0C20eGZwk1CVo8Tin392L34JPNdRFBPi9RLTknATyIXHN83c451HiVDeVJQ7M9FKfQBiPq9w,euw1,europe
SrumoeTuVhKSVt-ULhlK1YersrxqN4c7BcIPZIMUN4r6aC6ivX0XYM2_yCQhns0MXIkZhnD_0Q5uHg,euw1,europe
Bj7mzGbBwxd2RUlcmTyr_Px3250iJoFWepOb2fTz-eOjwEwyf5yc8Ek0f0ElG8HS23vETjLDgyJswQ,vn2,sea
iWj80tCyCa7WlTfkLQ2nyG4xtvxiuVHzKPEHngiUMOv0drqjlRI-obUgkJwjXzhtsHBoxDxbjtWsvA,na1,americas
npmv7Nccnv-geHK3qiHvFs-8b_l0nDxP63GdIWNminoq-do69au0SLF0vjxFIHVwrXoOBRIB-mRC8Q,kr,asia
7dBK99785VSPUUHvNLApjeocz0zmTf4rjC2kiS21kFNDLE6sefKREadmOG8IN8qMTKBnbAYcY_2P9A,euw1,europe
BAA7_1g3at_wGmEhmbVcNwoJ4ZTPae5v1ubzKXOYTMoL_a9hTMPvzty2ZzzE8zb0f4EmoP0C061iEQ,euw1,europe
21hO9KZ0Bya1PU94DsuAtyM-xqDOYfB7yLhSnVqITtlscGdOQWxZr3A__5J4tzK9ClPB_mqAabS0Jw,na1,americas
VQM79jDO3t3AKdcwE-SfLnUsG40PXrMhfqEHYUuZhKz3OfEF03bY66sRTNA7ia9W7VOhsop6DcnMbA,vn2,sea
ZJlopmqWLGhi46r0qCN98zmFGQdXhbu6OPXW3rNQHZF5qsuaIwnGwiVT7VAuF4pqLRotNJl6U844_Q,kr,asia
N5FvJo7at3VEC6FBhGeZs9tK6veo9l25f8WsLwm4dCBcG9JJPa3GoAYZ-SgyWj6_duulDWrJX9kmAg,euw1,europe
i_rL9r9IgoK4AzesEy1aO3vdusz8j7bv6RFfJVL1XEAdcCHIWzelL6C4VDXw8Qp9TwbMu0R9-B2LRA,kr,asia
VtyRSq7jdsDK-CtyEBOT9pu_iIV_llbw2sLgVnScizFRAsXmStgFiEYz2ZQGeviPTV8EaSuRzPVacg,euw1,europe
edInU0GDZ2e6OaJgJ5QTlyL0uG5kr1IZwp37lD9_PVgozn1KK1k7T9LPvkW0RKzkHpZguGZKZyzqcA,vn2,sea
SreyU7W3rva6ZhPlan2GVkzqik3BSF6oBjo8O9eLbf6dwal5rezGDfpxKI_z1fJJiFYKKX8BYMQQew,kr,asia
t_t6WIs3Y3Jggp13SEaU02r25vdY10ZHjSGUPiD4u94NrbFI0SgDCxou1kicvcLDORhshQFmbrRrFg,euw1,europe
w4yKXxD0b5wxEaE8EjFWXQd2hByWayA69tMpbAstQylmjMfl6mjj55TlmxYXtMfBQO0dMbp__JXY0g,na1,americas
o3DkJVvOlP0c397lPHtC1gTBca2ivwN6bKlLnbOWz15aFUecaZ1SQPKFWLzzNYh9vYPUREJAzXLfkA,euw1,europe
EJWEc_N1fP6g9So5hvjsQFQsUsFbHmFPzQNZYC7Eg7hOGse_Cb42VaO9vKgB07-Xui7GTBvbPFcAeQ,na1,americas
nM54zGHAQ6fe8nnjLVgx6un3WNDWr2uHMVVVdvwrGIh4KN5XuDhFs-sJ-HdrcGAS4kPG0qVfx-8t2Q,euw1,europe
a_OmfxufTUv6mX0p5uz6fQIDZd-3a32HzOuhh0aP6UgELkZOKW44fgwWA9hJyniTpi84W8p7kUybPA,euw1,europe
hoGFraH8iv-NtcwGe4-BuN7r0ql9kVyx1mKdO7RpH17ni4wwJNUTIN084GjKQEh4_q6710gWcdTyBg,kr,asia
BWucMfJxCRzvpQLx2JSUArgJaP2-4TMCham0mc61U6ysw3ebeM9zTQhHgxif2gWCAk1NedqfGZsbIg,euw1,europe
fdy1iNGlsJnnAzDctrEOSWrZwcvIMdcV-5GjkEvu52rlpCqCxpNlKEA2NV9GLlqsonaalw-2ZlmxWw,vn2,sea
9rEQ4rCZQZcokQlDnFbRbZIudnd4kR83y13MPg97ndtU2lSL40DAkundsY5brw9sykujIGG-XEZbrA,na1,americas
e9A9JE0pO4LsIRWMfnvYLhOPVkOeT0OupAYeXaDn9Wnz54GqhRVDMo9f0pHKJwoK_HeqbqesTf-8TQ,vn2,sea
pBm2W0X6BPBHLNt2ctMBNWjQ1RnwC-Y4mbCgTqZsyx7s6xl8v3xNn3kevSRy0fWtLHJrDDEeLk9PYQ,na1,americas
Mdxhs3ZE2NpgglEd7J2NsabDFSYLQX8yStaOWl1FlFJPXWJCONQOwLwTeWe02fNoTucWE_L9-5nwRQ,euw1,europe
PXQ2ApnRw06FBBAeiO9F89aup_4G15GkYWO1pz7UNMT6a268aUoDF8DJRu6Znx53M2obr-LmL5IeVg,vn2,sea
JKRg3XN1gb0DM0KRKNhTTLJqFVZxtmBTkihLCHjdcR3n2_idqUnSvAzB-K5ZMa4oqaEldClUDaeGmw,na1,americas
TXHznPp3vdWXP-qkK3_sYhcsq0zrhKBr9PFuKD-7edwT_vHoVL_Bj3P6ElkLJNngF7vbwYzeYvz6_w,kr,asia
7Ln_Uc7F5eX4FWt4toxbJsC99zJoX7RsIhXjoRvrAzVSDyLAL4qUjBgAWu8CoJvBRDNY-OiZM_7wXQ,na1,americas
Cppdzi4Eqj2tmXgu3nN0gLj6eLj4uCedqu0IXJJYEXq-yh3G2qy5uu7aNmVHPOB36GDhEvY6UL1HaQ,euw1,europe
JlCXVJQWl50f-Ti4XBdVAYT0Ni8sBUYXsEO96kNcGIo4iiyBTm9czoysKibr7A8xCRN7qojeh5yz4w,vn2,sea
ltGBgBq-vSAYTXQVOGjfUVS6FLtL9VhnGzgoItYQ6kGgbw2B-AtHuzuhhCwhzHt4JEYpXHAWwdHsmQ,euw1,europe
CXI1EmUqXIG5TwFC7uhCNTqgYmxcTB1hbK4sr7x0skuOMfLM4LVPWZOM90XMCBkbGLvC5gu23Gy22Q,euw1,europe
dE1vZQSeAXDrZ8Bi3FQtWyp3v2XeVv9YDYKeCmttVa1cmUPfD_DoDuE2WiTFrmm4zT6VtauGjfxGhA,na1,americas
c3qaALZ5SuybCT9gtyXkQQRyNe_01xE1x3IG5KkeDgF2PQMHx0fkdT1yjDmyPLC3l63xo8xfHWncbg,kr,asia
0vOSzbVkjJ6r1_rcF48F3TlQsSZCOx296bohAfHQE9rrZkj18YfkRkrMuekecJ2wMfNZpkS-KPYqxA,kr,asia
z3l30kNiX36B5QJsDcQxxB6aAzjs278R29E7GJbDXsuW48R6Gep_LKk5wH7lNbWeotO8jBJERjXqYw,na1,americas
ZpRk9qkCuNIgyCGLdiPCJYQE20p2ss5A3r6htU7vHLq-tnsP0t_11phoxk3oMx0oJAmqjmW4ay5tmg,euw1,europe
apnNghYk4kYPfO343BCD52v8dOcgrHwnO36rllaQZfFMrG83eApscyYUwAeljAs8lVgaQzt_MSB_uQ,kr,asia
NEBDjnupnDqmaCjGiV_gIzzGGzHaetMHmKzKrJVCmlniLJa-s5sGqrNsvo6jkTQZZ9d-VWysVO2ZMw,euw1,europe
tMInEtwtdUsryri5PHIACy1Gbc503gasVlADo6uwNB9xmp7kRlTAHCnl_6EJcv9iR0raewMnpmRZOw,vn2,sea
igNG0eibQko7g7X7H8cezy7fbxrg-C-WyB3jAG2FAH3XnR9SR54xvlgLiPdv_79_QCBXePsLBIsE2w,vn2,sea
NmZjEQ8I0dlYPsokP5iMfTGzMUJ2GIVsCdrBxJi0a2aUrlX8yDRa6yGM4lA6E_sxSwEjuCr-ftdpCA,kr,asia
yktxFfg_FfHCTSrXwTWOVmS0v3sGA3UzY6q0MAa20QTq-4xppAvbZaMZ8UWiU03KFws1tZC1CNUHAw,kr,asia
46IbYNEU6pwl7MpN-nLCLzJ04k0JvpFOOQGvqOtADLplbcVuaTz0nnWxyYsRsTxpGOn5gm-n0wV4kQ,na1,americas
NMX-AjND3hy0Boi-dQpoW0zuNiRj73YI3DGKUsT3y0fIv7XBg7fSXaaqTibUK1qZeSY_xC8aedx6OA,vn2,sea
FCeOArP2aSArs6pka2jG--QsBYdBN8gU5M7grZnu_F6nHiK9Xqc4p1VrmybOCT6SPWM7YlN2ZCg4Rw,na1,americas
A3IuK5XdcOJuxXCJPNV3Smj6BGuxXoie5ZVm4DcoBNSoXI0NzrE2J9dUX6N8z08EIpifRI_etn94UQ,vn2,sea
wVZhC2MB8JWVtM9hOXSoRlNbEBZHpv_85wKp7hqIECx6azOKT65kHDS_zGYdE6CoBMQJARs4ucXfoQ,vn2,sea
BKOMw5c4DDjVihH2TVSSv1881ADdKd-ckTCBlBc2ZSX8KgPjHQTdbu_rgEnABS2choCX9hya0j9oeA,vn2,sea
rq6r_7JqLVoHQExl3helDlabFn4d4j7vNdWTkIjy-v-Ly-4Ssk26nAoi_rf9jS8POGzQmBCZnZprLg,euw1,europe
aR59gaGxhGQoxgOCTMPcTXx3DaOf31cLkNzGLuYXt2MdZl--fGibNcQ3hGj1IJsA0TAfnEb4Pujqkg,euw1,europe
pdjz2jiyNcOMfOWfmN5H1suLphAPJNxhsLS_hsFO8mYvADovp1CX8sn_H9mRqvwtNBnKwqoAG2vi0Q,kr,asia
Qgs8ky7BBA_yUcdxWUuHclA8R3pxH3PBCNfnvPE_VE5Xh5iPAzjOCJzYeP4VAJoQ0U9BY_trx6t6ZQ,vn2,sea
S1hAI2jnCwmYzEk6AnEbPWq4Al5HBFDWnYRHpcxC7Pl84x3uCiZSH4QvFyk6ig-xu3c_e6oIbsSZeQ,vn2,sea
mAg7QAKvFeKQhd-OLgKcVDzwPiDfRzOAIzP2L_d7BtU6R_vZMUZiXlQ94dGi5R_TBdhO5REzqQFpfA,na1,americas
fb1aA-8jA7pkq1UAdb3ugzHLyF3TkfAXzlnAUpPYNDVAy7bmxTs2mDFZZZM3gY4qgGXFTB7QSglHsA,vn2,sea
AL69UIdewKyhEYTPeZ-nKq_DRH1h8qvad_bbgKLoMrhLh0tD-NGf01Ag9EO62EwDcXjR5SdIQ3Rzgw,vn2,sea
ic0ydO2fE87QEyT-vkiS7oOEnm9rxpw-HL4FWRHJVsngzXXjwtobje0WVHBe4CCc91Wk3WJe0b1dzw,kr,asia
P1reo4WwO8liqFf-wWG0Y9DdXjsLiUiVnR_zZK7uTtlPpCOnU8Il3NJcNMEN3QNa11p1FabPp0AqxQ,na1,americas
zFn_hctOLQFnNVtRHUxa2-_qYQ2yEgBeBn44PZ2aYYqMEle2l55NORIE7rHKcNML-zDbqIgO9HIv0A,na1,americas
E4KY4GaEEsAwp6O5SJJNpM1tn0sGnCClNhOany9wIxa_avs9RWMX1N3B-qdNzfcvJHUN0z_Au4GiRQ,vn2,sea
HCa0bm4pfA8AMqDCs27CIDB1qsaEYA4aXPNob61jnntzjq-KU4hHQVrTejBqtu-i1lunLZcSxvW9Cw,kr,asia
9QDALiPovl_j7m2xK3V7FVHJDTD7xLGkIkrccnzDgxqfM0rTuxi0w2E8HpnmaamWV-ydfY6yy8ixxw,vn2,sea
C6_IZiXPf2TDTITlKgGsuJ6Us-YZrxioe-vn7uS1SJIL-hwZDz1NivZZm4gtgbxWMZc1CVl7gp0Dog,vn2,sea
IQvyJXEXF8qTtShjuK6SxYiIGrl2oep60h1KsOd1vpPPsZqWUX6nj4_iyQ5xady5HGoXXMt4X_U00w,euw1,europe
5oAHD3bKZacCGTD4JkFZsfpXb6TG6kMIaD0I7SP11Oi0Dy6Lh0RD1ea8lUOsfUpZ-8IzELRQ4Zrgcg,kr,asia
i6BQ9PtqGBbMAl8KYSwiI71Id4CQmPIV42L8RLRVWNB1IStewKPUlyK5wmZinAad7eN6YfAEeACaxQ,kr,asia
jtuTBXh5jxjBM6Lq5bU7yfUFzEK4s1ut2a1TapHqIGiLVKLLvkpwpOGPOh0Zh3b0jvhDurebARmfbQ,vn2,sea
_o2XQNiHMjFSImhg_kvg-4ybP99rHcC5wOUqFVHgiWbivL00Ay4Hxn7s8f8ZBD6d0su3K9oEKsT8Iw,kr,asia
2K8gtSqOSiKZrvhrYah6Ll09fm2pGrExtH8cTLU2ApAXc2zBas32qdktZTuxXE2G6rRtoA63zRczNw,euw1,europe
pOoRWAS7UB7Q-W3-30toSUvhYbqMKC99kjl0fF7nQeFXklNeVqHenZMP1L_9JGfMloMuVH0nhAyJUg,euw1,europe
J-MdHHaxPMrZUquo6VM6-8veCeG_8xeVHcKZjzcrTwPOLayQIG5RtHNWUDA9YE_zuQLoU9RCGcU1AA,euw1,europe
TfPXnaeHUuZjgntpg_MiwU0YTG9P1hSYUtXdBuB-GU7n6dZhyTcvbIW7fjG9iCdUQXt2RP4Iv23uQQ,na1,americas
sipPmz0ySIZa1VLprqa_BmcPD9ngKPCpE8cFt--5_4Prc41OSlriwU4FL0qdRVDg4tudfGgWO29qEA,vn2,sea
ayFaotxDIaWtnn0NjzdZeNffwaxNZdN5y-f7eAE74XBuZzcQPLyp5d1GaAdKaughMqfxAFKTDGuYWA,vn2,sea
mH-hxEvWBh7w0YmTjnnNg-SYMZ3tQxo4aOlIgMHEZy2kWrsDRDCqee0-sTdrJ2hGIi7o1DDZpCAQnQ,na1,americas
MzE1RkpvLWf5Ko0acnkmgCiKygdqiLpkfCXK9OkJVe5Z7TvfMjC9LhzpcVukuQIHhTwoSmfXH5A8wg,kr,asia
NcA57_ueNXK6-P71CniLICUzkOnUJns_2I6h_uad2FSG870pryURDH9QmL-S_oWrwVIn-U_9OS32jg,na1,americas
eVORDVcKFawNqr0Mu62a_gEdKEVsseG_CtYwjsC10WbggIHBDT-uU75m0phBgaMQ4rsS_tMcOnROyQ,vn2,sea
IBk-rZT9IHXxKrTXPqg_l_eB9xCWah40Ea0MS0M4yDVvtNBdRF8g7luM1GiCFb9N8ffnl5KFs400dA,na1,americas
fc-w81zh04iN-Gf8vQNWJafPa6BDqlCF4Babp_xCzbNfgknrQRZqBktrubEi-tmNxcNE-IKlcDUiag,kr,asia
oFr-wlB3EAydrtfWRobK35l4kib8Fm-YjKo28HUnmpBufIsYm19iYaLPJ4wody7EpZ_FuDv7slWYKw,kr,asia
Jzr5nUdU-MICQSbpx_FJ0Et_J_9gMBLjlMm8lUC4jLx26Zg10CclAIMvMutlqAqxbmhx8YxrdAOKSA,euw1,europe
NwEVkmKoUcVG9sxOVWwPrDAjhJlSqPLBK20j6cETqJgSA6Cx52os57J_N9r9f2OveH8E0RLz3OINKg,euw1,europe
ZUwrvKjAAWp5re-5BXo0WUMYB_StWXRC4N6g7xwz0ZSCqdfzhy9RdRbTI0zHdPbVV4f89etzdYFqeA,kr,asia
VgYN-u5-jGdMt_rot5NlzAwRAZqeju-uByAkoS1Lv4ibe0XMZVe-0XDz-hVNfISO_P2YerQYhOUMQQ,vn2,sea
HR15WQbaHumtilcz0OKUkFhkF8YIIMbnoclJh5OWSx3OO9ZK-UGt8mbLByPjJtv1Bk9OUeWIvhhNPQ,vn2,sea
0Wytdn5I_2AB0_mr3OPhovb51v9frCiUIVVhZ1gPsa2bP2iV0_mt-ugcoKtoUMc6ULuZerC8R0GMmA,kr,asia
MGYjQ-AcNEb6jHiA6HpGQQRJJqmA3qlHConN7fnbiHArnKXuQBLVDBkYs1SSDQXRxb9cNBEs5P8LUw,euw1,europe
Fqdwovg84rYqJBlLuuCMnjZEAvEO4hhHqojC8Dec2BtITGBX5wBbnfD65PfX7gGRv3uPZlIKVmpr1w,vn2,sea
SUkyTxpqhAOs1C_xOyS-m-1Iec5-MG60vMGuqYmgnV9yrfZsjBPQvXrJxCtaJUnP1eibbyVZPmSl6A,vn2,sea
XLyFzicsaFLfSJt4_l3ei4RgggIVfkFwoa9WC5KPW6Z4Pl5lE5pF8qeOiTjPzfgbM_p4nNCjGkkslQ,na1,americas
v-n_c6uFtZ-meFXkDDHrLa8NRgHLtahttfWClobkoafoMilgaIEPbiHsY2Maj47Jth8hLsIVu_upEg,vn2,sea
Qte8U7KEAKy27WklX3nnPWWlDDl6iE9yuB2D-5j4HJE4IqD02W5RTyrh-8f_6XoZwwQr7wb5oB-hPg,kr,asia
6T4sYni1gptXNI-FVNeQe49O9A89g_ePiDyGuw39s-ziOSx7rbPRW6Sx5pfu8Ovf-iJoJoWS8TuGsA,na1,americas
pwuGcg6gP-aZ9-eExkWhV3PXdK_GpBvwjIErSnzH93Zpl6trFu_HgueU3a4VkgMTIo_1rgsuIzp04Q,kr,asia
XiBFXrEaR0P8uLM55ljjhANCB5qMywMT7a1VQ10MmMyb4l0Ntc2ZU3VAzmPaGeAKNby0A5HZc3lNRw,kr,asia
wiFIlDWVa7f-LnnURf-S_ZFSOR0xCaSEZjilggbgxh5rY61oioTNFkKHMEQwie58fFjBCaK8T39U3w,vn2,sea
LO7IZFdSL55C4pggwUplvSzVck_YMo9uUVH1BUeS2chIloCtSGALLRQXlpIf-1G0gn86bTJ6VBZizA,kr,asia
gHMniLLZnqI_Mzy9Fs_Y7ukV6ejpaJQY5E68W6uMz3xzVd8A5OPTiudPyI1iHC1VdimL-XlufaueTw,vn2,sea
wTblCX27JrAL2ifJqC__jSzf9WEspdQZkJdfQatPjOXykaLqWrWwIa9RPWHh3jT5oKSFkgkVLoL1mg,na1,americas
6Fi_nQmDBeskxYuNF6ErisVXlebGp8p4BKwEPAK3wP0ANEXZoiIbuGX398amZ1bZsBXgsENSkeI1nw,na1,americas
GZhjI-bvGQ__RyxCzSTRsZeR44mXscyfGFhbfgPraW8Tl31W3Ke6XTKhqg_CopLam3E4P8uAOg-cxA,kr,asia
4yp8KBdxDpsnVGF4rx7eYZshB5B_t-VLsNhwVn5GSuJ4AQutECbdj6nFWGEycRHkM1HK7wos9Jo4fA,kr,asia
CzvR9gNlkNpMGLoFG6OZ2gd-17VgBveFkUcMsJIzFFyJ7jCrnklgJUSE7t297QlI4Q8XhBjRrAYmhg,vn2,sea
LGp0yG86olU5zBl53vNwcFh-GZs1YVwCC4dLEy2o1ZtT38Jvd0fWFR6Qo8N-vkyL9i-tdEYT_27NUg,na1,americas
Hw5psajAgPsuXQu6XVv3GuslHKlgd8NlyAT-nt7p9vREJsBigP4PPgB-pgxJWgcPJi65qyI7VDmYUg,na1,americas
VAN9nIcovCVy4G5whirD7l0KnE-qjMRm8fTigRHIs41Adb86JaSKa6t3d4cG4kCZWf6w6r1CvJHHhQ,kr,asia
DeyPf1_CfPeji03VIyGZJMTAhWFwmq7g-gYv10Ie-MyIg1fftF12Wge8Uj0NgE9axOJ0w3LiVKOmdQ,na1,americas
xg1bAYANkHH02G0fXnMS-WvSLNnXHUfMBiyvYHpcqdpMLVZazzzDpXkahb7ytaJWTY2mE12KYffz6w,vn2,sea
TnFFyq3LU1THX3Q8_EazlHlfvLQLgkGnc3lB5x6yh7cqtK_YdlU38qDl2q6MoPVjcCt8M064WjvwZQ,euw1,europe
08Hgeeh3rZIhML118WHUmGQEfuCzIfmFGWEvIhARC2pGUtCU9hdWj1dswhC3zFPmECRIu-PplCbbQg,na1,americas
aO4t-FENacURf5EvIUW5i9VwoHUKlMhpbDIGoW5Vk1EGSwJmSQ4GnkFpV61zEg9TyG3alY_SiORCtQ,vn2,sea
xEKOozqW0ZCSQi2bLdBaviz8RXSYfgvPGsNXxY2KY0qliWbJ33m2qXk-AwsZHE3JFrg8dyb7WutZjA,kr,asia
CwP_XIx4osuyXN3ZJ0VC1dad40Yn2fsQq-VzcWIcTNB0J_GCDR_9IySYZ04PjXm-u1gqbhgRTXTWTw,vn2,sea
8hzc8BJH1KReBNN1-OI4mFp-3F34vjS432xMOz6sDKUDLf8AeR5Ldg0XF-xHx8Xe4hTKM31TQiiW8Q,vn2,sea
zMbXPt8D0edO0CeIutwdQje08x-tk6PSBF8eaqcfwl1ikHDGQWZFcSnrQazBy3s4JMfebxAVxCzpKg,kr,asia
efeNfiDwuOSJjvvY2LKxGsBQBphNKrreWl5SviiTi1ImHLDEsgtFjiap3Z7o8zD9aJ9FpyMWfAZkzw,vn2,sea
4FRqtG-PV0zjmPIb29M9uBgi-LMA1QM-hMirc3wJWr_f5C0uaT2eqjENs-O5x7eERAKO-CQn7Ahovg,na1,americas
WWMH3Ztpn2P3qyPSrAl_vAXs32WnsyUbgO3i8-L6Qal7ZST60EkAYuU6qAsFNdI7AR_F0i0ge6XmWw,euw1,europe
_XhemcAr4gIwYhG6HBlFkzCyR-KGq2SLteEQzEEJHdCOjYFezI9G9K8PZw5Fos6ePWTA_HFOc6O-ww,euw1,europe
Ky90gHhri5UZ3-XfcQBGLx729OFhoK2c6PG8uYAg4GUoSZPme4z0j0VW20xxIh7BzUBQ9rhoRqqNKQ,euw1,europe
N6M4BV7AwB05VlUQZsTWTMj50xQ6j9LPd2nMJR2ykTOBFZ2l69QWSpcghyuxgvuF5OubCnP5g-bbqg,kr,asia
eqY8i8bQWsuLk0ZoAvAoIjNi_fEQiuX6HGE2-rzV84_ohZfmomquEuP9hmvCiZFySRkMKFVPzoY97w,euw1,europe
dZc5UPH68p7JSLellnHLdkLArRckUt3pEmeVUMTRCjMQNo2lNwVcm-h77Tr_dCas1tq7mjhslnX4aA,kr,asia
IyRstvczrj7kdmyI-K7h5tC_FgxiTa_7gDOL1eC6YLZCvzwUZw4-oojOUwa-Q_7TiGqLmA9W--QQVA,vn2,sea
9BbqTYMUII9SzJficFsoW03hvKebGR_FT4PONEpy_filRmi7qlS8ea-2qXHFdlcKOoW7qic--p8BNw,vn2,sea
rDkBXvcmK82TNkdwL5mMKUouzc1qoPQ9GMRjQ6T2bJGb5ICLsLEl1bRCBryVx1WvXdywM_fkJFpihQ,kr,asia
5kfgoxm7ADt_QSu-VCgDx_tjSMX6ld9tJqZJeJWp6QKzUa4gnKUW65434f08k26fjUyfq092kY9oNw,na1,americas
gE2rVCHDdSta-m86FBcMc07Iz3WJKb30JwerSmTzCmL1K1YAjEMIlUIXZjWxTwKwMCDQJE60k1LC2A,na1,americas
Q8X6dn3op35v_gaV6qf6ZFYEmyIGepmIRhEPGrut-X3uD0s28nGSe_qMUfDodiW2cfuTUYEzxAQr1g,euw1,europe
AABxxpMbDKeZJCKTzs69s7Dvn8RwUfEj5wSzZ7DWrbTwDdEUFhDTXM-v2vHLf7uW1ibVyscGI4uHDw,euw1,europe
hZP5Y0QXFSduvfYyJfkdaph6cIqCPJTA8J-rsG9M_otrZSU-YKwlW1vYE2Oa01DHNfBjK4syPXFnmA,euw1,europe
BFxOXJ7KhXkD6Pi3lQPhOpctiBUu7uzU14C_IbpeUIoNvAxbawiziCgDfB6brRxO3k0Jhlovqa8_SQ,vn2,sea
HKPdbS0oSe-ZbIdSY84YfM6tZZiYBhqpeT2eZfUh29ERRn4sa8BEMlVJKW_zdbAW9cjVdoj7caRLOw,kr,asia
QMgK4BizrJd2VGDgwqIDJB-M6xaN-p9fFYTLqYcHSvSsJoqG8AwUJcWQZ8RiXj4dGKN6PaZhq0rBVA,kr,asia
IDIMkHtf3JOV9el0m8S29TSbSqx8dSfSePffz000y27pFiHCIFneAvT48Ty4G45tGuclirlAQDEP4A,na1,americas
YyVjx2BH5qrcE5-6lwQLCvZJ3pROFVZICemAc4XREg-BrF_K9H-tgvMW66JF_7SA_aKywHRmqMtGJQ,kr,asia
sM2JA6b_PG6udXs0uD2b0lF9Zp0AYZJZ-LVvf9mGAmNNhByhLW1SlodLBUjav84YcUCI6x65OOrYmw,na1,americas
mCJjt5pIkxDNylaAcvyh2XT51AOf8t4M94ZJ4VZsT9S2oreJ3cWieV-yV-eg75I-AGmaodbfSevjPw,euw1,europe
ij9unIXqREjFE_G5bVpkvNG0Ztl4huohlqYkCNilzU_ximTReVhQ-k7lJbAjhQ9_9Qj9eZrYto_W-g,kr,asia
X1VGT9aI4J5S_iExTCe3OqXpYKZ3jgqmD77UtWM159EFb-IJKxbYC7mG5vRLRWL9PL4nSIC6Ur9rmg,kr,asia
019NvSO0RdcYun_jc0KL4hTdVdR6_-DgsWVbCWz_M4waf1agTXgBmPnsCrRSpddQi3_bOKKP_AOXcg,euw1,europe
DXcsRZ8slVIWHoCz6LVWPQrcQqN4-REZuY4oa3c8zHimB6gpZc3Rfvz2kJzE4djjStWymMvIgrT7Mg,kr,asia
BP0Bi1mEYvypTNhXglhJxh7mMa9LZbIzFAUTdqoqaq_bZTCE1QBOvpRBnlRbat5Co4MCzHNw-Xls1A,kr,asia
2PC2YBvsMeY4ebmOzaoIHPAuWZAJDN5zRTreVVtY8-1w-XjkcJP6HjHbonDiMuZyA5j7ld85vudE5Q,kr,asia
IMgBolkLbLVzxguYnD7ZjYGoShbPPUvwsj9VVhKTzvbgkc5785JABSSG6OszMqSl18NMoCj5-92bng,na1,americas
oMwHRBFrlT-6pbSrGmxU-tsdnrsKCHzDfivQfWyCkvuAvGp7_oz8wR7c50mtOAHKNWfHgyON0FRmgA,euw1,europe
jHWmuXO-ZxPlQxOgY6C2-M9kHJK1j6w-7hz8GyboNHmETkAb9W7p0Fmjy7VgjxE_5AulIwnRpyjd7w,euw1,europe
EH7cEtGN8jwh2bk2XNv7ZBSS2qzNP_uS6PxdMM9_Pt9Z3boA8p6eysi2DMmdsLTz8rnSnUsRBQLONA,kr,asia
D5O9ueBG-SEK75BYi8xi0jYYRRIHgdP4Nbw7NTfQ_xzeuu_Z0J7CWuPp0uj0TXbUA9tAKTaL5cdIWw,kr,asia
QMGp6kvYO7lFGH39QP18CXv_q4F8Mmi5N6bHhyc36ypvXtRSlKCqM9fCU1oQsdTt-9dWKWdZrJ89Mw,na1,americas
_7MRffLzs1DM4jIn2vr__w8t8lc4OxpfK2HUjVwz83rHyqCnMYBagy1tH2z-8MwJmDhX393rlPTaFA,euw1,europe
16CY8oTja_Q46I0CvnnfsBbU6NGSfW6512VDPj7mh07sivIQdgItGhp0o9LjGs7EP6epHQytkdRPuQ,vn2,sea
-Qjl4Fg7RoMVtZ8EVP4IUXWtjT71Ldocq7y6Eo6TzNFsws_gogGZ0vCuKE6R09rRC7H3O8YrkirOkQ,na1,americas
5zTgpjbmm6rS4qWthFKCLb4toDcay9hOV_E_saA1vNcboijyKByl7rlH064q5QjcMqrgrgUTSatkHA,euw1,europe
OeW8ETC95ZlES9WTCjt07B9U3m5DDSi53lfEps8IepZUz9CzwjPh5oreOdsXrB3gMnDEffpphoPCJw,kr,asia
fgSq0yU5FrUjpAHdQuZNzQrkD6nTYEHjH-dz9D2doNY1l-Q8ZhzIcWO1yUjq-uNQ8ik0YomzwcBA7Q,na1,americas
7_FnEar0DvNYHdJX9aEsa8VuxAjmGWB0bDmhdte_9ZeWHaqyTP_Roy0QgVaN22UkZALAMGImZLcwFA,euw1,europe
LiX4w32gc6rdYGL4-4YPe4iNgGBEdUsAJP6aSL5uLuO_akWSV2Zg5iqeY9wffoTsrJemoQ4ztHTPfQ,na1,americas
QGZYISrOwHNYoKYeY2l0x2TofHrexycecQ8oryTOniiQRvj4E3_UV7kr2T-1fm98DcqRxG7CqN3ZFQ,na1,americas
jOVoWfVjo1cXB69myYcunwUGHJjziN_K3PE63mF-n84CrBv93GpwcD0w4VdNFzFjjB0hkMm0I1t4Nw,na1,americas
qggLP9ICSxWeZplRM74tGtLCvDM6saoTy_gq6EFFVVTnM8_EM__TuypoMe6xyrZ8gP33GWsdj3s6WQ,vn2,sea
CMCw97QpjNEPJqvo0A45tI_Px9PH45_J8GaALjeimPDRjYslNz3nG8h2ZD04LJm7pR6u1gjLFjyOpw,vn2,sea
bHRRlDZWRu_Gj07eskUs44oP4nFILvN3OKt3-VO4nxM_unFINOFPDSwjzdIMZworHv_iocJjSTV37g,kr,asia
r7-Vfx_fKhVj3LV4dWbGgBlZPxDVjaSWrV-LBsfzeFBTmxuuvMwrD5sxUCiLTX_FNmzu0_pgf3fl0A,kr,asia
BT6u1GUvTRV5-0aNZtP05ehwmezu9lxVYsb1lQyl01TT95o78L8wrJ09xn5ddl5xDgxzKcQmbhwyog,na1,americas
23596BADjPEyxZsgLya9USk2mvwgOQ-mlzSG8p8Hf9QVCWwJDUgY-J-sCH9bQ_ZItRjQDBuMKDNKCw,euw1,europe
DMmAG_z2tzlI5KGe1D3Dztujg4xniL56JkHbHTTiQoj7Hv_54ko1ITnROSdmrIDfIRgeCUXON6ZwSg,euw1,europe
mEkjSjEdltdCTFYZ3y8ocIsYvfad2zHFBPPWotcTE5DL_KXKgvlgNEmPYvRYls9jJhCEXflPKc5oAw,na1,americas
7weBxXdF9dIuiYmvtfgMADky1hBG5iNmSwVVbvUZtFUqt_r6hraPtjWJfoZmAn_cVNCjlNPvwkxkZA,na1,americas
NjNcrLDLPCRRH3Nnrm1jB_OcJFFmx07Dggs5cA3w2YVb3WkwKiI0wh5MmJutw0pt4P23KRfqrStExA,na1,americas
tdjA6WFdqPo1Mdf5BzMVQFNLtKN7D-NW_0cBEQJVI4AhHuo3TIyeenH7Z8JZs_5_rinCnfdmYKrI4Q,euw1,europe
G9ajabPn6OQ3IYBoez6RaOO3H7s6YzdrSAhB-R1wrty1PqM_R8-XgaK6XWRPo_kcXlFfy9o-4SwDiw,kr,asia
mRx7KPR_pf2468A7rENi9tKGH_ewoP-qpYovdPYtRXCNYh8s0xAmfWf8TxpwysIZcGeebk_z2kjDzA,kr,asia
0kLbvYIb4pepdwt1bWpBr89FzpQPFqC0u7dOrtVMnc09fwXy9zN3YwMSQ0utHaTg4EQ5ygtrNPqs3w,euw1,europe
eifs2hlL2WEyGrjWaYEvaPMCEKLI8m0oySmr0eKRWC3qN1WPZJNIBEzdqtAxt-9aKyERolua40UdHg,vn2,sea
isn-WZs8qQ1Qxdg99fW2RINd0Wm3AEUJjLFCr9I_diEDK-_HnjXpv6i7lroNgncj2oIfwy7dTHrm_g,euw1,europe
sYM1yG9xPUJDaKDJTcmKF-F7qAJK8VEsztkKvMy7S5kKQgeplIK8DMHw1tEJmI3cd35UMR1_0oqsYA,vn2,sea
cmVqpoEsDb3wlPpVkI5EjvGj5E-9wXkPEFKONaI2TVNW3hnAWG8D37S66MVmMDesybSeDtlmnDRZog,na1,americas
8NMs4DH0JwQreU8Hwd8kkFUWRwY9LcJB-ctOwRDGmkUgG65VjaCeXa67dpDmEa7JiTW560liflTkoQ,euw1,europe
ZeHiFI-Qa7VwJRUY2iwPL2ODrg6mET0Zogip_hSVlDxuFJukzLATF72f7YKK6wQxA04GMKHv0nHbaw,euw1,europe
jAv3tvk-uLe70TmZIfQ6f_krxYgkNKQAa18EkL4u-YJs5pwACcYHGVeQq5XHi0KTSq61Tb-JhPdhJw,vn2,sea
drdrIwog9weKZmDqW0w70RIFCn0TuNu8VohmXT8YwdiGtDQ-3lSUN9FIJACRhHp8mcgc364wDDBGZQ,na1,americas
GKbma_xvUKvbb0bh2tOwnK5KzNLXtCN0qaWb5ccaiqOEvQ-t5cC_7V4V2BpvA-ZVKM1O5lu8zQMINw,euw1,europe
Voo6Ghi59KF0X799Vkv-wMSywuptqG0lSjuxWtG92YMlpYMaKKqcPWrG7XggWm6CX6nHCFbf-fN4Rw,kr,asia
8FkvvArQ-sjX3mGm9tXwMXm1aXSoL4rM3k_2RMZJJZq5KVegN3MbMGDVz9GGgD1bhyXywDqNj-wgEg,na1,americas
nWYd6-Q4BaaPBHoXooEJ2tZwuJjxH-JFK6erpeCHBqWLNIe_MlxtrwW0Oo_7aIplaR_wvbqe7CvkrA,euw1,europe
fKz7CieWuTrfAtUaLbiCrCkX8hm8fwwHJjMcOxTx-qdhQxDt39ShD5xNvvzJjO2V6a76T7gDxFa8-w,kr,asia
cLi4seWIY2YUccS40TtZ20ppTRLCPduaCOSKovdFZz9jxuLjsiiuCliZGxjM3o14vWFBNg0FC6idsw,euw1,europe
EmRnKvK3axlRRbnEe9dlfD57N_zuBeByAte8rACt7Tsn9vRlQuAg9Y_PTAikobLdUqDdFztUbUPjXA,euw1,europe
LQmEHvP8tal0OgBN2iDNZ61N3I7F6Wu3yV3ZrvoTNjCYvktbuxwxfxgKv6j87eXl6nzzAukxqW1mPA,vn2,sea
cTOQhZG9sdo5IMTGJo-vKhWC26TfhmNxblEhORGP_oBghb62R753djsIiERMfPbFq7jRPac7sya8JA,kr,asia
L_QeEN_TeWoZBeOH30pIBi8dKjoZwD6CaDmO3fqGkmTlBbNnM0r9wHIaXYMyvfEaA_Rhe5iezF67pw,vn2,sea
fl5HjjBcLf6gLldDTcgwTAz3_3OmCA1szO-M013RpQtIJ1R_a006ze86ZTrIDOW2VnL-Cg24CUdhrQ,euw1,europe
2HnIvjGVZS1vrMmHz3MLSUzFWqRRheWhCkuZiEZ0D4cddUaUOLQMMIHsFXZ0mSsqg8GAoV_wx1Y3dQ,vn2,sea
8oHVnSGpJKOnXLrwOyTDgL7EIW2PajRoTnSr3aiMmUkAqdpBMQTK4rW_4mr_kyVdbw-XOOG6hKlzrA,vn2,sea
kXgMZ8Xv_eyYMuSDQvXoGiRiARHjSTlwA8jLDZ4tTku2IqGfCtRVHtTfvMBfrwINUMGu3yGxCB0N9Q,kr,asia
woEjLTIkdJZXLGrOix0di-2tMA3mt_aePFJXKXu8NeuD0ok3F2hw4Dyk3uo53o6NWE4rXx4WDMwC0Q,kr,asia
RTd5_EYeoWljT88KGqyEE-rsv_KOHtSvHl9W2yRvRCuTjYpMkBBEtl_geJILyrJE8szitjcJuFPh8g,euw1,europe
-2N54dWWYULeeoFcn8x3dXCng5NxptT5a0ivp_idiJal6FwwLrn0D4tlkjO3RoEQi_8XPDkxZSeEcA,kr,asia
3IfvDG_UJ89mqg-wIZ4VCPEH4Pc6AhXDk_P1tYs5UC7ku8RQT-CiQ9w2ChVtat6zS7yXzLgqetsQDg,vn2,sea
IdsG_WpCb9w0VTdofrWFuuOSftQfXB1hfZCOcggYqIP0N1_NvJBEHsCAepNsUwA6OjCCNXpq-z5JEw,na1,americas
NN0WqUmA29TagKz35--94JC31AnB1OaII_pB9Q8tGQMlrNXCWpzY1U3rgfeCumqzMkR_xlgy6UfCyQ,na1,americas
PKGxiC3mbEW8XLoGRGaWeby7r3olVj8wbIqmbAUqhIm2I366WhRi0gsiPtM4Df9KGOEtM44SgsJGbg,kr,asia
M5v_Tp4TRO0K6ZUWMn_GaQKBJVphTqYFIjyzg4H-6p-mGzHRANH-fRSQLLrBGWjTmJgwKvdTPgczUQ,vn2,sea
fs__S2ME9i5ajPTB0hb0AV9Jlc3KMcGAjHNIvQsEgWaP6qdFfVpPrvF3kcnYdXB0S6BQHKYBhlG5Eg,vn2,sea
dV2C5XsA8URiEiqxrZuCBY9iTw8REt0gFO8R3jkBXSg8YZ9YidZZNSmo4JYzfBQ5tC8aSBv2Xoxkvg,kr,asia
Bre2NXEbKfnen24mDyQDHe0mgv7lVPIiYDe98DgNCLyk7KbhI_00KK9LEdP0NiWV8VbdhsxSp72HXw,na1,americas
JXUto9kVx2VItD9N5DuG3-cIQzqcvUr9Cpf3CHyR2LrgE4RYOOqxyzA3a_OEGMkQPnt3hWJ_s-oADA,euw1,europe
4ShNREzufxc9rK-BOP4xLJ8MveB6KSafYUalarfojD1QXP2dBiB5E97Fkq2MLikLZ4V0IrW5tW9g_w,kr,asia
32wVZIh3CcHZT3dfZY3LP2v1ttKtMWV56BNCTQhMunk9YTpOZKDy05xexuP_qHuXXD09OQlxijor4Q,kr,asia
xaLNqngfRABO3wCrkm3XPrGCMf-5LSpIJf9sv763umJikEBAk7crAmBwgo_-8xKzIGCb39R5bGIZeg,na1,americas
YASlcAOwXUdOPp0tmFr9wKv8WB5E7D_cwFuP2QeTzHfdBdL4yBxmxlQYhhJzJFRY0qT9asPnmjYqfA,euw1,europe
flfnDhRKeExvE4In-hsJkOcm-5j6pc5Zisp_Pmm8LmtavCeMNKs8G-nO3D6eEhvuG_9OkeW2i7gP_Q,kr,asia
uqHXFL5Zb9DfqPqzZYXkW8eZJL9JffkTpBrJvEz8dDaiVs8rT1aRZDM-J4poqiB4Ge76xdxPOzUoTg,kr,asia
ZSrGrys5z7Sq-J3LmRunrYZ2Ls7lUV7UwD7pi-WmHKTjovs5ApS85XTzftxERB968uBFlVMA8nZgMg,euw1,europe
Wl-v3ZXrQd9bjTUckcncUKDpTpha26AZE4YBKT4gbjcvSpCQJPuXZcf1K52yHTFmmQP-uc4WVzR4eA,euw1,europe
5ClXssmG_swkE7_3l-FqyUepAgFYbIN9oZeftZsqQYz3A3-JNrhUVacJR8f1XOOQq4vzxLOkTK78lw,vn2,sea
sQVS6ZmGgO_mqNKWjV78CL6fQYW6tvr4lmydi_fMlXjQzaPuAxnPK4Zze4VsQL9tCxeFvxzg0dzNLA,na1,americas
Jskgv8uJkBTIegpdOvKguvD0qAWQ9KvZNY1d1O_yU0XbaJ9XmoVG6ONezigzlp0-6fJSrfUJbiBhGQ,euw1,europe
j1WnAcpTEMyz5vlt98LZ3jRIRqiXLmN0yXI116ZC_pxFszU64aYAjK-ugGurhjPtKDmQ-4rsBACKmw,vn2,sea
nQGFtFRq9EGIePjSBJ-udwVxcoWMd9tAJAocy1YOX-F_Gf73FrJRmDJAQ2GJOhSjkUfq6pwbvCkrjA,na1,americas
HTDa9rqsg8zvkbiKFKTFgQfUOMeKI6ss_b8pVFRTEY-KhGl2kBmQJicZOI32Hx3QqgeIJvEgb0Dxww,na1,americas
sBOHMM5T6Fp-jDpmEI2W7neZKgI4VP4qHoz8qJAUB5izpoxsXOj_BCfkIyyr8QSuh5oq3mggRkVReA,vn2,sea
ll2rwfxDzMfhI9FSz-lJStlLCTX7YkZb4Gk5NF_rgdcFdAcUw_-3C2vTC6DSyNe0A51O4J5hBQweOg,kr,asia
a3NhlJwSUkkCVoWmy5C_sAZwqYTMk-VrxKoRmrOnWVbkNNGD3e9gldmkT5iUjqskM3uPVS9o-F4W6w,vn2,sea
ooKDLv9CqVEFwq0ZQNj12GdmeORfGnBPnLFbWBxfzgo6c_PgBz69ZzhJIFo0kGA6KctVshIFFFZWuw,euw1,europe
jRGmWw1P6wuY0MaFh8GRM9xZzgDd-tBHGA9w6DDynFYgyKrsm1kPuk-srXEC6ohrayBlF1npAnVX5A,na1,americas
LPoPDmzZBB2hsuIwmJoN1kOAoOSywJoUJ-WHVgh61xFdhfS6PQCsvzq9HEKiKLXLlTxLAZ0gJz9LxA,vn2,sea
N66ZCIljN2QUgWVK08pYXamfS7NgBQ7Z9K0JORQbs5QUDzwaE6Q5v_ty17t0tt4yJMyq7-Z6m9j23A,kr,asia
FFs3rPgqP1S-lnG6f4_H0CI25NO6qqvldOojx5GtFdW-gQ08U3ydrOLNAzGD-EyUwdVVWa4eQLQDMA,euw1,europe
yOaGs_9vOSxKzo9GXg6VQZcIzYBmCTn9WVXTPIq3dF6zgenxMmZVeR7gCGgw2hwhgZVzG-HdOTB8CA,euw1,europe
sRDZsz1nta7upEuJQWFLY0DiHCOoYi06qA6DNWGDEO310qEUKKvB3A4xP_GWxtGbAlZqgK2w3F61fg,vn2,sea
UaAP8G1GMI9chZpw-IMmBXS6-2Aqi4PoimtbnP6ueaJFXPelqsT_eM4ujkAqZibpscRu6FFiIzn7tw,euw1,europe
O2UG5Q-Slkj3kXgXgDJ__0gagMDJSPmIwU5SbZ8xK7UiiHKCyw36EDTnRk6FnWsWRJEpmmazCRa7-Q,kr,asia
MqTmz6QlVuq0YsKBk50N475UD1aSbPIQ1NoZ5esYEQRgd8bzmUiqSFFiYKoEOANYvQYB0KijpH6wFQ,na1,americas
ncKmKj7acZ0tPVQoduiXEXZBoGH9ag7OWqQoCn8JZnf8N311UsS3fo34YYRjmMqtTpbzXA2k9YZ9oQ,vn2,sea
rDK1Tj_bqzHHHChIEFOc-PqYWWQEpRrnJL3wWLX1dbMHYTMdLaxXDP2OT5JLWvUrier7Z3z-VPD1oA,kr,asia
Tw9KNmLqS1o2L5ycTGo1__lgEgtRbbBc9ERLhPIyEx8BU5Ka4zmiYVzZd52timFGLfdL0PyrdTgTcg,kr,asia
sH02XkSzDLbP6kGN4qa6ReAR0czB6YUhI_eySpG1_aLhJpmZQqH3BpI9Btg57CWjesZr_HV3wCJIag,euw1,europe
4f7v8DyaxiStaalGvwm9GkMFQFTH-57JakiV5iSnf6VC4gAXJdslzt9uKf6IlKdVWakZ2JwwymYfIg,kr,asia
qDotvCGPctbeiTxhRdUSAX1s-Lujo0HwoLo0dYBBoZGSO68sMCNyigpOkwjSpRv8TWXWQcyPsegbnQ,euw1,europe
4VrmEYkoGaBKhZDIoW8uPhv9OZksvcqAjyiSO_EW0Rq40RuY48oWxORJueW6_MjKP7WVPDDCzKyxng,euw1,europe
0Qclho-KutI0Ga6vSGKJi8sxwP8llivee4w91oi53JEnjal_1p9fnlDUnx0aXfQiWDOQzhzQq1kaNQ,euw1,europe
3w9XepeI__Jup29hXS0uzbxbrV-xP6y66B3nFmbcNPyFRXv-A4b2Yf_GMAfbrGRWQx7h4IR-aZe5ng,kr,asia
IYsVnSZcTkJbuJF2K6HiDkT4mf-rhA6SMVHKkmlhSf3jl6tJQLK1-YO1LEZ3lwga2kDRj2np8nT32g,vn2,sea
Cz-BC78FxGiM8CAA1TgH5v9l6AK2Bo_-nzJrE7v0nvrc7PKfPd5pQ9Ui-kPVcRh4pcNsAKWxuyjBSg,euw1,europe
TAXGKvECEubCtV0GLNoMBBLHw2MMhOcf8nGmnuguiv-FA5yEU75cPEV8yNRWWbeMb1oUnsnQ0zYBaQ,kr,asia
_2Ah_7JDYeoha79CoBANDC9E1Ul4e3moaoqcTJaSaFJlOJcvSyqOZI4xlQxmqmulg5N8j8sep8gvfA,vn2,sea
1_exoeeolVYk1TneTDcFifJXYwpzodPydn3NbPX45tRzphTJbFFkOlPpvAPJY6t3Jk6ypNdegSd1HQ,kr,asia
jWVoOrYerbLG7Amde6kvlHXPoaDuu94NgpqmujhqRYIJ9GWAWjaLAPAhIVv6oDp5NoUU0vqFkgqCJg,na1,americas
B_giWgXiJDWmd5XcqiVt33fdAccsvJrgc3NEEFSzSLZMaq6a6bq6uwRrO4Cecv-TCOG-2Qa68tDO7w,kr,asia
A4fWUZjIM1kaod-CpRnjfjKFCNqMpehw-QKmcejHNYsFHdhqI5ue1T44ZPqrc_sdqlnBEZrX8wECiw,euw1,europe
TmmVn2CtbLXhtAC5-rGldXzkkV-2CPqL6lIBldSVeNCfLU3jgYLZUWb5PKBHc1I5sOiwUZUk3NMwrQ,na1,americas
JActFnPopWZmtvd9w3am7vQigLft8qG6ntS8EIbPwE7h-w3xAOn-EreTrxcv41UqmfWPlcx2t1WF5g,vn2,sea
_p_Tx1ZtRgJcPnTfs0P20fVROtuGtFPPqJyH3ZWM6iCutQWdy53fiAr3yc_6jarqTN8Ui88NYmG8qA,na1,americas
vO_dSIsPWxB5rYjrloKR0gM3urgqmRpuvmMPXWIhuOHjjeXTRijqAYwxYEW-iFh0TQRqHr0WEzLPwA,euw1,europe
wlUdJysJdx_aIZcqXypBryeyhkbi-kZtdjor7aKugU6fjG-JMvwr4wIukNu8XuxrZFsRjvcTbOsrdg,kr,asia
ECrJsJ7SpF9LbAZ784sBDRUOl5hshHyRUeypAe6eFXWLDbqpPPTEatI_F0YnNy4FTp1dT9CO4N9DUg,na1,americas
RzrqhTdL1I9hTmf41r7RDru94eTGsVnhRHjVHHpAWxt7i-k__q6JmVaoQ5ob9YN7FdttW44c0yO--Q,na1,americas
rYy6cO3XCZRFBauoZYqpskvrhWRGsscEC3W01cOG0stdD7YtqPPxvP7I3CdG78YyumM-XSx6HumJUg,kr,asia
nYo451pfn08qy30QbsgLbBXQHWzf2AzjjzXttjzzBNLLY_fMjaB8kH7IOxhEKmmD7Wy1zJ1X4DG2Kg,euw1,europe
RTz-2vA00k_BIPB4PXeB4WSAVfM4AFDqZkPBwUwgiNj232lBBdbCHQN7NzKUKbZmj56f99c6-pm8Pg,euw1,europe
LsAbjx2HhmtaWCnYRaXausUsgeBRSl4PaOo6gYJlG0MLrlE3Gd_7WMk-1XO8QUioRlxvMqD4hHoKNg,euw1,europe
2MYATISuJhN_uLgSitAPpdnjKHVM4E5ETLTYs2I2fopwO-tjzM7aNYrEVgLFEULaFKo9AfLTOQmpzQ,kr,asia
vPlqlNbvkK5MfEjUDPXbpQpprPlRH50dUuGF47cHpgNajIX3s5q8ZiDITcfhrWpoMI0_ipsG3_zlyw,vn2,sea
iIUkCXMl_0szNvfrJ0NHij9p7adAf0a3bElby7jhEHsugO9yILspvVEp6QZOLhabH7_sSjtv69HdwA,euw1,europe
kv0p7VhKnQYcjHjpiOS1g9aHCiQS9qNE7zMPDmsaioctKCCOUrWkzHv04m_Nl8qSiGHMBH4kvkFViA,na1,americas
I3ZHGtgkXO0TWDrJirmdUuckBBCTDA94KMeLvhvrtFYliJE9IJtLD881mbD8tt4R83i8J3qPAB6mXw,na1,americas
qcoyVFGgt1MmVUT3Y365X3EYwQmPrERAJ4hw8kA4hQH3HqDDlTv7TpCaFnh88dx1Adtd1DXfr1CkDA,na1,americas
a1OGZ-edlhtiRaeVZQsyiBvUAHFmrykedzt4j4yeek8bZVYnplZpO6YNYydNyMn-jNs9sdOjfRQ1Xg,kr,asia
2vfDREl2Mzd7Ip1nDU4U_hVrFHFXAFpi4duIqvJ6ukbh9dn2-pS_3R6kgJenGzxEWTZVUHHZ33vqzQ,vn2,sea
xmgJbDVG2wRd8ej77HLnLkY2y3UaRl0k4lDAqPfFQxmK2ckK4jfPApOlCn9BjsV-FNXKW1DqLsK6mQ,na1,americas
9YEyOOX_rwl67sOhJiR7YahXg09UMCrCLbkChsl-j1ZySQ3n0AhybabcxZiTP5h17cp4DP0_LkOJug,na1,americas
Q53CpomZAnTujWCV0BTnupkAR6kftUbbpvWJo334pEe9343MTIj7kK_JbOuH6MojARNHFAWHJQCHFQ,kr,asia
lMAetZ1P_Kv2y1oOJKVQHI45FIHeJjyupNTUD8XCG1H7vp_g9bhUSoNqnbvNnAytlNITZexOUK8uTA,vn2,sea
lHE1QHLHyfKFzN9dyQiSM8XueQ_JZdXveAqTH_Qx7-RplWsAPdx7vZFecjfGRyj3AJV9lAMRTYp-_w,vn2,sea
XFja9CbAIKx-HHSgDb-1ZqraMGyWPJ01gFjqyeIYvH5bIrGDkK66fVDse8rHcapqs2D-gz7doUpBwQ,euw1,europe
ty0ZAO09QLDdG0NtGoB9KRRSNUyvh0JAcepwd9uOJ7Y2w5MEatbQm6Hd6nelwa18eW6uxAmqFAViPg,na1,americas
4fZCF_2VAth37T4z6hWyAQuIDkaTniRWNqZST_xebe4W9fURMDXFzTN_2a3fSGc7HHIHz5FC9UlhiQ,vn2,sea
1yLAHgn6-xLsMzD-w5abGMsK996LmYrlp8GkAD_P6C8GMpwWCKnxJlHFxX3l2IgdQk7Es1_QScYExw,na1,americas
GnHxrMVXLvWGrQ0Qy3q4E608vXlzpBNPheQG0-UcM4IQdbKDgkmmSzRmaLv5wsFNEPhd6agYOdktUw,vn2,sea
0Gcakchh7csVgLnnddNesTve3M4nIA9MWxzFZLWy9bHNz8MT2tlLjzJn2m82qWg4jL5d437z4XN1-Q,kr,asia
mxRdFT2LM8DjACu-efRsygIqH-OC0ftbSAPAaKYnrgN_DyDxqiPSjx_1u9rt3jd7dLjG926Bo5hZUg,euw1,europe
c45dAzlRQ4sRFuUR5Qm83a46QhfKzHKJatNVgRljz5Y7f7ay3Uo_7yAdIGergJTV8fW02Ji7xWHFVg,na1,americas
cAxngtgx_i64dfIbCQwpjjChEiqXdQjw_UlHeVhc9clsIVTPkGCA4Lx9OPgNX7Ykc3OWiwICWGiB6g,kr,asia
CtIcCM6cW7ZnNXZpfbOH2Tnd0pIC8noQ0YD92KFPBckm2IO_npDZOdG_IKnbuo3DfJNBs9GFQhHUSQ,vn2,sea
gFal35PV7dgotHOXCYQL8BEFv0KJ1TKW174jnHX-xyIEjvwW1XbxOmvKBf7tNUP9dpmPul5Lj2z_Dg,vn2,sea
kZFco1uZu6mnnPFoos1kyo1tA9T0r4Up0MhVC8_sXYiIYaWtLNnBP4eJpKYQc-SmhdzDSrH934FBKQ,vn2,sea
ULJHnjCfORFJAOaLtOCO5CaFwzrudFTI0in3CpH_VO3KsWVYzIDJ_YbAwaqrdkXuSY2wTa9eGs0NSw,kr,asia
FfFAPFNwNiMD5vwWCizOR5SLJM4FQ9ORhqSQ82UGyGvVXhByIuPS9pBxSUpdbRhMqMrIq6HI4VIPPg,vn2,sea
2rHbvpUEt1yu4Ngr-Sp0J215oKsvkp3MkXzTwDIBlJ3Qm4QqhglwU8q8CcoqCZYJNVrkqa0YCJwN5Q,kr,asia
tF7oR3eqVB1kGebiG0CHkC9v9tEyyia5QkPdRk0Iey9abKGRXQ_VVzmPgt0hH6bRxUfI93HwyZX1NQ,euw1,europe
R1WW3r6N20TBuDDK9H4Wp-Ym5R_2y-kgar2e2vbihTFVlxkcP9DYzmnqw_DHhY1GlIdS5HDDhJSm7w,vn2,sea
io47L-7OBqHe5T-yJBPuD41BDgv4N54y4GAl-RElYpKF-HCOHtlK84x0PUsMrU70kjA1Pi_jzwGCOg,euw1,europe
dQGTO1t_ME2Sd5OVgninRJazq1-hoZDTQ4mw9cQhPu2uE25EtAcURjJNdv0yqjCjF3mhlqn7_3WgPA,kr,asia
cqegcXgijKkQnSo_w6Uc69VoWO4zU6S4ry63VBEc-zZ_ZClpf5_Wk-zs-mqI3ag0ZgcnoL-D62Nq9A,kr,asia
30auog_paDsn5pwVT2M1qjUYuDcNn-PxM4JcubMP20pdfuMmG8plm8gGm-6ZLvGberCA3qr4xC8jQQ,euw1,europe
mdaJjworvuuFPauzoyvNKWB39BTi2tmusBjnZmtoTnliy9e1YBTl_5205nwl2kDL6Z-cW8SRB0Revw,euw1,europe
QBrh3QWl7BNT2YDRxp_iXeuk-2gAMMu6E_ScMdihINMKHWErjcAkcL5emGfy7fReqY_-cC-wKgQ0zQ,na1,americas
bW_v191eyLJv1DQuWJthmK5S5CTFBbpQiFkZUSksDWCCIDNdUw1SMZqQiFKM1Zzgdcv4TuzCOZUfFA,kr,asia
snZ6xaqwraJGQQTD42YDIu1yEkrBka2lZ7v4UNNNfQoVFbwh0p1E0fIe_y8On0JWLNCsLqsbN3nFZw,kr,asia
t-bBMPv3fzagZtHjKE8guWEAZO8M2lr2EghTqsg6P-kGKQdf2H_0nvxzbCmsuw8ygBd8-4CMSvPtpQ,vn2,sea
XL8YSVk8nwXFKooo2y80igOocw2NipeOzT3odQNXD16QitStzyo2e-aqPAHEGrsBoYdr1oGO0PgVxA,vn2,sea
XlrKE9wxx7EcecLfV-tthCxGgsfrbe9g94hRm0IY7ykAc_uMAtYpbNWENMNO83bwzSN0vIEZKtyrLw,vn2,sea
8Y61QY_uCixmf8g9_jZ3xRTGoaNo7Uwlhz5uQxfkiN821_FawfKj0eT0Cn3TkL7n2_K2hh7xgl9mVw,vn2,sea
KhWHZ1CdLYH7f1f8AxxuJW8jtvNTg06rh2zAziT5e4vgzoJD1QyiPEStf67sHpe81S8Q8lP2xfFmLQ,kr,asia
uAHSeIsuN_XDOdUepH0Z-ye0v5Qlm3xtY6W-H8ARv9BC-783CDVYsdQAoyMOmMaSrEDUDCYJcQomlw,euw1,europe
NGfobDuz1S3OG3MWaizD4h6Mh70qYDGd2e6_wHqcfAHuroWV3zBcJIaWq8KCgMKJRzLm0Z2SPwLaBg,na1,americas
-KPRoufvqM7s0YfY6MUhgEg7bnbivO61zr7keo6U2y8bDhiHkYW5aZ7Has-MdIyCDR6t3FRS8P4tzg,euw1,europe
pyQrVA288kadWlSURSOfhMAmBbbdIbDdbc8TTLcE6sW3ZLubtt_8iTEIun9Vv8r0hS-McRQ_3TB8mg,vn2,sea
gxFc3wK0hGTsZeuRm79zAO4e1XOaehkcJqBgP-ky80JIoquHzCO5Bz_Ov-r33te60cyMApxeDEMMuw,na1,americas
58Gm-lyDg2XTMMFCWxf90W8pILvQ9fqsJNO3npb8PNzqpWta9Eu_weE-OGX0MpYRDPYsEo4wr8t85w,na1,americas
FrngV95a5MSr36vRocUB3js1fYDHjLYjJhpFRnkp7XbtwKwwl1Gkci-ANVjRh9HyCDKKToRkNQrsxw,na1,americas
gWUEGkEzgJ8m6gwq3wQ3DisXfDNYLHUd6zfDY3mYlT7JgEEpLNILCcaMw4D5e4q5_GpggzyyDqOjdg,vn2,sea
EzEUA0b-AoaQPynHjWfkH-78-TrAVwjoyre7pfASteoVTI6oIinprb71Dp0kw0rA0q2rbtc17ztJXQ,na1,americas
MdS37kGpXu89SY4ilfx3Ete_XWyN9PPlx-_DJ6xQGUhhwGYPNdtkRSphpkL56tbsE0731fR07R4emQ,vn2,sea
MebR3CSJTcz_J0ODXDckhvgf_29t-Y2juOj3SRWAbBIPj92mo4YCIsCkNvlUuRcHS9hb08yPiZ8_ZQ,vn2,sea
H1eLlAyymYzfJB-Yfho8tWUEZS_9vNq7uH3vIrao89KWelJzmpm12TZkXWOzXX0xIPFdeza_n8-k1w,vn2,sea
H1amI49bBVjo5kEyEpqtHgYf8gUavyfPZh-XlS1ouqwliVcGV1TgVmT1ntCTxyFaZ1iiw5ir1cFoVw,kr,asia
Rqi4RHyD-nNzd0JO0xatuHk586ZRbsBHj3rMDG7OtVRopH7oShHV3AHQ-r9rEyG6VxsuBRJ8qAvH4A,na1,americas
HdOgbLcgwhpwnsBjgNlAZFOaeP4OJJxnZANdPg7fouojCWVATSCeugy8r_UCz5mI8STrIyYmWGnuyg,vn2,sea
1ofpvF_CYWJCo6ofqpF9Js88vKOx2607mM7WTlW-q2tHRXs3-X3ssKOo3CcjcWTeQSSiUHReGG0JQg,euw1,europe
5AG-MFrTpY_dH_TMVgoXe1QbxgodWbfBGsKHnf7kvhPUtp0nas3crBIDKDK1_E41l6VSeji7wtdqpg,kr,asia
bOJzF3OWCbh0NaXCKYxLp9-uhMzYN5Tiu0Spf6TSSjT-_m_hZ2s8-f0-YEz8e2gGOYo9WFUONqRBJg,euw1,europe
IlNWhRa2T9FvXxPVDQTqzJKiisG2GJ1wJurRaoMJIHgSDDtrIP0xmwZRfGnaaUabwuVPDmPx9cWD2w,na1,americas
s11Xg3PaLyN9V6ifb9rkA6FZRoI9PPXFAE--8l-Ph82mczJcFIQGeK8bCo6mHGC5kIEOEV658JquIQ,euw1,europe
q6WdOYxijUsVLdYmt_u2hWhO1nSbRW_O_9c9h8TmtqWgeQv2vGxL70tw9yTi3B7P2XRlwlQ6V8ildw,na1,americas
F3pU98i0Hz7BRRmGotM0h5AiScvCVVtS5tAIPH1hoot48EMa9YTpPZAGFJM8LntilK7Un35I6fEGCQ,kr,asia
mBnz7F-3sH2TIp_CTtdgacYJOLusfpOrrcAr3lnwqFYZ2fLRDAmVKSqGd27srdcdTtoyiOFpI5kr4A,na1,americas
8FFB80izWFifVHmK1jYOkE00C2P26Yd_VS77Rz_mMeceXJuZOpmo-CtDrzHUAGjh2UgzPUA5Z3T6dQ,na1,americas
w-rBkahl8u9uJfDVkEHRxWR1UrnBB1qDwEgJAR9AT9Xs7uLqL5GTc4UwR068zpEt676R6siqLD-MrQ,vn2,sea
Oa7-nqjyi2KHabK7f40MMOKinpKCMiI7F4MYdwI81Kcf8ymdKnx6fIywSgqFwOUqysoDj9q2oLri_w,vn2,sea
RMd_-gEt0fryQdoGnxpJjl28JCx4LBh3_LDGrvsfWfIYqIOZLYQ50VLR2gsc-JOa-lPFCVtESsTUgw,na1,americas
9fsXkWHcXz7bUfUtTJkz4kvSbeVeL93ZZyN6KHXKyAnah6Avsy9249MeG2AuFKVhdvRQz3Ot8yl7ow,kr,asia
H6_uNdQ2EVPw4ldJX2npK1rylPMISVh1Y_4h6UOZOMe33HMrAoZDZzZw-1xSIVWlBUC-qTQs3wD24A,vn2,sea
duuTy1ZJ5kjyJ4Hj0eCdS51TAVFNBjsijFSQsV6b5v4xImQO4lwWUjI6joWC_BapO28e1G7DHyd9LA,na1,americas
awNIbTh9tqdinbm0-S0Iy3WfJgnkMG-uUo2SSSkxVd8-griLkbFjHHwb0DMARWPg84t9q0MTL6x0aQ,na1,americas
WaVeS6uZU4jKLghobBp7Y-RYlT7W83gp-8c2PyxoC8YJdag6TKVa2cXv9aOWeNFofbEzM0vDGRKAZg,euw1,europe
3uXmhG6T16hMv1VorNhcP3-k5cNfkV_GQq1yWtp7GGnd6bdbMnBsQkUr6XNMgdTsvMBEhkKrp9xTeA,euw1,europe
VLjWhiULVwP0clp4H3qjZtGMIuv821LKBQh2p1NB7aEbw4OoVP-MwVXj_Vq4IDgPF-CIoQ823qeCqQ,kr,asia
DCwmOhgWpeVx5zKOKzZ6uICu2A9zOBTwdrBwI3WjhHzUODhld9uVEC6GdhtgpPdO2aQRti-EPgAcTA,euw1,europe
2BxyNfKG5NYAlMBitSeK4PuvmKptALYwZv0vkGiGyxOOhbbD2Y6EIsTjWbpLIpVDniSZjMvHMjPHZw,euw1,europe
p5P8tYESSsksY4ebnWy9xxoZPAdEVn7CGlsDujVipABvOOr6LY2P-yGqNAInNzBuIYycVT62HArMDQ,kr,asia
LJO4ouBkD_kKart3m9Q1Wol9VkuLhpOQTRflFRgsB70zHcry0XpKXE0Q2GNG4sEcerGhRd9HdpuNAA,vn2,sea
WwlNsxYN3H0DWHQlnOvONFXCDhL8IQX_VMeQUbkE5-W4F69XmnxJBPCIhOmGJYMdQv6GPstwWA5I6g,kr,asia
BS_iD_P4gAzAH5hF0G60Ho21Wlv8AezG4OBk3iIoFj1aSwoObMJJCfC8ngFcZH3hM53zHOq3Xgurhw,vn2,sea
rqxCrhwhOq3cV-6ARwLp6xhJod5ITIJ2c-RDJqu4pIMDIb4FYRRd4UCJlvVg8bV4cnVFgQH8-Xy8QQ,kr,asia
Pv-RT7pNp7NGP9bmaTcdT7As7-NUkcAs297cbc5BVUIIejiVz8lLqldFVm4Jg7dS9-GzkDiw2mz09w,na1,americas
BPcn2tG9KK2T8itYHtFZMKt0amrocwZ-1sGsVRNGKK-0yS22UEVMBfiM-FIn1xQEZcTl6vlvycBJSA,vn2,sea
zcF32v5YSFVDfGeDcOvLKOh0T2ylZGTQoZd9dc_GfbZhBQwUt9MAENweY3p2v4QMa_xs6IFpwmM6kg,euw1,europe
haSm6Vm-3BKZVaArF2ggtoYXwxS-C-AOKMB-7V9KGeLtko_ZxPdsageeyMU_O9C8rg0ZWElF1RvCKQ,na1,americas
rr-terpWaZluxkifY3dZWKTBScZjB5X8JEy7aT4LFt8JE8RPNWKBW-YSWFnD3Y021IM6I6FxRviVtw,vn2,sea
5M_ye1tl90ao1IuwW2SsiRRczGFxh6KaQlFI1T9RCMXgNBcg-i3C-cnjh-LGkcTuNIWO6DUeXVwn2w,na1,americas
yaJlNQ5mQsU0P7tNTOiZBonhN6ouXGmSpxZ0-rFJeRUuM6S3T4ey-5VhfWYh9oJ-tiSwX7kDxEvQNA,euw1,europe
1CO936T6sB9YPDygewjznFRGEHmVZwlhF5wAEhsN-2zK1GUkctFPkGz45-A55Gb23XWC21QGVgBt3A,vn2,sea
SycI43CMUO9WLT_xxkI0cwh4RblAVeFSIZ-OUPX066xXywY727m2vmJwF3dPhS2KGobTf3bkl0Oetw,kr,asia
idIPw5c1ey64C6kR2xaDwcsxHMd54642LfkCyQ2nFVTI1PQXKC6vX0N6_UWdAo1bDVX51SxwH7hSJw,na1,americas
sRkBa5H6qVLyY-RFl8wBfo2aiGU6Z7pyEWD8e0ecIG7ypvzh3XprNf4sPMhpI7EJEQ-1Xl5Dj3bCSQ,kr,asia
GpFi7Uo3Xv6HJBySmrrx2xaR6G0ql3SbXmGsskk93U-zcSTR6mNaXuph0zafGe3U-j56UfMOh_73FQ,euw1,europe
Fykw-ueQ9ScHwoqv6ZdUDFuIxHWCU1wRvWNgk05QEw7FqOMNMvw-Q72gIx0vtWWRhF52GOuP3sve6w,na1,americas
SuUxv38maX2FG3TLqytm3_L1YgIpwByy1c9mwMQObXFXzX4T_CMVctmi6RHNdlehRgEhIE9vUngMXg,euw1,europe
DYuda8MlgPoIJgWf4CoRTYaLTyhBp217HOOLcZbdZ6bmAdunfzb9bC-ZfYPkki1avU5QQiy7661tYQ,euw1,europe
SR82qp0YhXQba1-RpL_ysYmVUOOUOqOHuOfZfs109G0lBVjYU5ryb-FYN1XCClQ-_J-mOdjuPnW06Q,euw1,europe
v9rM0y9LcZdt6SKhhPMemcqbpjH72zmaBw9Q344KdXulSK4AXAOX-gDYhVDk4oVTEICtErjO5VNyRg,na1,americas
oMhfJDNKRCouQl9ku17wqk3UieAgSjvI5E_WtQr6DMAKolYHDSlTBYPssSrpu1A7C1ui6RHAmVx2-g,euw1,europe
OJlI-p7xH88cjdeMMNuqGtPu6zav4S6ym9fbPkOek9MZxYbIv4GD1sxgrKRpa7fawAJu8Xmicc-rhg,na1,americas
HoGDZ528rfGjy0A5j8cs9ssO-39yE5KVAbZpJjTSEKvqDNg9GVCruMeBeqkMX9dSLCRYd6en4iNNiQ,euw1,europe
fohrAHF8M7eoDLDL9FCOR_QHpsPwsSNAv2J4MnJM0eUtn5u-3kiTkqifoNyOoD26-RvF9ACoU59IYA,na1,americas
QiSLZeuCrBOkJ0VAVNo1tUeMNwSkojwRVpxvZlp-xNpgLEeigQBbSsAyfTa2ycco05yKbC28QV9QPg,na1,americas
ke9WLAmQ_Sy6rsclN_eBTwoIwBewQUZ8GQo3o6IM2E9zgGfVTyWVCj33CzRDh9SUMj-MuxrPGkBqvw,na1,americas
6dsTr9t7bg3o62BZQbn1jXy7rRTU72wab-bSXc2CyC_1o_t0XCBauBPV4_YCP85T2whFQ--WX2pjFA,kr,asia
M1kMQ_smQwuUNuLDVqkSwPfNzMhHX9HHJA6tsvmwFmXccyGfZ26zyHunEgTy2carn0pLErLQzcO-dQ,na1,americas
w6CzzKl8q-QsY4y7cL0ixOu4I14ea0BxWAXS23iVpK2CGqGKJzk9lxS0UZqhG6r5d6fg1ZqyeHcwdg,euw1,europe
u9YObAivKPuwei64YOakz-bVEGcR84dSF8W5DVH-N_-2SN1tYwwzOIRfhnAwamDTMnm1wB55sHFyiQ,euw1,europe
PW0wMb39PeuehKi-ii8WOouI7F2_-oMTfEZf5W6hnX5rfY8SKZjCf3QGlrTL3uN8r2GrnW5zA8Ex0g,kr,asia
XuzG-ivRra8wOoISeMkx9jRDQBuxyKvK0_0q27wTan2w3en7neR-ZKhsV0jd28JbO8gC_iqE86MvDg,euw1,europe
-MZglnD0pyojNb2DGXQ8HD-1-kaClo6H_gVK_zrfG5dp-ouHS_iBiQwkOhFwpUNIG4wnKjP_z7Smqw,na1,americas
1zstL08oTIBxV4lWaYMntBRBrbq4JK2BNlLyJJqW4RNDwjri6-irQ0-bmffuURHvgrWkSBNJdE01lw,euw1,europe
WGxCuxMrE20BU5whw49-PABBv-K5zLD1m2FWdGCYizGcXBAcLY9twdkpSUyLP62TKQaJBaiMrbRbuQ,na1,americas
-Qd8avUo1Z7Nd61B6NepEgMLWTCRxxON_KCLzOLUgvxecroJpxyRyHw5tWzL0kcyrD6jFdVuTwLqhQ,na1,americas
T1cnm4bycgZzOpWMtLNLl_nIS_k3ogJxQoCsNflQpJG6xlpWI8QEE4iD20427ZYRv55tlbMGGVtpNQ,na1,americas
npAJhZhvu8_fQf7XaW1hz053ZqlWFKHmefpvQ6KxXyVpCH5K9cEID5ilGPeRNNkTEd3Ilu1r65Zq0w,na1,americas
Xy8P89Rs1FlaN4hFJBHoV3uTfUqFroGLIeE8FnCXh3nRtjE8n34zGF_wR4-s8nSr93yMgMlqUe6Vyw,na1,americas
80d8r4f7JSLMRj_9HgtG0aTeTYEFdFmqDvbGBHi6_1NV6aqn8AvLFamh8PICkcssM4FcFrcUutGSkQ,na1,americas
qKAmSsiKZ28tiz4PcfCYBVyDWIxSH-L_s_QPTZceDRZapsoQ6FgsYsEIuwCBiSb_J2cBUBSUOAxUGw,vn2,sea
VXdS9_rBC93RftOJIk05IvKYmK-w4ekt4C3zWs_E9HNGdq63xO_10WjifQIhFGkmc9CRlaT07z_nQg,na1,americas
qqkJjGKpo1gHqI9ocGVLtj2djxX9Hj7qqauP85deMuCYXxhP807kGrIfxhuQ2nazvz18X5ETDpKa2Q,euw1,europe
YIzyMaL50wZDMDzIsNxYgO0h1L2UXZMy7iqWrcNqEcJTAWtLp1VOmi5b2bWUmBKWHLCtm9Vg67SdVA,kr,asia
pREBCWQrsPq0XAVrqRmQWfOPwscrVpXDCrNGm0MoZgX-RDAPIiO2MGneWC0-z2gyeAd3Gk9HdxxC2w,na1,americas
X2fn56OlSDD8LZOS_e5iJP4lQ68E_QyEmItGzN9s5V9S6PrJzWP8GgtTy9TFqMUaXlLguHpGFyo3fA,euw1,europe
UDpDQwfn1rAJrGPrW4WR0PpSo-EhR1rJyxnamiz9eSRWwSoR-XbWF_KGyAtKuBLqVH2z8288xq1QqA,na1,americas
lqt6znmzKhQ1B8FffUcWkyX9RZBBlulMdCjUZBkmb9w20hv_gAanNuKV4rvHEWGc-_VkNBaEomq2qw,vn2,sea
NQ5nMVexLRQD5RkAhFNgysZ2mms1d2W3wgnneyGs3JrsP97X5h0OGBI_sw-lEr00yuGtHpvOF7q6Lg,na1,americas
1zwWC54aPjZJBUjl_XPy6p7rkpVAcPRDAu-fUR9ISm8UKKm_slK6nhbNr7HaxAweKJqu0gaOpmsasg,kr,asia
YZZgysp6K9fCs-5e3DAWGOfrBf7W43sTbaAllfwJJwS2lSNxTPdF011qR9mFPoxUqkd3hBV9VTu1bQ,na1,americas
iVRfoyU4a4lyU16WzhJRbngbAz4eoI2MtJGY8YpxFkMkant_LCSulbAmezws3D-M--g34WJmFlxQJw,kr,asia
1xRbcQBl85FWcvYP5jfuxiAWcDH3V67KhCdOBTY3_BVk8BByUeSgO8XXjjUy0lgnUV9e5eLcDqtFcA,na1,americas
qacMmuxF1dmYrb-JxWLC1jtstP44fJxZQ0aEDhGCaFcsr9fk_gYqZGh99y955UNbMfCOPxfGOPcWjQ,euw1,europe
gkJ9VRdshZj5vjgamMbTrkTIddXf8kd1Qgv4kFN3pEws22k6FQ2_tk1IZcXoEDlx9oP06Ai7kkByGw,euw1,europe
IbsMcY2Dsx7JHUxplUu2lhNYwR8kDK92UQu6TdMlNw6HBPZA7hLrSQvAJhJFMJFoUZ8s_SDrJPs84Q,euw1,europe
UxEOyBlC5Zzl4omfaX1MLgB8rZ4tMX22ffxowuOhg8cgKKYGUYBJyfiX9Qd23z2Wnb5L8g26pIDl_Q,vn2,sea
q5aBVEoYKxCGMPqihVA65HpK3A5_AvBxhz1tebPQ0h2d37dlLTVYrRefb3qJtvdIyxqQiYgbGIZnHg,euw1,europe
kh6CGafXrOTNuIcsAcSyA6cig8oAKQ4DbWy4QtYfIuvb8YK_auskn87FJlFI5MH12AdHYggu07fAMA,vn2,sea
oAMT2rnHxdgx35aCv22bQs9dWOk5j0RSHFIAStM2K3svIDYBw7XK60pLaLm1k4qHOusewLvrcIdvvw,euw1,europe
aKTwa3HKBHcslxXHLOEHn2XLJGttP-uSvq9X9P1LvG2rRSbfwNWts0ZTN57USbqtjEAE50AL2MhQdQ,kr,asia
IcPckDQaAVb9nKGabMV2a8hz-4DihigT0EZZexNeGXn1WXVTwIfXKeWFgsMuwrFe6mf5WrHdCb_OGQ,vn2,sea
W4epllvZaqQVZOM7slf0HyDzUvtLloKHKwWyxk3-nkhcUQ75ne8LWvYnAYBuLTXG_EGl1H_BUyZx6w,vn2,sea
sGe9_ZqyWdkt5veG1LaBDeerJkIcwljY_OCzMOq5AdiCyp4I4EpxmNDLH-LelNcNeD6A-hG66SO0JQ,kr,asia
aIR3jHrQ_nvxkIelfOslxlXdOk7nkvh31FxTCSN7-893ZYt6giA2et38Y_imYHiwOMU8rb1_ERZYIw,kr,asia
WxZc_X54rUcKp5DxECKNxqibYvpCrhvnm9VT-moDxBKuYJvocA-Ec43tJjYKm5W7kiDb54cOz5TOww,euw1,europe
xJU-SNXYOSSL8Px3nQNsqbwUeNjVU_BX9Gu9kpFpOcn4DvX0a8QAK-quBx6-qVMJYt3e5MukeW1QKA,euw1,europe
lfQN1K5YamyiEdsSBd7v2lubbCqdCu8oKAKqcmsKZMvGNI8OtG4KrCnwdlQ03BAvV4O0Kv_2pSZO5w,kr,asia
rzFvXLeK5JVNfOl6Hjub24nevR8dkXM4HG3-PVGcl21ocjDYuovq74e3LWXQNH1xzh_KaiMrY31Aow,na1,americas
xQRlPql41_4qQ7xQKGYtJtLDHJ4W9Y4D6chPXn9eniOPcTpOPRoKCJ66XAob3tV8vMs4jYtJktQyOw,na1,americas
KMo4Skwhd5P2YfbXPhPaaJ0c039fRM5Fq1g2J-GYNIWdC1ybjva2WdCPQqXvF-E95gpexfKi-oKxmQ,euw1,europe
mPcoj-iP7RN7UMmHXYfFmSBRgwR9xC2ZdqPGQpFod-4UjOROiyMJXfOSS8hxmg1J6SIp8aocxO9wMA,na1,americas
hjIITzwcaWc-lq2ngmUaD3vQe7ugBmqVaN51tQrH6aAHeKpYT90UA3JJZDUYtUSS-N1fLW8e6NwcFA,kr,asia
wnT8m4kow5rUHVqMZH6352easlPdr8RfkfXOwZ0Fi21TSgeAYBOL2-5onc3JOZfhmCN7TTWBHpnOfA,euw1,europe
802zPy8HzERf3jWy9sv5OM-sUSVhwX4HIAmr8_LHaPh_p5V7PpIPUvXcWdEKhOuSEOCMJ2ERnAI1WQ,kr,asia
jswrZucsF70nRbHdKoNJpHleqiC4w-qwAxXTSOKUuYd-51CDU4Z6V1Og2rHAJDeg4ZAfT39wC5Wp6Q,euw1,europe
TLctpKAgMOQJ2hSKBxZiaYmXiqJL0GE9YXhpzcyP4psTyFOxFtfHziE_JjgKoIOF5k-GLBGB0iyO8g,vn2,sea
450tyVStSm9LMmGTO-XvWAyPBSXjzrHk9zM2Vs-TUnKOP7uNG87ghUHsRoDzUjO5qjeRQUqSOt2vng,kr,asia
Z8gEq5uNbSpJuvjKEwRVcIlhEcg5VdVeMGmkSUSCIsICeHDE5PXbEZo5DzoY_rPEkumI1pJp-SkRvA,kr,asia
qdqNsZQAdFka_V6nLW2kcMHwxgqy_dp9y-Q4yqei3gWvzE2V44Hjk09MA-Et0bCbdVuDU8-wa8BJCw,na1,americas
8FCd_6aX4jVbIimubBk5v7xZ1jiJvYUjMgCLbXmcRNkIrBhoFvbluBNuL9-g1N8wwcymcLyTRCguEw,vn2,sea
2db-WcmKGGK6MUgzAf6WFfBTOlLGVdAIOG1oGG-O6imw3e4hA2Aup0wLqSfK49JpwS8KJ_UT9zCsWA,na1,americas
jOrlUCko6D5CWsCpmokzYGwemUTJWwILlynpiS-5EXCyebzt-lc3hS58kB6x3_3MIEZp-BqpPMU_ng,kr,asia
kinaKPyOqiTOVgrh32xHbM3Nx1fPI9yfrMn1bK0afTL3QpGepY_TsId2uZsk9YaFRDoVdC7yUvgTIw,kr,asia
0F0KN1e4pTNltw3LGRsPv5ctskHE-yJ4ir78FHIY0yfC_dF6cp3ZNqHYf2fPuTW7-ET9zPpEepx9hw,euw1,europe
_iqaDLt0p65-1GOoV35C-R4Oo3BE-_ODXh6RsquLzMZ0VWwop19c19mtvxN6IjbYIERKdzTg7-9hgA,euw1,europe
rtaib7wprX4y6IqNwS_p758UwC-3-t5r7bs34o1uHVbMdQ01-xLyrw2t1_UYk4FK3xDW01LhKQv6DA,na1,americas
qhDCzdBKmZgId021PyCA84mqHCNZN5x8_gA4tYIKRBoge3IPnyqaQMRuAwg5VZYnUi_kI1Ezn-s7dQ,na1,americas
_h__ZlDw7SGicuiicjXlE9v1mQSF4158zVvHrNDMVyzUEInJretz5zwBv0NCsL_RD_FJHnamTTH3GA,vn2,sea
CpDe31Z1aty20_7gDXk4yQwzaIT0jWBIrXMKdX13wKSIL4go3NFzFU5It4gcoNmnJVMYe4dFu8qoDg,vn2,sea
fE35BHOAuOsIKADIXVaH26MnpxxcyCl6Mlc01Q7vUOQ78nD2pCcT0aTvcb2cQj168MykrLaVMPGxUA,euw1,europe
48l6fFxWhZXSeozBdriYxiHIBV8Se39MXQE6g8vvqFaQoqVoUJY5UiM7fzTsiD4nf0T-wiPqmCjIbA,euw1,europe
7s-t2MfdQNKXYnHVpaWwuWxGLeeN3Zep2i9HMqUq2aMzfMwVO9F6YpEgwofSsBYmJT-inBHE33q6cw,euw1,europe
VEttvXAAVgXWbKru7SWWWdXFjzBU5HB8MI9ymzsvmT58Lgmf8q3SDeYWoDBARrikiaCBFCZsS5wdJQ,kr,asia
U0cUiVhQ62KtcVYzsh2wFCGDZwWaTeQjl2BCBIn9fq1TWsgo1ySCaDApJD3uDLdEmvVqA5Ah0MZjag,na1,americas
ouIEBgjp0GRkN-N5D3s-LljpES6hodEARhoUE9UJ5H32P3yjmPzIljQwnzOHdQ7vRPhtUox1RJPEwQ,kr,asia
GI1Bta7NMm8XhgJ46reOqn89lCpfzdMtgtuOr2F1JJ2__IKlOeCs-TnstJOAcQ5X2iogTcZlfZ-GtQ,euw1,europe
I5oAscSH6zbdaKxshBXTyOz5ez-Xfii9DiBZYZIDmz3rJAVC2zgendpXriBp8sghi5oI1lmaOuysbw,na1,americas
om3jCPb7UVaKVxYfXfx-1UkPN1syNrL-441sPH5ow3L1WPgHXqcD7RaOG1cKklG3ryIZkCMPEMhcJw,euw1,europe
jsac86neW2nfzyCRwfk4Cb0eaQ4BFChbpH1I95fEli4_0H9g0WoMJQwaxuxGkHGxqPvBhDe9evS3fQ,kr,asia
5-3E1eQ6XFk08XAfAOLEL5uuU1Fw_N82NMaSDgHiXSiq7XLcPmoPT7_XDxlK4lm7I55zQmbY3TwgSg,euw1,europe
eYyH8oWsdDvScCSlKHrYceJxATzD07859JNN_S4OH_rkx_dM6nPHVBeAeD7vRt5AfjIiE0frHKTf-A,euw1,europe
bQwEMUbYX8jLnExbivLBRG8bL-61gVPBY5yxbKe3yeDfmHIX7nvEqZEqIl1TczUCZHRrP6yzNwJcRg,euw1,europe
kxAvGc1EzGVLxaqwuSfPzFxLtw8PIrvqlWk05ZWqLMehxHmPdcyC5j-d8js7QxrmtMO0ry5eOcJgDg,vn2,sea
O4AeyV5ttV9-oZLtgF99U6BRQjRIexzdjnUhSYEmWusPekFBuGClvfdFsjfC1TtxiX03g7lui5FaYQ,kr,asia
Fn7gyJuqPzGfc-28_eu73W7YoDwkS8K-G2IefcxBBd9qjS0F7CHIaRZ86pVe-ZHi8jK7coBTOruRIg,na1,americas
aiTrMn8ELMevdQkuSA64jNQ162Mcgvk0ijWPJdvaIubGNi6Ti8eIHU6ADQHrGQVhf1e4y1CY0CJluQ,euw1,europe
HRXOFrr7LkHwo-Bmp6jIi2dODSrS9QCXKGp2k-hXU_cLF1MNFFv0X8LoqkS4Jg4S657qOZlEW0qFcg,euw1,europe
5f9JJOnOMux_lh0gTbKfj6qHOdi-998E4WByFsWyFCbbUYqqHrLNmoGBmrp36852bwHpExRz0Jr4cA,kr,asia
ULXlHAGpth_w-eY06SzQah1FoOIn3rv01OC0UsmbcfJlgX3jvLiWPAEVdPHv_CxzNCaikN6TGuv4sQ,vn2,sea
D1PdqYM3xIN1UIPSU2jGTv7oMxDrnirsifWD31ZnE5AEwnc1SPGGsBI9vzU2n6ecVbr-IHEoep26oA,kr,asia
fbJGvIUcYvvtx0qWdIVoa0Rumy9J7Wr1NkA6z7QBgzKtXxvn7mL2kHgZp9grUyqOx5Z1pR6wJHJcAw,vn2,sea
kdaCZtMaErtuAXS-cUEDT4Dn5iHOL2nYHubqmv5rUL72QY_O-l7kDF7NmEQda-taOD7XhBuyrXgtAQ,kr,asia
4tRrKf2_jl4lboFZI9phMz-H-HUktXlR2al3pVV8x9_HIS3q-VKq5CfLX7pSAAo_VA8lf7ziAdh89g,euw1,europe
KbbeFcox25GrqS7I8nL-JT5ikDprQw4TYhJPtpRdOko-zOh_-1HNn53lf6ETdgtAH_KclOj1JINm-w,vn2,sea
GEPyj44_36JbxdXhiAncR-KCunOrzZHMAcwwcBE18KWfGQsh9feqfZwG93XD3X4lOM-Z24sHJ_nLYw,kr,asia
qwd70aVGSdnPAs1hTEk7mq2yc5wsAajEZscFo3Injrw8uA2_FjDJB3qWN9aGx8fXAxSDhVZpCowZGQ,vn2,sea
S7E0G5Y4PxE9B_TbhllShZ2-TjYiXsztlxepFqEHKjNPgLhYANJExFQj6GuziaAQk94BQ3q9iDFtbw,na1,americas
d2vDN1qb_Hqg-LVP6_s_ZvI8r4fxRtjnvjA4NIBRuJiTcmjzAsi11-V99b22LFLpH9Rd2ScwKyAwKA,na1,americas
OTsj4lmTLnmYr8igcuDeZ1vyVJXWntHxvlk-xNERCLoDvt--HL55oDltPh1gr5ZI0l8stW6us9MAxQ,na1,americas
AJ01lTEFjYkTYKDgzVqfK9DJAtPKsUG-UAuDazkD3x3XwNrGAXx9o65itZJMayMIHGEhvRuI44UGzQ,kr,asia
D3E1r0XLpfIw0FONahlN6sLGOoL-aUD2ESaurtMC6ukkU3sHiESrSWyJuLUkKb35mDRX0zMocOsWXQ,na1,americas
rm7EOlcNQ92MyguGFQSfZwrci85PHMifrvNOtFFwlcZPifJaWXpcqiezli4QHQHLfTNkjwYUU7cVSw,kr,asia
WIFgCe_wsjXtEAxMMCJ8KdDE_Owgda_JWJ7eVGzQHAugdY-w2i4RnNRAlAZwwKYCRhzVkngzy8eIkw,kr,asia
cr8f_OLmE96epbMS9WqXzX3FTpv0n6hROlKqJj_Hhd1TgMKF--A3di5fo7hTtyAWQCvIc5dRckVTTw,vn2,sea
r6C2WZiwxoyvU11beJT_sIvcy7swDC5e-dxWYyqnm-v0haul9L91qUwCMnxuNiDt2HD3MdtsF6tImQ,na1,americas
0c5CX2DTyU2hLKxaomqfOk1qTOUUICkxjmNyekeDlcTGi3ezdjcTJpt8MEmd17cm3908CoaFQvj-Qg,euw1,europe
hssqVLYydG18HAAheDXxqdwfbo66TyEsztR88mG7cgKQvGTiZMXCrgVfHiClp_h11JW5HikaFho0Cw,kr,asia
-NF_RMIgdewwTq5sJ16nl2rAWIn7JmfNGMMkqQ5mtcsIE1DL0DM-S9YFHGEFUZXYSqSv0CgDRsQrHQ,na1,americas
Mg9svIOzWIOIeHtd0Aeej1P6LIOcUxy9q0rmsNuua7LwLAmtu9SsNs31Hz9i1WEq9iJSwcD-Vzs2-g,kr,asia
4qP-hHkUcrv2AjjEj4NYmZHSprD8VQ95BimQRU_d2gBSdyQLVQsdwIbnEq4gys9hOeldesQHdoTzuw,euw1,europe
sL63pIBG0VImHJ-y5UfYgr7_5YGbCw5cSB5YuICLfvQ4Vh0p_GAkKXhGxASwancN_nc2U7-nuRylgA,na1,americas
tisRW6rEwAoWaGzfKDRDx6Al6JbJP2TBQg5MNQ-D4pL6OYuv8dbmFhTLMx8Bdr2Y57Qm7WZCHvvgbQ,euw1,europe
Kwf3lafqMXqqY_Etbych1U85bxzEzNT0jP2mPvJbH8dRwMn-AJPazBitlQ64DR9PS70OsAfVlbrTMw,kr,asia
QYCA-fUqHzts0x_srOIyEQ4DDkM6bhaNBr1f3z21oheTZtqOBOVJX83vXJEPWIJGqAcwIBRXLfUprA,kr,asia
SCATSgw0OcI3gi7o5hk9TfdVdJ6szIcXjPLiNGpVmemSkk4GCmxNrl_SjyyhApDDN6mJARs3hcGYTg,euw1,europe
Swqxuz5dUe19F9SU2FqxvmRpdsasUv_znT1iLRPpri1QZPHfsVQV27L90gqKNqdcLyciA4FbYuqU0w,kr,asia
RIBCMzBaWgQY_jrtmEHr7Th4_y-COXaMHlv0L1Kr2K5SZ62W4I5UoviRcluguQvnyBRZiuDkA_CRBA,vn2,sea
CiaD59rEvkMLaKMEhBB8VVO-BWCOOXUt6RoggcDvhGFFtqPfYiKl5GgXJR9i6HUUNG0GnqmEvpjn-g,euw1,europe
lRIN7HC1JaOEypxJzrCqozEX0vCa3_YsEBSB5WpbYAZWRGqbMYufZge5LJDjL62znjCszplthmqPHw,euw1,europe
Fi4_XeGbswApm5Xfy4N9BwVlldN27YsTOJfn2TimEbX7aAa_A5l2MU0iY-eAy9o7Dpi1MZpeQoQClQ,vn2,sea
erUuZoh_yUvmZIBzFQQqEWit_SLnNpBuDyZHpI63BWicFtI20yWNzrQSobDvfOxAhZ6zXEVjE6wodQ,euw1,europe
H0kdISt8M2M6nXywg3HeG5TqiHIxp0RqhhWHhOFmYPJJxpgt5AXLi2T7wBzTQANQimLnVKS62LXOsA,vn2,sea
GbJ74phw6gub_rxPoD8OVECW2RIJbkAU_b2fUXhktYF7VzkK6uq3NubA1B7Xf5U_-dsmIyXB4a1O4w,na1,americas
ggbb9-tCjQESaUao3wDLlDNRF9UVimjnBPn7gFoK56bCJt5M6sgCXydd44PNuBMSsw0ZuKmn21K7sA,vn2,sea
OrhoUhWOKbQzgP_03EzTbTZsGSTDUwkncLd7-KPJtMLYRIkqDf8ntZ_Wil4Dcrjp_ipJYOwHAgdtmw,na1,americas
2uxSENv5mz51zSINcUzUbj4W__sMsgpRvtW8aOpDpouVjQmSx5awdlkUsYJIVo1GQnNoA0u51aHdKg,euw1,europe
9Mfu3ETqw_pv7H_oJTeRsFVW1Q10JZHZwi4A1Yc0vkQRj36AbFTRyVG1XAkFj-uzNxPjNdSkUmoO2g,na1,americas
p2axWw2Vs2JHpapZqrHvlMW8LQiFvh95h6UFB3ehG1D_yo24WpqL5KAICU14pxO1cCGa0saW0d6Rrg,kr,asia
XXz3NiSbpTE-r2jzetCF5WUfHGzQ8QQMcYsbTKM-HgKX72MTE0LNWlxYS3gcuoT94erzZGT8ye61-Q,na1,americas
1P6VkVg24OiaDEnpOHIzwlKX46lK_BpYcuweSybVtoDtwQGcfdjnvweF2KuZ4eGpSDFdsfYDrD6Q8A,euw1,europe
-iV8AIdib993cJc0VS3TaZ9THpqdOS9fpbV7D8Yh98gkeYEG_2T3eAFIaKyEkY2q-vbJJRMdymTNPQ,euw1,europe
MWP4jccKk1lfp05tMp2Yw5os9zSytEqiAMxkDi7EGXQI3OmZMv4zh7uzsOnsvL8wxk-WSKZ0E2RLeg,vn2,sea
HvQpr-nCKr_NksBDiI8I8dcdwGuKlLdI3mOuCBxdqZTKpPott4C9x3foguDnKbOB2-VMa2TqFQtOXA,na1,americas
4HEkR02-_czKNqU5lUpnR_LCO_FkojaI_AgTBh9i9oolg_qpwaDTkUaVN-t2XSfaEfKd5LYPHgPXIg,na1,americas
zpyXmMGwUbtdBz-2MWjlRPCGCgo971CYzkfJNn8d48yuyLh07bDpf877n8woExAqiEtDTuwFr-YXxQ,vn2,sea
lpQz3eWQYK4xmkWjO0zk6doP0aIq-rRHIRXUeYhE85HkX1cA7N1IhP1JGTLvViT3WB6T_j8eQWKUpA,na1,americas
-eFMqo499uCQ5lVSF9eVzqUjOmDf6LHFmydcXfmnNg1a-QeVjiFvkcIQjtC6pkHCzou3at-A4zHJfA,vn2,sea
DrRH_423nLZ0BFNS9sFMztYHM7np0nTC4EdU4esDPBMZdRolQ42LAwRb9Fm9QXtxS3QGzGMyIBrFLA,kr,asia
DsUrYcbeO3LExRqDIor7NZmfNHlgcDUyytt6giBwF1e0j4WZg-y5PGF66WSU1Ccl_rrNGHXe7Ny0TQ,euw1,europe
ZOPHUtgKX398ThIxOTro7bKtvUd7lKtJfPAr6F_UbdFchEqvhwlZVh5CvJgpXfEL3bqboCPnedQSwg,kr,asia
uVShSHSQ97Q1sqUyM56e7ZNyoa7BVAoUdsfH-pYm4SD-_8cC1QefaSK948ibvbsxfne_ksluXjan0w,na1,americas
5kx6cWwx_JDWQvJihsfMPaf-oRmzLoy9H9SyrKiUq-8F17Tb8afrc8CCYarhhU1f10vihpqpVJGOrA,euw1,europe
9AFuJIBj_OA1H_CckAsNc1iFPZN7OFm4l9XgTlJv-HYjKZgx19Ft_EQtCb_LHNu2wwrb_xhCvM6Cpw,vn2,sea
JG6evQrabSIetUCl82apLCPc3Oko0J1wUM2C5NbjwOUXiignkdEGCMlHpGFSDlyvDNkg2M_0ME4ltg,euw1,europe
5cZj2Oq9tBZomH3rxb5NZaDUTKpra8AcljGgbONxY3sPKCLJ_TU2M5Do0Pzceasgzw1m7nYnwPfLbQ,na1,americas
QsDF0PYaNmSZ4zpGZywFAWl6m0XuyKEaSTwCjPVWDaxzEISuEcZ5K8TFDim8yKTxNlvgSiM4I1rdEA,vn2,sea
gXJ0OzzkFwXf20BuPel0divblvoMYgkKFigUH1xyiH3Bb6u1pCdlXWhmHTGjeJvL7RuQjHcKLwPTfw,na1,americas
WmMFB4_EXvmJbSa3WCgm0f_cC3K6UD5I463_FDvPopnsgUMuBI2ZCaIJiI2HhMg3gbcujmGipxG0Hg,euw1,europe
K2sCzFOa3jQHwGA20iRY9UDoca4sGm_knQkoTqxdK9VRLf92M2a7rC0soAuw4nENZCe-T1gfCUo0xQ,kr,asia
5h85b5qYvvuRhoDQMXcdvvs5K6ambA_xouHqptAzpgnEDGWdePiSX88W634CE-FzhUTNSX9HmvLGqA,na1,americas
uzO-yW9eay9P7PqNaWF-44WM1Ow6ToKIFduhHXOQ4FVGJs1Khv08KWEeQweavWe_VPLfMW4Ch818Ig,vn2,sea
f0cEVzqDL7zjupHXGv8PMo8y6eia6shPgTC3XMhzn2TMXh7zqM2JyZnjhTnprkYVtcfpUrDFkACe5w,vn2,sea
3khl93_vkEQOVCi74oVR4aD2Rmcyiw4fKfJAafJRyp4iwz4T7HKH8aqg6ej0xFKdNZ8yq5SB_dNpEg,na1,americas
8671dbQCWBbG6qy7V9s-boMU9FsJmok-NVgqmdb0TQLq43fVo0YJdfBaC-ybthTMWppsiBYl5gsaCA,euw1,europe
oZIMNwDLb3xD13e88Sbs94Zt2_3MvZsrUpHnTgwq1XS3jd8ufpaqjBjG_ZQ7yNEBizjhDHYC6Gq7xQ,euw1,europe
-UutBdBYcWZi-ByZC6cgYco3O21sRDma_ynfsg6aeL3Th9NHpjZKOv7uIfp0taRSjwoJtyyVZXH5YA,na1,americas
AKvrhFBks5-0Qr1NRsCAAT-FicHWm9QLvsqBy5gX1y2NtqJlywZJj5hvRlbs5N6oGiVdTHQZO75n6A,na1,americas
TqMungtxfEEQw6kXtBnWgmNmzgSleXgSNrwhhjOZ6LhcF8dzfVjQ1Z6MfOGzWYXk85T4sdjYEbIZPg,kr,asia
lSK1qqCWfkrWvQnnORn9uAx0Py8LYdbmIdmPSiRamrBtY6I80tnnW6NixvyIUL2Pmr4bnWbcvfjeRg,na1,americas
r6nk_V1mc2o7vXIg7K_sgBW91AQNNnrMT_z-t-EIQzHqhLR6aMwTfhzH4KaUCRIPhyHD7335yMaOZQ,na1,americas
yv3Ab4Sz_ylBsEZjaxA5uAIYMKTeJWFKoSheTl98YqDMrJ80z_djlliNo8OcF3Vf5BABJ9Mfoc37zg,kr,asia
Nw-2U8rxKXVHu2k_9lPqAGGbVDyBXkzQyLLQCJMrS9PegesdwX8kGvb1448xIiVahAnfg9IYw7C30A,na1,americas
YEP6PgTboBBP4lvhJWMKsmA9l3r2-bMlnUz6K0Lto4Nf7qE2OzhNT2g_U0i-9sp_MMqCLM9sQdFT7w,kr,asia
vIf1D4Ey0xHOAFq4SYaHqF1ostoqeVMie8MhOokNDu1AD9fYRfRxY2wpuG5XjipkVjLZeqMXafU6UA,vn2,sea
F97ZM8KW4XCNlCx3k2HptUxljhVE5QW5jbcg9d7g1bzxLczZ9v-2gRI6D-_dDJypdUOhK7UFq7FN_A,kr,asia
yxL7nOCBtjLF-xKn8DTlUvN_za1IesADtHMkufAcKT1YxNTcgXoDZBcWYYto-K_2GhfeYkBPo1yD3Q,vn2,sea
3m5A0Sp2y_ZSD5YV-fNv5LGIflIaZiKd6wvCRNXRQBdkUyOOXPLFzQuNa4lGWJcE8wRa-iHpB0dMQQ,kr,asia
NsnPLOMmKHjECl3fw9zqsBph0TFpgngWIX1SqOUATFBJ2C2hc1QPZ6zq6LahV7gbHU9pEOItO0GkAQ,euw1,europe
LSINrVn7tz0n0vKWJD_6kD0YIXb1Rs84f0ytj1O4P3cDp4c7jhRCWCwzmYtwF3bc1mioSICfqGvcmw,vn2,sea
J-c5M0CYdH4O5OXFHsJpXeXwBSVX6XT0onL7ogAx_RnaygoivD6Nu10VygoEc0Wb0eEIucxQc7i8Jg,euw1,europe
9ROL1AEmQIAbICxYhOs-eX29g6giY9OdA0tUEoKIsqMYy2epZvHn3-Ey6xbIov45_9o2iRn0g_7N_A,euw1,europe
q4LjgP9nhs-9pV97rgtw8X3ZlpjnJQ_eeXm9QVgj01ovIWugZ1ScUDanyNyjPwQqrVKI8wMnK7RyXw,euw1,europe
PwFoCUOvfVpC3ednxwvAoKVdcGfM6s3DHFRBE0MxibY0k1aIUhXlN9OvUe5RQPoOCYmaiBP1teGV3g,euw1,europe
VSuZSi5lx69GPkWG6n70NdVPj99H_BNWDtVXICREq4F52pIT0z3iOnyHW6hPvnqv8ETsYtvbUdu5hA,vn2,sea
iWQ6iObFWjTNenXSHWcj2sX10wB1l2XG00NZ8ZGiFUqTkXzXLx4XuwcrRwhWlLB6ojuaGggykpDJBg,vn2,sea
32ua0Y6DX5xRMnVnpF0DwnsDljX_YBvoUqxJF2YIPH7qbIt9vq15iANsXoDXza3N11Yx4oH4JlqXOQ,kr,asia
KLWj0DCo1f96yoQujpUpzQd49qPo-RQNL66ExK_0f2mNPukaTcs-5F1JuMAodV4_pWI-4eQfuQVycA,na1,americas
oDdrZ196H-NXiFPYYlo1nvAYsriIMEo2mopp4Qqpa1a5AMQ8A6wAiN-wrrzwCCfCwy-0Zids9r0A-A,kr,asia
s8Hil37ccwtTwQndWSvG0UWS6wARMZe9ZKEpfSCGLO0FktM0F7Iv9oBF-PDJ8_fqEP1G_RvGxIKVdQ,vn2,sea
ylD6dq8ooFSDaWD_eDtlKeGYEAsmiuNxj_9eW1q1_wiE-x8mgJaacVU5jPTCEINhaFGsroiJvdbRYg,kr,asia
FilYxec0zmBPuJGoB2R9WDNdWbpnS4X5Y-P8ziZX9ivOGpYoofMKNqE2yd1QeFXBjmRiCrIPiyADfA,vn2,sea
ZH-WDTFImyevP-U_jNo9pFnj6VSVxfulNvwh33OlamAzbVubt4HE4KEFFE07sHKY8NsioxPZbXj9PQ,euw1,europe
nspFAH48tsJ9MXCQowi6rnxbkDItZ6Lz20-mdVzZsElWGGGF5GmOa-ceBKUtz6Of8LmAy52NCkp9Ug,euw1,europe
VoBykLi1torVfjkeroxisQmFB1afEYUXfcFXLBvONQtfBtxrn8jipJP-heP8B4GTOBXWEPoqrrm6gA,kr,asia
1hkGF97HEXNu-0Yv-wKjEuITBdFfwvgzyb7QOG2bN0iKI8U_NWRXCvvslbEdbxw_zcraHj0fHKKs8w,na1,americas
J-cjwUknq-z-J2Jj9d1vmRXgWUr4-5ZRy1mS1r4xAc9JYMTIhtFxS6wMMvj7oXyj53glB_-cV5qBww,na1,americas
3OvJ295O9tiuvXXIwFDJvmAO7LkVNKBWxq9mo3Vi1ewJ6gEQ-I1177IjC8bUBD_YcNSpB5qCeK6Cfw,kr,asia
C6zY7_TbnUynJUi0RwAaRyOMYTT46vm90weutncYABE3TAE2hQKtqcTWMxusqswirqTIgL_MlCyQgw,vn2,sea
Wjc17bQIrdJWDpBtEDBwrWtvcalvZMF-i-Xt8dHet33gpWfVk4480jUq5rNpU_ocS8mmfSV85OEmWQ,kr,asia
uFC3swrbElxiU7h_LJe8UfLMmgkaBFHMk3SfGdIpeSzBcgREPHXw8tymc7356nKg3eIV0jamahWkug,na1,americas
fwmm_DpZ3gqF2GwmwUGaPCH2Fdyz8QcZJeA0NUucZsdIHaEEct5tqrMi60Y0nV9XWIYoap5EL6ezag,euw1,europe
SvDf1wlQDI_QfLKQGGfz2HIVcjndSlQu0IW12uypldUBHGrB_kBxFOvpJHUEpJ1jAJPPMCsIj93nKw,kr,asia
kabaW7ptmdhdoe_PgAbBeSj00PcQcrT7iBpCb_RQZpp44FbON0v99Pmkw3WCAUxX81ZSGvjVUXidRA,na1,americas
iIk-SXIxTwNDHKy3KotYk7YIFHipaRjy_iwjpE3LzVjQ5fkOPyDlq5FoC0nhHC8_wTgq9s9bwLGYxg,na1,americas
qEbMZQAfGkwDZs0X2tgA8OQuO1dhHmBjpAWaZAV2KElD8fIOTRwwKmz0FsblHlA0YOHfPNnvsnAIqQ,vn2,sea
6aDmiyXJC83kZSj2m23QVBZfUToJ-KdFT1T1A5Jbx7CXfP4Il1gEoF7-btYSDB1um1IDiuZgI047LQ,euw1,europe
y6N4UzaU4JC7kzZOdwCFcxm2xnfWPgDQQ1KLSfhpJexdr8rCyj9y8Ia6jkaToYaf-guBIrZc7kZhdQ,vn2,sea
ZjZrMH7qi6lJLu_Ty7nl6jt8Suw4FUmf4btUmNDKy13CkhmxpAbGtUySqaCp9kZ2fbujHPeVtxKkxw,kr,asia
VBikmWBJXQlCrBmrOuSrt7R8Y1lUscY_YBUtTLRQtNL982WKU_uEWyvXQup0jqPLn7HCfvZUARkiOQ,na1,americas
o_-dcJ3ZORo2PXGxeawSXsCwQBPCC6W8-FiuulbaY_AUb5b2-SgnnDzOdvWTizCKw-IxQFcvmgEKeA,na1,americas
90RUzliZTQkHbs31sOMB90c-tY7d3q0M4qPWE8F--ucuvZXvxu9N1mVY_S69DtHFGyyT3KAP_hjewQ,vn2,sea
RexvR7YAbpDcBC6VzjnZ69jOagwiyFjJ-RWunPMJvVTZ0fkpOIyxqI7SxelUd-vhFsMFGuEuK_6GAA,euw1,europe
WlBGs8FWTuZLUqodS3PU3N2IE_AEegGUp-tNNdyJuhVHUykKdWFMh_HFivII45YDMLTM0c1YLhiv8Q,na1,americas
9zFl1S-nRyitQhJN1Vr10i2ueImtv26r_FGyCnZxx9Y6AtT6i0UWzTSIn5bZB9zVLJOszGZUBMl-og,euw1,europe
fKGhQqfmj8HHlwSLFgj-IiUlhdsc_pJjBIs0P-4rhT_v7nyt7iclY3EK1yAAQZR_Dhlg2XssJcAVuQ,na1,americas
uW_-0CXieq6aurp6kLWzsf2CNDFlpER7IZfCwHyVX_YvLCpC2Ef9g5kIRJ6HwGM_5Tpnt57-EWGosw,euw1,europe
L12thLqkSRrONNabj2n-ntKnXrxuawhAKg_KDSfudZAPzIY_pksbuoEoq0H0_3OmxNMBZdcW5G4Icg,kr,asia
MYvh1dIeJcXxsFDAhkKfNmnvsaLQj-W2qt6FtA2NrGF7JR8m9gpooSnoF10mgSbJwoQBVWsMd3TlOg,euw1,europe
QpY41XjrTtZMTKK0nRr6e59f114s1GHHBZm0iMKUHwdGgmmdgyFEV3BPb1gx9bLNB5uxwz90Wqrptg,euw1,europe
diJS7R1FHP1GzTFcopkVMVcntFKmh1oFqiU6LLc7EPDTL3piMuUcIJ0Y2hNdMBmvNZlyl-xznc6Rbw,vn2,sea
VeypEvh7A5Dg6Ht9vc2Er56A940a4AYxncy_EqETeYrJOfIjXhfFP9oNj8xz0-QJ8W2p5ZU1336vKA,na1,americas
EJCbJBbaHyspSr9HlQ08SgKaz7886sNgP-k9yuZSXXOyxrEu7D82NIsnpl0OB_BDHv24e-YxnpOsrA,kr,asia
CIEKA764yMW07aVH4AHq2m0zQg9qVhhPyHQH6R4Gijwv8oZgw3c19FDkXKN0UmRkVloQaz7zM8oo8w,euw1,europe
k5oOE-LnmvMFWLnU1_pwcy8pR3AeHsCwqZjHSIL9K0XjJwp9sVp5crNlwIHFrfSa0lHkpo3N97I0Fw,vn2,sea
4-aw1vq7gRpmE4PD6MalbTfvVzAUhgRZtPNgZBvYzMK_njvgWmYt6QPffIJJXnG9SLdGFwTTp4AtuQ,kr,asia
ccfq3VMcD9nfyRi3_XjRHeRNYJh4GMjqpvYD5XS45MbuTaVyCXpHGJAlozmMrtQoRZmGzQ10oV0Usg,vn2,sea
psWrjHuqupM6KpSIOYi9sF4E0vJeecNOLtlIJ_mIgxbFlH0GTWKp-3Z_nJk8i42yLlzniIcLiAjh3A,euw1,europe
t-lzipNGgnqY8PrZJm0vODawbGDAHpomXR-aROFUoB59O8FGhFMmfWfHqqFUgokoy2BQqiz_v7HCRA,kr,asia
pa7Adhytang6af2q5woAGxoLbdXq4rBdXxgmrKpRBS4rwMgtmqjQafyc16sWefbtJpsk59Zw_0McSg,kr,asia
iKZtFyoY-bWcwkDoaoi28WLr6StZnbFtFdqZpF01Q0J2HbJ2cb0qvWTVsOAmmk0-4e0RojYY7Pd3bg,na1,americas
CJHYb2_zSsS_vQfvnj-AgVIessg2HduXmv5n4qLR1PLw_I9WTnla5qceHh5iHYsJ2qHD7cpDsvO5Lw,vn2,sea
CKYMyrs8WL9zzDT1dBmoLOwMcK7ct78bMJ16f_x2Yig8WZSeLb4lIBKkbaeVtVWjCcUlf3mhDZlkMg,kr,asia
FI8r-va35XGj4donBGd7YV-SOLlqqlPDylTyO09WX59YkAGaazw7LsXbnRiuWAPzYHtrAZ3uDKdwng,euw1,europe
59bFVqw6OIVEACDpnoK45K_GfxvqVOL_eHcW9r7T2PAJtSffBcaJYjOM3iH8jftZp7Coj2MNguRFyw,kr,asia
tyb7h8ZQlxZVf4XJWb-x72PEnlBBRtHpXYlgTLJnqWji2sbAE4KCE9ly560UzTiucokwJ5CcNUzYug,euw1,europe
IFh_lrRdj5prgbR8bNf8-52UiLi4z1K71aX3jmqLnTJ7lWts2sipcScjXDj94WczPZdWWoF0fncF1g,euw1,europe
p9YLiDW6YIoh8YjNbnIo4kkBEul4rVTV3qdQvrIgdW4ojdGx7HVhK0IquMfBQAL4cyzz8KOI8j6uiw,kr,asia
_4uMC0hl_ZMXRoLdyoJNMCVTyEgr1Mhp2dKVdKGnek_PA1NwtIPmFpiFfQKus1Jn0INpUSKSE_Pp6w,na1,americas
_dCKhrYe0cn1foy_XxYXSUAPD9xwNAmX-Tny0npuol45m_fGIShp0UBRSFw-FvJXnx8wDVlZHd7yvA,vn2,sea
5sk9cItixvZwplK9Ywg1vFtpYdslReR5mlw-MjHkt8q8MJp4WqJDBJHG4GQJqB55NQBR17CqpbDuNw,vn2,sea
DGoYqO9YH0q4U337XSdf3aqGqEFOFZb1RFIM3cwGy6aJxjuCO22EaldMsJA4flpAs22Q-y4sH-7LGA,kr,asia
fhpY9UDzLtKwJjWhAhSmDc7GlfyYlVAJzCa9_jmNy57t25jk9j0DVpyM8s3QNdW7GtH6QO7UqnQfVg,vn2,sea
A0Zc9Cf9XXJosvzLcng-_dSxW_chmLxQp0Vh4V7oHQQ2SCyzKzS749kkJ-9qZnUBtpG1xG8ZajHynQ,na1,americas
nP3FEKrVeIV_448tZxZ_WO6Vp3QgYrjPUO1bscKXz_YfutAm8RhBR6gklOVtKuYqpJhC3yZCWHFjhg,na1,americas
qXItT4bkT_E1Idtefn3Uko54addPEu2iQj8M1gTDxiSDs6VKC4UYbgI5JE10R1UKuzZYArZAjNsgKQ,euw1,europe
XLSuKw8KU0SK0UiROAqoMMeJ4anOgxumYKUPuHgdmrZAX_ZYncIBridMvr2S8lzXMVffg-9N4ugx4A,kr,asia
2KJJwQ5jc_llV4iJa0F1OHX24fha5L3iy1qqNhaJguZnlWQs9pjkrpLBDQoFMP6t2T-DWLxvngQceg,euw1,europe
nZUCAGp2eR20rsdMtcXjDP-Md8XS1DehEKmGmDW4tWo_ZlSLH05s613VPW5QQ8Yj-uhBuXgsrswqSg,kr,asia
my1xpFOCvqsBcElNejFre0zBebgSESKghZDuzaG0orQeSNaWG7YuoVyCRnvs8pp8HkMYcq6CNnzC7g,na1,americas
Gi9Y0lOdidSfenwaGLXIZDwGMVLHsGGjtOjDwKiizSy6BcdGyGzGTT4mRm-_XU22VYNfYYH5RzG5Hg,kr,asia
CpQfMy_nwnf36BHyU_i26J-HsH5mKSlCPOQheRDFslZtt32UJ0bSeB6s9Mds9GsWAQlA4QcQrTKW6A,euw1,europe
7OR8CFwXXXQb9I1UkUv1CBbxIpipJ6ktB514fA7jSo6ESRr6Ytjj4b2hMSkAZqZ6akCNnTbBGkBe0A,kr,asia
4OVOXnzVSj4yKvrIZEoeoVHME7t_YdLEVpWJpXDvHNtz-An-LXGiEH2t06B3cuZCy5fGYctPK9BgJQ,na1,americas
tf_0nysOca9-jBkNRZHcjFuzGqi-_uMihwNkGTZGJJCL6t08y5Bc9Y8RroMMwzRqkZeM6o20uKbm5A,na1,americas
N0AXjo0pDVFn7jjLo_knXbbik4hWhWWFA1jL4EMGd1rWR5DDGuQLZYlOLeZqH5R40LtjDhzxOesLQQ,vn2,sea
6zaavER5vg8gHs-sAy12yDpFh9de5U3a8vG1HwlH5qtAO2KaHBEGWSiF3sLBQ3LXVPBdUn3nsHNHjw,kr,asia
G7L4mvf3LUDBRKIVmFqgv7Nic4mdMorBm98qctBnJh7Qv5VPWVW2zJw_vxw3nkGkFu5Nk8-dFLzWRA,na1,americas
ZewYeBJ5qhAL1Lv7Mf5hVKLw9CNz3YM9tEMhvA4Sx-R7SvzyQ2GY4feqC8hULzKLbIA_xpopLb6vJQ,euw1,europe
LM_YM507OQx9JSsGiLVUZ5MOmfNUNP4EpJS6mr0_0hJ0wuFQyIt0rXXJCA_6ku-rjcnviRjKXYaheg,euw1,europe
TSyZLBk6UfCZVyx2rJxXBGCDzThrSFy_1xhBflSBGNEYtLXV_bplCHT8fJo3wiJQPHscsHTnwq-2tg,na1,americas
4MN8H0Nn82Nz28lGsjfJy6wmikRrkJjPDeGy1VUFZFxLLvVEMgiUcbKyUHtM-1tEklStlSmpHqU_ug,euw1,europe
V_wJwQEQ1GIWbycugOBynOlVYkW1ijc_k3fyFoiUCtQ7bjunTJBVVfme_4cDN7kS9Ya14ILvg0be3Q,euw1,europe
OhA671uDhR5jk589MtJQ-IBsnrhwg6ho7ZfQPnDf3hXynalWGzul_Wfa2JtzkhA2tvtzKq9ue1Srgw,euw1,europe
lsVdEEwMW9dPkR3UAgv7IOU9tQ7C8MeMcP4rLzrGJFv4UwRr1JcS3NW-FgoIvgxYMie7o8_j4ejHJw,euw1,europe
bkDjLNWDeuimutBqrbYNlE_G-xgE8zyvVSsm0cIKJdhxy7mbqCBAjOaxoB1TWx8A3nwaUQQXQZ5C0A,kr,asia
Aka92gNzkVjYrZFSfHse-EXQQWk8PGmyocV3wJkrD1_bm4oBb3EwkpdSVcJB-MZoWXw5blJiwL6oFQ,na1,americas
c-Kn3dBQ-aUEv3-U9glC1BmU9_ZXAc2rqhXAs3KrFPjXOkkoBpewhJpba8sA8OoND-JwXqfKSBHF1Q,kr,asia
e0265zVXc5hgbfdkxJDEL_SYkkkdGefUlqRwtjANjvPnQMT66UTrPzzBC4PZ_uXurezbaow_PNZ9Hg,vn2,sea
EeE_Ct5Mn1f0y1EnLMY2d8DInRWxWZmJemIZw21GcAeskdsKVsKpaBDu0n0vavfx1O_9NpncLS-uow,vn2,sea
NVm5mcZGUjC7wWsRZLqEmTPD9vGbf4GwABhJ9QpiH-yQX1lGN6jdRI1TPFPo6tlRdZd2zw4z9qiAOg,na1,americas
KIMuO__qyMRlHE21Ug3QmF7J8ZKeF2TE5ilNAvCsuu96hzXRC5cfBW0f5_FKo5SH7evcXVRSberr7A,na1,americas
LYAlSqRpKBeK6cIpJZvJ1w5xfK9Ud_kuf8y3grAo4wkst2JAqiu4Fj3MKuyz5vd0IrFDX_jHGYZwtA,kr,asia
xgDnwgEsaA9ssXC8jREegSk9ndpMJ45-3Kg5TNTRELXgbX4Zo2HDdbhNYH9JQWb7JL63O1UfNq8GwA,vn2,sea
sx7AD35FrzSjEoPhWzwyRai43qQbX3ObU481sNDZpdhRlSfiNbtXM6KSazq-yKwknvC16apxBz2QeA,kr,asia
eSGYtUntJy0ShdZkR307zdnYMB4qOaLT7x3ks5SwxTQc_8Jt7MvgEIYU9sKDiA_ydzlm8gk5PtvRGA,na1,americas
0HZwMHuAYdyGBpRdibWgc7-kpuY-PmnQ2ijNRLYCVkmfaL7NWKaGQpOGIL6S0SVKh9HdlfG3Jk2oTQ,euw1,europe
hxJEuLa8c-yYYURBe_1ht1s7xHyiOIqwtUBN8HweT8BK9jCKR5Qr7A6Bwr1jLqsAsqaCHOtjeKQFrQ,na1,americas
ts_R4IqquRaKdb_IAlLAuHbVegMRdmL_3kUxhEkH_zBW8kndr4saMi4t76g0k5bLuJ5RfyzXiIxB0A,vn2,sea
tqVKAah9XMc7R7vHmf1e_5M4Fp1ToPjVoKcLddxdMXxGpEJqFVuHobjrd11pijdx2SMnp09bvXEpLw,euw1,europe
ZMbjbIo2eZmnQJIGeBmc1g6F4CEXB0POig06EVuc727UzLBenpyAYqwGp-HRUfOFFaUfzF1Vn33mJg,euw1,europe
WNR6CjXL_1a1cytPALL8A-xxYRxSEiccIY7FgHpF4SiyfA8GX3qTRgtIkS34WlqEORGwX8yURfZTjA,euw1,europe
Z7r9rc3dA355BefN0DfRwxlJFvFDUugqMy5rzxWJvHy5k_NkyhLwDezUFC99psVbeOtzMIXf9XPNjA,na1,americas
WY9n1IDLxe83Csdl37T3a17ZYagvLZQZtyISnDok2-bJH0tNGn3XywfRXBOX73i2I3ERp_pbsfTe8Q,euw1,europe
yV9wPVRubzWyaLQ_BFDimKyIS5UW0Je4Z-k6MTINfKw5QK__UWmDeykeqlzAXqVAP6ej4RrLXwNoEg,na1,americas
J1IJ_h0-G7FED3Ja3KRYHfyHIWpYTcRB5KrnftqysFVo_Wp1EqPHDE6wQKazSQimOLN7PoNAf0KTLA,kr,asia
f9FiIMAuk5r9fTGc8qKj8ilq4UTf8TfZfy2xQtYAJXBYMNJnLW4vrab2aCk4dOd1MUnPfx3NYdCCnw,na1,americas
sIKRN4KNGfqJsMnEJtPpLbfkEZRglNkzVC4yv5BYWsnc612SPpbE8-u4afSWAvdPMi1ERgBGeSCJdw,na1,americas
aEk3hWmX5VaVJ_HiGR-BcodaPR1gemDph6EyE60BELQhu4VY6UnzZGjC3ijr8v3Nj8CWM3VvAiIpYA,euw1,europe
0tUYtRa9eu8LH9YaHKI2cAYaUa1M1vb67a3s9ua1tKtmxJtkUkVJOqiNIiwyOxO78UvhLPSDPhpBaw,vn2,sea
g2x44rH81BCSMILtaBwCrnMgzM3MI0PrdCy6PB9KVTQaMISjFqi64hMb8J6ACdy1zzogt8iAZIIU2A,na1,americas
610mNei-I2701hj_GQnN-cwaKwPM0ig2cJHeSO2MeFX1OmfkxfEe_fbjlJFdgazSiVTDP1bEMZCvew,vn2,sea
Pz3v99EyoipTCzK4uejgB23J72_bEfLbZCVG10D36LaEpatIo5gve7g580afbu79nmhI8gO_zwmZUQ,euw1,europe
f4t3flL1UM5U-VUgwQxUFNu-nOr0yVvCehT6ofnbOlJ5Szb_nPc5PrJuSqUO8Cy9CoK8lYcI4igqxQ,vn2,sea
Q8jP9LtJ7t5LJLXhGVZC94XeHfPvpBMgpHFHp9UXdmVS_ftBkeFMVjNQx1O6Oj6i9itaWFGG7VWtQg,vn2,sea
EHi9bWhQaWTe-Ptt3VoHhu7o0VG5bJfMS-0Xo4ZubW4qIWKXOxTUmZNn2Li_UYH5r4jpAv3q_JcNKw,euw1,europe
cZJlslrDxl6er8Nx0XI4deBjstOZOqRj1NPAm9CW5J8q0eGK726-a2ju4v6XTc2BOl_oblKmySMX_w,vn2,sea
VpLAWOliR_2iGV2y6VqvKqgdbY5DIWqkBnJj8pfMiyA7qElwdNyI7KZFIzKc0IpTLKe6SkUR_9BbIw,euw1,europe
bpVfrWu5_EvR3BVvu0pjsICjT9ZcY-L0O33mgUvHkEpiG5LI3U6adFe-3AN5nTloogodk1CWEznhEw,kr,asia
QhKF7whUyMNz415zCpNZeciPaEbErMbAEG_IhzPuKDTKx9PjiYm4DSh0vvZgnFNvZts0SKiaud9s_w,na1,americas
egBpjqwOrPRoYus7GjFRHVGEOw7TXNHeun443Cjy07twbbTiIYuz-WEAHnRujaVlPnJlbrfwLPCF4A,na1,americas
zbOAAlh9UluKNlO6lJlof4QeFlN1vPVkiHRY615OONr9FJjo5c9bSGikH7wifgGaModv0a09wmYbYg,vn2,sea
bPxQz_8CQYmo9LjvSC0h1xfVA-L5sijX_-Y9lVT_QBmWFn7lTDjWVPj0KHaaYDUoy1HEyEzdASfITg,kr,asia
tTesXMEP066sGh4EsDnEaw9srnSyUGu9t4wL_IUdZA6H-iy73ZWHUgoQOsjAoFIsRqT1b2jvh0Ewiw,na1,americas
8gBi3P0Ny2iVTCH6wYfYNHaPng89NGEfegRJOurXdkm1VXhUSKXgBcRIkM0nW3sNRJ7Ri-GjgDtpCQ,vn2,sea
mbJ26IU_HN5_ScRXtU_j9Oi-TZczSNy-3k93iTqTUEcUW74yIO7onhzWbrAfAY0pQW14wzkK5qJGcA,kr,asia
_nDracHZuMMyKzTLGrvCznVcngSvZ7z4yJvRxbYLcjdz6evhnA6zEV8pTZTtzu7YHJj0hwCP3WHKWg,kr,asia
uqLaB7brx24dNsB4mec6pwL5yVH6zKuA9YAfAPBE8RuWAGcFiLoVCmJa23xCeMzXkTV9vgtC1WrVmA,na1,americas
5sY-p47Xo82KJkhUN4CHFwt0QUy_cCZXXrCQO39OrcoV1ZSZr0EZ7_cNQ2J-_qcSYTKxeQTLrnJcvQ,vn2,sea
CtauqnWVJZbLIe8ROiAhOv-D2SeQ7IOzbEeXGZGnoGPM8uPY5h_wD54IoFC5_gPwmRfkkACJR4vIEw,na1,americas
ns0G6OW6ShmWfBQyIoKnnWmS4ciA715aryBQZlgrm-74qqLjQHyJLq6tzU9gzsnHorDDzj-0mSeoCQ,kr,asia
e1FWy6jjS9iHDDlRu9PJjfiyhWwHUScllR3Bprii2Z-21VGDs9H06lCuiy7frHx9RtD-4MjF74VnBg,na1,americas
B76CxAMmgFQsWxuxvqsrKA15lnnbx9YENMnoyV_3aZGYJu9FqwaQl2PUHV-mNc0owidiSeV21v6FJQ,vn2,sea
7NrJHuUQ6R4jS5D2k6Uwo7WSnv_tLtWJJ39pOIdE_XTBu8qO9NTkOPek7mRGU56G4TxL7gy-s2_E1w,vn2,sea
KZf59uzdNluHkwXONCrwEQucr76kCiHdFxCEMz_8LXOid76Oxc7bA5WHLjIbSoNkBDpbPGaNvHtdJw,na1,americas
UnYgVMcMhU15PwQLdSKVuYUxw4_wOg08KO-4lZ1VvK-5pglG2IKwgpxlUYcXmIF2Eu67HxhQ2SuFDw,vn2,sea
IfBQ2KlCSR7duTShrrs2uTBJG7NG3hDHThdPIVA6q69Cqj9GFkYr-nqe_jBFurxBMXLh0DTZr-nzkA,vn2,sea
wq0pajVUwhlYyhOaHfxSl8YQZIsMtlaioZviAUvq66JbmyY2SYNuOI1I_0pgGdN1P3e18S7dGUYhXQ,kr,asia
XXc7xbMx6dRYnZGYoXzAVjfOEFNvohlZo7dZr3OsbdeT8EwjsmOPBjqzsWNAPvOL4d9fA7wBYmQjUw,na1,americas
7LxTz4fGnQ3Rpa3hZEaWefM3lcv7c0RqVOZfRt-MAVRcVMRJ8RwSNG3thw8zBpQdkOCC_t1OJ5c0VQ,na1,americas
nz-HQoSXlvlpm1BT5Bfm6geTV6-XDZ1etZEIpzq-J1MGN0PWIGZLNxcNSw7Prnz0H1skbea1RC5gfw,vn2,sea
Bd9XX1CKBRQpxX5N0BhI9Mfs2mzSWAw2rl2MVjUh9zVyr5uB7KPdEqnYy3khMnNdR0AnsNAktaqPSw,na1,americas
jtnUpzxxfrBrgAZOjfveEWxhmqWmoM4uWrrgX_jlEAMQKovRczPkcTK20u8YIP9RJbChmKz7XVMNmg,na1,americas
JtWbstoP8szjLqC5a1JiNvFQ8eAgyAaaBRj-wVrXDtNtsfDIHsO_JPq09E6hrG9OU59-kio0W-_mhw,euw1,europe
3eumdXWn2UApXGVxBlJOFApf5ech9Iz33NyJMuw0e2QxSEFdaKT-_rFtEBOQ4iIhGJcloacs14WUkg,kr,asia
fSq_yGqKKMfz4-4-nIVHTQprQc-1xLsv3Qp2AVXODrUckwkJRtWEfxsFnLHGk6fcR6rZRmEGgRuq4Q,kr,asia
q-veiNnMF3i75xZq4E05_fKzqxWpPSdQ5OoBG6-BGrI9W9l5yJgBPlFraX1j9pN8w6pO930Bh9vccQ,vn2,sea
OAKxq0nSzAsT7qLVxuf_UFamEehRDR8whKt6-hbYxKdXhG_qKLkZ80pXqQpgjKSiagI10VUAkZ9lJg,na1,americas
OZmfj2h1AIsQoWG53k8mGjkOjjLUK7lJI7qWvmn40rqOuiNG3hFL4Z_Mu7QSYlqr8ZfluEOG6eDJPA,euw1,europe
W9TOkMxb38yIGg6VAcBVW068ToTswYP4kB4Ie-qJu4hOD5Pa4L7zgXbIjrtvHAmnweTMLmf5auBWxw,kr,asia
APUXov-Vf02wfoJbaREoJo5M01--K1LbVJQf1j6E3K-tJh4VaXyCYqbrZH7Ena7B3C-r8h9PKM-8oA,euw1,europe
dDKGqXo0nYYYkHra572I6SLAQmuhghW_LTSrrp3lWKjYw65ppbp1w5_f8YA0hvB9Z7NqKg5ikn3D9g,vn2,sea
lk6B6ZKLS2cGMZuccnr5qmnkjme_fR4fwQGFxWTva5mwZq2m__PEJHeSgsP-vJ-NllLTqLoW5vVJGQ,na1,americas
6iUqH5_ukN_ZXYwLnwZyt9QUDSmqcjjRVU-fJ_wcQ8O3ayONoWusNzKoc_YtGBDFjRcU89WAVisrUQ,kr,asia
SVnG7SDjRy8JuMFFeu3I3sIYVREbFrS9K3Iml0frX51gfrkmmHw6UZjCMbxkjoea9NyGgdxbbhzmag,euw1,europe
GjlSuZ8NRH5lXH4oxzIqZLE4UsfzwZnpObwtQDS5BSnmnqUSbhItov9YOvMfYgVfyEXzXhqJFDsv3g,vn2,sea
qlvg45HjGLuznDPpaU94Bclp43azLKvsduerqDuqsJj7zZ0Ou0q5S2iddG7uJ7Oe2yw1NrrvRTa_xg,na1,americas
jzhUTclyChsYHeJktuUkfJvTJd3FNOOJPrRQiH8trYS2gs1GwBG9EAU_NLzkbSR7krWWQLS-3q1i1Q,kr,asia
D4I52d5Tp3Fd6Eue2Q2cLOVJwiMACxRWOovy23AS0jMQCz7ntKcjeoR2P3G89nHQ_gV_Lme3naBsqA,euw1,europe
sZo_nc6LY26Nmtudnm50LrFzqwcQqZv-qm912BB54zckGrRnrEivYug2aiE65Ea1Ke3Vt68fSjM2Ng,vn2,sea
ELwl3Rq1X2SSfVXHw0z2FhadlVSqddkFR6lpzIAXEHd6HpCEUgvbwig_dCBZ0Y7ybm82NxCHkLe2fQ,vn2,sea
BK05chp-m72avhKsf4Lsr61OcY2_qb7vK5oQl9aHeCeQyS2s1wCBEUYG1OEzvG2CdpEbKyOGfHmjrQ,kr,asia
kFvG-5DsNJKllblLV3Nl0n5YqRTNcsj97WyrEWJG2iBsbTgsagFkNKG-CuKJ6ivIyAfmcfkv3us9WA,vn2,sea
OtuxfNboyd2IcI7FBWDAMRGU5raCpTnlgBI7kOJmxCS87nxw9rIJuJacdGqTFtUQjAN852yII3AhjA,vn2,sea
tUMlFjF-ChmNir3Hem7zHvpThiYpZtk-RX_Z6gRMszkBrae0JuF4qEg5TiOXaYb2D-7QSmAmEHKvyg,vn2,sea
oq1772LoLo64WftcDwG24T5jw1pfbaGQKbDvuak_DzOhlAjxGQqOZu4L00mBRFHxrC6YT98fgWn1KQ,euw1,europe
7Hpz4dc_vx8bgPxtrLlOdqZs1LfBiV2NjwL2nz3OCrVB2xMeCssNYkmuoOi5p7-NuQtRXbr4wmRW6g,euw1,europe
7-cvZ3ZHiT3q-ZCSptK1rCtkiEQHCTj0DK7Q4ZaeHx8T11sG1dSodBDZQbRNmBJLTBkvK078LXLsyQ,na1,americas
oWf21N5ce7bbn8avd9zAXKX_1DW0kUS41pS5FngAeC0wSW2_-HHPQrdU_zNLawMALbvCbwA-gjI7zw,kr,asia
EZJ7nAa63TWcFWsRy5wB6vqJJaECRN7qL8OedUL9M8qIGZrYK51PBuXWVoe-qjJJieSymIcJcQ32jw,vn2,sea
-z3XlgDd3TK_6SPzuU7jrg4x2phRdxZ6FDnQVQwfhl_5ciznnb-YiczRl1et7WMI6CPqhmcn9Qx88Q,na1,americas
4yvjpQGuNypo5lXWUgc50FYFXPiMYgKV0Lx-zI50C4EJRj76bogWYhJbtWkFlB9sre7cJFL6qx3ARA,na1,americas
Jli4YUo5rE06LR-n0gtEb_ZjauyxlSqQT60VVZgNXzNwlDck3wpUccVJSkVcN5CRTAlHzbubA0PzBw,na1,americas
fXsgU07Oy6iCWvetXkL1zimkuq5QqR7VfYLHPMbHQc4s5hjEU6VkvVfSeQXVoRiRnRX9yUKh-g2Qzw,na1,americas
Qk2gCkdDLuTivgu6g6NUeM47z5xrYJS3I2363OAI2pZ0rlgV1RFutYZlHgzrKEEq6b95Jq8FVavdig,na1,americas
_ByVfVMRo1POg0_jPrfJ8zbN9Rqzkrq1PISguvabNQjf7pEVTngW-CRNnxiMHgc-YAEnwIXJ8xTj7A,na1,americas
Bs3Xrtn8roOdf8nt8EsqOhnnHMWYxwYzmGf00jXQnVl04C0fI8jPdHx87ahsb8ENKN-B3YP0LpEOUw,na1,americas
YwlZ0-VG06ZpXzX4MeZBhMWjleXjF-OmbJdSputpbFFgkFosM16GZzN0aOIycLTmoQ0iGSvcRQeVlQ,na1,americas
RgALeLQANNJgNSg7fM90ADLsVFrgW590YrjXMSyydldDYLmY56DRIdj0GFGKqJpsbeMAN56sWfBGOw,kr,asia
pxSsggqRJNKI9NEvxtS-p-3Rsgjw6EbcnNBP4M4KC_peWmvFxNLCEEGWl4B_GRotU_nvRi-xE05OnA,euw1,europe
dI7xKSMf0fT-FSzAU_kdUf5diXFRVP5GngdaKj9vr83TfBzuypEiivehCZ-iFo0m71OaBi8hYAzAfw,vn2,sea
KNUr_41dRTGvxvfGrxWbsvoeIE0Ukq5muLc4bO_7xbSW8RKmNoizKCXjO-j1R0AhaYyisdBfDpI56g,kr,asia
dRI2ruuh7kplajHO3v575ECNYB1liD8tlCC859I279a9fnU60QOCeRJ9Q0ZnURDtCf03lut1-4K6Iw,euw1,europe
9r34h07rNTa950Cotsi-8cXEb3BRfy5klzlBr_qLxioOTzvwspu6uWNmd7PGx_kISqSl-CS0xbCdWQ,na1,americas
k81srgvBdCqxznoNwkd6PVt8rd3sQsuV71p5OdmIuX8Mf7-IHH6qshUPgz2zJLTOLw-efXFEmGPgvg,euw1,europe
uq3yQPDsmF2sztM7dOWdTvfXJjZfWFkIhzfiOlRvSZmLW2IozsPby0jRUc12W-fTTWI7r65vuoudSg,kr,asia
lDsobX6sxeHrS-mhncHlTP1sSks1iipeo61xPKg5AbIjSxFeuHCx04o-zgr6ch_dXU0dhWdXYw-GFg,na1,americas
-EiNo5bZKXYeNRhrgS-wwX3Ygi2iIYsERtncB27Kz5FiTTO3TMttcgdjNM4xxcFl_EGrpSZ-xWANhQ,kr,asia
8x-Dy2GoyZfej6vXvMnr8pO3jJ7RUy_NJgSqEAvLddZSXjjDm-TTcfsX-bXQvBIfx-ZD2Z8xpetElA,euw1,europe
ldbAt_UXLLloF83BVSFF9liWXkae2GAZMO5bH4eE13ENmt-MUdh58IjEbRCDomAUvr34_czvlWXSag,vn2,sea
EwJMb_YJ3LUQ6QoTero3e_uy_flZlHKQbig_qewmM4ROExDVY5LiB1cjOQfBjeAjnIvsEssXiUcHUA,na1,americas
nvu_HGXBCFofOrcMSvTiCAChU6PczJ93TxhYHFBP9wM4iydns4_AwihAKNKgNZuF_38Du0IA9utDfg,na1,americas
hUdk8s_2DYTEFpsfXeKFFSffDgFY2i0jGJXSSI6qahQuApz1Cpd0pUKxlQDfLMrMeJCoRKRKQACo0A,euw1,europe
-RWQFlyLTBdF7h-uS8uZ41Hr0qPzeVObzz9t3co5NE-hXnWfZCm4Tp5GR8wLxa2AZ8yHKUxBddk1sA,vn2,sea
BUa80twSJVRffwGnmP9NdV7-lVlvWfEgeZ-8-MDuMC4jy8qPTEukRFFCvvtT0AMk7sZJ5zHvH2Dr2g,vn2,sea
_RBOlhEOeDY8nZGJ1GLXURa4jSGhG_OFBED0PO6SMcdEhEOLBPtk2u2QAgAplBf2s2qtYWvO-Wiuqw,na1,americas
ZRlDNXA_5N0AVD36XFOIHB8KgTxwCmuI9dR8TXSdZ9yISPbHdnpvSOWNeeq9vunzuJQYFnF_Tizelg,kr,asia
8y0oxdMKi6PFFlWIfeqbxtMS0NLlQcriLoAjYgSntBTchckCCig2izh6zuUxehoRrdTMkdBHgnvJ_Q,vn2,sea
KSWqlHQ5CWTO8i5lBc2gNJHRuK-glfEuEjbgrqq_BxjYX1RmfTwemLrW_X5HkGDHK392f78apB80vg,euw1,europe
Hkd8AU9GTgWmHgezOWLjzVQ382ANkO12zJhS3Z7ESRByxhz2_ilWyOstlwus-0OprJPBYXKMmm_8LQ,euw1,europe
wA1jwRHujJxqQJumtUV4nm_Xdq9fVPuNJPAOLcsDnovfgwTrxqaSrNK9G5y36B3ExM2C-k0sF_ErnA,vn2,sea
-csLC1ISX_Ag2SubjyisfpConY2PmvBPJsHRh-etmm5TkLFTwxJNup2ztx8BIJrLcwte-LQY8oNz7g,euw1,europe
Ik-PANi0jIiTjhx34vh8Z4tYLOc2wQ1GrzR-tdbSc9KQ_-kwE63lKjCIB9d4r5SuHmGiqX3fnBGS4g,vn2,sea
ao-TxC-4MNiUMxz1_KsPcbZwpmUf9dWev-6RCu1CyrM5wBD9gC0zECIthms-ihlLlubDX2sgjl7fHw,kr,asia
MnKwrY1OyM9ButthkKIsgdwc_wsmcYcaA1DtfNLNnAyfk27vos667Bnfvq6_BArBADIi6YS1o1sGGw,na1,americas
4gYvlFbVjBcn_yOl0R_3DY_ULDG_vSyu0hc6A61DJG6YqA_j4x76ZqJASZ1XOiKoaqPQBz97FPu5MQ,vn2,sea
E-A6MgGBSNWwJklz-dbB2sRQG20EjNzIorc0fAo-DoeZohIwdbB27gunPHb86bt_542KKqy5SmyQ3A,na1,americas
SUEbZwbCiiNlcJXT9570aPgxXEBLymRfYSyNtuFL4O6LOu56mAQOrk4knA5R1tvN6VN37XgQEvoyAA,euw1,europe
FxHcOne_EYxrGZfelNC1Xdvbaj6ntb5l6_ueOQXoq5NWempPT7H5qofI7oyOZ3Zp9vQuVQxtER5hqw,kr,asia
nqzIr4a1tLjYAGJiC8K6XSLbOqPdcd4si1kFpuUGmz4Dz_L1f2YUFLlfydIVm2oi61o-E7oKZpVTsg,vn2,sea
NPzvG5G2ErecBcZhk_SRDBF3KU1lPECpXjGCL05rEK3V2Z3vUsKiwDiNvhmENVFxCgIoWPif6ztTLw,euw1,europe
skiX-eRR8jkZlroWuqCoXvlD1NrypUP065rbGmN2gl6N2-6IvDq9PD5RI1xQ4QkcVsRv5DVL5XkQnw,kr,asia
v0J2FcEQhJY0jI8zXVadqAd6Otf96_2WCtQT3ghUq2XHfXcxisyloPbm1jxcqUOIMMAWGZVqolB00Q,euw1,europe
4-h7j3MSsOUMfy1ZeDgPzO50TWOgNBA_5i6xTGSMwpxZysaY_ABUR55fkZE0jqOD8p6ZU4I2cKgRXg,euw1,europe
uCWxuPocSu7oO09rofqnrL-6Nssv_XysUMCAwVyQIljLvS_w3TrzSxHUdLP6Xh1UR0u9d7iQsSrq_w,na1,americas
QCJfXnQxAaJQel2sJeGrEXrzVgTVQmItpgtmd0xKjz9GAc6N5NTgEUKqz3su7Knz7kicjjOGOdD1Bw,euw1,europe
KEuxMQHXoqF4EKDIcA2CAxTbb-32PMngYrggOIR9gq6RQGyfWsE4mc6s6odA3VL20ZuXJI8nwr6rdw,vn2,sea
IIZ3GJiHmeSvjfjjXZqf7G1yJn5IfLyfwoSxLGWNW9dLyD1shYlpEo95_KmTC1Y3ZNi_fh81bNMKTg,kr,asia
8-8p4z71DXfyvoPZNroXcCIHer3uMZ-Q6gchrg8g0vO9DybnMGNf4tkMeIsddFGtIE2HZFjX8d3Feg,kr,asia
RJCs2UplQKhD_UQCDG12lw1WoeedzyVdDko37eDkHPux-6rNdfGGfRUDZnp-HFE4cA7OSZUxvKwTEw,kr,asia
fMZ2Fc4J_DU4uKBr8Obx5_GDeejkrMBoZJoPXDws7mvTXXa6Xj5Trl5XCvQCn4OlGNJntBZaf0DYbQ,na1,americas
9MQODuFqhSRI7-tkJSqjkLDHMZH7ZnukZb7863Bziy_gt5g-SkOqao1a1SAqTk2mym8H33EpG9yLpQ,euw1,europe
zUbtEuTrnLGnhin3CDbLUhcNiOyxqTAvjcGoN8iEX0nKeRtT9KG57ifQjRAql2vSaXJZ8e2kF3h7GA,na1,americas
1d8j2vb66pHkcWXwyfQD-OVif0sVdr0Wvek6HACdZBYnwZ9Sy94iwOtpDpRkzF8hGJHdpUEKTmWqaA,vn2,sea
XQlNGNgCVXELyEHOCrhW7FFQEeovfWb4aoTAk6LlktqYNugzHhe0izchLoUaTtTmLkMrfZq-6thv0Q,kr,asia
Lqu4BEupR_-mp5wzBq--tEuVggNwrvr0_-fWhCRtjL0-6bM2Q42MN_X4rM4ZZ-_3BSyRnnEiSlzSfQ,na1,americas
Erj3myDdn1rewN69hUYOn_C4xwQhAvwYzrZR7Gr8l1_oHxBmeYvjgGLTNNrlbSXz2yEHFOK-V-qfrQ,euw1,europe
JK-2lhFXLRA0TMrM4tBoNYZ-LCW5bzTpw2eFthX5j-Q2QrvanyF3za8958yAnQlqjjjHraihkc1RpA,kr,asia
e6B0Vx4VzM1wbcJ7SBUvVAMRHThXOkTfWZCoeqRCmv5csphdtafxKviKkloH0FiKTNBZ6mD8UjzCpw,kr,asia
o76HTNtLVVLBNyyni9Bz6qd5ghFKqRa30R7aNGUjPJPHc4235b4s0-rbD2IZs5EBvzPflGNhCjgR1Q,euw1,europe
oxopXBXonniMr7LaHwVcZcHjW1j0c0ckj0ty02_phfQxe9-zSERMuGeKyWVsnZfybxDZ_vAUIxEw8Q,euw1,europe
8aboOnz2w0lcUG5rKhQh63GqHII1eWAZA97sNwS3u33jTo9bOKKHuEZKBtdDsdiobfZrvrbNztBVuA,na1,americas
icJs1HGuhXCofArHRyJk9hS7LohUBwNqrAI11ALKtwO8RSOhQ27V8Ji5XXJFelxvpc4IetQ0Bz9ckA,vn2,sea
njoPp6MBg7dt9hJb1ACH6dNbSv74Y7F2CIb_CA4YVdxK_v_TJsZKzdQdokpco94GlnLxbQAPvcBt3Q,na1,americas
iRAxoxXm4w5dAQdmaGX7sMbr0gZzMTFs6d0u8mKLh1UxxDmNjn9dy9oho04XeTIsdp9FMwovhfi2kA,euw1,europe
GY1ziLfdWiadAE_a91-Nk_04qAmcwEVOp9L5cpuEQCcCl2H91NzY_KZvzdVsOKPeHwWtRf_k1snSPA,vn2,sea
uNKcQNVTh946MGuLqjrFA0P64Nn_3Ld36hNuCkp4VD0MBZ7y5s6MBZ96jRdhrFxkIFD1Q-J5PYQ4lw,na1,americas
ddzTPndg3LMy8up4OiMtUIU3S1Cx8Tr1-r_xOg10-qcJFCIvVWM34WyQ9vBqW-NwiJJB8mPuGEetHg,na1,americas
ou7zVTZUihCX6D-ZM0xvXiTzNahYMYbIVs39X2xdZ9FwOcKK0S4tkcisdaDJGbd5f6-gs28_LUURXA,euw1,europe
HUElN2tOD7FOUbhGjVJzFyROnVb90XBwEEP6Bj6S1L7SJdD8aUQUsUmKjhbRtq2r7w7QtpwXSrc53w,euw1,europe
IpveasnBRbzPQRPhvtyaHE54S1IuWAFk_HU14Rc3Z7YugGuDUrsloNcCswZZsJhmg_vhYSYYVI9XsA,vn2,sea
9IzVMEw29HKSP-qoC_ZNA-Z8jwvecDrc4sbPxFN1alnkxfs1HP1BS3xj0SQ-h6PrpbXFgN7vGcg4Pw,vn2,sea
rClJdzBwmHsHy8WLKh8J1B8F-Rkth2H6FvK5dl0uy7tEZ6oQdP5fFsf-P6BuC4OZtdLlc3OzR5r75A,vn2,sea
0Nr86wM4EmQoAqw3P_tNO1rdNy7WU3yiuEWReGkYSL1ZTRquPsWjWyjSYo-2BsQf47P2VJ2h_eOSEg,kr,asia
0hZxxF66pXgetfYZqfHb7jVJwF_K3DAkAepO608Zdm2Tx9p07s8_qQaTYoIRWZAn58udXZxMj510pg,vn2,sea
alW1MtwW8E8WAAtXx-Z57NBSoMvKeZrZqCFURRTvwu4uldBiBhn23nhCoXWC7a8dpUn_02qZz_scHw,vn2,sea
mKyoi02PF4zHEJBYatb2y17dSYYpzOJVMj2l4wXxm7KBtedF7o6aywwTKCN-eZQs1Y5lgTJM-xa-4Q,kr,asia
Bbp4uS3XHuzEhj4DxD9aDJ3eLrjcigziG9scp-kKryxI9uJJejzD7EHqKR0gwoEeG9P78qbSV0oP3A,na1,americas
NC5f3KVSIQk0jOKhVGffR1rZ-P_vabEzUlmg-QbiJN2rlRUN6Y63jYMGdEQPVd_YquVODMifCVYA2w,euw1,europe
ExYPuCwlhElUdqJE7MtcZ7pPBou05eVETG0Ua_pqH6jHYDS1Je4_EasvUbp3Nmmmv3myZVphxuDRkw,euw1,europe
NatUHMlgp86ZeCWdrWyTgpaXSGhpcKN05EsuqUDt_Upgb8ybXb7h-z94O-Pi1NdxLBQLKW7UvTu2Pg,na1,americas
JxGo6QSarfH8jMmPRJQEMNZ2s6Wh1Y56fL0m22YC3HScq1VkM_Yj68zOqYV_FpCud6AxHZ3kIiNH2g,vn2,sea
LF3-EyESWNihpagvTwvLawMLlJP5NSxh2hmgLt0SIQrnEAQqhwC3gq16SrHD8q9-WnudGMTbdhrJBg,vn2,sea
AdFd3gFD1ZjzpKC-WXueg5bYZiF6Wp39WRNbolvJ4UEDLHlkLMzSFC1IIeiTrXg3sBql8yHLW6wM0w,kr,asia
kq6pDSGOEwf1NOjCDXTWACSiFZOr4Dk7rcgFMIcGUQa347dXBgvrNwNB2yr2-TSKZODtLx7nJ0I6NQ,kr,asia
7jJd4yB-J2pbmZbsIUeJrhfgH9AgkGdvFdKVWqXsOmGHS2UjUf2r64PNMCTRroOswGVGU_TJiHQOfg,vn2,sea
o9Qd3ncEKF8UZCPj9y6ZdjdSHu76HvJ0Q9BIFuboJcvANbq9FJ7wmqseLWERzW04iNUiREtDEBa6lg,na1,americas
sEbKBwgw2Ftyp3JnCFSHf9edpXKj3dZhyWQ687sYdV4sFJjPlDLzxsByT5SiIkhaU-CEXcg642TY_Q,na1,americas
JwFxSARni122-yLZTfBurkELi5kViNdm7eB92h7IJ1nFej0OHv91tqgiJii2nGOl6AWP9-j737gkag,na1,americas
dsdd132nfVea6L2NdCU6O5oYvqSq6HCEtEP18yazBSWBW3Fs93sFdlvaOX86cFxV8kEExG9fWUMHMQ,na1,americas
mMy2DRs8fhUz2xP9-iEXpXTpq7ieKqi0AhWIoB0PT52o8f1bGef1vovW9ebby1S8IGFvVTLMWlFrnA,na1,americas
_i_yyElVnZnhkhkBpyW11rTOhLWln2hfb5NTyWVKbKzytov0wJ_HJfeLTJUjLs-7Dc7E4HaDjwFaEw,vn2,sea
2WNU93PHkzfxpOt0n2ayxdY_e6MTOi4dLtf0K1q3c0lYJxnRb2n_rISfE2Qrm3QW7tjjWEfaHa6-fQ,kr,asia
AWWKUuNm-6zKYUo4HLOMfLKPvbTDuuN6wuIjsZirJhKgyYxlnbHS5mA4A7hQcKNv1NrNR0YBUfWLsQ,na1,americas
FeqPLllZMuzmsJFgAXy0hgig3VACM1OKsPcBhyC-SNF9gFmVXI9eLhCOCxo55i5MUB6L5zfyU9zx3A,kr,asia
bXs98AsEqSY5-tbYNG51jws5KR_uc8t91WD6AtJUsM6HX1jTfCiuZCHn57ZIm3PgEBK2veBqRfThHQ,na1,americas
LdK4KOF7ECdTl4HvLyMCi3KlaVNLs40hnPnid19cCwRXMsdtcbLANguDJfX5ZanFE1WMF-gJnwBxrg,na1,americas
5y0rQ7D5Q5XBZ5geLFX3UaSFYpA7CAxUNmh2tyZti-AJ3hsQFZHnOKBXQzVLBHrJm2Yc3DLhCebPFg,vn2,sea
bWIIE0gPhrtKxUDxD3zDWe8V2xkm6SCmuVOPI8Q3IBmTtx5ZOE5PMdjnzjIbrveSoc0Zq3Ndr0Vi2g,na1,americas
lbBtQ9rddZ8CPYxVfDXRFNqGwRzg44bCP2w8p8ZBX5PLYYFgACeRwXwgRCfpM4xWHjrMBl1nRKuasg,vn2,sea
h54gHCgv7CfUFvcvABVxnZWeJmIxI17cKzZwtVZV6YrfsxUYpGqDDaoSKQKEyjxx3FKlrECYXKBAqA,euw1,europe
rk2FzaA2kuZHECW3ABhfwZAiB0zVTh-xsTrQfmY8z5-CUO-JMkC63g1pgKgl0LdpNPngmm5Epmk1tA,euw1,europe
2vP80KRbjF7TiQofwZt-1VtrVGqaaFnBkDLGa36AMF5nZjaV4ym0Qjei8IZ2TOqQYFFQaGtvGLOigQ,vn2,sea
eBvblq-JiWutsqcaVrMgJSgZrjsUxXhTXmR4Z2_vhfmTlUmZjsvVxGQTUEK-LrOAwUrrrW63Rw-IDw,vn2,sea
yHBOy61yogTaHG6wcbtAKhx9bIT8MhYAmbY9uOCBSXUiAoP4HrPER_W1O4mTHBjlyeb6DUkIQm8wPw,kr,asia
pBGCaDn8vQHJyEWk_JJbRLzuP29Lmd709A98w1vtmxYK42v2jQp1LI_hpe9JIGrXAy4_hgXGIJEmOA,euw1,europe
5XL0Wk6cStTmEIZmDN63AtaLlIPASijYX6p1BZ5os2YhwK4qRvL8E733wdB3yOTufEnU2fXPZrsmPQ,vn2,sea
kk3WYd1yI9Xo7B1QKDm8pVd3TGbDDP493x8aBGixpsoknDo6SvBPM_S7XJvsHjXEMW2frMK11YIk9g,kr,asia
pb6Q7ekKpq6OaQBOBxtVFJoglAGFa9wE3S1sjUZddvghXNg9i3gImXiLHjNG6hxFS96j7DMeLzgbkQ,na1,americas
mETtJOYKuK2UdvbJl9UaF7GXZ6d-fVcJFDSAwfPS_0vg6jg6JN7jBh4Y6z4OlwTyCySsgR___2mr2g,euw1,europe
OMIPhqZFSoPe2sp5g4nZSImt8LU0YMyLfrrK-9ZNy9177z5VwzJ7wJTNf_-2A1xotoSosbuSPHKWFg,kr,asia
dqIao4InlcTImisk1165UNEJ_WG4aUf-SCyLJJzZ5lKWH6qWZOQ2TpFf3dqMQoeJOxKriRUEOWDEOQ,euw1,europe
zAC4O01UTlCg5gEcHlzMr3OnTn2-Ykdd2kYCwMu7QHF27qhpHGPgXJ37qREe1NIvwdrSUbUkMvtKXA,euw1,europe
1kIX5OrmSeN3EPh96hccOxX2O1dUMvKbNeoXaDx7zUn_RrRPaXg2rpWzXC3m6Lr5vc9vs_BWnukUJQ,na1,americas
k7r3PdC0ieN5bgjDJrUa0ijcnJ-BhkVoFwBt9EDnTGNBrMwACxjW5ZOOq36wvRv0MZcsxAclKl_rHg,vn2,sea
TxpPYGCGIkPH8nmV96eWtoqOb7ffVqdaFTvx1FkDIT_05dkB5jaqCVuG6fVoIKn4dUwziSG_8PQcHg,euw1,europe
6VNMJjP0VVGqcScEXMREgU60fTSPKTC8tlPj2THGrEyucFhNHQLMtCO2h7Tg3JK3FhVZ9OuRt-n3wA,na1,americas
xp9O_JayifuybXIT4LcNXC3Rbp8P7b0bxdeZDhQGfdSjItyaaMYDfwTM-hBA-meOewTE6W56aP2S6g,vn2,sea
xheRrDKP5FWWad_5_2NmvOfolK2e86fGhwh8PkDzwbpVj643EdMrF6uRTq8WLzDVR63g-Oxu4eFa9w,kr,asia
9Z-9Zh0NloJRmiGLSWs8GKGo8fVNWQH6ke_Mq69jnJuKdn7DhVh5d5gJNKFNCUFSFELVGNSo3I-RAw,vn2,sea
voFEzLXxHICsokixXIlWomnrHRdrII-psDw_usg7sGqqX6ohSyAYkG4nUq3Gez0soha_6DyGHh2Aeg,vn2,sea
BSdGS_g06k4xLM9yHNp2hF6mtFCkZ1mnVo2La7sQvGDORpz8H4ixnHCZnp-Q4QUf5c0SKJPil7iXjQ,euw1,europe
iqtmpYDrxq4oEs_migW-7g8_fnOK9GIFxN9JgQVfLCFIGdbxX3e8doKbRmGiCHnMRGUEDd7r9e7f3Q,kr,asia
tSMUnRy5kevihyvLn_0sSjeEkp5ccscqds6k4JCgsNDd9OfI4TTEtyXqX89q2jsBnVNtw-RtX7K8tA,vn2,sea
oFHZr07r1CJO5gGyg0X-Z2J13r8IMbw0FqfwiO9C1FsV2ZoE7rgiJ8SZ59kKfFbcR9fE4zXVBuldow,kr,asia
62GFE8_H4SngklZenWlMZMj6UfVW7s5rfbDkVfqFMMNNyw3eZ-eg8-1UKs9L3VRsdOth9Kvq8wFkEA,kr,asia
_WWJ9BaI22JAn8KXyz1G8-35g1XzS1YEGvfBME5jEeMGE9pJ7cR2hCjnOn5w0gZmpYdYoyq_YG-1qA,euw1,europe
stIWc94tGSA_YVqhjXkos-9r0ef6oTZIk7p99rn_Ci389Yq2T-IqVv6tZa3ArMISVeoOPW2cKeosFQ,euw1,europe
ycba51twIs3xBWBGP2ukMC9TADVt_7-lftrXFBEAPvnEZrMrzPy1cc0zwEBliqvq6fpNuuH4BSEn6A,kr,asia
kUmhIGjIbsdXP7bp9yi-3ptJPVHasG_6jJ3Emq7VKASaxqu5_dsFhU1NYSmipNe7yB5GwqUHNZ8gNA,na1,americas
vllXKNQylyU3kA9x291EDBleG1804bEORFfYnbvIkjaolN8TS6pw2-dm4WbXUTuCPomNWoBE09IqGQ,euw1,europe
EYkFHx0LuCe5ooaIUr5tDKWeZsZ4spcj8zj5MdnIxtemBBDbxdMyE8T7tbrH5eG7LWtI6tvuDKpAtg,euw1,europe
myWuAECK0a02DA2J2TN2_Ef62ud_IgVvaCfxYY2M4ULNv7U3DN8eR_SKf9KnLxSKNw6H12pc2UnuZg,kr,asia
X1JkfrAo5ekdGRgM3wcN318cf4KWyd58rmceNnZCffSbA5e-YWTCx70y4AIeNC-HXZK__iPgLg6nXQ,kr,asia
uJ_zriQHx2obk2fY3AiiDl1s1np04adq71c4ad9ER81zVf-XTuX6HEFZU8R2sY1-FdVz5JvaXMvt8w,euw1,europe
xJlqpCn4KiyVuynxmxYLqxn7IU1l7J3h2MeghIJ3Xaw8TIMTJd-0gYRhrgfTyqos4tRIZiTw33X3rA,kr,asia
ebsy-5TAZQe0buHQvnCw3gCazROgnLW9psGnerLs-w_BTFXQBF-5qEiGIPxYDvnH4AHOKURJHvHIMg,na1,americas
tjmIlNnqPn7t57TwFlaRe14RyUyiiyN90MktHCxKVycNYIm_M-uI9Mc5SnebYxltbN__XKbu4HjY1g,vn2,sea
HlbCE-0iF_FMk9lTZACicja9uOwzMq5aKVyKFlgCj4ouOMc2G-VX8vZj6cXf-H0CjgqMSyZ_jP4tBQ,na1,americas
QWZ0uvY-LL2MgtWr6J1DWHibJGLxbQnQmAPLfV0AvxtoqWVqui4Q9-mourk0ZtgWjwQG4msJoTSCQQ,na1,americas
fBnw1Xd0Pp5UNX4dJSKrWiLadZuGBNKdPOJHu-lxrhRIUIXRplH_rmOiVvLZBjfCuBRl7BZ-u6OomA,vn2,sea
KhCoHZV2W1wJhj6ZtxoANiOZ4YyBdzcOOqgccDeczHgSHTy9wPSsBIks7Xc6CSIOzQ0gsNT6IMH5Jg,euw1,europe
px0szB4R5wyGbVAjnbu2ZTs2bV-fU3li-MJahjGWSjyFx2liHNs6udAGy34fMpQVJeRDnJJYW6e5mA,euw1,europe
gWOXEj2cx3MlT-F1mfPiDX5cHtMs5K8ciWV1i8ShJvYiTXH1JSrVBVtZSzyvy3m1JWJ1s_yAAMfB9g,euw1,europe
O5PwdPLeQj6R6_OdtJ1_xyVZxR57GtsMOjmlUsrRLH_KlYHnwN_QVpZCNnqCQG_-_QTRkHkc-IDHaA,vn2,sea
x2GtH5qz0woE9p8J5-t3t4qrib97taZpcLx1jfft9j0Kuzjqxwg5jYXCoDLrN5eoKlsL6IirLJNYkA,euw1,europe
6Z6GHw7WSiuLYHwpOHDgBbDgQ6FSuvycQRoq1KDAx48OvennMqLKaDu7HockfO-kqTF3T_UvdE8CxQ,na1,americas
F4HpNhQk2MKnzTPJd8H2G6aeC5GwPKSyFioLWRUkCNQsCngVGTSUGopbLvzJExnUgER1ZA8AE87JsQ,kr,asia
WbgfDM8LQtqcEU_I82Zgzs9XFLQS2WjhVL6tl4TCBM2FuDx83KAqqHfuTyJI0hkmcMsPRcgEvMlgSQ,kr,asia
tpuMg7ecQjzGIaFNQvIJGz-V7hDyfOhh2AMerGURJemDlgfdnwJj_Q9xuSjocVCkIUvcjGo59tyWcg,vn2,sea
UQgwrmwMwurBuqza70dIJifzgjGa4L3gJDTblURgRq10-uviHZu7UR5jHjGYlOwZHmk_aqWDn7NaJw,na1,americas
EAjGcyGZkhlcfSglpIJHKj7xbc4BPFwOZO_ll8zvCZeuPi-RTXjqWDwS2rlfTNsphScDBiXTcsB7Ug,euw1,europe
qipvItq7p829DSxNlWmeUNwGlkXgVNgMoxc8TWdlvtUT0H_XogUx6sPDd8YemwhacekahtUt6ixKPA,kr,asia
wihXYe20EKm2NaLFrcRq7hCeqysCuSlD3YwmN2W6Hnk5ZMhXhsHxGVXnK6v0ktT9Rv5J-CHWomBN4A,na1,americas
LSo5xp2GYJNv3Fux4gl8CufuW5pU95KKxqlYK5ljSa-7fl1HPqzcbw_4t4hj41U4Jw8-raT8e6n-Cw,kr,asia
zHt0-58EaM27-wB535yC_rr4zP2TSZh2Jrb3OIMQdAoX_cr2o3HRD9gjweeoRQtUAa27baBT2CCi7w,kr,asia
BJkxeZ3DRkWn-N0Dz65sBNouQ5UI0l4M12ut4Hvyc2sIwqAHN-2WqeIi0BmXccodoUckG-zgMRvj4g,euw1,europe
crHz1u6pHuDNm1q_Id4FCRoVlPCSVNyWkBb6uTN-JkyJde3kfzrNECzPVVcHKruHZ5dqKPkX7X1MFQ,kr,asia
szlMcc_4-Jo_LQ9PQO5cT21MO89zOfplz4BoBg7NZgL2K_ew35V9z6Wo31NlgyuWdtd8mOYep2YKVg,na1,americas
BIJuCZMNphn3yNJTg2N8qjNLTsfvXj6KjVZQR8pnAFDIHVbzt3yn_CsC7VtxyrM3PeXsWCRzy5d1vg,na1,americas
pYZrS_mAL4ccqnhLULdZuizCLK7onx16Nz_as6rNijBq0ccu-MYDf9B5_sdpeLWoEBZlARP0xmfMeA,vn2,sea
8Rn3J_hgzgn1axwo18tbAwlwyrY2LykxChn9JoH9q8p_qM_oj8haEZz5pLS9vj0EP6a8Quv3BzzKYg,euw1,europe
BO_Pm3L68PkS61ji48AyQSGJI5d6pgLL70LGevG2zdSeMw-zDyIWu45EigZlaPOuQ-sgMHTZdMZbMA,euw1,europe
OyHv6udNlR2enBUz0i5hyNkRBsquy7cMWsmnkoBA4vTJHdpOjidXAq6oEODBjatJyvbYTY9v4GQeyQ,na1,americas
VMO3oA7dCIegA7H57cIVyMybiqC517cmeznqwG2ntpt5pESVxeFIhOuIfVMx0w_GFFrQbEsrYUsxQw,euw1,europe
65XW0-Z4ENyAMj64_N_k6VxFk54-w3PyzvejeALmfC2OZNYXRJttihccTVG6OHexUhBmdOXYQVi9Vw,kr,asia
xdaEU6p5u4YwmKM6GNqnYLQv0fZNt6FIqHb7UtMvcwVA35uO5_S850El17wsCYezC6jsi_tO6CjxTg,euw1,europe
XWPlnUUHZva1qmp0_b6JyTJpfCd4ydIIA9dRZHkeNZd5Xm_OEg-eOma-9O4AfbHN4TzaJErx0gUyWw,kr,asia
9voAb1CNwzgv_Qwu32A1WRB5ZSLx8JamoMJ6REdxfikkbUD0INbmPg9jQPfcachEXQedXGUE1gO0tg,na1,americas
wQVgWfJiUvbvhHQtHtSH5itlIfJ43-yX75DswquvnP9pK-mrx4leEqDIxAkX_aiWczlFdRjxi0Mx2w,vn2,sea
Pxxie6ChIlFFiUT-pKzVC0WPWk5DKNeiEBjjp-NpU5Qcht6huzVy-Knmb6dln-0nWmuyiI8mXaCU-A,euw1,europe
iTlDeatwMOqQFwIXv7Qx9gPjH9J2wQtdlLIsvGWtVeXak8fg4WJdCIqucuB8YvjHXZNgfIzUyeP2zA,kr,asia
Z4o7WWSRk9vX43rwJx6nckr3DLL9_QaIoxJlWCZ1VS-3NtQVLeCCRR7_6mRYUR3V4YT1nR9KoYs5ew,kr,asia
DoDAtFjc8dNYP_Pf6SkXJ_8GWe7p5hZpumb0CsfJLqlkzdBsLHZN4iTvG_y3eJk3U3Fb8JzcAwPc5w,vn2,sea
pUYr_YPSNaGDszR9UO7UUy9Mf-rvxjvvXsmiRPlo6BBBbzfPNiScJTlu4XXTg-ewaN10VRDqaHeojA,vn2,sea
3xAYQPFTnjDParCu5k5QCJYtNAqEjJSzL9HH5JoceeyUDrqnZLjhNNfRwb8CjpMk0WeRPmq9uJOsMg,vn2,sea
LOtx5DS5gd0SrgcryhNwBpTCHXfSJ8WgYf4h9Uxli0NMFwmFmhfTnpSegxlUfkFP7hIRQcBg_B9TyQ,vn2,sea
2C8CA7haG4gBMO0kG1U7kLuS4tec-N9iVJHY6_hd_ESNW0F0qEWpu5k70zBXmsbURFBxSFcDAgsD0A,na1,americas
-QBGi5VgsE05pj5JXL0oi4WEDtTMNJNl-KIpJkvgKn9bBgVzXUYvJWngcZ9sJXiPhpv2041-uWEtxw,vn2,sea
q4bg-5rbNFln8h0bdDgq1EcKOHEU29DNbH-DjerwHURJnB40d8I7ICKKUiDCqntsRtFkJXTPUNDQVA,euw1,europe
1t3Sm_hthR9ojxUnK47gCKpRAJISQgYpMX2b6ukp56San4KMtJC0EE-m0TmYjLtkVI0KqHK7s995Eg,euw1,europe
ki8nEsMnj3-cRBXqXFu9hs06FGyMwA2NR8apapYsUGsqtEE7YfUnI1346UPeeAtwkfPtuAzi0aYSdA,euw1,europe
P5o8LGaaS_IUllv1P2zofS7R14uMEXpLel8CJWNGnJUbnRX0WWT4_6W3qv5PjF5qhclqK0tQRzGJ1A,euw1,europe
MbpOuf3TZd-Q7v8IZjj2Ghg3UkOZhSjR3dxX9sfE_5YLoAGJjAYbXEOdQMB6SbMk1NMHbeO9PZaAfA,kr,asia
ktz8X8h7XCqJwRwkUEItBIJdRgp8p6LALpJq3tjyjOnWaNcrqFvojp5bVsYx9A8orfgePBx7RTc8Jw,euw1,europe
VxsZNPpKbbeRC9vElAbmkcwtto-T0YDO3kqsqtyur3Oq2Lx1J8AF12ztWVB6DPztRqMCa94wyBmlGQ,kr,asia
70J8n767C06XRt4h3A9XROJUA_u7sSZJ8NpcfYohmrjjdQX7l_pu_vhfSVJTCc8ESFNCg3LWursISA,euw1,europe
YJSRNLBEt9BidH0hcHM5fS4mFlZ0H-F7lBDUreMljIaZkuQH8MfiVF7kOqxOSTspxoQyiHTMmfVCGw,na1,americas
mTB4bsZRUwOgLNlYDD79pMGCumskoq8N2uxtO7ij34ZxVzUffCIDJzI5m2DDVPXp7qJxOX2WeRZohw,kr,asia
1-01GNyIP-DgKybPLvilu1Jo58PuxkbLzbcKxW2eA6HsbpIpAD1ryICWvUw2Y_tPktyKPBBxtfrIUw,na1,americas
o6XuSSsq6xPPYh1quxJs_TQ8BkZr2_dfs2fSRC2W5r_FKuNhLrXzba4XFuclLXLpNb8hO6_jkPTKjQ,na1,americas
OImKInjfGa6o1Lz1u8vyubGjiY64KYCDe_RbZLTd1HWU3-VjSXgvpNBS5gsXSZXWisf6LVbOjy0MsQ,kr,asia
YzZZqINJtseyQFA5hPYdpKmdIfMwek91kve5EfcU1Fiuj01D4yOBLc6nqIi3AoB_ZA19DMSGRqhh0Q,na1,americas
z30w39sevcqGVreGVIF3P-jCBoBRcTGCsMrlGCYNLQjs8BFP8r9Y9uS8UFGtQ8J7-j6r79eZdtBnow,kr,asia
75uBMadmQGdXV4YmljWTzOfXKIBJvvOCjcMsqlLG8yIf7GotV-zdoYd0reFZtZjxbzfojoP4HpQfAw,euw1,europe
2QWZPQB-JARgwaHr7RnjW8OS0w7_Vz9E7r4YzYhd_ZJpIW_lOL3DExYNYZdDYbDRq9R77_4_77Cp1w,vn2,sea
02bRZLdQzbvmEpbMMdjfH1yZ7nBXgHkeKp8u7kVT7dzugL3Me_F9cMcaRCgi_Sb2yPllujXdnyrHpA,euw1,europe
v6ke9MrzNkaH-ahbPfSxpGrkngOGC3eJQbYG1h9PYkjN5oAKZKjgEtsq7skbnHUTIZP5ccNPXxYfFw,vn2,sea
c3J6XBMbMQVikSx8FOFw3g26814AU2bGipxPt_ko0gjcrxD1eoc7KCjbDt_MBsXHmKA3PjSCw8ULZA,euw1,europe
9buy1OcVEIsPCdh1kvoWHdxDv2LBBkaNEbolx7IiBOeCgKy5C5_Hc39eWHh_X06HQ7oxc2We1KN2qQ,na1,americas
cjAocso7UnnP7RglF0jCuoN1Ws3j1CWhFUZk6plDiDt6fjEQ2SPT6bXIlppfAPvIoHM-4SuF_yisiA,euw1,europe
3UDQgNU2_z2tl5IhprOv3PICvcxBIzvk-wb9TL2Fkw8ghKAnSa04WiImPknfKFgQDy9dq93ssfz1hw,vn2,sea
ZBz20tmZn60HMhOKfyAwMrnIk-R1kVHlakqGhjjoKplf-Rehq4zYzuDVsWP5urZkqA9nGmoOJvPUlA,vn2,sea
8GgJrUCl3Zc1XfBLed-taL4Ik6qKUy6L0ygT1GI0P6oLaEw2X1CwVCnGXYQ1cayon96WDvmpDmjmjA,euw1,europe
fPsLIuVooNH-Fn_viRngzhAQQ3VZCgg2BK558QLNbBQyD5ROpHhXEEsYn-OFX2hsUpyemGcQtckggg,na1,americas
uRkxPiaZwWhiq1rLsw_Acq8zMIQD1o3RbYCSGwGsVLgAIxRaDMsrC2y4Fx-E0jGNvcapUgtCX-aCqw,euw1,europe
HU-SGvkgGfRAoZY8piMfiDqWjLbALQ7s-HERT-foIWBvHJEFVkVhgmvVK1x7hdxQ6OM6lok7V6Huow,euw1,europe
rvpp556sgSb9qT5RGd-qq_tACDg4H2MgUGVU-lVbOjiXoVPkRkQzEZMxcK7tzBwGI4roYr3cUtxsQA,kr,asia
Q5XqgHSewpxfO7e8fQV59zbKg2z-_CeTlUt_1VTMD27hws2GBPrJ3hnkWRyDOyg8ma8ymM0i1c9ZkQ,na1,americas
XZR7h3qA41nxmOln0jtnPsNDgYTaLXUXSfj2axNJ3R7SritWSy3fIZcRfOZe2XhzOVMlmhxADBZpAA,euw1,europe
YqdX2HOY8kckHhv_f8XEvwa4Ls0otqEuqFFmjtI_rZQte1wrbP07bTgYRWATZHenWzIU-f7DPv9sqg,kr,asia
tvZtLk1TbX23W_R968s47ODotjPHRZDqSx5fVf3fzKpbIZgY_SiwgsSTBZ9diT-VqCTobOgvLwpkLw,euw1,europe
P-Osr8Lfrf7zFBJR5CKUqWEI3PEbEU1tbcajecUIEBUkIe0T-RVW7gb7YUwyWRTEUf7MDt4enB3_dg,na1,americas
NvVYZSePLZgbLDhCkQhbnrTpNCEoPUN4awK5ft0JEUY3rT6c3Py7uSBETG636H0dou_sYkTUAxsvig,kr,asia
FNtIH4hkRgsbc9nbSTpI5xjl1ofTmiS7BoW78ynBohmtm4TSINblJ-NjJiX_6GKTXZqX86QrlDul7Q,vn2,sea
jaJrK9stA5uF9oEpwlR2mM6d-PDxEp60jJHJf3wz_7tqykMyz4ssFYeiAVt5fvqCOfCRM44BBfEkpA,euw1,europe
ivMAeeY4WG70XSFcuN1kVdUmsuZxAVnNBhMTblDAjsb2AGF5CAUb8ljjTlvqVFa5vsNOsN_yYfeTBg,kr,asia
FBmX4t6sTkGdkQBn7q84pA71Z9M4apjKJJ6lTCc3Z_qCMsa80AkZh5SXL74lNNn4WcufgJo0fUQwEg,vn2,sea
2W-LuS0HPsrG7X9PSPQcolcwga-t3DG8MSeMw4_CYwM7NhtUPL46pxjiSYBbIo0JCm2l46jSdyOV1Q,kr,asia
Z09mRmNpx8tgP6MNjZlzAI-24lP6zWeDLfL1Z-UEsA6E4_O6ufGyFDaZylkigMOo6FEwL1mkk8H3LA,na1,americas
A_yeBLIfh3blUL8B8qPl-nb03WYP2ZKo499waCgUSIJhLdNp_kxEWidIMasY2MkYcg8sgviuWOE55w,euw1,europe
o08TeLJVm_c8N086o1cdIziTRZ1KnwnP0YawO5eGRdloxlasAao4JzKD6Xe5OblRphIGvMPunEmpUQ,na1,americas
RfthQiNXhZpPUhy4hcOZEEIVozdm1JLMMfxtftJCf-Tt7F-pWPCIuNdLeBXr4-aOz5Yowgl5-Kq4iw,na1,americas
htlaeJVtaGvqITvNWmYpm0IimEIyB72ZDYqtUa98NeVv1NbjvBGXrnmtbCfZB4B-YEpIS9Td4PQjeQ,euw1,europe
nULuOnp5uRNWd3X0vpJKk4QjDsd0CnFYkQjKzSuc1MVL8XB84bbeFMncOeqTxiHhQsD8xUafohJxpg,na1,americas
YqCOYgMe2mmwv9Cakf7qkmd9WLmgWqxzr2Y8_p0lNk7hV6Rn0nzr_eggrEAH0rLceYpj1e3LWa_SMw,vn2,sea
W9b-f9vv0tDM1MYnBc-qQ1u4olPOGLaWuG4Jrqf0vEwmJD8nAw4-J8Uj1QL3M8A93on8aP3--uUsvw,euw1,europe
wTLgwpqMQ3gKPIM3tEB1NnnHERRfGprlm6bMZkt3iwOVZgT-X6N4ENAgMgsrJuFWlVo-CIzxfAzXww,kr,asia
jC1izmqx9Mzc_3BovKjA2YaDsHT_J9lvU9CKswbXZJzdX4Ag-2CzgVgPeDb3sLbTT-fYNI_jzmnsBA,euw1,europe
quIkH2f0urMprQuGkslPJNd8gQSSfj5OPFDXf0sc0U_UAut6p2DZSywsWrA545rjoX6mFjD3lZznQw,kr,asia
ST3jdCqdHU4odoMWRYna-iBytu27USsJvYASYneesp7qfc7vzTABcMfsCGtfC7lKp93vqidSFgHqxQ,kr,asia
J6EHT03SZNbU3XLpzK1FwQRCmZhMXYxvS3RWEUCS9VAJL505T091uQxjkIPF__wW4NXoKuU4caRFrA,kr,asia
w53D80TRbiDGpveWLnUoIFspjstgIoT34gXrNuyk18RKDlLIT1lv_HyWETNyCro1CshBUvPa2NZchw,na1,americas
3767zOxosLE97DgxGXoBAs3-1As3YV-r1HFNFRCmoTrWpBd2PWjMMjU3gnNfL1sqYOwFk29u0s48Mw,na1,americas
QmyAoqmKDbHYOMWDB7xPiuMvSGKeD8MIDkAPqNtOwkeciY_vo4TILUW-urVPw8cY_NxvQagFfvYiBw,na1,americas
jgYBZ_48PZXCmGF_3ZVZ-g2L5cuLghFMwEgsSsfVX2YJG5AR3gU02BC8uHvOAmItkpixG0732FWqYw,na1,americas
ON7-ThyGkeN83rP2nuL10nR7d52xm7qM8HecGmDUSsM7tWQ21DEhRNq_eKVEma8ipsAn0OZtgoi5SA,na1,americas
8rB5hbPL3GvQjpioMtGz0jNgjP_seVg9RMef8a_kx85Plo5K-gyd2tYA9im4I2G_0s6V2dJjPjgmxQ,euw1,europe
A5JfEGlhkQGXXI3WXwXikcdRnfMqbSDpCGs8q20WdOafiAdRuHBhBDx9Zq-YxAM4P9OBJkD2P8YChw,vn2,sea
J1TnPUrpwJ99978GdsCoi8TiIa4DuKPnLW2eVOU7cRX-BoxR_RUz2HTutJZJ1e6B5dQKKNyG3soM7g,na1,americas
wkNodP6FYCvrVLeQOiMCW3o5FBepSgubFJ-J005v6oZCLMnCbWOB0Up6ZTnR4CDmCEB4rDpd3W1kUQ,na1,americas
nZIucPWVHmH2ry_n7b4DgjgMwSQt2C4x2F99p_9XPLhgVVbop8wNB-c8dK_K-T8sd2NbCwcQBwPCQQ,na1,americas
_ADCdZoX84UeGgZ_4d-WYnka6Q_-kOeYYSGAOr67B-ZWPRmYk9RZw-U9ViOkP4KNuwzPHnjawBfPiQ,euw1,europe
yimTXBSBr6LZ2_0GTu2wBbjJZs8QUJogDHsh0s36LfNA8PVOPqp73LCQGmovJa1Xbuz3qcz2-2Wu7w,na1,americas
_q--umVDvJ9MZ8CIfJVPnoTbyrnWxQ8iVA2NvM-xoun2ydkc8NJHRWNtTfQr6DkX1DXcvSu_puibyA,euw1,europe
7ieQOgcUTbEZ09KhFwIvNRXMCTxGBuuYf1GsU1PLuRAZHqVHmJrOqIpsZecFk8LRyPlbLHUqeFkkIA,na1,americas
L5d939jELRO5xUmrWNbuW7HlS-7vIz2ahkdbYQhX5NNYpQFYC1tq3Smn54H0cNHkr5-XcD8Ec8t29w,vn2,sea
BvsbUtmIHJ6y_tfEVHH9EN4tAsJlWBDZU8L7nmMP6KbQKCW1bHCzOOi3JObjqlFZJHJq74tjNwEj-A,euw1,europe
LGsOyL74jqemihFoLLiNnBtyiw8fQtTevvQIWnGImfHoYrSrwEp1MIzRvdEyTkXJ8n_j8-hN0r9YBA,na1,americas
gx_eHmHQe__huxLkPh-Qvj2P18jSAdkwRHAP98Hwv-3vyn5xvIQdSi_MrYR45qX9wUQUg2dvawPEGg,na1,americas
2TA2YMmOwgp9vUZmOtXYevtyr7KlBl-OpwUVjNqYMN35NpHFC0jf3CWxyP2F66OS1XfT2AJGszRkTg,kr,asia
WguKMYmzzzWHdMstaxzlJjMHXVaIEL6OfblPIK2UT-wPqinBKEFLDrsruCA9UcT63oMEl_OFsrq6QQ,vn2,sea
8jhoQdj68_5F4Lt2v1mTeJZ4vftCXsLu136zGNUmMTjXA8Ti6QsDa0cOMrm7J8SYIbpV0d2_jLEtvw,na1,americas
MSM9XsHxg1WQkzb9uPSRNfK3OAdilWIp8hNtelQtP-wPERMcmwLCAtmEeI-tDunSP4Dgqak1uM0R4g,vn2,sea
w5kjgwcZSaQMAOxAVpvcGnC2UBuSs2vjZfP760F8qgSNplw-cZnMA4PT2H9vUY4g-CAY3qm1DtKtjg,euw1,europe
ALKL1l1w-CbVtNLBUhdHYK9ptO_sooeOwSX4zi_c29Aa19rvZLJFPwmkJm27kg9kBNA2WwWJf7BnDw,vn2,sea
5vVKkSw3-MCahQ3QT2nBsQ_crWAfm4ohsgQyYGfXq8NpA4n-mh_hSwQ7lqkUZ2OOKnKAmsclqOIyBw,euw1,europe
qtg2UHUA5XJLO7vpA9_z-Pt7J4kK_0AbGePEkbbmMdfxUsjdeh_BW0lTIXQK5HCTZVs1_RLPP6UK-w,euw1,europe
5zDLLo3Fk0BmJ27s0rsxzcjfH_eggzusCS2DXx-MDK4Rgiwgv2G47oJm5OIzTC2aWIdrZmwSyIDi2A,na1,americas
vA-NRyoHkTGXlG7Z4lkZqcvg0O5ptRDcTnl0z2K3ly3VNGgXQvmc8B4tWmNR4p49lM_AnY2QsGwidg,vn2,sea
wDCQFvg8FvkdD-smYtXyQmLiM3QMS0MndwRkbWeBGhK-22iX-MdwH6QPs71d6z6_Cs8yzMc6zmWNTw,euw1,europe
n3bDQ8yt1t9pVyPkUnbYrY5KwfZ0zLMmUsuYaegoSQ5IBEwMX68iQ_sT4zjywTZEPQFWOobMeZpCMg,vn2,sea
q-xCgLwYhJbUBsli3FCBO_1LTI9SO-0ha0DagMmMiU2JBvOZVBjbaB3por--OztukvziIGnRIEsavQ,kr,asia
McJicDIiJyGjQuT99U_CQYy5AlZ5n5euTKE6xPRM1clYulDLccRZVD8wq_xnHQmaZGVr5PxtLucdmw,kr,asia
WhohFHdXhXR8Eq1CWL3aqufRsrKFAS0lhXeUihpGaAy-P9R0ON2N3fvELyzkxjXSXTwx6ASQk50cig,kr,asia
2XSlr0ET4RttD9J18iBnKvjjwlimKhcIVDXrNJsnTnSlmJ74PazIB0yYgSaj29TnY8mBTWUACpgRYA,na1,americas
wwSeCwS8mqoMgaiXkjOECH1wMNIw_wLf2_qH8r_7HzqxFKzpm--8MDlNdCb-SHIeE3UkHrjzRoefew,euw1,europe
sjzyTYN0cJWug830dvdYcV9zTpwsScjq5DwX73JxyySs9p8CTKSO_hXytiT8pTD35cKpDCX5hHzuhQ,vn2,sea
jaorpkRTjHZK0LW3ZQtiuAwyLkv3smAmSCA4LVg526HPeRp2KOlTBL_H_m2NIUf5cRM4Ug6UzFeVsA,kr,asia
KAoTJy8EFvnOw-lLNXCGgaHwYPti-DFLwjXVVySqqzIe-ykE-pXOOF9AEIFgDF_rm-swlY0thlA02Q,na1,americas
MKoM6v8-qphfrVtPQQaAzyBWwAcvtuiv3VdMaEKaE3juYhEkXMM4iblrdLuvsmwyBbu2HS4_JxdV5w,vn2,sea
YQF_J01QUfvf0IzkDpndZpGmb_0ff6bpTBx1410VNV4YhnXRHwSGUReqHDSb-yqSelVvAwn7o0nQiA,kr,asia
wRvBNp7UOCTE7XkCo8v9uqajC05ziyg_znIBoHxVuDIcwpaX_aSRNJYDV4oerjGsz_VbHzYIkYyopQ,euw1,europe
EflRdFe7b_tkm-QsR6f1BEpeuU_VUR0VtVia4X5Lx9DLZ0VazbWJgUeJ6byIi-nd_LyJxiYZAekEwg,euw1,europe
9nrhZ5ia-XtoT_SDLYjJWIboiAp0heoQjT6pWPq11Jz_OUCWaFm4Fm51_3VRg58py3EQoIX2dy7byw,vn2,sea
SWbtcs-rBTT23w-V7vDNK0G0qZinGO5zYwkaoZtANSfn6tkdEE2NMwZEdV68ftv5_xAnLQSaUhr63g,kr,asia
rdhX7tE-N45PRI-tTpUBS1L2Mlk4XSsEU6X4aCPRkq7tx4JE4JHQYyJj-KpyabsTdCuZBwG8V49fBA,kr,asia
PKoGp3Si9zhlN5DSZa_r_haEs1v9nzQLSb0BoboWYlEJ_gDV1indF-7MfFhgfkNb94CLBa2OECbyAg,euw1,europe
dEyjYWqPV0KavaBX_YFbBwo9tE7F6q60SN0Ap6ffVx1o6UVlUAS5vqPg0n1Gdfhi4vr8Fsb4p78-dQ,euw1,europe
NhYnq8myjWvasblXMl7oHOa-IsFYC5L9u0rJa2Esv9TVNxWVVMGQ110EG6HSS30fksHko_D1QvpYPw,na1,americas
HYxNXEHiknES-TpKmC3uZ5X05poB9sB1XbuaXpTQ_X8LnI3W1AXiYe_KQWtf2OXOXHRS0YJia_F8Og,kr,asia
jF-_MUQ2jbKmbWfnW30aacP2jiMD2N8txFvS56pN1CRNhb3ywRw1EmKCb6xfcC7NUoZlcj1HkeSvjg,na1,americas
1YTxrIVNlOh_tUYYX0_AJoxpozPKaKo0b-P9Bwj-RIrUjgf2SXzE2ji8gqIEK3zscgw-tEj53Ahllg,euw1,europe
AytsUg8kLNFKIkRzhHaIqkdvDBBSTUK8Oa95wYQR9FiUmE-ABFZMWCg7RvcuT5CoRIF9zuUw0_rN5Q,na1,americas
DDsqGaSHjP8wxIECfm26ClekWhLM1NN2vVYl9hYXJ4cKmhVw8eJJBPhPwuZv-VjO4FSBL2aq1NT45w,euw1,europe
pzAGxf0YeeNJOr71PgJUppCpxJTYBJRKQaym77Sx7rth-rW5Yft7PdhVRLL2zsnqBvNEfcfkR7O_-w,euw1,europe
TxvsM7oLMw0RDmTOaj0AK457oduNxUYvS49rDaP6mkfBpL4Zt6oBfpLbjAt0_4hmBzEUDoM12nUxVw,euw1,europe
GEWoGzb0r2kQORHNGk75tMfZONZ4fdRyAfaldt252DdjtdNE68_AKExIK-_oxJrt3gDQSvPkKnf9Yw,na1,americas
P2UIMFhxEY_RxHkr_AYi4B_OWgTfjNnimvDqIO_iHzqB16S3ant9TfcT55ngoM2yMWtGXZRrigZ5hQ,vn2,sea
ftzrcJfQMmwcSE5Ejo65UZH2PjNdlnqK8XiA_furnPby4Sj243FV5CQVCcbE2Y0Zdle_hkSfZ4lLnw,vn2,sea
ZivLMnl11Vqf2XS8XLvKYNmu5n6pQ7YgDRFDPooKcqSVs5yWfdaI0nLHsek6z6gxqJzx93c2Eswpog,euw1,europe
eNx6PsYqdXy5-uXZeo7tL2E0pAx8sgvH0q1t9dqMpZrDF-Slont98YuRs5h-Qqv2sZHtFZpr4A6xSw,kr,asia
6Lb654LavI90s0ninc-bQVTOrcT87A_G9_k0M61pct7F9tJswadrseDWz7HD4E0o5iqiUmrHHFCoRA,kr,asia
ASgsI8oWr1JFc-taqvhJW3q4uggZ9CpDi26oeR_hD1YPdXzRltOGswkAdzzAJE7YVIz8bGc_-3Mu1w,kr,asia
ioNobwBQueBn0AYRTxdeNPsP820QOs7w3q4Zsos1EMwntEz73_FNiycJugN7KcguwX692opeCiCNRA,kr,asia
pXo5F1y2fp7NayCKFS_7Q8p14H0XB8o2t1jDEu6UbIOJbXBO4YXxVIDWZb6lqGRLAyHnB1RFq5Ifjg,kr,asia
QevSJhD6Mr-DPlzVCd1RSZgDJYqocVpzBTZjhYSc1VZZii7u-_xSRHzYe_3YU5Ceju6FUhF9gSXkzg,kr,asia
DSXRab6aBNohp5HpgkyB6ZuGWi9W42ZNP1YEse2Da-_Dqf66pcKubJZFfe0-Ud4WhUI4wqnZuf_HhQ,kr,asia
-hjXbTkjPZT9zBxIlbmS-6vO5OivRPWgu_BB8ExRVK9VpNRL4z--k_Kcg5B6sOgg_qt-jhmEf9KkdA,vn2,sea
uytf2-RSsV5LRV7V3teoJZ7Itit5GUUEVLHQQqPKCgg7u9wGpcCe4SHx4cXQwqkOYRbUycijOU8DRg,vn2,sea
mkuWCP4oa3JtkDqn7Os-PTTjqVj1bIspx52VAoBgObNvuopttclxOGvssQSw9v_7sGeIrqo6KIR5cA,kr,asia
DduUruKpbmtHWhQSTDTXQXvb-jJYrPU-oFK3jmCgT5i_du7N7jsjM7NlvbK1fWPjhEL8CKdO2-2cIQ,na1,americas
KmFRBMluKLJWofe1lNu1UkVpcDSCdewNPyl759pPy2kwdijLc28vrK8id5KwLb9aA0ocxzkMraxNwQ,euw1,europe
rHKxEIJfSFHaUaArV8OePPWiIhxf8NhBKyGWkIP2kFpMnpFV0pnvUyHcnRsq128ApDu9hl6VBzvmRg,kr,asia
Jp4827JppMH8uqyZVVe3QXCLYviFu4Kznx4lf-ksRcSLzRrt2TKEbKKizEU1jtH13ni1zwI1VjTD3w,na1,americas
RbOxgR2KeKfc9Nw42_b6j9IQi8p13Edyq19184yQdvDqkEzdYluGSvQqez0XZ92HpX4qJQL7KMvrPA,na1,americas
rslF6PLmBmmWBBDDEzPFt2tcXbmTjiMf8FVhF80qgDDmfzn5HveTFak71OBuH_qbR2tLmLukAhoP3w,kr,asia
r9V9n7v3AzhbdOuTIs_gvBhmdUWXrCRQ6692H9pgFI_Z4fBo1M4SXbGqkNFO_wcmHExaZvtztXlxKQ,euw1,europe
i3R_ZwFi4ivOQPcMxRrGQDVOVbJ6ltwoUIId4ylKlNCGLxg-t0mVtxVQ9r3g-DwnmBPCQ-S1s2DarQ,na1,americas
y32zNzcd2BxIvwj3HiB85u5gQ4sOevjGrxKaLwPW-zG8OruSsgiqVGEfAZlMgkUIn7hSZutb6SmWnw,euw1,europe
ti51EnNbEoEVupaO-FtikPahDincaPca_5DR4QeQ4k7uV7XXX-ff540J5npCfFnKBKqzbGE_ygdcaA,euw1,europe
xjM5r7foWSB_ndH5SpK4qhXBUk5_nP2gChbPh4GpONK7q0TD7RMwiy0ur0-PrJ4pqJ0GQLVZ75N6zg,kr,asia
7WHiufYR74Zjr8YvKvG8jffmAXiDtvHJbajH4CguP6mDQ9Gv90YNXzh-tzj5YgtZjv77xdqqWMOetQ,euw1,europe
0T8PEKhZyEe8Umoz3hp6OC5yeZASQCzn9CboKkP9Rg1NSUBkPyKBGC3rHN-FwyVaGng2mNzD0ToF-Q,na1,americas
6GNaDCVr26JH4ZLmi-dRpjW4IL2tOFi07L32ISAS8oZknZBxenJyaOPmup2vnQ-ihAjfvgjohS21vQ,euw1,europe
RDRyqyWAHpetUmjH8kdn0_sY5inbOWVeu2GswmAR1iCYtTp_QqYHR8IOngwcYr_OS-0r4z7srRBGZg,vn2,sea
E1AukXnX2E738JpcA23WHb8GcqPvvKh4qp5p0_8aoGoqMVwNuw3oEKRMD4Iv7W8aYvtFGgCuP1LXJg,euw1,europe
E5MzxTokt_Ea_VKH8oy1lqUrTNWvb8L7HgU5jnBB7nIk_qz5ly1tCR46EvaWVr_EQ6Vrjp6ElaQhAw,na1,americas
TZ6f8sH_1-x-ChNQ1F7UrlD0lt0KMiV5koMZXAQf834T6-V_pXQRRRh6C5e-UJknvZ1PR1IE7mG6fA,vn2,sea
roDuyuM1OeMtoOipJwKtq4pw7s7ChaemvegnL7JTq35vAq7rvXFeFEplQfrXhCLGwvsCrgVJn5CoaQ,kr,asia
i2Rxpk__haZHbJND1rfNnqrIDl8c_iqB0TttKnkAJYLP-MXvjeZk7ymOUPH2U5P-EjWXT8gapJ8Q7g,kr,asia
aqCVSwkUDEwriSHqTufCNydULFvbl2h1xEfKl2sqzMs5Z1Uf29xaMveSKz4zYUx6Z433HrkAqauCng,na1,americas
Vc5o-fwvtjSWzrRFfeA-iKUTxyBkm_AYLpUpL51kQT5CrFTz9m2Z2hAWs3W5G9NJak4KnhZXrjsMlQ,euw1,europe
RIF23AxpHA-FyXCt8sbj_jEgoHvlaPB84ccDZsIUUaJRS1MhhGEhL1uQVWtAXBy9ptYm_YqyyRYWcA,vn2,sea
7DpQmxrFULS96PNp5M4I7LIDkWHpR8q7ti_EZjO04SqDmXC6gPYPZzgTTa7dXOgYNRx8A3mJ4Eopcg,kr,asia
VokDGD0Pz4BRZVDYfDvjMWYGJ3ON57yaIZIvoIwDmuBFeJ4wxffqUv33ok5tXwu2AqAX1BYFTpsj0w,euw1,europe
XE64EzozOZQoH46vVW_H7l_mj0C_a9qB4VuV8AdGl0tunXyq7R9KqsEkpkng-ky16mUjmXUGelXntQ,vn2,sea
kUO2poY3mslvc6vBBe-wGVTg0WtSTXuDI4tFOeHTisOv7M6oApopk9pdlgoThoBWe_IBBalKVC81_w,na1,americas
Q5_FmvjLZ948QHbTm1qIYl3ho5rIhZq00KJa8fz483umMwVQD1NQLs15HQ2KtsUAhv4of8XVD9vLPw,vn2,sea
5apKH5vzeLbZultkvbpmLyjpKtiscpKgLY3PpaF_sIMNK0LZMSJeAi7N7s_tut6J6jmjHk4QF6kfaA,euw1,europe
6eiXG5CNgXdvauniGsQrjaukCl4jzCvaNHXLsBUx-BIGrCT7l1IGn0YmOsu1IvdbenF9B-AyitJroA,na1,americas
ChE3b20KMtekmipOsQYwnOVHBnjb1e1DGPMsa8tU0A9GKk78mHrU2o-7Q4jKblglSV050k6xCEERTA,vn2,sea
sMewsAUWOyp9gRweK1vW6KkYP6Cn6zVBV9JOIdSgBIBLaRi8E7K_cnPIt1Nm8xQ6rEdyZ0n3QL-sPg,na1,americas
jonc9kd_jctannTcI_RNdAjPTs9DDgmVXESubHlz1QrrnIuKRyhbScR5VlhBqPXwbJxkeMmHnia-DA,kr,asia
3Zkto5KVcxlGy99G0LtJzroz84GHCvE57kmOiQTo1lceXs-s_-2GcWqw8DjcgLv15Ff5_ryrSQnawA,euw1,europe
PKygB7QqJF1g5L9vHaefWX0X8mL750Sz98rgE7Fi7oQs56qkeaQ3A3hUdwPAw_tR3wsNml4VnlguQg,kr,asia
psupBU0r27EplA3m15XvjDihNCdQDC1zMEBA_Gmj8FwC6cQH4Hbxf2yG9mz9qpWXAbtsCjNXtonFtw,euw1,europe
rPXtsEAU9zF1-8PStCwe_s1OzsgCpQLxFI3KGIHnCW3WGJxP0edK_Oi5RhU-PpGRK4dkTaVLowAkjg,euw1,europe
Xl0KcoqZUXNck_Fh0w-pklcZxp_X_szahKEoUyN9jTTk2z4jRfhjR4M3jFxZFsEV-WThxdfHdpYMkw,vn2,sea
BMrMvqlSWYlHbFyR1HyA5qCTv9ClcInUZ84kuukUIhz5lKDnBOv5GiNRQ9hCuFNDQjFS1XHQvbrJJA,euw1,europe
dagni4K1j9zn_o34vZgd1w3iRZpaJqr3HIlsLft-ZlklArPvOz9vLdl5FT9cqaG9KMXKpQCW5hf4nQ,kr,asia
08bEri3iCD8YriMocoEnnQ4_KOS5lClCuxTQi7bEmEqMAz0LogTTa3NuEJJMLDHoIXSE95aYzK3lqA,euw1,europe
0OYdY75LEkY9bwPxGXP5ZERXSAMP6uuZ2Sopet6AOVTzEm_todZ91e44ZvnggcAOh8kwzDwhfGBubQ,euw1,europe
2Rw4cKxmsw0kV8ClQt22RUG_Yu_LqCnaze91YlOvU77mzMdb5832Q_FXgYT8r8_oZptzrTXidcHn0g,na1,americas
_iPMHlz0FlM3yWg6V77_E0FXUTrE_MRmRjTnqmwuCEfvxRC-YKIGelbkdUONd7sbaIFQ8QarnBejEQ,vn2,sea
EVo-QUyPd2CTHjpOMwVhEjj-lpF51S5YGdICZlrHs8SpKHJK6W_SrSGxifyLsJ8F0RiDT1iIkzeyIQ,euw1,europe
HR5kY3tFdBssnmG98yBeYh89GGEoiIpkcjK_jaVxDGl0LW5HAhmfpkeQwDo5sfQ4dxMXnrvfipHZtQ,euw1,europe
_9pQpMl4BXABF8jcwwMwJDf0AKJ7hsbqgkBLgBWrZhgiqL9ER7dNToPm34tNP9gcRTcyoXdWZzzUsA,kr,asia
0Xyjxy3yd9YUTr50Y2OaprhJ_HAEFEoO8SaPkgQckSj-Y4t-oB7eJ4oGT08BQOmQ_gSGYgO1A3HgWA,na1,americas
dxta0QecHaxJBHmY4zhcKIDE8GuDR--FYFinaqPto_9wXd6lzlYZspouY2Gis0aGjyHg04ci1vraNA,na1,americas
zwUiDOL6tDjfc1ZmmFhK68wLhrT2yjQzxVZSGu43bKoPipx6qZGFcw-SgOGgqaBC829E_DdIzscMRg,kr,asia
lSPbWigznzHrevYLP67KxBALuVsimgl9ZD0sqJI1M2kI-JWmKyiGHfyDQZBYD_VoG5SRQ1UEMKUBpA,euw1,europe
zYWlufQVNq-PR_nWFwE7gkgjs0RsxT9piDZ2DNKKb54Th4C5thBtzUAuapSPSbz-IC6_UZEhGXuNHg,euw1,europe
dHNdgZ5iVHcSDnAUAOSmOx6VR4wL3H2AqqM5ManHifH-RdDHF-ftEbcF-TgPez03uV37dDJ1cFsHLw,vn2,sea
DpjfribkawnpRSmT1VDb8khz4fQy4mNqCQGBNNWBI6tBiDGFbAb_ld_HAZiA9UmtQFFIw2nxIWxx3Q,euw1,europe
39t8ZVVy7XrjL-PKlOvrF9ZgEj4jYgWY_4kC4qjXK_0koJSutdEfRPLuJUeC8KDYVRzn7qJm140cIQ,na1,americas
Sep3EBlhaEjCHlh97JZVIf8D_HhlQv_OBsFc2hSQOolJIvZJ8Hp5Kynm1fagJNoxo8bEB72qoPSCiA,na1,americas
Z6yv4w6lgl41LFWLa7jQbsz7aUNcbaxT9b64PFw52Tfrgng7Xfc1MkCsGJORQNc01KDtJMOo0JM3oA,kr,asia
isYE14MDxtBFhocKT0LgEycoImN8dASUXVDN5oo2jlBBuZW6PVsi_vKpezl9TVUCx1CnENWSltQKYw,na1,americas
gHLVmUlcGiw3ysXhacBvho5zyL_JDKFy_wHCRta-v1ExvVOHlPCi29FRsjD6DGSqgYkHTT7ruWosSA,euw1,europe
wfTuHeNRtNN8p2bnCGCmcdCleeLRNd1Q6NJMtcAHnyP3z2y6OIbotTTVqqm4pG_9yW2Um0dQRNwYDQ,euw1,europe
KBlrepDtySb4wX-D054kRLrKWYQG1-k3wtcfSZCoHnB8QyJCY8Q4bu9FZa45QawzpYKLWOKrgyVcSg,kr,asia
o-b6TPgbkDbwTQjTxSSjQQK7XJi2QZD31Q1vBm568mLrrMA2egOOcvJF5LkgfUG3z6yTrTeoAs5IDA,euw1,europe
fNgNGfkbhSIxTezrOJE8-bUumCrIpi8Y60X7EiBaLwwQysOUHpYZYYEaW2rGAW9aBFtRslm7ICkanA,kr,asia
Pnr512lfePV1cPrbBwFbbMGH05sV12FmB2nJI2bc8-DqjD9swCwGgGIMecH4xJ69srwX20K8lHnrZQ,na1,americas
bo5ZlI1VdjFz8djWLk4dc_75qpa3ZhTSRDpaQvouuyN96DDGvpx-liJ7nP76SXTgLLLKy-MHBMQy-w,kr,asia
Qi1HeDXPkx5NMAUkG2sxSZKVZ5hO8ooNlRREr18MGiZ9guwWrWMSIPm4SlusoLYfaUabxprQ2EMssA,na1,americas
M_DVaLgMmZwqfgEPB8LVYRg5ieO6VsmqNpUyokE9vhb-wGnf8QWVqQXuB2PxRCsFibcJhhoD7dUTkg,kr,asia
9--8MAVOUVPw_PExA7E1u8q6UkHgon72i053MMvk32d6aWcmgpEb8Sfrus7rVdZIsKPY2p5-noZMGA,euw1,europe
A-UiyjBAXjKEb8bajqIBkSylYQ8cQ5kuvhkZTzmChkNDL4KhZS2iwP51Tu_yhLPfrHK6ePqQdeXsGA,na1,americas
UPDXzht39IhBighGYIX_Wg_djkQ2dmxxItTfnhOQlgkR9CissgAAFzqa0TG7_YqnwZfxx9HFrQ_dnw,euw1,europe
a4cw5Lv7Fh_ZMq8hW9TtCiSFuAclUNExH0JRZgUwV_p28X73vEWZ7PFiRZXFRZfcqWWoK8ciADEqFQ,kr,asia
4ee3E0qPMQedIqCBTRtPrbp5Bu3FGaAFoKKG4y-mtKgAGUb55s4e4-zIIpg0rcEKb0VEHqoMOfIB0A,kr,asia
72nY1B4IB9M_W06AzBFkTx9fJkpcxBKS41HBZwBo1wNeED5QyX4JezoZ5p8KmK11vg9L7Iv5OsdlDg,euw1,europe
4tSfCh79jIfTGpefT91dcnsLcfjv0RNSbK8IRknKa2oKskJeTcRZbXXqw5QgCqCb3kq4K8YJb4FTdg,kr,asia
HUR8Twj0nHXdlZsJaWzvH8tuXeJNYzxNaxFMPGMI1U-MagHp_31P_RlxVOyRHtQbkA1Yk0cVvdrnxw,na1,americas
4fBuX5nnKh5fFfFXKJXasmA2bRSJHNVZuMFRPH8NCt7zYxvALTDqyNUO9LZsDUm6wBCQbf7SjZAxlg,na1,americas
S4b842tm3zRj2F-_vs3EARn33mu4p1dGLa0E56Ffto84H0qBsEJNwbL6Ms2tC-gWcHHZIcV1JIAj6w,na1,americas
cx4yr2D5iQGB_Z5ctF2iK5OcVzCXEVKXBVqV5bYnznls-EIz682xa_fLYfMgBrRmGMkQnwKuIYLa0Q,euw1,europe
lMJyi7OOXrViUwgZlt0kWM6GAjxsPu9PXE-E1mtOIsR2UPtiKrF_tUFh9OlbYMdNN1iLMMe23mIAMg,na1,americas
a6CMeM9yMN0sba-xyhC25AAF3Fdcf-BX8vx7AFOarLAOZwrDFzy5V3MnIMLmUxPjnxjDrgjAT_NMMw,na1,americas
b1TMBEvFmwI1koaNoIuGHw9O6FewbOSikmNzJuOhYP3FZ5Vn5dKocjdruhHX7Lid361krFkL-DA2Kw,kr,asia
pJ7bjuwXd_lF5fMD5BRTRw-HttlGM005h76miGYY7n8eyuecdsL8uKBaA0wWa9EmvuTUOLB_fRW-Ng,kr,asia
zydjwx3waqhlaX7rIsqWjeLt_BMvrb-BRwvOzIjGo1A-hisKWF0AB9WXIQyOyMAJY1rcAvT0Y1eYTw,kr,asia
het_1tPmf3mieQOOXFDKp_xsenL_FQjX2U1JyE12Pn5IdN09e5pvwmlRpR1uJ9YNpX_v1sStHMhwuQ,na1,americas
ZKnZfOC_dr3WaUwMdVnWOyWOM8IbTPnXjxWRZf0mgXouPrpcxrgXOMG0iK--8AahHgx0jChQXixeZw,na1,americas
H9xd3qzApT3kiuZBaZa0DXUCfnP6cJH0BUWCTjCB_X_1nFrg6LFNx8PEm2FrOV282DVCoHLCcSx2Wg,na1,americas
U0KrvsZM8ez6eaL71oE2zY02pmBm_KvT76BwoC8Pee5AkkfNoKUJOxh7CrlplOHCZ5LEixcBT62cmA,vn2,sea
dKHr2gdIzlROIpyHHI4a8hq7zsOjLR8PgMGRKT9rQW2TrgNQe4RPevUxXqY3KKClgloPcTke00fHtQ,na1,americas
uY5kLsg7lygM6ZBfmQ9j3v9Ri8-FFgsdGlJfUyVEkY1lmjtGBKhlgKlTVkvVmD2l7bWEMwpL0uuSmQ,na1,americas
dYZq9N1GWDNaBC-MrTF0YmOi3a_K9QpKiVYd0XWG-C7fQsTVMUbyN5QFErfWntuecKrdBUfmAy3y-g,euw1,europe
XStK9ccC_wQk5p0TjTLL6Gxd28Dmp2LYYqL-b-pDJtVLp6iw1HzAxQF9VDxpt1Mb7KCx7YAzQtT5Lw,vn2,sea
lJljTyUZ-aAnYvHoqhA6MIQE-NpAH8WmaOfD-UHgKkWClRy7yMriiYEZyyKKG2QCcukaSS_O3mDD2Q,euw1,europe
C0PWB7oeq9n6bkf-ps-ZYyTpg0sPZfaUDskqDw8mQN-tIoXHoHZLU2E858dSxvqKhLYW77tOa22uAw,na1,americas
yOTarCdx89y-dkQkhb6E9to6T0ek7inVm8Z4Gj_-v5_7MruEei-z9waAcp8T1FMBaHf1DT4tMDiPOQ,vn2,sea
XlRx0GIOOn-7amKgowJNJamLqSFVn3vIbKjpM_LlGzdvCUqjt317xEWtmSoC9aNbN8IAe8xw82X3dQ,kr,asia
32X9PkMA0sB5ty_4RIsvRPMdEIGpuzL4NB88uM30-42paD5lzN6xXdD4g5IXNsooMTCXW6HAYNK0_A,vn2,sea
m_7zqkaZWsfx1W2DNHNR0BZvD1KE0ME62GW_nS3MMk0oyRUc6WIkm9tS_keBcukUz2gQjjlO_AMqXg,na1,americas
LqpBOdBYyB6K6pxnpSBYXCRCsbGXCN0x8fX0Df_uzE0t0ql_j0R6oITeXpB4PafPxBih7MUoZTbdgQ,vn2,sea
3CqcrVjA3bIvHsxRTiBWWapUuP5_LxTpDKai8PNThNxRKs0x4G49iuE8-hvsTlKEe4doeitYch2FkA,kr,asia
V85pLIuEFwLI6l0kifOZokWo1dwUAJjxerPP72LPhsD01u6K15pHZa2XR2N_tfSEqatgIpSqktUltw,na1,americas
lPpLLCYxjW1b5g8geEQh66jf7-SPIMyrvM0Ry2Xlzk0rR4UDlRM6Qj5SX5AgZe2twozehBVuFQWjHg,na1,americas
3Nl3kkYY0VaFxrKz7adGfa5qMxa3QHaC7yK4Md-SiNMDcGGkm4t_9pG4QADrMOfVahCk86zyIJ5XyA,euw1,europe
Y9PHrG3Ky7PJXzruXkC3x31GyP9nlRSh5keOzSb2fHSFw3anejPr33oPtTHIU05ACGRv2vfW-HFTKA,euw1,europe
kI0VHXiyeii3D--25LsBGU5b-bKJwJBJGVxsise5qdYSCdsb7gMHx2HeXccogBbr-OWoqu4mJAlR2w,euw1,europe
thnc_AXKBfPwiribVolhCS5Evzt15rdiYzyxfEyB_8h6RKyOnRNf_OgvX7RbGgvNDlqT3YhWqXLGgw,euw1,europe
pQ2zcSdP9w2fc7GGueimbSukMngK4kpL54jCUem96Ot8tLbps3b91GUZk4cupYlb192kfQG4aYg4CQ,vn2,sea
YqfhtHcmjXDBcTATy8J8Dsihc-HfctQQFsFWOylvysJKnJMKVG5Cpifg9JQb9Yh7nUQKr2gwfIM5mQ,euw1,europe
rmHTarVKShyfX9FXuNkZFOdwnxTJzLwS5y5KpDwk7AQllJlEi_do7M5zHqUvus2D311EuQfGlx8vTg,euw1,europe
A6lZrMA9B9XpiUnYm9OddsSewehttgzop9F4gErlILLqD2Fhm8VDh5lzfHMZ-pZbQ8CW0scogAumeQ,euw1,europe
qkFw3GoqbGff7S8Wd6zYgbvw7xRNuS3PFLuftJ997d2X_W2hYXqYXF7kIDO2GmP5DRmihWYtpbgpAw,kr,asia
0Pc3SohLXQXoU_6Q503iWpApkgWHiVz1L0sfqXqdCY069EL1e7WeyJvqJOLzMR-_PnQJ5WSWd1QR1g,na1,americas
5cnpxqu5uBKzs4ZlT0jz5odVk_NbZlvdOEkT7aWxkhsCksrOzTov-_s4TT_1k4WOF8nytWtzxVjr4w,vn2,sea
LAenlRsSPVztP_Y2zwe139uPU9Jf5cmG5WCuvFepes9KjgBsA2mu7hsjuwuXm8O4HZUI2HqEx3O-iw,kr,asia
g8Ms8SGgerc6Sq7Z450EpB9SZxMYaYDEhxoznT86PIk664DoR5O_ZSCcYiT_2UrNtA9KoJUpTzgTpA,na1,americas
2oWUNKcQZgEtA3X6XS4xcix9O3kQlqT4JCfbho5qoLurWgDUiRB0J92zAeICO7aOnQCUX5GX3NtrgA,euw1,europe
huSwDFAnmlYzfS66Xqtn0VmGKGOjXkYrGBMPvaw8wGSNrtFQ3Z7b19B6vcQxkY_YRa4dh0RC4FC6tQ,na1,americas
NTEcCZy-DT37UdbUsi6CpUZlqM9EAcu7i4YN_BfVcF2E_EABrYc-J71Sui8PZ_DGwgsyHBQCSJQBQw,vn2,sea
n1IqkI_lELqGzNsOe-3kHG6K69IRzsGUdWweJh7KhJwkrr9rq9Tfsp-qYIrjldwl5914OKgWF_seSA,euw1,europe
wgJZxj09ZvoK9HLMy_IxaX_XqYv4y6EjDiw-BQ-7Q4hWQqJNwuWX8oh80tK5oQIeBbfmIe81tgWFpQ,na1,americas
ZBAyH7RxVFghuIwXflmtnsqHlS5blYCJ3u1lZcUBUy9bnTgUPjfwd-XFEfayO6HoinZdtXNgQ5USDg,euw1,europe
HBNVP6MqbqTpv1xgMrejZkMcE2xBmREr3fHSOb0tNfSWfJIGLBPnWJ0nUDMZoKaIKb0Px9o_OWfchg,na1,americas
LBc4M5uwv923oBVxvS6rkknNpIkDM7Dzw_ttUKm1F91Aa5adlY76O-SB8CVobwCxJ1oKateMkF70jA,vn2,sea
Ma18aoq-F-KFQuekmu9og0hNk-6pKwMMR0frvNBmrTiuPPXApH_iCVuXh64fb0GiEfZIVWkg-VKvWw,vn2,sea
mn1tflG_4Z4FZZkTKxS3ROaxDLIRHLEdzplVdgUZEzAnYGUIcWgfRGLDq8uwgFfzM3YD1VU-rPLGlw,euw1,europe
hMNOtZxeArtWNdVUDN_rrU3DTaSG5d7lATOyRgEQnCqkYMQnbIFmgQG9ZlVoa4fSpulycVahoPEtWQ,vn2,sea
kg3--O-m_s-4srjuFRb1LRfswQbowta__iSGCZeO14FySwGcQF-Y_HBC0TNZahcdpuUkJfb8VhH4ng,kr,asia
6KihDliOPPISrAPsWHKR1LlQ5La5WYE60Dqhqg7rYf1AvNBIbMXU9GzopN245awShjMoQoHGdh1i2g,vn2,sea
e-J9AJwfgUVfU-FQ3z5GLLEEMoiwj1n5swN7A6G_mhbQvagT16xGnlUjNEbzj1pPv7Q0bEo8Vav-bA,vn2,sea
V_zKddUH2MEg4rSQHpqsHKscCsmfrTnYXWYDBkQkZ39j0x0c1qAxTfXQ7ubgLbWAUmPcpdx_rKdcog,euw1,europe
Nv_0S7S5HxpzMn6pfav9AqVMKjANc-h9IcvQH4eBiTJ0ZQ3CKI_hPVZKvCHIiX9CYtNiFsNFjiJ9iA,na1,americas
ITFVvbXPSxfTeh5znOct5WusPZkgGY4SHaFGi7owQ3Ex5UOVoMCVIWRr6hB3oBj5sUgwIQB2E_8oSw,euw1,europe
4Pdcjqqt8D0BPMHn8ElE-Px-Kh2QSveplX_JuQMXofQY66V5tiBn8W_5xtml1AYBhY5y9XgDGvYdmQ,vn2,sea
myxldkrkPn0CgBOi0qO5tDjnFTr74_pHv-Aj4t2u4cLwYWwR9OhMuHpw2hR8hzvEMqiyCLYNeGz_tQ,kr,asia
Iie9WjyYF00EB7n4g7G6Fcook0HAo00nB9s6usG4jaOUnoMyM72KmQyp7orpP5OE_2z5kH85vZWnBA,kr,asia
vkYzv_dQ0V5t-lFiORfCWCmSpPK1323w8NQFY_PhI9ju_73VHe-yTpgRtNPwNRSMbWaFr_hMQzUW6g,vn2,sea
nRdmClWnNLGXZ715bi0DnoO5hAe3HS-sXkPRhTAqa514eyg5GCzk4ty7n4tegktoR7tij8OlzS0fsQ,kr,asia
94Vm2U_kysey-sbHKSaGlFzO4VCcqtELP4hCFo5pdGi9TWbh-HavIfagOJ83Ny-CF4S7P2_ab-UpWg,euw1,europe
yftzcPQKplPthUupUprKcq8kiPFNXun9NLqpCI0X3Std1UoQhbr501CqJpRdCar-ozZfIFSNGMMcqw,na1,americas
mzu73QMKbnrPyiSa27osjI65WurxfvAAvh5EYtvnV2T0TiSbeWffJqtT3wQUmM8mxpsHeqUp3Pbn6g,na1,americas
FDt9hd1famlIlco2KO9pR7VKJNTmD_hdVxQAEE61j-TGy0KAi1FLyTMOkjL5F0Gdaw1FKixNpV8XUw,vn2,sea
fnpET4MTs-fUTsccn3gGkHOU8be1sJyZgd6GOqh-cfoUe3f2-aqaU8cJJxg1ceyrLpeLleZSSD97Iw,vn2,sea
5RAaf8bTI0YsuRDpEWpruvDazXUWYpryIZFEoMCZp6MlVlGHXiGtPRP9mOHU6W6TcyzbLQD-zfNm4g,kr,asia
yoNdfhkw2w55c2BhWceEoOdQo2PdRP2aMihxtc-q0wcfnYmx-8KCk9HiunU2QSfwIgdtXNcS4_HnQA,na1,americas
HjeJiSy_PvI12Azznu_bwepDjPRFIceoUy9gPgaYx7RwWkYnvc1qod8N_t4g-wxTP6wQx3s8KVqz8A,kr,asia
yyiTGRA6nb53LgdUD4CixjIX15As_lZ_axanYaz4kZ1-vH-cBcj12jbQBcqi8-b1AI1A0oTDrz2Cdg,euw1,europe
FvWZWU6nA9XdyP2QnFBC6xvxd0yKpk4VxhPVY9ZYV4wcydnvMq0ORzhxRMobEeU9pOris3est3ASpQ,euw1,europe
bhdG91_bOkHoz5k05wiLFWwyYHG-snYytd_WSiHPYkzhvLdnzc1du6oh8DEtBRw9xnQk4ktoJnH0gg,kr,asia
x75XeyKj78sRClCpzjHJpcfuBNJP_cKHypJkvXacUeGaxsA20iAKQ70zBvsK6zAj0jcR-1HK1Zk-lQ,euw1,europe
eQxhwxQOgpUWvyajWCyPtFS99TTc7VVhqMOZOtNEpuaOzt_j4mwuoA_QY95MR9khDAdBoo6Ccj-oIQ,kr,asia
TrsYWSj6RSqgf7kgIxOXWMhr_g5AsQkk4t5-lORvXlS3RMOBWPWhDGQWo3tUpJR3dfA0ZoOOQAfbCQ,euw1,europe
pwMe7tFUX-9HSPKCzyjoGws0fTHk0fmrfiU7xd5iX0kK7XbSg57s6ME7J1tCVglH6U8us8-J-N_3ew,euw1,europe
tVqJ3zuSoLCeDwynYw3S3iu17CtLDuSjgDqoigJK1fpAGHBxltHmJMQeRybrVocMs-ZFI_cQAhcm-g,vn2,sea
oVCP3fzGtw9iOEqpZDdhn2sUJ0Z5TCuERVPQqKHNCiaW2DLIw50zbCbBpNz8kVrXIbGRz3ZVVGqTQQ,na1,americas
pcH9aYEGfbb7dTIptTnxxbRE3PcIxUI62f0_JOrX-v-lnSgBWaWQ6qoCQLNir3LvdO56cqXWuoaUuQ,vn2,sea
wX06SLIupZdMCn22-3WQvd9UWWGck9ovPFYe5XkXLST50QcuQIFUCGd-NITzapCH38-MPuN6q-opbQ,euw1,europe
AbaIg50IFR2cyj6HH1gZ4hbi_qImVR9dPPT33Wzgxr0PWIAw_eLOnqwKue_a3p1PHZuCy82pnrT9Lg,euw1,europe
lNtK6iL1_98yUQW2gQQ6x2RP8Dplw5GLn2V0MR22_B98BlaIqnySrRC4b-1AZsFh1K_3Oi_DFC0C2A,na1,americas
wV-MtZk55MNq70yYy3rk1Sw5b0-i1lgdEKV2kw2vNd0g0pnvtToCKFgH1wYW1oRe6CvTxe2nvq8YYA,vn2,sea
9LntCpY0hQ9WKL3pTneHMMCRa-8XulJeVJFYgTPnx218aP2mvPpmX_Uy4iAXoBsWoCxyUUfNULiCaQ,vn2,sea
aPmuNRokm8eZF6TRZJfvP-hJs_qZiVL_cpjy3QjDCrp2YXxu_8UqpXhZ2EBdsssHItxYKz3n_wmuUQ,euw1,europe
MlgR3a6wHIItKELdPY9JlrI-hUEboENbQVjCeM9s5Y6PBAFy3s-YXiMBteJEYiyKHm7IOZGWCzrW2g,na1,americas
rDCjT3MW8kcrOAQ1KqC0E1v6Hn7IZ7a4OeukwDBz4qdcXEI5boUs75lkV9ta3Xs8VrfxqbUK32YScQ,kr,asia
KGNhn2cHtDlbnE53MA8FSXkY5pDLklX08Ceb51umNxTESyZU-seVzisuPcueUuo1kbg-D48ZzhNkqQ,euw1,europe
oRyL6FVq3VCRaTGPGb2NB4nLJaop6HzhIA-b3tHs_N9Re8F5u68kavY2Oe0BKNYDJiCeJJC1KJxRRA,vn2,sea
B_CJDODx3goUWsl1-5Wymn-u1xoMgfdlbDIFtdcyOUMY8JlNXMbjdMGHFPw4P5mWrPz1S5Yx9zvtmw,euw1,europe
dq7kmor_LSqTiDbrjg1PnTVzSpzDc1uXqGNdfLw37QGXceW06k4SnfXckoG-DOffgGXNpEv97p83NA,euw1,europe
tDZFYfMRC8Njw6UjBFV1GgeNrvwVi_E-tYuwC8tS1qv8HEkliITfrc1mobtIq17xRaQ6WolCSqRVug,euw1,europe
FmLiyF_k6blE5Wk_SSTeyizmQKENJuGdwypsjqWVYnsj7Od3VWNUAY4nXrdEtULua6yINZrms0nmxw,kr,asia
4_AMZxdXZ7jSRNnYDBgls_YpxV_4OMQmIxjqJytWNn54sxR2kQUYbGu1X8_GIT5M-mkBDTbEL2hzbQ,euw1,europe
QyfaXWXyW2tHnIe-0pLlE22BHN1V-0EnJ9AAyqiQdMnqxsh7Hcg5AwTBR38eUTA8j-4G3BEQ8m-hgQ,na1,americas
aW1Cz_D-rymyLe3BB0rHluoBrOznBc1BuIxtJ--CHsK7RF6yyjMSjneUymTTiDqsgSFzv2Wr4V_zRA,euw1,europe
s8nEqfqunXnmyxe7rLJl6tNxuDEWB4DyKe2f8ykSgoPZ9CZ5-28dXPkYIOq1YG4xatjC3tGq8StDfA,kr,asia
bU0m1j_gaRUb7RYL73sZ9S5TCVCVrMjsQQuqwfpJEY56wwRIe4_dWxRbwJj6vU-sQRlwcRlOgh0Rbg,kr,asia
0f4wQz-McPlcHY4pGpCGXV0tRkr-AK257UrymiuRa-xQ6RERw1Wi7Mk007AaRnogMEKG54aVGoHOTg,na1,americas
t1e6WRcKeOSKMhFWpRZ8_2KMDlSG8w51lm51XJce9LKOW_0XyqOMEYt7OS-jFosO3bOB0woDm-JEQw,na1,americas
ikdEUBbgxiUEZFFziccSb1hNSThZ55nsbDSlDRhN80NZ0ZYBJrXzSVajxO6guc0jk05iRC2ZbSDkOA,euw1,europe
9-RQ9cAfnGasrTVs69wrn6P6gBIUymcV-70Bj0j_ntX6iDcS8DhJzxT-FLwaN58l55bSuXjYC2thcw,kr,asia
cMZhANEayrdHADJUmn7ZLueXXY7cVIcig3uYdjwAYovxfcJqzal6dGEBvXUVw0KtewxEoVmXX_gLsw,kr,asia
I8QLqu8TuVOf4l9J-p4Kncw8P0_iW49xO9Weobt9iXaqspuSX5sepUpvpO6qNR8QAqkXxdMSckZhsA,euw1,europe
_IHY4Qfo2LZKCq8Apsc_-ZSLrQS8rj2yJ1rZBL2nQWIblnOXtAybs3l9kqKWo6Zv0HIExCDxmBVpFQ,kr,asia
sFjUy61BkFqR_SDzvQ0RZJFPdfC8EbHBDoC5ieh9ST1ajnTHaWtvLEzeqMw_nHO-Pir32LUjItpN8w,vn2,sea
RhrJRmsSFRDuKO3tzzliTE5YKNiKFzadxt14ynNOb0hdx28npDHAJp5LQAgGlDO6g7-UsVZkcKMJcw,euw1,europe
7hBCI_H6KnIPrHDtizLSxWrLYq3fQj65sOIs5WhqInmfpyM6NlA_i9UbQZzAE3tvwZu_0LUJQ52diA,euw1,europe
q20OVPs1TKx8cl3yPnoQmkju1ihdGXYpUj9lcqJAhenXmmAP_uMb_9rO0iIJ-OzCYTUbG_xiOzrtEQ,vn2,sea
8n-SddI7hHyBghZTPg3R4udY1LQzsH79WZQ2YfHTNMCOHMnnC85qz6NFCCh2mubIFD7CkYGWbU__VQ,kr,asia
-xwOQ3Bihsi6aPbOYqtEYOnq5ARPgWLSN4pj4xGc0TK8NYthWRLwiav043aIqSXZKFIAeH7F-g40CA,vn2,sea
P1tEFP-1dmT0wmc2kiyjydcIB24fWmd1Tc_zFdKIjgHqS1_7Xzc2OS5B6MSJ8e3DfuE_ch2X8teuKw,euw1,europe
Nt_ZX7iuCkG4RgwlBby61nj2d-Heaxf6S55IdzNjpD7XrrQvsR3KAqloPbef5WTjp_sA-Mx14qPW_A,kr,asia
aFVep1LU3rbulOCubjEi4RWOWPhC0HI3M3uuvOrbvIuIcFZYKECA6sIw_eYc1tKzMHHJ_gNc2nLJpA,na1,americas
2ydXgvgKMclgAukUPjK6de0KZqh3DrnxZlKc84N23_LbhzzG8uvikfETe3-qwY6BRn-LdRH6jP7fXg,vn2,sea
I34DGHTCgr_NqRFiZ4CiXkuoafxfJZy9hOSxN8uOJD0g75f7-yc_HW9I7IYu5ximd4wHAOzZc_IKTA,kr,asia
I0YlX1vzznbVP8QhrFwhOtblmL09t7c2Ke1Oe_2GjBQ0mFRt1iBw516lnfPAJdT-AP5j5ynMwWLuYw,vn2,sea
pfz6A0un9D1fuGLG6AgTswAG9sL0IHenE6Uf3A83IfQjjs4C_2jljKVPs1ukUcq59IgiO5ayHX3JAw,vn2,sea
xdi_P_AmYcciIkzMO6fFx-K-YNPTARc4FDv7x8_f5RqZpknSSSGYkWENLwezmhB6JXBQXgHZ9Ezzmw,euw1,europe
fFZnq-fUhnPveWKzozMC1J-qrYWnLlRf1ZfFmwolwWwfGcmQahqlfvDaql9B0wuLDUVW7PPKGwvG_g,na1,americas
fMwY_4O8QKa1-lwPuNvglU3v42v6LXee-OT_UVDhCiAIE-XKNd8xVg9WOGxfzrKfpFXOgya-Z0mzrw,kr,asia
3Kj1usYZrlxL_RAty79BYgFeQwn3DdI2yu2AdBwZIOC3T9mTJZ5D0OM1l3KsWp9Sa7gu8nNZIHzytQ,vn2,sea
kKpgfClH_OAXvm4Qm8NSlmMvu1rSkpbEY_vipTg4H6Ot3oNhGSC344MinTu-08m65njLFV1debJx_Q,euw1,europe
GYAKllSIvvu5ZioA1wd-P-M2Qh72Z26SCiKVy7rPGpX6PXxTEofQ2E9QviWtJo5ewgF2_whr-OamGw,na1,americas
5PWpCV4YFkbwnxOqrg85xpgbR6Ept-sK85uJITwf_F_tv0EieWEIZ1t4ny5S4oycllsBoVfBWYrP-g,na1,americas
fTvmk6c8z80paUrTJKIqgSO4OvX2mqB4BajuWLT4MJGe_hJqllTlewez5-5mrP00BnnD89iW_U5DbA,kr,asia
Tn4QL2jkDTuOKB-IqxN76Olgg2QPo2E84d9kcoj6Y0SWfOAVogXJQGc2e3jx_IHiP-3yRAyXXnlJUg,euw1,europe
6eBZpHIBwPFiw46KzURfKXPlqZWKdj5NFk_pi_wgQ5N_4iR0ZDYsAWvQpSCOHhcviOdNs5mQ2LH7Rw,na1,americas
rNz4XubslkdA_Q_V1nMGxNAfmU3hIFS0cyqQvJq4QgxqK5hAsNHbhkd7jclS00txic3oEXF1pzbdkg,vn2,sea
B_bD_zmagIIuOlESXMakqiDdBD2kRMbOpLlXmGmTcgXJoQHM3zjmH1wWpECQSNReNFS2uVCgq3qwlQ,kr,asia
QhDQk_M2izTUcUXL66tIxH-kXvjo5OLUdgZ6oU6PyBGYjSjzdtHoIZnpVmikPvOy6zhzuJqXZnD6NQ,euw1,europe
nXY2rqXMVymmrTuYo1dVa2t2dh-s1mCz72iAVzk0ZI1FO8NUIYhO_JF_pLX9sI7K45Ar-YaS7koDiA,na1,americas
KZPV-9w2mEH5USkEZEZh0iSLo4KQx-IABuvh2HsA6pfRay2d3QY2CO7OmpjSPG0sxmctr_AWe5rxxg,kr,asia
Z_9fxh-rDCXGK-5D64c4J0yns4lIsbfTCTSGQC3k0O0U-_NrJvy7vHDY0Q3Q4wQ7Zo9u4VrwVk8APA,vn2,sea
aVlc2P6FwPdnwCqTdKJc3SSmVPG3cBQ7fnaUpjkv_Xa_QeLfTlQSTGIbsoj51fFZ4HlddSQvA6UZeA,kr,asia
zwcwCQHeWjwOX60DE6vIOnQUyHrXoyZCye4vDt94-h_Vf1A73cDFHDAYcHpidUj83Ce_B-MkFAx2bQ,na1,americas
CY6V3ofauhLlCKSJ9ed3j2vMM9aauX5M52ZzS4vVddhoc9k6MKVrviNNLTLMDJIT_DxY_veavMhw1A,vn2,sea
y1FKAYJ-bycgmkWzvdKPMq1l0GCosJs7lrx97fiDFrVTlPJNvf7ZjVX08OgDyL2ntsG_1p27H5Wajw,kr,asia
wFkbgy9RCtUAAdQP3z3e7HXAwY32qKT7mNJSRMV1TQtFbPbFbYFVoLdPCQPE7Q96beFD64QNyS-P1Q,kr,asia
qPIon07maGp_V9Qp7pGfKSZ-iaNUBEsGYmBAcguKIrIDHkSKp0naxnU7hJq_ilJS62ejI3xdyC5Jmg,kr,asia
7PXXMs64mBQMfKJtqBFwnvR36gkkBmfMX8KCMJcwxqQ-bAZpPctpLeiwnLY15ZN2CbNRNyD7_YzrgA,kr,asia
L0EDBKL2kMhN8Q4Rqzo9NzgKircXkCnVsR7oShRjGaMOkY8fYy4F7ZOpYgLEP-q_RKpNiHkzNlvjdQ,kr,asia
Vf4cbi0PppxPtExHl7moaUq07NTgiTOfvVTPC_yDG8ijkAKYuwqGNHi_5hdGVHEbQcMfwlAd900LrQ,kr,asia
XGflkI78iM63d2bFk37osBFgeFV58w4dCzprIkafk5uNp4B0gduqLk4a8m-_5_doJj2hSC4QBpHUCg,euw1,europe
_lldnnskEAKgxEoDkluJmwURVjh113TqHsTDHAKImERPTJCfCPm9TuIf-jJ6v6I4xL6JkmSZpumkXg,euw1,europe
L-348HiTByUDpTs2laaIL7ebxnnz1YfNLKZsO8uzTw8CoIpL_-pRS1PnbQAZgPdDWlRtLfa7Q25YYg,euw1,europe
XBZYS37fcHU8yq9zT3f7cyAF1HcbCRM_UyEa8grmzFRiI2Ra_YAGBQzhDUV2wcpomXtynaNEdSx8Jg,euw1,europe
EkjSSq_5ESZ4Pc7z0E6YfHvbiouk5Zg77kjC3oFh64FFYRsr8Zi73yXqC3Fh4jDmlprxEd9U7uBldw,kr,asia
Tk7DbuJS19Y7x5v-o1737m4HgDr8slF41gQNKqyHD8ClqO0Cm9kHKf3yky-0bHM46KEKCk6hNFK_Hw,vn2,sea
JxhYJzTPn4onBAZi9edMDkc3JEy3AJMnBSepp3LQ61RBVOyhuuTV_kctGrW8zXf92EC9DqwFoWTIew,vn2,sea
7MBCXs8t8wPfQDiYQh7FDhUS1zap3l4bm5ZCmA5q4pD3CIq40cXi4aN_0lbkOIhENmzgAySDHGTOXw,na1,americas
VjvpjvJynFM8phVhLIhD4zaq6ijoeC5ICNpURY7hSmjsmGcN0dtFiZDhabBoJdnnwcG68f9ujfj53Q,na1,americas
OqZ0pYxkHAZqN_ev7ohYlYI_vZehcpYA_LXsKBZT8MxCQOBGozRMUDzqg8lTt8ze7ObprOlSYQJWSw,na1,americas
wQ8F1LRaIDXTtgNdKLjTHkqTpl91OBm_Zlnvj2-IoJ1LiqxcGdayQ1In6I9ZcIyznvSAI-cuXHx8lg,na1,americas
vgr-0LUzpkPUWRa4pCXW0pHW2WQ4VrxFUJdatF9Uz5D3v4lP3o-9gYcsTY-pmTathqKPmwhtfCk1yA,euw1,europe
JGKu1nxjHOamD4D7aI6CuPqBYbVBNy5dJErrul5jz4MjGAZHfPfT10hF03OmnAoVgB4sNZDWSS26iQ,kr,asia
jm4yStq88EyQu6d7sBVkCPFdLabrNvJ8ddUDQ2ZG94h0jgEoSNKaqEveanHVSDib-DxL7O-lZf3dsg,euw1,europe
Uv2wb8yBWuL2v2Za7_Y87hfX_QaqfSJBv5YhzFK1yqjvCfs91dZ8m1H8o7h-h0UnZtHklR6uwGWlnw,euw1,europe
Cg75qH_YlEebwUFog9oMAEh-XQr52s_4iTqolvZSSNEBz_wTPZ_948rprbAddBrXSyaap7g4Q_7H3Q,euw1,europe
j9SuqOv-nP8xD19h6lNCOboDqsxM-2AtuDMVnjq08Q6fXhnbt_igqU2ieHuj9lszxI5gD2G2vkAeXQ,kr,asia
TCNzURaa_vggBQxNP0mNQdbFo6cJVF7xmW6TAMvFpBE0wvaZNXtZJk8cGmGjH37SV02L7qcs7vIMeA,kr,asia
nF9iVLEgFznEWzOAJqOj6vme7A0Ee01EvtbhU7lImDumHKbZV1_hwazfraIR-__5KlZvtM67UJ1_eA,na1,americas
NCJVkAQAXdWMKm4MBTfe-OSV1xZhlePSCu2thMQ_D5L2QLNhTCLSCDj4bKrHsHQHWfdUScA5DC8UDg,euw1,europe
jfRFfeut__OIUKVl3aeNQzL72quYO_MgQMTpq9-2fslyln7YoW6mhujeU4LDp1-Kh39VsHfMa7VcFw,na1,americas
OPvD5SbwoETpNq5dJZG6SK6fKkIqnQIqLdEWAGY4KSpACiptxySzk919M0rIQEb91kuTHegohryyqQ,euw1,europe
bxlrImfctGN-zx2mQGH2pK9iHBCCoGyBygywoixMo_XBsv0gMcUqIZoyn52_GZz0gIAGYOdzNm253A,na1,americas
RQA8s-iqdStPvVLxPp-u25s0zwDAzYIYGvphAL-xhk1myUnvk4enze-8E6Zew-d6SQzVQM5MHeQXaQ,na1,americas
ECnj3SQzsDxON6xr_oox6hEUIZU6owOe2eNfP0YchcMvryUqBSGM-ctotKoJHozkG7ukf9oYErGNMg,na1,americas
oTzjIHGe9WwFSHlGMWkZr7WmiveMHRokGJqy5VVh6Z9gdXHMoXF04XFhZuqVXy0qTJbbd5GWbNu8-A,vn2,sea
9eLZCtedB6Cnda_06CQ2BCQkmmmPolGasOGs-BVX-bjWZo62O1cC0clzss06EwQKho5VhkxD43gK7w,kr,asia
dt_MGVpwilCtI3jXjVXMVu0QFHMYfpEFLbgrENG7ZjDY_JGnI8eXRJZUqGgdqsgYzwxA3azZ7K3tdQ,vn2,sea
3ICOtFCbj3DKOmi8iWebj6qihAqBsZSW8wdMZdM-L_nYajminOaOrVRd9T3DIZCoAN8sMw5719N9TQ,kr,asia
wy2p8clLmCR8pihPHcLwNZtW5aMDv0u_XndR_ReXz05iaPDNXXsJKK268DWIxKPTeIAhHYiXZXNBrw,kr,asia
jdDcyyManH4naQUuMt7W5CTn2IhSWzZlvzchuC5ond5AJMyIq6nZeV9HjaMHHzr27ctIcjxRyN3JCQ,vn2,sea
uSRjPIuywgo4IXyHM_DBnz2CGm_qkk-dtK2FYt0VNpJZRB7HTP8m8UqfmZf7FVFKO8BEMH0o4vARUQ,euw1,europe
ObyRyj9ye2Blyp649NnN6pGeMPle43oeCWfcrzzHtdlh7pOXbrssxjbynB9Nmu1HQr5j4sIoY7MZnA,vn2,sea
E0n525AAfrqwndc9zkOqvc0dpV8fT94E_cq605pMjjQDxCzY_WSBn11b4SkOfQP0488n5dKf7if1SA,euw1,europe
4JIDzXjR5Ju_c7Ns7Q6jvhRY11gKBIrs6G4jlHCO3jAGdnhIVvTVskSJM-CHpVifxwE2NqRz3E23nA,kr,asia
5x2UCpSA9nhqAKvqoo57p-tOwPWTu4P9-w_jSsKi9Z9YxjcAmDrIN0Ed2wZyz7RnZw2WhqUquV-h4w,na1,americas
r11R-BiiKqnaXbOk_wYFu9c6v5y1_XjqQfS9Lp4tYozjy561ojOwTfT7Mqmv5RJT6oe9UOnPz-BMbQ,vn2,sea
I6I1lHV78bDVZi0ukneO_dFq4LgM2jvPS21VB-yluzgzw7IjKs3wzFl46JBREzqQBei56ISQD2m1TA,euw1,europe
FfojLE5oQXDdMriB-Tlz2bcIMkWrcZqOB8uWb1uhXHPrkybA3y4miWdf80l52jFmg50ejC2CGEQZMA,na1,americas
K-Ny4FrbBkWgKypm6RHYn2ZWi7znA-arkKrQUzkif7-XRTFZmecAXWhKtNsBBVTeZsUX3mVW0W1cog,na1,americas
5rmX8NZI23W3aUNUiG7VJAouhjQ4e_x_cEm6rBB2b5ZT8HABKITABcMwo2SYInOnyEeyXXzAha2N2Q,kr,asia
pybW0vmwPq6HOjtxM1cCz_idIkhXffvD-dCtIog6Yy8PbJlxsReFWdKTsBE1ExNs_zGOf4pLkEcSYw,na1,americas
vsrleY3j2N7Q-nCs_TKimYrhw2NQxGyjFkXKQV4cFW3ji2dxIfxD63kGMxVbopk8HVbfcjHxb7RWzA,euw1,europe
hjht2harjAYiNmcAMYDRmPCpkJlmwCDMuSkuX08dU5ff7O4kyqQdLYbBclybV6cuqW8YTYpyJShzbA,kr,asia
MqGCJcZkdQjK4_Z8JFqzSdMu_mkcrd6T0Uj42HZ4VXlImDl-8Tv5DSX7XCczeelL75HlsLC7Xr7uoA,euw1,europe
Ibg8BuXJ2oXYqUbtU7MDNxQ3zadf1DXFIQEouqClORwkGPMEirBZuHC7pg5Z5iwCDtMuuw7zReDE_A,kr,asia
Xd5OEwESvSsY-rVRxuBGLtNyEmyTyKLxRFcYsX-ndoUA6J8u6jbkc9TWdRaOOMG5GHHxKhHddiaTOg,vn2,sea
Mo0Shs5sUqpGPop6n0g4Zk0dal05IK_6F1gGWXooAoQVg_XPszE99YEhs9FTqsFU2r4JD-KLsGpfOA,na1,americas
v2QNlArn0rCtA8WkI6SNKuW3F66lyRqqlZxxOQl4w89LgYs--d0rmJXm0vob5Bo0Xmd52MxkawqPsg,vn2,sea
zuG-VwOfuuein-i14yZMb5zNxeUpyulBm7QMpR0JUV0c8WwN-0jKUg7KCryTQ8eNDQFd_pOlDlWcig,euw1,europe
25hMnhAkh8HMZZg5xGrDP7zleF1vt5W_YBc603sc9MezSFy1E8bF8gLAUaoN-JNC8QVTKNspRSUf7A,vn2,sea
b50rv1yvCQemexBit_LW2rXL4fBlOcW0ysCrmQ33IxXvobaAZiBofYZnk16TEM0Qngn0hHfbqZ-B0A,kr,asia
ygrhNud_FQL8Nrtfhnkl7_FxU6gxAwwYMeSDKoKi10Jlkf-LKte7Vd2aLUu-OdiJgO7mVG5GNB3gFw,vn2,sea
_pwC2RMC012OUvnZvZpIjTtrRna-chDAARElmYFC4keck1OIYexCPqW1iq7sfP_cPtoQFPZCBvLQmQ,euw1,europe
VugENvAT2dbXh_-TtNMwLYCiO01oyv7kEo7rdzs3Z5CBKV19bViEhm06yD6KQXGQW-PyGQyUXmfBww,na1,americas
y-izhcNRpEsu7AE-gvQQU6twzLq74pyXZOlc5aWvOAmVlfVS_8Gl-1bXC1mHQf_oLTlPI_jAvDbsTQ,vn2,sea
uztCVIjOMESn5ARiETN9K17cyWxOnOu36t5UShnRTPG26JPIvNY8NgQbEhV5TBSxt3mbfb3cBtI0wg,vn2,sea
dthmPaCdwvizmbvH4CfAkGGzXivvZe-8h36CPwf2vvRgpR26f56aPHCnSdHqIrnZgMw_hYN_UYf6NA,euw1,europe
bhGkB_9PfNID923y1P1KSD5Hds0C6LJgbeaoof470OYd8Q430jtqj_9ex6UheuyoAznvgXZbcUz6Kw,vn2,sea
kcToTHQIf5Hwq_XGK913xuCF_N0d53kVFR5ALxJ5t0EBrGRVWXPYeoT0lwtrjrhH-C9MSv9_AL1O2A,euw1,europe
Y8G5Aky7zOe5FbhBBcwb_NonwIkbNbb8-Xlw0cEwLtV_Xmczd-lFh0AKUgVKwTAyaJ6PLUwY4E0wiw,euw1,europe
-mA3CgMo5hUf-PmYD3JZB8qf1PF2hBbCV6Y819nAV2u7gGDBio4HIRj6becX7hulBPn5NwrnGnIWSg,kr,asia
6AvAEuw9DTHXKKaZeqAU5w7WwR1f8ekqUQhFCQrPU334RCGhE5LhqfSt_uRyTXFonZuCJPOzN1fjvQ,euw1,europe
Ut-iAvPFT7VxMT3tpB8EaPxaL-1g4jcITQk8-iX94XNkXtRntdHEHPCjtqK5oUpEogI-gXMTInf7Ww,vn2,sea
JDpEF5yLmQ_wyvi3Geijdgtt43124n9oHTrGxmXC4cXKt775CVh1tCZp1uuHHOJ40FE9ZnxjwqJ8aQ,euw1,europe
jHqyAFCd_wf8JF0vfFgTgkcQ6IlDZfuib6FluEndxZTc3LA5UmS9F3rvX03T130V0EZf1dxlpoRiBQ,vn2,sea
JoyFHP-KlE9yxrMLrC437CDxB_kW_18VI9ZRWWItf0MEypEljIMA4ulPov3AfiwzOxgMANQSxh9jqA,euw1,europe
3jPOmIiqedqvie_4LR4KrIe45ssRvDR-6-EuKvlQ2rOoZTmOQkKih3umDHQjgJr3LvggrJkgF01Vaw,vn2,sea
pBrlE2KhV0bt3oecNqcpcJf3uikTYtHw_jMs-WTsofVfssbiCy4oa3Mgbdn0iIOiHblZmdY869M4jg,vn2,sea
AbM_02UGVc1TwdbIa4jSP3BXRlvxGQ8XcqXtRtASfUMgA-c4HPuJkoQ9ZVAXp6xnukdqAFkbImwA8A,vn2,sea
qspu-Ze_Wl9ktT8nTCDWAIqo8G2mWlLV9Onwo0C0SYDayIdnv8x6vdZeMgmazvVgJgKizsW4B2hQ4Q,na1,americas
Us4Ml3ncVkhFeFkzKiBoLZZkgXnAaIZfmbQOun0S5kxRm6m-68HC0K7wquyYlcPUWIaT912EFcAabg,na1,americas
LfK57M424-W_sBLFONXIHfGO_0FoGJKBb-q0RkvB3QeiOKjdIX7ZFQooNXHcBVGUH2S8CElSinYg4A,na1,americas
OD2eBuQSljODDRI1s4lhq03tTt2ZGO2ah1_0_6cSKQTOJx-4Q3RWMI8qL_VQal9HDenIeGZMSfGfQg,na1,americas
tSBTsN1ziNZ5ahyPQZWNmc07aGS1FH3b5cNA4zbhbBHAWIJHDIU7QBc36d0j1nDSvMABDAjJOE8UXA,na1,americas
Ux6sk8WbZdbbZbMDze4w4AjPFGc6H_ybVwQiu9Vx3Qihbl8yLHHwsrhmYbeHXFdzhUd_0sVQeLkEcA,kr,asia
Aai2sRC2LetEx8Z8DlEd5NF0vZ8GHIaWwB8_d1nmUZlLZMF5bQUGJeYiNBpEJK0kVgElXvQ4W0gH7g,na1,americas
hPZvgxltv0CPCIQ4AriLKYickLNfgO1AL1bakW-TmAe4Y-vGGGMHkHtyJ-bWfRztUvRPfV1av_nQSw,euw1,europe
vz9pS9I1K09xYWoabUc08cOT2nJy36mZ6osOo0AQZfxcQFZb-9xy5b2r5lCA5N6uPbAjv373cnAg6g,euw1,europe
HMbxtiZyPEYQFzl4zUsypDjel2-6yMc5OA8P3M_bOaW94o9uaLucAh7I-_Rr3Hqudc6hWR4Gwf2MPg,na1,americas
5rhujSMJjldRxZMyZswPlAT38K2RkCr89d6X18swS986WyjN7h37zrDHKCDaAe1hfrvNGt9PzXLS8A,kr,asia
JfTjg54GSLUu2OOxbqii7Nt4C8ms-E3DfF9m1uuBjAMDpzvqDjfJ2-TiqdQ26RMwSu76DZ-SqpAYew,na1,americas
akWhJ6wbRGRawdcZSRzuM7TV6q1C72pRH_6gz-trWpXwnNOmF97eSsSZ0fXtxEH495gdgKNRAwMZiQ,euw1,europe
WcxaW-tOrYgUi2WBnhytl8PHKENCQUSaU3DWrR0DNgK2TZ4zQvzD_9X8mHxShVtvJRLo7QmaVyOYXA,vn2,sea
SpLYlQ6qksjbbAwSrxzZY_YI_HpuIiLwzfXfJNQbsN1qWxcnQk95F1UP9-cTa_d2YQZaGoIwZDnz2g,euw1,europe
EMZbcDOWQTvT902_Ypk8s39iFDaYt5jYGKmoE7STd48qeWV_VlQDgQmGSSaQqmT3vis1hogDUfCMnQ,na1,americas
vuiQ0GhUvy7_XoUHbZvg1Zoyte4yzACK8s0IuJG9WgvcvBRFa64PXzu_MW4ZSkKG93zCxa48EfDSbA,na1,americas
UYnG64EQQkd_Y-uySdDYFCQQ9bdTdLW69em9zWvCfT6HQNcC6JN0I56E0AhO9Z6kn6IOrvT8gxTMaw,kr,asia
8QXbqOVSlTKAJFse1TaHXuu9iL5x5aG2TRGKjP1wh0LFpV8HTVzi_eWDVlcvM58YO-F6yQvOXi4MtA,na1,americas
mnl29-xuzzlsxaXjX4pD3yRvGgADCsZ8DHVVvVGopoYkYvLEjQa7pkuGuSFuPZsDzO6gULmjj7E4Vg,na1,americas
L3odbQyeB13ph-8lM1I7nYoUEzsbvgobpNULLfMOowQdfzxm3I6gYaLzQ5xYJAOvuqkM7TzOVWvuQg,kr,asia
IbRMo1eA_2ODLY4QY5DkwVhe7iZbbI8rEguTABBU_DedDAJPX5bquOZiOpjYpVsULNyqJSj3PrwFFg,vn2,sea
TRES4mJzIGYfz6n3msK72AtaLMTM_U8xSdUIDjiVpxJCzL4LYzAtgO8esLks1Cq587SzL1RjgQuUdQ,euw1,europe
5yP3OVCRyOd2bwIrefDeuJMxHWGglPMqxALWf1HJX3WnSDlyiJxNg01TDqeAdRw_wHBhDs-1Uws3Ww,kr,asia
8wD8bMJe5B_ulmjJe2L9YN1agbh72M0ZNz0IcEJUkDJNX1gLVYPziMyGRNy4LmUHunzU0WToRHqD3w,na1,americas
GNOcnbYw5zMPNpCaIGdY_PATPkrl9_lT97sqfxv0j_8FmYDdCeHsjVsC5upSbcfV7uQslPjJSkPw-Q,euw1,europe
bj-0lq6VFJAsTIZlAjuEsDJB-ml-cq85qtFDidmhzSSzhfssmAJ9_SK3BFohiKp4fQod3u9_Yecczg,na1,americas
ytF_8YBJlzFmNKBMUxtjjjAR1xIAnE7M83sWTVKPZHjMz091Ma2-Jpg66V6K1M2cn7U-_TA_275jcA,na1,americas
FgVkvks5Di7GzaPMcCO9t7_p7m-suRBQjINhBuyrW9pp8q8C-XHCV4STOz02ha-BJ4eZkLLoriqiAw,vn2,sea
Z1SKEjhd792iZQ-uKNfVocSyvRZiMOegLwA1Swl6qtCP7q6OVtKgaM02W-s1AaTL0BoZC4bm08kNdw,vn2,sea
Xb3jEGJlFoDt787ybnqrkRQq-rJrAVYOjVrJxGFs5K1O2JO62Qhys94534vlYdp6uNLFKzzm_-mS-w,kr,asia
G0Sh69nM-Ff4b7AhfVBtScZH4hWhBKPrvz086zf0iZIdxErDWXpOJai9FG3cjgl3efOm2Bh6C5p7Bw,na1,americas
JlEnGIPQxbBvNmxEYJyJx6_KaGc56Jl88LKsV88j5FDWlPN6dc4kreuoAxtec5KvqhSIPPYI273JDQ,vn2,sea
qBYIWOSCCTmqrz3zTUN6m2EbEzqFwLAXWYhmOFwrsydv6SuoSFeY39KfDrZlT4CW8-egBxHC7TlEnA,na1,americas
8leb-InpAjItAPxzqA9PzgyYTTiAwFm2ElXm_RMkBAy0ZWATukHP62TVxDBXw8qy_L10b50eqdGS6g,euw1,europe
VxwYFJO6EWhlKmwyzs8Lh5PxDp7SFy8ZUNW0IiJJhGyM5Vs02PK9LRB_Ttnv0pYOjglYKK-E-Ynbow,euw1,europe
5C_YXAwc3Sk8A30lmP9MZp4BrgotAjEsC0Jw14nX12TkvEIjgdqSAALM4qwMfHrOfvEafVbM846-7A,kr,asia
k5UNeOE8JGnHXX8rvETotp030jjy8KsAdAvwCcRjBzaWOU2hbIv3hFfCOfNaUomvwRUpqD9X0DIsVA,kr,asia
uUaJ_iptmOJ4EP3fkB_FwYvtclua9Z7J0CQHZHpp5uH_FUAHASV0LhxGfIWUk7cvQPot4oIsP2xpCg,kr,asia
aXZ4UNllZWaCrOGZySN2vm1UGto9OdS1SC5_mfdojh6zSJYWHWYunrn41UeQTEoo09ZHS5FlUC8LRg,euw1,europe
fAV3xHUgoPeZo7g6G01l7qKTkkgp1Q_mPjVbjDlJXCJrh7SnF_vMN6Tn3vX2DrDGUNQ3qEf4UMSiXQ,kr,asia
fQZ8J0bvc5a_Si8GRVz8uYFe5vsen5hgmR1J37Uph-nUdG8xbibRrsGTBgKw17yZs3jnpofK0UNeCw,kr,asia
LgW7j6M5w2KOoxKW9V56R-BEiZiyjLRrj7Iu5h0n0bvyfs9U_sn8RPKEXpIxcWu9dslieEBnJduX0Q,na1,americas
GxXPvvfESWMfiu7yeRf4-Fz5hAf6srTNX43SFHErVIiATepW2gPLPGoX4hmtZRNaq4r5EXgOJW_-6Q,na1,americas
aKRjMBVk_ERoFIQPfowaS9oa2FCwlBi6PzcVObHhRmqHzjKWUaQUnPvW-q3n_mN_chQNUHl1t444Yw,euw1,europe
7_1IQFB8QKf0aAV_k4t_iDXrG4ejZbQBvoaXV2MBRsacrLc2sz1dPs_J9HM9te_2EwHb_YsqDXT1xw,na1,americas
8YltzfNVexFZ4ZLSq4Be88udZk6hqQ_cBjGUUuGgS94XpQgXAJ6XHSobhLmOvsIUGiXPrtSvabNh_Q,kr,asia
F6RppQD_Cpx3ay1QLBbYAUfDu1eLfCWmSORq2FcWL3d22VsUEo9VFnNZkjjkDcRKcCVomxA1-c1nRw,kr,asia
VOzesgW44E7LmO7HBYUO5USqltNdaKKz7Q94TF3dVse5IJPr1HCwM6Hs9JNanDa-7rz3FrImVfkYpg,vn2,sea
8ZHqkYGaqRLUq_bbXeFig8A_qOq4w5edO0J_ge4_jSlvW694agnNhX_oqCeTn-UcEfgPQU5Gv6Vz6A,kr,asia
Vo3Oc_hYoicxcVlnJWq1TZB3T7ojVf6d41tBcM_8dCpjI0vG-sRWgUs6WX6YSoYWzCWmofNDTiN0PQ,kr,asia
qDEw86dxvLrEVCVJaZAgowVF6FNsrBf8pkBIQW11bLw2PudN57DIHCVSzjoqbJDwb806QE2F0AwdVA,na1,americas
FWc5yRVGtx661_v3qG-DZV9SvehbXZSBE07RLXt3eFbvQF71rkzj1pYrfd8mYO1giHkqumCb8SAgrw,na1,americas
fXV6tm2CE5FhR8TlSKDi-Mheptu3rvObl8Pd6oAt0fcw6XjqPcSjt6qm1o2PktBoxHuOZGdqfwQ1Gg,na1,americas
imSDZ-Tsd8abnaNgRXqh0kmwNCIj55GRrAH_xYBrJ6bTe8rInnRhOmix7qSLSKBV0_ZxsQPfUJhkkA,kr,asia
HuR2g7gCQSaGi291M63ETNpVYhzlMeZtYixAzUJwEB50vsipe1POZzQHScHcVddH_GmMIGM5Xtb2tA,kr,asia
FiHsio8GG-JneoW0gahDJcZK-G8WwwAZ5ndJxP8foNqgwaS6Wh_TfmKsM2Excid66zJk5DPn_c4-UA,euw1,europe
GXxwGv08p5qynyDEI0rltddbWMnZJf2_b8Kpbtdyaoa-HGrywd2hZRgg6NljR8lBXqpRwL4Ix05xJg,vn2,sea
VpGeXSh9wfqbsMMt5-3feRnSr9cLroMiv3R99EG0DN5R08A6Aq4RlGj26nd_T5OatNblhbPbrfPHpA,kr,asia
h-y_7cp6OoiRM7YNPzMpX0KG8U5tFLF_fUblRTCIWCelkd13KQ6Qkzt1d6vxbwkxfht0D1t4Qc8yyA,vn2,sea
WjXeuayPOa_dAfCK2-96WepRTwIPnPanv2v5LJ20601_SOKPAZVT5f8z630skcLiWknKunyaoiSoKg,euw1,europe
9BahDzeZDgEtninojOlTap50Gr3SV793URoMpSKU_0Rb7RM84dnRUq5g8tJawKXyejVRgL26OjMXVA,na1,americas
b2TVapckrAW6XOZDju3d0aqcN-ICkqDXUnYJrgBBg81G7cDSfdMMFvnI7X_CpuoTB3wX4-jPtzUjHA,vn2,sea
stYQrh4mt1B-4wbzIuz1uViQiJsYhX7HOKVmjGGFta8IDko1WHeIrlQ1ItHzrIp2vpD1KBtruH-HzA,kr,asia
3u3FzFi2L8RjdYAVW5w6rNklIFpfixabPhW4nmur05dVcEW4RytFVHEZ12H8qeUcH_HsiuEeYZmL8A,na1,americas
LEPm5nEWjeNFZfyolKGqGPbDT1ZXzQZHxRFxwUbUc9Nuksb0O_UcM0Y8F0VuDq4WQJLw0cKBKV8EHg,euw1,europe
t2Xm-sr3P_azbbtEgUTV6lTVsaSxD9-lFzFQRvgT_Rkq6Pj52pP7ozo_ZnKT0haiyLSQXZvbk5Gr5A,vn2,sea
8vRnIGW3Ju5Q-OWqDUmleVFmxS8SWGkVi66lbOmpmWWKQ7o9eoTI-uZIoBF4WFAG16HZmY2Qb7AyJQ,euw1,europe
f97t6L8zFr4RYoCuX97OtKU7xCsUHBnUJzgVJh2QKdO1KmUYI3wKxj5wVrHK3bODyVi_fEaC0PlOQw,euw1,europe
J-pgcNjn5Gl-ercwqs0i7fecQslK3M0IglUXZJeOSGFm2QUPH_EPm0IjBh7nz_nFnHUbCd9Mzv3a4Q,na1,americas
mlPP6_hOBtNQQz9OBQST7NaPkxGk5VH1UAiIcEAXtVthFPGI5Ooy-0dHQiqG1ZmeYfnIhEOZdsihRA,kr,asia
u-cXKzRsuXgyYv0VAubbc2-Dad_75Qxb-qxJA-PB7uGSsBGPkncbGRTBJOfqbD_a3wVpl1knWfdA6A,euw1,europe
SzYLviZSMoAae5oFUxQ7cYN9Atu6t044MRRAe6WT7pQlODQkMvGfk9L5VqjYtaWO_yQT9GIneRCzHg,na1,americas
liygQ_C--1ZgUmlRYIRUTcQNR8OqXxi2g8kDRspsn_9qtMchTRcFIO8rvYFu0UnY8cX10gybgVQNhQ,vn2,sea
E74ukrnoWXyQAfM4KtS-hlP5RtiePBjMjnYTn44jK299a-eFY1XoWR0ahKTHFIWaYxks7M6n-TPPxQ,kr,asia
0Oem1vH4qtbJL6B9VXKFy2DhM7s6kOMPv5k-GLRTkjKSwFfn39zv0aKqWwAsa9zl2dG9VQckXK_BjA,euw1,europe
piV2Rbv5wUZyH1-4EWgJpFETkYyxgIMFkwJ0fbGxUTsSgpAqTHtwj6QCtzq7UMe5m0IgZRbrFhOuMQ,vn2,sea
uOmt5ZZj4mAJujJIKSuf3jbUQsGzMYdnpADbxIfaAmANwG6is3R5E1VgMNUuzcJ1pG7VvTAKIsuBIQ,vn2,sea
dGUi9czBunkcG4KSAOEDqrULHZ4fxRjzKC0EOMPYWAzAwPiZJBpV8DVE1vExVe-yXJyX5CAbQshifw,euw1,europe
NRzcv_AR6_MkisVjJQ0w5ckeOAlPYrXgC1G1HItjofh4uNj2z79PNVBPV8XKDBpsc_4taN9u9mHcvQ,euw1,europe
5AtdwIEEyo45H-NGdWxfyr2w1jy7wsdeZDDk6ZtRQg4n5b1kUh8m7GYCf6S4tLszlMCCBXrDDj3WNQ,na1,americas
3NEgJmXdHFarftSyVK6l6fQdtos4Ie4RXmZXJ_xV_14l0YYLNYInHSGPT0n0OGl6639yOG5-3gUmiQ,na1,americas
IYM1QlXhaMRk9wnBpv-zuc6eYtlooC5xAYwOeKeTklV8D0PGr-Bmp7nVaGccpBcNCDq61jyzqfHwIA,kr,asia
ZSy52d44Cep0rY_3ZHO8QGb8-ft9XWzhxNMylhu5kydRcB5cdS-89rtqNY5RoL7hUW9Q9mdfAbcXOQ,euw1,europe
HzV_ozbapub80asV8hR-WhgMNkVw-yrKRT4qpQHAKg14Tftybf1joA-jcGSViWKpyTgIXbdoVOwUfg,na1,americas
4F1F8fb9mQn4PfCP3f7Di2MCsgFi1B4Da5PEN9-mR85kUAGfbPQ2WoyDvXY-3Ng5tkbVYEVcABdbJw,na1,americas
vSEWcD-iV9UkPSWJfGrhNBl6XPah4-50wQ4_kC2Tupj7ieyBQrcke1QSjd0ATnbpwkm_DPmVt-vM7A,kr,asia
7qhXfcAf8QpyMdjkgcP_cVW0snGQ6sXOnxYYGStVbJz9eoBOUzpV7rNeb0Ubk1AfQAHoVoHjXCS9Vw,euw1,europe
S9TZFEC7fB7Ms02Wvbn95imXnrQXtUTkn19ouCrVAZv56ZQvLjpFYx6SHdEC8EsoF2o0r2GT_E_j9w,kr,asia
RFZ7V1yksLC0gW63B8aAoWWpor541Hu-nUvc2HJxRU6PWQvyVXbUN5Wx0d4icAcxw7DefEaZOLMwQQ,euw1,europe
29-BLi0UXLFL9OEWOVdXAiYiJ1VNugryfvVlQvB4QIA83Tsf-mlj3FXWRJ4cBt4V5MJ78D78iZHbow,na1,americas
TQZw3ytR_G_0dwkXfRepakU3_cywkwHRxsYpXqBUGGv3jDScoYBkWWxQ_dW7K7dxjq0kym-_E0ml8A,kr,asia
noHMY6vTWkJblULacveh9JvQQx33DXTGnVDaCFQ294uUyRcxqDX9bjgEkU53rsqog2IZITyFjCI7Cg,kr,asia
5k3JqTa3MS--lfCRNo_w-JC-rtx4R4ecpBwzM0AxTtOll5k3pcGqyDxjUndFhTvn-_xjA4p_GavBLA,kr,asia
MEdY2uHZ3PJWQKWVnSaNnmJATyBXdnGzGDXumjoz6cItvXdoNnyAR53aiI2q8I4ofcZn2ZXhfHJF-w,euw1,europe
NobJM8BXbQ0XVdL3ZccQRuuB-5q46zGGuFbdRWT0YqFY1GFz4ZVNJ83Pn-i6SsUlYr3NQGT6eLA-Rg,kr,asia
2I9CUeO8-4P-GawDS2gXjgaD3B85kR8cvZ-J6Gb2oNRUYJ3x_5xrlcvEJfVtzgtgjoh4Q7Z0HWyZhg,na1,americas
X_byAwpMk__JF405G4UZWuOvFEhTvBXiMameDZ32VvUN3Y0lVpQl3VZrih7TmbF3D8fO8OpRp8Y1dw,kr,asia
n3qUc755jXv5TZXh5hsnUn6yb4yNp2i2qjZLYXoRQccGJuXFgL_n3uzJaRpSjN5k_GgTurknW1MZnA,kr,asia
eGEzil48lvOUGuQkwaVy_jsoIVc8IW7jrOECtexm_cjo-ILng9DVJboJft1sXZskp565CUWH-V9JUg,euw1,europe
zgRfskOxn2yBjg4_84rsNoJEzX4CgrxAzIcTCzxDM6BOXS3VxbWS5MKGdqLDg16VMmH1SRJryQ3sLg,kr,asia
ZXB9RSRU0Ekd34SjW6PBbwGOa1h9Zj_3_Za4fJdYAFe5WRfWjhlfjERnEcLd-HRitEKPDMqo5T_bFQ,vn2,sea
ZqO7HPuOzntrSyUm80yf3f0Kzk8b3JOY6tH9z0Bp_ioiHlCLcx8kBv2C_l3Ii6I0luTcma4FHeFvRA,vn2,sea
Ci41ub1evhMPBmpYo_AK544hJBieZby8kbpEp9Jt2sOJHXYpB3GYHx3XMkGJz6VJtLTJ696SwWJ2BQ,kr,asia
NXjtWPc4qxLmP09Hl-s42fNOvGRBurr4yn7i--txUOiol-s93pYyEACsbX33-Sf76d2MuS-DmUF_Vw,kr,asia
