match_id,routing,participantId,timestamp,frame
VN2_1502861442,sea,8,1712393,29
VN2_1503626657,sea,1,683559,12
VN2_1482243490,sea,8,1320209,22
VN2_1508119665,sea,3,712150,12
VN2_1501665643,sea,8,1016237,17
VN2_1488775410,sea,2,1114126,19
VN2_1504095179,sea,7,1010220,17
VN2_1506991422,sea,8,1088337,19
EUW1_7922835933,europe,8,1577886,27
VN2_1506722673,sea,4,1673142,28
EUW1_7922116324,europe,8,1892509,32
VN2_1503135041,sea,7,1553112,26
NA1_5603424346,americas,8,990831,17
NA1_5603424346,americas,3,1330816,23
EUW1_7920877656,europe,8,1305405,22
VN2_1498843878,sea,2,978095,17
EUW1_7917581264,europe,2,1281650,22
VN2_1507993780,sea,4,1177930,20
VN2_1473942049,sea,8,1193281,20
VN2_1476930257,sea,7,1130552,19
VN2_1493348716,sea,4,2224455,38
VN2_1484792370,sea,3,1400356,24
KR_8304591349,asia,3,1293186,22
VN2_1505636790,sea,8,1907366,32
VN2_1503098701,sea,8,1701538,29
NA1_5601487479,americas,8,768968,13
NA1_5601487479,americas,8,1039275,18
VN2_1505634946,sea,4,1052138,18
VN2_1504102941,sea,3,607720,11
NA1_5605007024,americas,8,1110873,19
VN2_1459953557,sea,7,1101566,19
VN2_1500774959,sea,8,1476446,25
VN2_1500774959,sea,8,1477848,25
VN2_1488801682,sea,8,1100706,19
VN2_1505088292,sea,8,1217713,21
VN2_1502327589,sea,4,1405767,24
VN2_1502327589,sea,4,1638562,28
VN2_1508100512,sea,1,893795,15
VN2_1508100512,sea,3,1044621,18
VN2_1507083375,sea,7,1135548,19
VN2_1506616197,sea,1,1131934,19
EUW1_7919837854,europe,6,1697571,29
VN2_1504075196,sea,3,1276394,22
KR_8304000701,asia,9,1331382,23
VN2_1507986563,sea,1,1476619,25
VN2_1499541675,sea,3,1702195,29
VN2_1482978555,sea,5,1450859,25
NA1_5603233923,americas,8,1754660,30
VN2_1503087445,sea,1,1149652,20
VN2_1507768519,sea,3,788633,14
NA1_5597185302,americas,7,1428882,24
VN2_1495776300,sea,4,745939,13
VN2_1506550949,sea,3,1525489,26
EUW1_7921649743,europe,2,1284312,22
EUW1_7921649743,europe,3,1402004,24
NA1_5604778324,americas,2,848182,15
VN2_1504450776,sea,3,889121,15
VN2_1506688304,sea,7,1249984,21
NA1_5602719192,americas,8,1344484,23
NA1_5602719192,americas,10,1397220,24
VN2_1505400409,sea,3,1518184,26
EUW1_7920405613,europe,6,789957,14
NA1_5604344959,americas,8,1179640,20
NA1_5604344959,americas,2,1733186,29
NA1_5601137208,americas,8,1429306,24
VN2_1508490049,sea,8,1127367,19
VN2_1500009421,sea,3,857029,15
VN2_1500009421,sea,8,1671469,28
NA1_5604528873,americas,10,960054,16
VN2_1502573729,sea,8,901003,16
VN2_1500086836,sea,8,1636543,28
VN2_1502633546,sea,9,650175,11
KR_8306239853,asia,3,1539346,26
VN2_1509209794,sea,8,1351049,23
VN2_1506078672,sea,8,1536617,26
KR_8301283533,asia,7,1095354,19
VN2_1498540634,sea,2,1493524,25
VN2_1498540634,sea,2,1656362,28
VN2_1498540634,sea,3,1698223,29
VN2_1498245334,sea,8,989911,17
EUW1_7921066174,europe,5,1793278,30
EUW1_7921066174,europe,2,1948292,33
NA1_5601226750,americas,4,1472624,25
NA1_5601121022,americas,9,1558437,26
VN2_1507120002,sea,3,1125726,19
VN2_1506990490,sea,4,1049895,18
VN2_1504049083,sea,1,976671,17
VN2_1497072144,sea,10,1243335,21
KR_8281931116,asia,7,1230179,21
VN2_1501795912,sea,7,642291,11
VN2_1509169701,sea,8,1785979,30
NA1_5604783448,americas,2,2238949,38
EUW1_7919746559,europe,3,1552186,26
VN2_1506400888,sea,8,989825,17
VN2_1498685442,sea,4,1272005,22
VN2_1506679102,sea,8,1123079,19
VN2_1484652036,sea,2,710913,12
VN2_1506835418,sea,8,1262284,22
EUW1_7922438260,europe,8,850867,15
NA1_5604789324,americas,8,1147309,20
VN2_1498380688,sea,3,1515446,26
NA1_5602693993,americas,9,874245,15
VN2_1507240396,sea,8,1181553,20
VN2_1484167409,sea,6,912419,16
NA1_5601503954,americas,8,1114902,19
VN2_1478289402,sea,8,1095541,19
VN2_1501854415,sea,7,1527443,26
VN2_1501073165,sea,8,1184023,20
VN2_1506140529,sea,8,1808578,31
VN2_1507122540,sea,3,655538,11
VN2_1507122540,sea,1,1228522,21
KR_8304985922,asia,4,1124411,19
VN2_1505086583,sea,8,896191,15
EUW1_7921150248,europe,3,1247544,21
KR_8304722831,asia,2,1259106,21
VN2_1505538072,sea,3,822207,14
VN2_1508925696,sea,9,1126598,19
VN2_1494662691,sea,3,888823,15
VN2_1504311820,sea,3,1085155,19
VN2_1508337794,sea,3,1378866,23
VN2_1498448781,sea,8,1078290,18
VN2_1494800612,sea,8,927744,16
VN2_1476647918,sea,8,1672876,28
EUW1_7915520412,europe,8,972064,17
EUW1_7915520412,europe,6,1226961,21
EUW1_7915520412,europe,3,1437716,24
VN2_1496027178,sea,8,1758007,30
VN2_1506753427,sea,2,1489487,25
EUW1_7923152437,europe,8,1388007,24
EUW1_7923152437,europe,5,1513725,26
VN2_1507375927,sea,7,1277683,22
VN2_1476532867,sea,3,1742652,30
EUW1_7921278057,europe,8,1669001,28
VN2_1498214082,sea,3,1088762,19
VN2_1507617068,sea,3,991226,17
KR_8306259567,asia,3,1501315,26
VN2_1478409225,sea,8,1091712,19
EUW1_7915866292,europe,2,669104,12
VN2_1489952278,sea,8,1034416,18
KR_8305114645,asia,4,912505,16
KR_8305114645,asia,4,1058441,18
VN2_1505586319,sea,8,1096751,19
NA1_5601507740,americas,4,1822189,31
VN2_1498659935,sea,3,1348460,23
VN2_1505577285,sea,8,565122,10
EUW1_7919245996,europe,3,1385291,24
VN2_1485652365,sea,7,257411,5
EUW1_7922074778,europe,2,1219498,21
KR_8305333440,asia,2,1245144,21
KR_8299645355,asia,3,1267093,22
VN2_1505390299,sea,2,901983,16
VN2_1506152957,sea,2,702214,12
KR_8302854855,asia,8,1700131,29
VN2_1507103395,sea,3,1166531,20
VN2_1507103395,sea,8,1794827,30
VN2_1498535065,sea,7,610201,11
EUW1_7911962017,europe,7,937561,16
EUW1_7911962017,europe,3,1413549,24
NA1_5602791981,americas,3,1480117,25
KR_8306221665,asia,3,962239,17
VN2_1501357466,sea,3,878942,15
EUW1_7922232934,europe,4,1114008,19
EUW1_7922232934,europe,8,1182653,20
VN2_1507408960,sea,2,842718,15
EUW1_7920908358,europe,3,1272729,22
EUW1_7920908358,europe,5,1325326,23
EUW1_7923050999,europe,8,1168427,20
EUW1_7923050999,europe,6,1211992,21
KR_8304698502,asia,8,883129,15
NA1_5596279913,americas,8,1316072,22
NA1_5596279913,americas,3,1722613,29
KR_8299979912,asia,9,1232698,21
VN2_1507312501,sea,3,846987,15
VN2_1496059449,sea,8,1490223,25
VN2_1508134926,sea,7,1341676,23
NA1_5600400500,americas,8,1391961,24
VN2_1502946161,sea,3,729587,13
EUW1_7921289754,europe,6,1343662,23
NA1_5602090862,americas,8,1426394,24
VN2_1501763966,sea,3,1300208,22
VN2_1501763966,sea,8,1637396,28
VN2_1501763966,sea,8,1638966,28
VN2_1487688365,sea,3,909198,16
VN2_1509028666,sea,3,795931,14
VN2_1509028666,sea,8,1690364,29
KR_8301559741,asia,3,1570955,27
EUW1_7918481688,europe,2,928903,16
VN2_1505908498,sea,7,1003286,17
VN2_1496848318,sea,8,1238698,21
VN2_1504912124,sea,3,1042061,18
VN2_1500156737,sea,8,1612885,27
VN2_1483307270,sea,3,1454962,25
EUW1_7923074854,europe,8,814269,14
VN2_1495916801,sea,2,1264803,22
VN2_1509158160,sea,7,1246242,21
VN2_1505027504,sea,3,1649129,28
NA1_5605126405,americas,7,785969,14
VN2_1503968783,sea,9,1305476,22
VN2_1503968783,sea,3,1760146,30
VN2_1500821587,sea,8,1155352,20
KR_8299805683,asia,9,1232037,21
KR_8299805683,asia,7,1997275,34
KR_8299805683,asia,7,2003883,34
VN2_1505895652,sea,2,1064628,18
VN2_1500211497,sea,2,785096,14
EUW1_7921519716,europe,3,1270665,22
NA1_5603524245,americas,6,1149344,20
VN2_1505725883,sea,8,1289809,22
VN2_1506262178,sea,8,822194,14
KR_8303348273,asia,8,1081637,19
KR_8303348273,asia,4,1681514,29
EUW1_7921321588,europe,2,1175354,20
EUW1_7918068461,europe,7,416682,7
NA1_5601640430,americas,2,876329,15
EUW1_7915343627,europe,8,1488324,25
VN2_1506708452,sea,9,1863282,32
VN2_1492094322,sea,4,1025049,18
NA1_5603404617,americas,4,1385898,24
EUW1_7920203877,europe,1,1604634,27
VN2_1495732322,sea,4,1054850,18
NA1_5600220370,americas,2,815031,14
VN2_1498987862,sea,3,926516,16
VN2_1503973051,sea,4,874793,15
EUW1_7921929623,europe,2,1420986,24
VN2_1507215332,sea,3,1107384,19
NA1_5599227890,americas,9,880905,15
VN2_1496060019,sea,2,767486,13
EUW1_7922211519,europe,3,1292529,22
NA1_5600331838,americas,8,1528748,26
VN2_1505449265,sea,2,686522,12
VN2_1505449265,sea,3,1433890,24
VN2_1498530343,sea,1,1317689,22
VN2_1488202231,sea,3,1327060,23
EUW1_7922759271,europe,8,1128444,19
VN2_1492040035,sea,2,1207555,21
VN2_1506094874,sea,8,1486404,25
VN2_1503167703,sea,8,1178831,20
VN2_1497697435,sea,8,1060428,18
NA1_5602401068,americas,8,1623167,28
VN2_1499303951,sea,8,1542183,26
KR_8284802500,asia,9,1585985,27
EUW1_7922791352,europe,5,1503031,26
EUW1_7920652695,europe,1,1196881,20
EUW1_7920652695,europe,7,1557801,26
KR_8303710977,asia,4,1373962,23
VN2_1504126110,sea,3,1272875,22
KR_8305539999,asia,5,1482472,25
VN2_1506295694,sea,8,921247,16
EUW1_7920756686,europe,1,1574646,27
VN2_1498650213,sea,7,1248324,21
VN2_1508450915,sea,3,775287,13
EUW1_7922276006,europe,3,923692,16
VN2_1484511921,sea,3,689488,12
VN2_1500502193,sea,8,777062,13
VN2_1500502193,sea,8,781065,14
EUW1_7918247909,europe,3,852999,15
NA1_5604730588,americas,8,1711128,29
EUW1_7921049546,europe,6,1470562,25
NA1_5600048087,americas,7,1022313,18
VN2_1509489404,sea,6,716796,12
EUW1_7917775068,europe,5,1353870,23
VN2_1507690351,sea,2,1910188,32
VN2_1508845608,sea,8,1112173,19
VN2_1507468313,sea,1,599506,10
EUW1_7923247354,europe,3,735893,13
EUW1_7923247354,europe,5,824800,14
VN2_1502936595,sea,4,1783666,30
VN2_1491826472,sea,3,1752098,30
VN2_1509380180,sea,2,1541743,26
VN2_1469197304,sea,8,1495888,25
VN2_1475923576,sea,10,1123186,19
VN2_1505067503,sea,9,879074,15
VN2_1505067503,sea,10,1107923,19
VN2_1480314281,sea,8,561283,10
NA1_5604216680,americas,2,1752634,30
VN2_1484508452,sea,8,1397941,24
KR_8305063614,asia,3,1694074,29
VN2_1506964827,sea,3,1365907,23
NA1_5601082801,americas,8,1126561,19
NA1_5594908257,americas,5,1614087,27
NA1_5602416228,americas,3,909104,16
VN2_1507134512,sea,2,1552025,26
VN2_1507781020,sea,10,1385625,24
VN2_1489281864,sea,8,1237660,21
VN2_1489281864,sea,3,1662637,28
EUW1_7920240434,europe,2,1501552,26
EUW1_7920240434,europe,1,1837242,31
VN2_1506581965,sea,3,1280699,22
NA1_5604654185,americas,5,1196502,20
NA1_5601417767,americas,3,967252,17
VN2_1508017026,sea,8,680191,12
EUW1_7917592167,europe,1,1166630,20
EUW1_7917287308,europe,8,1226218,21
VN2_1502606083,sea,3,1356610,23
EUW1_7913597795,europe,9,1552000,26
EUW1_7913597795,europe,4,1720209,29
VN2_1490695226,sea,3,705436,12
NA1_5603454739,americas,6,1437059,24
VN2_1507832504,sea,3,1837981,31
KR_8304985616,asia,3,1309076,22
VN2_1505596201,sea,9,1639257,28
VN2_1508361178,sea,7,1359704,23
NA1_5603071572,americas,8,897409,15
NA1_5604585862,americas,5,1238511,21
VN2_1509259555,sea,3,1442602,25
VN2_1506101771,sea,7,808869,14
VN2_1505875739,sea,8,1907196,32
KR_8304749420,asia,7,841714,15
EUW1_7917821726,europe,4,1133934,19
EUW1_7917821726,europe,2,1699082,29
EUW1_7916194472,europe,9,1053994,18
EUW1_7918444453,europe,3,916667,16
VN2_1489409347,sea,7,1504276,26
NA1_5604767873,americas,8,819387,14
VN2_1508547648,sea,8,1588586,27
KR_8305065781,asia,2,816154,14
VN2_1507479937,sea,1,1592337,27
KR_8306512105,asia,3,1075591,18
EUW1_7918320132,europe,6,962990,17
EUW1_7918320132,europe,6,1177381,20
VN2_1498210774,sea,3,1307337,22
KR_8306348853,asia,9,1743860,30
KR_8305620235,asia,2,1361983,23
NA1_5604753144,americas,1,1041232,18
VN2_1488435595,sea,5,1717982,29
EUW1_7922370410,europe,8,1283038,22
VN2_1502323084,sea,8,1200716,21
VN2_1506878194,sea,9,1549977,26
VN2_1500613022,sea,8,1356117,23
EUW1_7916665236,europe,10,1529703,26
NA1_5597281953,americas,2,889235,15
NA1_5602053102,americas,3,1728779,29
EUW1_7916366038,europe,2,883113,15
VN2_1506124586,sea,7,833874,14
VN2_1504853967,sea,8,1173297,20
NA1_5604836115,americas,10,1789197,30
KR_8303514953,asia,3,1179140,20
VN2_1505167740,sea,3,1029568,18
KR_8299129084,asia,8,524870,9
NA1_5601919938,americas,9,1426733,24
NA1_5601919938,americas,7,1734108,29
VN2_1502907037,sea,8,1328347,23
VN2_1500223898,sea,4,1618934,27
EUW1_7919778167,europe,8,1026983,18
VN2_1509085424,sea,10,1609526,27
VN2_1507595840,sea,8,1537811,26
KR_8304573143,asia,4,1538872,26
VN2_1507804977,sea,8,1236986,21
EUW1_7917188167,europe,3,1446938,25
KR_8306284463,asia,8,1819134,31
VN2_1502673280,sea,7,1802510,31
EUW1_7910342625,europe,2,1220239,21
EUW1_7910342625,europe,7,1564113,27
EUW1_7910342625,europe,9,1958533,33
EUW1_7918447362,europe,10,1454976,25
EUW1_7921317144,europe,3,1612545,27
VN2_1509267347,sea,7,1631654,28
VN2_1499292382,sea,3,1969694,33
EUW1_7919663186,europe,2,1652122,28
NA1_5601733615,americas,2,905310,16
NA1_5604107619,americas,10,1484450,25
VN2_1497338788,sea,8,519041,9
VN2_1504829036,sea,8,1020793,18
VN2_1507638331,sea,3,809004,14
NA1_5604659161,americas,3,947890,16
NA1_5604659161,americas,3,1546907,26
NA1_5604659161,americas,8,1710526,29
VN2_1497957786,sea,8,745735,13
VN2_1497957786,sea,6,1118626,19
VN2_1507835329,sea,2,895596,15
VN2_1499190542,sea,6,1009644,17
NA1_5603520355,americas,9,1931857,33
VN2_1508158741,sea,8,941745,16
VN2_1508158741,sea,8,1186549,20
EUW1_7921225853,europe,7,1387115,24
KR_8292322093,asia,7,1233758,21
VN2_1506752221,sea,3,884722,15
VN2_1506752221,sea,1,1245402,21
VN2_1505832903,sea,8,817268,14
VN2_1487732643,sea,2,1001487,17
VN2_1487732643,sea,2,1323161,23
VN2_1502864444,sea,8,933810,16
VN2_1497736083,sea,3,1369041,23
VN2_1499905983,sea,6,1523459,26
VN2_1481025267,sea,8,1845228,31
VN2_1499301869,sea,6,703061,12
NA1_5602025850,americas,1,856766,15
NA1_5602025850,americas,4,887628,15
VN2_1505437165,sea,5,1184895,20
EUW1_7920914280,europe,2,1064520,18
NA1_5602176535,americas,8,643829,11
VN2_1501913383,sea,3,1481385,25
VN2_1491292280,sea,2,892234,15
VN2_1503889837,sea,9,1339538,23
VN2_1503889837,sea,4,1658410,28
KR_8301664977,asia,3,1673128,28
VN2_1507646891,sea,8,1234973,21
KR_8300428548,asia,7,1621390,28
NA1_5604713169,americas,2,1098240,19
NA1_5602291061,americas,8,1575028,27
VN2_1495196038,sea,8,529616,9
VN2_1495196038,sea,10,889036,15
NA1_5593958333,americas,3,738412,13
VN2_1493232987,sea,8,1357015,23
NA1_5604039564,americas,7,1365267,23
NA1_5604039564,americas,4,1610378,27
VN2_1509196226,sea,7,1487293,25
VN2_1498433186,sea,3,1231329,21
KR_8306005500,asia,8,985815,17
EUW1_7923009941,europe,3,936985,16
EUW1_7923009941,europe,4,1295965,22
EUW1_7921975371,europe,9,940302,16
NA1_5602880078,americas,8,1193539,20
VN2_1499849542,sea,2,858240,15
VN2_1506473803,sea,3,1169616,20
VN2_1504880508,sea,9,678220,12
VN2_1503717705,sea,5,446658,8
VN2_1505696356,sea,8,1198314,20
VN2_1506627036,sea,8,926804,16
VN2_1500983743,sea,8,1412847,24
VN2_1494749136,sea,4,1418496,24
VN2_1503872277,sea,4,1200574,21
VN2_1503872277,sea,2,1404614,24
EUW1_7922047716,europe,2,1050834,18
VN2_1478626961,sea,9,1479467,25
VN2_1498249206,sea,3,1176777,20
VN2_1498249206,sea,1,1220592,21
VN2_1483735008,sea,10,933438,16
EUW1_7917296501,europe,8,1336729,23
EUW1_7917296501,europe,3,1750708,30
VN2_1505505921,sea,5,758076,13
NA1_5600239973,americas,9,1203643,21
VN2_1507260950,sea,7,1735546,29
NA1_5604485310,americas,8,828118,14
VN2_1506644261,sea,3,1576178,27
NA1_5604613426,americas,7,1570486,27
EUW1_7919793925,europe,7,1332326,23
VN2_1499753684,sea,7,1489923,25
VN2_1507933008,sea,3,978007,17
VN2_1507933008,sea,3,1339061,23
KR_8301785501,asia,3,928608,16
VN2_1503940557,sea,1,1822960,31
VN2_1480505979,sea,3,770264,13
KR_8293902042,asia,2,1417037,24
NA1_5603297216,americas,10,815247,14
VN2_1502811818,sea,3,1021984,18
EUW1_7923168535,europe,9,738890,13
VN2_1505821316,sea,9,861981,15
NA1_5604361461,americas,2,1292489,22
NA1_5604361461,americas,4,1311949,22
VN2_1436134865,sea,6,1577203,27
VN2_1436134865,sea,6,1776414,30
VN2_1460645282,sea,8,2066850,35
NA1_5601416632,americas,3,1780779,30
KR_8291244119,asia,8,1386593,24
KR_8304246888,asia,3,1303031,22
VN2_1497273421,sea,2,1005794,17
VN2_1505733514,sea,4,1209446,21
EUW1_7918098679,europe,4,1227482,21
NA1_5600922597,americas,8,1087281,19
VN2_1508869308,sea,3,1237895,21
VN2_1499196849,sea,7,1126407,19
VN2_1482343437,sea,8,1518951,26
KR_8304463784,asia,9,1149604,20
VN2_1506591147,sea,8,782065,14
KR_8306271253,asia,3,1268987,22
NA1_5605132028,americas,8,912684,16
VN2_1505282224,sea,2,1383199,24
EUW1_7922260370,europe,5,1029699,18
KR_8306438914,asia,3,1167089,20
VN2_1499468371,sea,7,1859741,31
NA1_5602100544,americas,2,703301,12
KR_8306541397,asia,2,767138,13
VN2_1504993922,sea,5,974956,17
KR_8303579017,asia,9,554067,10
VN2_1505330734,sea,2,1658334,28
VN2_1490532907,sea,8,1195089,20
VN2_1504602293,sea,3,2192640,37
NA1_5604590429,americas,7,1169004,20
VN2_1504009334,sea,2,966584,17
VN2_1504009334,sea,3,1349578,23
VN2_1493195397,sea,7,955319,16
VN2_1507023204,sea,5,1677125,28
VN2_1505152712,sea,8,1114971,19
VN2_1505208800,sea,7,783105,14
EUW1_7917154284,europe,5,1423099,24
KR_8287774731,asia,1,1387371,24
KR_8306398415,asia,7,568746,10
KR_8304948756,asia,8,974819,17
VN2_1498887991,sea,8,680434,12
VN2_1507030483,sea,8,686504,12
VN2_1507030483,sea,9,1392549,24
VN2_1501473371,sea,7,819755,14
VN2_1501473371,sea,8,952068,16
VN2_1506284497,sea,8,1516508,26
VN2_1499541682,sea,8,957259,16
EUW1_7922299849,europe,3,1252247,21
VN2_1506641449,sea,4,1848295,31
VN2_1503472195,sea,5,897682,15
KR_8305121886,asia,8,1174829,20
VN2_1505499216,sea,2,1135314,19
VN2_1509118514,sea,2,938114,16
VN2_1505951549,sea,1,1349210,23
VN2_1436022950,sea,2,2169874,37
VN2_1436022950,sea,8,2377192,40
VN2_1499896155,sea,3,810513,14
NA1_5602860633,americas,8,1713340,29
NA1_5603752818,americas,7,995816,17
NA1_5603752818,americas,7,998321,17
VN2_1498558588,sea,2,833500,14
VN2_1508063342,sea,3,1023897,18
KR_8306333264,asia,7,791710,14
VN2_1504400028,sea,3,850929,15
VN2_1478368468,sea,8,1453084,25
EUW1_7919551698,europe,9,1484423,25
VN2_1507198248,sea,8,1076419,18
VN2_1507904332,sea,3,962105,17
VN2_1501833021,sea,4,1227260,21
VN2_1508981545,sea,5,1359250,23
VN2_1508615913,sea,8,982431,17
KR_8303756174,asia,3,1158548,20
KR_8303756174,asia,7,1806468,31
VN2_1505233562,sea,7,1255970,21
KR_8297620598,asia,8,1437746,24
VN2_1497494413,sea,7,988467,17
NA1_5604187828,americas,5,772598,13
NA1_5604187828,americas,2,898891,15
NA1_5604693429,americas,8,1059336,18
VN2_1499863275,sea,8,1740516,29
NA1_5602754159,americas,8,1202165,21
NA1_5602754159,americas,8,1361733,23
VN2_1507502480,sea,5,1330709,23
VN2_1504520977,sea,4,1590201,27
NA1_5604946677,americas,4,1154317,20
EUW1_7917901838,europe,3,930438,16
VN2_1509129283,sea,3,1375959,23
VN2_1484390510,sea,3,1048480,18
VN2_1500832294,sea,1,811973,14
NA1_5603316191,americas,6,1810888,31
VN2_1506345491,sea,4,1307305,22
EUW1_7922943754,europe,4,761173,13
NA1_5601534927,americas,3,1374220,23
NA1_5604802884,americas,10,1677306,28
KR_8306494992,asia,3,1325923,23
VN2_1506743238,sea,3,1235673,21
VN2_1488883712,sea,7,1064657,18
VN2_1507961842,sea,3,794195,14
VN2_1505398128,sea,3,2084099,35
VN2_1503067484,sea,3,1480840,25
VN2_1502558085,sea,2,1317284,22
VN2_1508275406,sea,4,1226924,21
KR_8305819189,asia,3,1803043,31
KR_8301112841,asia,8,1303270,22
VN2_1502067157,sea,3,943695,16
VN2_1500739606,sea,7,1414937,24
EUW1_7916484216,europe,7,766559,13
VN2_1505232955,sea,9,1685384,29
VN2_1509098010,sea,8,1771121,30
VN2_1504487920,sea,8,1585639,27
VN2_1500758511,sea,2,995917,17
VN2_1500758511,sea,7,1604525,27
NA1_5603191067,americas,3,959183,16
EUW1_7919923658,europe,7,1042843,18
VN2_1502888139,sea,2,473595,8
VN2_1502888139,sea,2,647235,11
VN2_1508121847,sea,3,803911,14
NA1_5604840148,americas,8,1611880,27
EUW1_7923033929,europe,8,880622,15
EUW1_7923211262,europe,3,867356,15
VN2_1492228645,sea,8,660428,12
VN2_1506783785,sea,3,985417,17
VN2_1506100152,sea,6,1238877,21
EUW1_7922241997,europe,3,1705477,29
VN2_1508066844,sea,8,686241,12
VN2_1483581148,sea,10,923948,16
VN2_1498401807,sea,5,1600968,27
VN2_1506384612,sea,3,925662,16
NA1_5602300226,americas,8,1013453,17
NA1_5602300226,americas,9,1372222,23
VN2_1499971782,sea,8,727219,13
VN2_1509363924,sea,8,374626,7
VN2_1507015206,sea,3,1077278,18
VN2_1507015206,sea,4,1081723,19
NA1_5597591700,americas,9,1568344,27
VN2_1505497482,sea,3,1561219,27
VN2_1507793302,sea,4,964078,17
NA1_5604509975,americas,10,2269425,38
VN2_1484686794,sea,8,849292,15
VN2_1497516242,sea,10,695846,12
VN2_1508306788,sea,3,1438810,24
VN2_1508306788,sea,3,1613657,27
VN2_1500216896,sea,7,867313,15
VN2_1506823245,sea,7,1316693,22
VN2_1495667015,sea,9,711996,12
VN2_1508244135,sea,2,896532,15
VN2_1505071584,sea,9,1094184,19
VN2_1507943663,sea,3,910195,16
KR_8292341872,asia,7,1677089,28
KR_8303891860,asia,9,1594831,27
KR_8305191527,asia,3,1202376,21
VN2_1500037915,sea,3,1118170,19
VN2_1120578016,sea,8,1373112,23
KR_8289930930,asia,8,1087144,19
VN2_1470280628,sea,3,1614924,27
EUW1_7922539079,europe,10,950348,16
VN2_1508358192,sea,8,878313,15
VN2_1496201444,sea,2,1427773,24
VN2_1502011530,sea,8,966065,17
VN2_1502011530,sea,7,1058673,18
VN2_1506280001,sea,8,1182424,20
KR_8305443791,asia,9,774673,13
NA1_5604710592,americas,7,1061241,18
EUW1_7919810357,europe,1,954633,16
NA1_5603527165,americas,6,1325364,23
VN2_1485709260,sea,8,826043,14
EUW1_7919592957,europe,7,1039899,18
VN2_1503741143,sea,7,1163226,20
VN2_1508769345,sea,9,1363913,23
VN2_1504984289,sea,8,1155142,20
NA1_5603768099,americas,8,1730566,29
VN2_1509204492,sea,7,1319028,22
VN2_1507995177,sea,3,1251619,21
VN2_1484888159,sea,3,1294795,22
VN2_1508265011,sea,9,1953236,33
VN2_1507783130,sea,2,851385,15
VN2_1506929241,sea,8,1652916,28
EUW1_7922819742,europe,7,1281843,22
VN2_1470624528,sea,6,1362259,23
VN2_1473860436,sea,9,1585633,27
VN2_1505482302,sea,3,1104065,19
KR_8303327637,asia,7,1208069,21
VN2_1505047801,sea,3,1239173,21
NA1_5597156245,americas,3,1167484,20
VN2_1503796658,sea,8,902176,16
VN2_1503796658,sea,6,1321700,23
VN2_1490959122,sea,1,1427050,24
VN2_1506285925,sea,6,1238046,21
VN2_1503306844,sea,8,1173971,20
EUW1_7916228773,europe,5,1420564,24
VN2_1501412928,sea,3,820794,14
KR_8301980770,asia,2,1207660,21
EUW1_7919303384,europe,6,825372,14
EUW1_7919303384,europe,10,1599150,27
VN2_1503335388,sea,5,974048,17
VN2_1498276761,sea,3,1144225,20
VN2_1505241387,sea,8,1248306,21
EUW1_7922129545,europe,8,1466239,25
NA1_5601089585,americas,10,1828508,31
VN2_1500949343,sea,8,954692,16
VN2_1507601271,sea,8,856802,15
EUW1_7921523830,europe,5,1008026,17
EUW1_7916263613,europe,8,1170964,20
VN2_1501340828,sea,8,1844514,31
VN2_1398076163,sea,8,1273426,22
KR_8303810156,asia,3,765500,13
EUW1_7922988391,europe,10,1731554,29
KR_8304666705,asia,6,1398329,24
NA1_5601573660,americas,3,738704,13
EUW1_7922157587,europe,9,791808,14
VN2_1506070018,sea,7,869264,15
VN2_1495944472,sea,8,1327890,23
NA1_5602827914,americas,4,911526,16
KR_8295983016,asia,4,1035503,18
NA1_5598259699,americas,8,985401,17
KR_8304260207,asia,3,1562291,27
VN2_1495222507,sea,5,706948,12
VN2_1502272132,sea,3,815332,14
VN2_1500270045,sea,6,1142741,20
NA1_5601508069,americas,10,752361,13
VN2_1507898944,sea,8,1053439,18
KR_8302055185,asia,8,1012321,17
VN2_1504411949,sea,3,1132234,19
KR_8285986447,asia,7,1015396,17
KR_8304606528,asia,4,1541019,26
VN2_1508668365,sea,8,803066,14
VN2_1507301692,sea,3,1686374,29
VN2_1502429855,sea,4,1327912,23
VN2_1492680063,sea,3,1813730,31
VN2_1507731387,sea,3,821916,14
KR_8304618247,asia,4,1156703,20
KR_8304618247,asia,3,1293569,22
KR_8303362155,asia,4,1082183,19
KR_8303362155,asia,4,1328781,23
EUW1_7919725015,europe,8,1318529,22
NA1_5604102301,americas,7,1026249,18
VN2_1507515409,sea,3,783421,14
VN2_1481919370,sea,6,1600551,27
VN2_1507199024,sea,9,1620420,27
VN2_1505205846,sea,7,698067,12
NA1_5601405966,americas,10,854186,15
VN2_1502557001,sea,8,683469,12
KR_8304568679,asia,8,1410289,24
EUW1_7920099742,europe,9,1808903,31
EUW1_7920099742,europe,10,2078935,35
EUW1_7916186465,europe,1,1391060,24
NA1_5602070348,americas,9,955114,16
NA1_5602070348,americas,1,1448320,25
EUW1_7920680972,europe,4,1422375,24
VN2_1503480977,sea,3,1290235,22
VN2_1508408389,sea,8,1843711,31
EUW1_7905307021,europe,1,649889,11
NA1_5600856715,americas,7,966370,17
EUW1_7922106326,europe,3,939478,16
VN2_1501869408,sea,3,965348,17
NA1_5604642806,americas,8,1012913,17
VN2_1495190649,sea,3,1308776,22
NA1_5603368238,americas,3,767837,13
KR_8299734739,asia,9,1290089,22
VN2_1503946325,sea,3,986070,17
VN2_1502501529,sea,6,1206584,21
VN2_1507303384,sea,8,1643234,28
VN2_1501926494,sea,2,1531102,26
VN2_1461272572,sea,8,771640,13
KR_8304754988,asia,4,1026992,18
KR_8293419905,asia,8,1367123,23
VN2_1495161149,sea,8,881289,15
VN2_1508900919,sea,9,1245950,21
VN2_1506256466,sea,8,1054336,18
NA1_5602779269,americas,9,1431069,24
VN2_1505716218,sea,6,952976,16
NA1_5604654723,americas,2,691882,12
VN2_1508260183,sea,3,1067147,18
KR_8300142707,asia,3,1594537,27
EUW1_7921383646,europe,8,1590959,27
EUW1_7921812577,europe,7,824613,14
VN2_1507919590,sea,4,1394724,24
NA1_5604786185,americas,8,1094592,19
VN2_1507632169,sea,7,1803377,31
EUW1_7918680497,europe,5,1856706,31
EUW1_7918680497,europe,3,2210819,37
VN2_1497637738,sea,3,1417895,24
VN2_1507540553,sea,5,922648,16
EUW1_7918398878,europe,7,1093154,19
KR_8301343918,asia,8,2045507,35
EUW1_7920121922,europe,8,1393884,24
EUW1_7920121922,europe,6,1417063,24
EUW1_7920121922,europe,10,1538731,26
NA1_5602761359,americas,7,1182593,20
NA1_5604540178,americas,10,899045,15
VN2_1507277169,sea,8,752040,13
VN2_1489336960,sea,3,1428605,24
VN2_1489336960,sea,8,1500998,26
VN2_1497721844,sea,8,1279893,22
VN2_1508120231,sea,3,1177303,20
VN2_1492823213,sea,9,1138863,19
VN2_1505560631,sea,6,1784367,30
VN2_1508409985,sea,9,873911,15
KR_8305038821,asia,3,957901,16
VN2_1507920376,sea,3,1732772,29
VN2_1484731158,sea,8,859339,15
VN2_1508065539,sea,3,922728,16
VN2_1502336722,sea,8,1107757,19
VN2_1506955871,sea,7,1366265,23
KR_8300738057,asia,8,998768,17
NA1_5603812347,americas,2,928169,16
KR_8302930014,asia,10,1173936,20
KR_8305318185,asia,8,1332889,23
VN2_1499677681,sea,2,824880,14
EUW1_7920032735,europe,3,1797645,30
KR_8300204953,asia,4,892393,15
KR_8297700053,asia,6,716888,12
VN2_1507105517,sea,8,1184156,20
VN2_1464296228,sea,3,1228553,21
VN2_1464296228,sea,8,1501717,26
VN2_1506504155,sea,9,1794306,30
VN2_1501002497,sea,8,944227,16
VN2_1419553718,sea,3,901783,16
VN2_1501650128,sea,8,1371611,23
VN2_1491868757,sea,7,1092537,19
EUW1_7921205844,europe,10,1583498,27
VN2_1489727416,sea,8,897306,15
VN2_1504525346,sea,3,1901522,32
NA1_5600778067,americas,1,1733151,29
VN2_1502380421,sea,3,1170147,20
VN2_1502380421,sea,5,1335866,23
VN2_1507844832,sea,3,1301691,22
VN2_1509365425,sea,9,1072604,18
EUW1_7916392805,europe,2,642332,11
VN2_1496451183,sea,3,1171609,20
VN2_1504434743,sea,4,989937,17
VN2_1493370157,sea,9,1321512,23
VN2_1507186874,sea,7,1031107,18
VN2_1504861278,sea,7,1503623,26
VN2_1498383897,sea,3,1070219,18
VN2_1481595981,sea,4,1966396,33
VN2_1481595981,sea,7,2032721,34
NA1_5603406218,americas,8,1053487,18
VN2_1508004161,sea,7,590169,10
VN2_1508004161,sea,8,1207128,21
NA1_5604213879,americas,7,1854625,31
VN2_1508003001,sea,8,1278440,22
EUW1_7919715472,europe,8,1727770,29
EUW1_7917695674,europe,8,1437489,24
VN2_1503318868,sea,3,1465190,25
KR_8289679434,asia,4,1219933,21
VN2_1507185687,sea,3,1671347,28
VN2_1507944536,sea,3,832391,14
VN2_1494187212,sea,3,1252481,21
VN2_1506736289,sea,3,871208,15
VN2_1501152568,sea,1,925842,16
VN2_1503286739,sea,3,1189690,20
VN2_1506637111,sea,7,891937,15
EUW1_7921450078,europe,3,1273168,22
VN2_1496489718,sea,2,1525149,26
NA1_5600787506,americas,8,1201724,21
KR_8294903001,asia,8,1621248,28
KR_8306313921,asia,3,668723,12
VN2_1495007600,sea,8,1275679,22
NA1_5603388507,americas,3,1676526,28
VN2_1492129175,sea,8,2239708,38
EUW1_7920541344,europe,4,1732999,29
EUW1_7920541344,europe,8,1940167,33
NA1_5600109868,americas,2,918094,16
VN2_1506987244,sea,7,1391436,24
EUW1_7918171802,europe,2,1171821,20
NA1_5600711232,americas,8,1435905,24
EUW1_7911340442,europe,3,727644,13
VN2_1498869198,sea,8,1558294,26
VN2_1507359215,sea,7,1117799,19
VN2_1504097050,sea,9,900730,16
KR_8291907599,asia,8,1205584,21
NA1_5604902495,americas,7,1297523,22
NA1_5604902495,americas,8,1585410,27
VN2_1506189652,sea,9,1156525,20
VN2_1503249823,sea,3,880693,15
VN2_1506184882,sea,7,541898,10
KR_8301872256,asia,6,1130212,19
VN2_1509095941,sea,1,619779,11
VN2_1509095941,sea,8,1200974,21
VN2_1508387275,sea,1,1235783,21
KR_8305782010,asia,9,624079,11
VN2_1497653652,sea,7,1188147,20
VN2_1506828699,sea,7,1288164,22
VN2_1506828699,sea,8,1294611,22
VN2_1484905407,sea,3,1387474,24
NA1_5599500362,americas,6,1248987,21
NA1_5599500362,americas,9,2089089,35
VN2_1490247909,sea,8,1450125,25
NA1_5604156162,americas,5,1223146,21
EUW1_7917580596,europe,9,976838,17
NA1_5593593465,americas,2,1088932,19
VN2_1501238328,sea,8,1058635,18
VN2_1506197690,sea,3,1909883,32
KR_8292278743,asia,7,963217,17
KR_8292278743,asia,3,1186547,20
VN2_1494794497,sea,3,1184997,20
VN2_1509194486,sea,3,1786490,30
VN2_1505942727,sea,4,843425,15
EUW1_7922304099,europe,7,1056010,18
VN2_1503921116,sea,3,789127,14
VN2_1503921116,sea,9,1027565,18
KR_8303343917,asia,8,768167,13
VN2_1481881886,sea,8,1567282,27
VN2_1507694906,sea,8,1295829,22
VN2_1507874708,sea,10,1317319,22
NA1_5599023422,americas,7,882976,15
VN2_1506357312,sea,1,1387621,24
VN2_1509323159,sea,1,1782128,30
VN2_1489540048,sea,3,1421214,24
VN2_1502763720,sea,8,1405864,24
VN2_1489126456,sea,8,1015967,17
KR_8306152206,asia,8,1069802,18
VN2_1506565442,sea,3,1182364,20
KR_8287855746,asia,3,1314879,22
VN2_1506432467,sea,7,1742050,30
KR_8306270576,asia,8,1758152,30
KR_8306220712,asia,1,1710697,29
VN2_1499885576,sea,4,961721,17
VN2_1499885576,sea,2,1093029,19
VN2_1494986009,sea,7,1235626,21
NA1_5600415908,americas,3,1260922,22
VN2_1505309035,sea,8,856842,15
VN2_1478461684,sea,8,1161693,20
EUW1_7917584352,europe,10,857090,15
EUW1_7922194357,europe,3,1079739,18
EUW1_7922194357,europe,9,1279036,22
VN2_1498539607,sea,3,878406,15
NA1_5604768946,americas,6,1443335,25
NA1_5604768946,americas,2,1614975,27
NA1_5597591082,americas,3,1007108,17
VN2_1502026792,sea,8,1110665,19
EUW1_7922352679,europe,7,1408492,24
VN2_1503705950,sea,1,1130388,19
EUW1_7920344041,europe,3,1456666,25
EUW1_7920344041,europe,4,1788719,30
EUW1_7922003265,europe,7,926147,16
EUW1_7915736465,europe,8,1502035,26
VN2_1504054801,sea,7,655006,11
EUW1_7919757059,europe,3,794205,14
VN2_1490314569,sea,8,1292592,22
VN2_1507957620,sea,8,1536699,26
VN2_1484351982,sea,1,1386944,24
VN2_1503620139,sea,8,1163398,20
VN2_1503620139,sea,3,1256265,21
EUW1_7923135752,europe,3,616420,11
VN2_1491260051,sea,3,1079955,18
VN2_1457592680,sea,4,893564,15
VN2_1457592680,sea,3,1158015,20
VN2_1508450764,sea,9,1250170,21
KR_8296568896,asia,1,1279177,22
KR_8306052380,asia,6,1517950,26
EUW1_7923235601,europe,3,884175,15
VN2_1496482515,sea,9,819584,14
VN2_1507076743,sea,9,736853,13
VN2_1507076743,sea,7,868443,15
VN2_1252454655,sea,3,944016,16
VN2_1252454655,sea,3,951831,16
VN2_1496812602,sea,10,953270,16
VN2_1496812602,sea,8,1457143,25
VN2_1472670287,sea,8,1225951,21
VN2_1481811362,sea,7,1519672,26
VN2_1501542829,sea,10,1077502,18
VN2_1505340237,sea,8,1475418,25
VN2_1505340237,sea,9,1613117,27
VN2_1506549705,sea,7,1276540,22
EUW1_7918544291,europe,10,986046,17
KR_8306172658,asia,3,1271296,22
VN2_1496012715,sea,8,795282,14
VN2_1494595696,sea,8,1414725,24
VN2_1497170668,sea,7,1745309,30
VN2_1497170668,sea,9,1754988,30
VN2_1508389343,sea,4,1102119,19
VN2_1506920657,sea,2,655673,11
VN2_1506920657,sea,3,792051,14
NA1_5601595000,americas,6,1519077,26
VN2_1509164747,sea,3,1524487,26
VN2_1503615823,sea,3,1364145,23
VN2_1495479477,sea,3,1491490,25
VN2_1495479477,sea,2,1573340,27
VN2_1508475969,sea,8,857088,15
VN2_1477744260,sea,3,1664012,28
VN2_1501042258,sea,3,1260867,22
NA1_5600641488,americas,7,1181203,20
NA1_5603285110,americas,7,938866,16
KR_8305710395,asia,8,1232203,21
NA1_5604089189,americas,8,1825342,31
VN2_1501194311,sea,1,1171595,20
VN2_1490624907,sea,4,1021062,18
VN2_1500426737,sea,3,961268,17
EUW1_7919396417,europe,7,1093235,19
EUW1_7919396417,europe,6,1237331,21
KR_8193578288,asia,3,1526453,26
VN2_1507525144,sea,9,1620153,27
VN2_1500981400,sea,6,1240298,21
NA1_5605010442,americas,8,1331703,23
KR_8305871119,asia,8,1195607,20
EUW1_7921299381,europe,3,1872805,32
VN2_1502758174,sea,8,700948,12
NA1_5604052764,americas,6,1391920,24
VN2_1507379360,sea,2,1066210,18
VN2_1503996974,sea,3,668256,12
VN2_1505352421,sea,2,1485817,25
VN2_1505827734,sea,8,1214921,21
VN2_1504549925,sea,3,1124839,19
VN2_1504197381,sea,5,727072,13
VN2_1504197381,sea,2,773712,13
VN2_1503841810,sea,8,1639986,28
VN2_1506706029,sea,8,1420640,24
VN2_1506706029,sea,3,1815838,31
VN2_1500600312,sea,3,1813559,31
VN2_1507477582,sea,8,758194,13
VN2_1493520239,sea,3,1674917,28
VN2_1499132145,sea,8,1030564,18
NA1_5596939885,americas,2,1366493,23
VN2_1499840888,sea,3,1058120,18
VN2_1496831340,sea,8,1225282,21
VN2_1506746746,sea,8,1421533,24
KR_8306025505,asia,8,882205,15
VN2_1505692811,sea,2,621333,11
VN2_1505692811,sea,3,810799,14
VN2_1477525426,sea,7,659485,11
VN2_1506507799,sea,3,1091571,19
VN2_1505299994,sea,3,716560,12
VN2_1507793827,sea,3,1873359,32
VN2_1506425739,sea,3,1620527,28
VN2_1503621355,sea,7,1101262,19
VN2_1503621355,sea,7,1105771,19
VN2_1507458876,sea,3,1470318,25
VN2_1496633995,sea,5,1031412,18
VN2_1505341933,sea,3,1912137,32
VN2_1454327362,sea,8,1827935,31
KR_8304611178,asia,8,1774190,30
VN2_1120620537,sea,2,1781781,30
EUW1_7921133716,europe,8,2014425,34
VN2_1507895693,sea,3,797542,14
NA1_5603134546,americas,1,1507167,26
NA1_5603459838,americas,3,1187783,20
NA1_5603459838,americas,9,1295417,22
VN2_1502114516,sea,8,1029283,18
VN2_1506728568,sea,8,1071263,18
VN2_1480197557,sea,2,943349,16
VN2_1474543509,sea,1,957859,16
EUW1_7917142827,europe,4,781755,14
VN2_1505289351,sea,7,700917,12
KR_8304557795,asia,3,1258753,21
KR_8306021195,asia,3,1580958,27
KR_8301346129,asia,4,2301396,39
NA1_5603741316,americas,8,1432977,24
VN2_1504000745,sea,7,880095,15
KR_8303423761,asia,9,1156558,20
KR_8305422923,asia,8,1061429,18
EUW1_7918912624,europe,3,1332584,23
VN2_1495393057,sea,7,566126,10
VN2_1495393057,sea,3,1077726,18
VN2_1507517208,sea,7,1451491,25
VN2_1507517208,sea,2,1915673,32
VN2_1507063640,sea,3,1353201,23
KR_8297725002,asia,6,1673371,28
KR_8291094342,asia,3,958858,16
VN2_1500324345,sea,2,1163166,20
VN2_1500324345,sea,3,1435610,24
VN2_1505028826,sea,8,1153859,20
EUW1_7923224163,europe,3,670368,12
VN2_1501034072,sea,2,1127440,19
EUW1_7921313024,europe,6,1113174,19
VN2_1493652475,sea,7,1002072,17
VN2_1508787567,sea,7,1392688,24
VN2_1508787567,sea,8,1400469,24
EUW1_7920313312,europe,3,805738,14
KR_8305336894,asia,2,678357,12
KR_8305336894,asia,3,860528,15
VN2_1503310657,sea,9,1315478,22
KR_8306335989,asia,2,674048,12
NA1_5602490570,americas,3,1265481,22
NA1_5604000811,americas,5,1314531,22
KR_8304526007,asia,8,1216883,21
KR_8304616029,asia,7,1536576,26
VN2_1495880669,sea,4,1134495,19
VN2_1495880669,sea,3,1639778,28
VN2_1509267517,sea,3,1299947,22
NA1_5602767149,americas,1,1390085,24
NA1_5601005301,americas,3,1343884,23
NA1_5601005301,americas,1,1851206,31
VN2_1502873364,sea,8,641383,11
KR_8306220353,asia,3,1613114,27
KR_8306220353,asia,8,1900814,32
VN2_1497699310,sea,3,769301,13
VN2_1497699310,sea,9,953108,16
VN2_1489357180,sea,8,822740,14
KR_8305653334,asia,1,1808137,31
EUW1_7919906192,europe,4,982763,17
NA1_5599470088,americas,7,748360,13
VN2_1509423856,sea,3,1807257,31
EUW1_7918327052,europe,2,1647092,28
VN2_1507262443,sea,5,975899,17
NA1_5603612602,americas,3,1525689,26
NA1_5601776935,americas,7,1100422,19
VN2_1504841124,sea,9,530403,9
VN2_1501481787,sea,8,740763,13
VN2_1508614037,sea,7,806540,14
VN2_1504358658,sea,8,1229062,21
VN2_1502989700,sea,8,1668003,28
VN2_1502989700,sea,9,1865721,32
KR_8301252414,asia,3,1036138,18
VN2_1507281341,sea,8,1067719,18
NA1_5601393691,americas,10,620522,11
NA1_5601393691,americas,2,716347,12
KR_8306308271,asia,2,859157,15
EUW1_7922997234,europe,3,1081231,19
EUW1_7922009080,europe,2,1069124,18
VN2_1470863782,sea,3,1680215,28
VN2_1487189085,sea,8,908075,16
NA1_5602668681,americas,5,1687775,29
VN2_1508801139,sea,6,899281,15
EUW1_7918933734,europe,5,826455,14
EUW1_7918933734,europe,1,932067,16
KR_8305393513,asia,10,1069561,18
VN2_1498069185,sea,3,1133653,19
VN2_1505469030,sea,3,1201857,21
NA1_5603923402,americas,3,1504642,26
NA1_5603837398,americas,3,1943872,33
EUW1_7917601722,europe,3,1525954,26
NA1_5604546542,americas,8,1509505,26
EUW1_7918029286,europe,10,1054444,18
VN2_1489845514,sea,3,680999,12
EUW1_7916118399,europe,2,1668555,28
NA1_5602801516,americas,7,1671815,28
EUW1_7922311261,europe,1,1393831,24
KR_8303817224,asia,3,1539867,26
NA1_5601824433,americas,8,1104493,19
VN2_1506257098,sea,4,2349672,40
EUW1_7919347332,europe,1,1084570,19
VN2_1505278014,sea,8,1809746,31
KR_8306015293,asia,8,821071,14
NA1_5601469111,americas,8,1605723,27
NA1_5601469111,americas,3,1637482,28
VN2_1368057574,sea,8,1697018,29
KR_8306304204,asia,6,935098,16
NA1_5596935143,americas,8,2034845,34
VN2_1491324091,sea,5,1052149,18
EUW1_7917307660,europe,8,1151371,20
VN2_1486842390,sea,4,848941,15
VN2_1506406764,sea,1,920235,16
VN2_1506406764,sea,3,1040218,18
NA1_5600367207,americas,1,849331,15
NA1_5600367207,americas,6,999299,17
VN2_1498394060,sea,7,1899885,32
VN2_1477863229,sea,8,1184653,20
VN2_1450306457,sea,8,1393899,24
KR_8291053638,asia,3,1431589,24
KR_8291053638,asia,9,1714459,29
KR_8305936325,asia,6,1631515,28
VN2_1489222694,sea,3,453850,8
NA1_5600332616,americas,7,1211320,21
VN2_1491264604,sea,8,1605049,27
KR_8303973072,asia,8,991114,17
VN2_1504409380,sea,2,905098,16
VN2_1504409380,sea,3,1234942,21
VN2_1490216504,sea,3,995233,17
EUW1_7916331302,europe,6,875119,15
VN2_1504362564,sea,2,1777391,30
KR_8301219352,asia,3,856010,15
VN2_1505086056,sea,8,1587020,27
KR_8299806811,asia,3,1862140,32
VN2_1506046983,sea,3,1166535,20
EUW1_7917439324,europe,10,904510,16
EUW1_7916886892,europe,7,1291332,22
NA1_5604202841,americas,1,916422,16
NA1_5604202841,americas,1,1093056,19
VN2_1506764673,sea,2,1483769,25
KR_8301810510,asia,7,1519861,26
VN2_1488576434,sea,3,1994090,34
VN2_1506182198,sea,8,1031444,18
VN2_1489761315,sea,8,1587749,27
KR_8303257714,asia,1,1811181,31
VN2_1505002860,sea,3,1389403,24
EUW1_7920854973,europe,10,967378,17
VN2_1494667529,sea,8,904979,16
NA1_5605009436,americas,5,1756769,30
VN2_1505290977,sea,8,1393995,24
NA1_5604974288,americas,8,614849,11
NA1_5604974288,americas,9,1073856,18
NA1_5603500175,americas,5,1000565,17
VN2_1508094477,sea,2,616496,11
NA1_5601139230,americas,7,1132753,19
NA1_5601139230,americas,10,1254990,21
KR_8306235463,asia,1,1013170,17
VN2_1504402327,sea,3,1044850,18
NA1_5601660143,americas,8,1660259,28
VN2_1491985261,sea,8,1070427,18
VN2_1507024974,sea,8,1223387,21
EUW1_7918615676,europe,10,1112795,19
VN2_1503925083,sea,2,1619913,27
NA1_5600856966,americas,5,316549,6
NA1_5600856966,americas,8,1488705,25
KR_8306286325,asia,4,1315039,22
KR_8306286325,asia,8,1526894,26
VN2_1499778572,sea,2,465707,8
NA1_5602078950,americas,3,1319968,22
VN2_1503224641,sea,2,1661563,28
VN2_1503714921,sea,4,1311235,22
NA1_5604813633,americas,9,1562072,27
KR_8296763412,asia,8,1401450,24
VN2_1485499840,sea,3,1462096,25
VN2_1502439038,sea,3,1287996,22
KR_8306457623,asia,3,821454,14
VN2_1492246885,sea,3,900345,16
VN2_1508693835,sea,2,1285945,22
NA1_5604886397,americas,9,1002316,17
EUW1_7921739036,europe,3,970858,17
NA1_5605191410,americas,5,1121845,19
VN2_1505496300,sea,1,779584,13
VN2_1508634924,sea,8,1473469,25
VN2_1500297832,sea,4,1827791,31
VN2_1502190639,sea,3,1153925,20
VN2_1505181914,sea,4,1107122,19
VN2_1505114934,sea,8,948974,16
EUW1_7922382266,europe,3,1097350,19
VN2_1506615552,sea,8,995171,17
VN2_1503185333,sea,8,1020635,18
VN2_1493155327,sea,8,986423,17
VN2_1504184342,sea,8,1394615,24
VN2_1508147957,sea,7,1000957,17
VN2_1508147957,sea,7,1016234,17
VN2_1504973943,sea,8,875148,15
VN2_1508220941,sea,3,386574,7
KR_8304927073,asia,8,716789,12
NA1_5605243418,americas,8,1206527,21
NA1_5605243418,americas,8,1312536,22
VN2_1501103889,sea,2,1352811,23
VN2_1508377240,sea,3,1313732,22
NA1_5602068988,americas,7,1347020,23
NA1_5602068988,americas,6,1348323,23
NA1_5602068988,americas,5,1405929,24
VN2_1506839731,sea,9,1037882,18
VN2_1501561489,sea,8,1510489,26
EUW1_7921920032,europe,8,1125760,19
VN2_1497940077,sea,2,750971,13
NA1_5601450620,americas,8,1426259,24
VN2_1504599713,sea,3,1424734,24
VN2_1493487725,sea,3,787926,14
NA1_5596315202,americas,2,499985,9
KR_8306035454,asia,8,1370070,23
VN2_1506551214,sea,3,1269537,22
EUW1_7916292769,europe,1,1035738,18
EUW1_7916292769,europe,3,1107845,19
VN2_1501175312,sea,3,1146403,20
VN2_1503868991,sea,7,1727367,29
VN2_1503525281,sea,8,746907,13
KR_8304689367,asia,3,845968,15
EUW1_7919045441,europe,6,1630209,28
VN2_1498642939,sea,1,737689,13
VN2_1504163220,sea,3,1661930,28
KR_8301952146,asia,9,1599673,27
NA1_5602799227,americas,5,1195727,20
NA1_5600461187,americas,2,810649,14
VN2_1504966403,sea,8,1640697,28
VN2_1492764672,sea,3,1275625,22
VN2_1504464468,sea,8,986018,17
EUW1_7918765060,europe,7,1228704,21
VN2_1498023572,sea,8,1954997,33
EUW1_7919981894,europe,8,481203,9
KR_8305230667,asia,9,1966260,33
KR_8306064414,asia,8,876794,15
KR_8301442275,asia,2,1026085,18
KR_8303582452,asia,3,1657132,28
VN2_1505310281,sea,3,1242502,21
VN2_1506529063,sea,1,1270110,22
VN2_1508003708,sea,8,895225,15
VN2_1505326629,sea,8,681475,12
VN2_1505624016,sea,8,847054,15
VN2_1505624016,sea,3,1834918,31
VN2_1507393473,sea,8,872155,15
VN2_1507237686,sea,3,1304377,22
KR_8304672657,asia,4,1474809,25
KR_8299876648,asia,3,1432230,24
VN2_1503142323,sea,2,1096226,19
VN2_1503142323,sea,3,1210354,21
EUW1_7923103183,europe,4,930031,16
KR_8301933492,asia,9,1749459,30
VN2_1498817347,sea,3,1870389,32
NA1_5603406697,americas,3,1564943,27
KR_8304010181,asia,8,1282551,22
VN2_1506000248,sea,4,705154,12
VN2_1506431673,sea,3,1496424,25
VN2_1492511736,sea,8,829426,14
EUW1_7920995198,europe,4,1893639,32
VN2_1506467730,sea,9,854011,15
VN2_1505867383,sea,3,641423,11
VN2_1505867383,sea,4,804290,14
VN2_1505867383,sea,7,1047594,18
VN2_1402481950,sea,3,1856541,31
NA1_5602157934,americas,5,354518,6
NA1_5602157934,americas,7,384344,7
VN2_1501193499,sea,8,1494607,25
VN2_1493657797,sea,4,1457814,25
EUW1_7918750495,europe,7,1696605,29
VN2_1504472978,sea,3,1624325,28
VN2_1504472978,sea,3,1639903,28
VN2_1504472978,sea,8,1651449,28
VN2_1504472978,sea,6,1919564,32
VN2_1486672393,sea,8,614466,11
NA1_5602796928,americas,7,1502070,26
VN2_1506615737,sea,3,963294,17
VN2_1505225047,sea,8,970072,17
EUW1_7922313195,europe,1,1154115,20
VN2_1509271527,sea,7,954973,16
VN2_1505797632,sea,1,1285925,22
VN2_1502218084,sea,8,1772442,30
VN2_1491779326,sea,3,969694,17
VN2_1435055553,sea,8,1124705,19
VN2_1499194175,sea,3,1141398,20
VN2_1499806085,sea,8,1506587,26
NA1_5602675311,americas,7,1302327,22
KR_8303812017,asia,2,909896,16
VN2_1502738950,sea,1,920262,16
KR_8300368119,asia,7,1182453,20
NA1_5601699661,americas,9,1593394,27
NA1_5603929274,americas,8,1606856,27
KR_8306213146,asia,8,1271142,22
VN2_1505512021,sea,3,901427,16
VN2_1508784133,sea,8,1144171,20
VN2_1498496312,sea,9,1373637,23
VN2_1506454802,sea,5,969570,17
KR_8300249114,asia,8,1267501,22
VN2_1502511730,sea,3,1207700,21
VN2_1494385088,sea,3,1071913,18
VN2_1502549111,sea,3,1812737,31
EUW1_7917417667,europe,8,1371805,23
EUW1_7922377388,europe,1,812160,14
VN2_1507593483,sea,4,1869381,32
EUW1_7917927742,europe,4,1581381,27
VN2_1493745672,sea,4,895502,15
KR_8303697139,asia,3,588699,10
KR_8305160291,asia,4,1842649,31
EUW1_7919308414,europe,8,1945937,33
VN2_1498755957,sea,3,1611241,27
NA1_5604213801,americas,2,950107,16
NA1_5604213801,americas,5,1502409,26
NA1_5604213801,americas,5,1506722,26
NA1_5601195857,americas,5,1049037,18
VN2_1508521475,sea,8,1202898,21
EUW1_7917372918,europe,3,954591,16
NA1_5598927013,americas,3,1095018,19
EUW1_7922458043,europe,9,1713220,29
EUW1_7921437739,europe,3,952979,16
VN2_1498936572,sea,8,789153,14
EUW1_7917668507,europe,4,1111521,19
EUW1_7918180398,europe,10,1270054,22
VN2_1507169429,sea,9,881827,15
KR_8303457413,asia,3,1180500,20
EUW1_7921766502,europe,7,758894,13
VN2_1504206644,sea,8,1431338,24
VN2_1507657133,sea,2,1117986,19
KR_8306216787,asia,10,1668338,28
KR_8306216787,asia,8,1703936,29
KR_8306216787,asia,8,1709015,29
NA1_5601565682,americas,6,1220979,21
NA1_5601565682,americas,8,1320745,23
VN2_1440885574,sea,2,1568718,27
KR_8306381229,asia,2,1687434,29
VN2_1494047290,sea,2,408100,7
VN2_1499182903,sea,8,1061411,18
VN2_1505482687,sea,9,2158239,36
KR_8304823305,asia,3,1799891,30
NA1_5601400833,americas,8,1123543,19
VN2_1503746979,sea,3,881775,15
NA1_5604550286,americas,8,917860,16
NA1_5596601445,americas,10,2125670,36
NA1_5596601445,americas,8,2145013,36
VN2_1507705126,sea,3,1129547,19
VN2_1506596311,sea,8,968098,17
NA1_5601149860,americas,7,749890,13
NA1_5601149860,americas,7,908972,16
VN2_1505639423,sea,8,343764,6
KR_8304754376,asia,3,1250171,21
KR_8303559893,asia,3,1183121,20
VN2_1508133842,sea,2,811007,14
VN2_1470147770,sea,6,1243802,21
KR_8304602482,asia,7,1045620,18
VN2_1498839824,sea,3,1956518,33
VN2_1502348078,sea,3,1071111,18
VN2_1503159141,sea,7,1261246,22
VN2_1507602092,sea,3,1750408,30
NA1_5600468125,americas,3,1233784,21
NA1_5602054285,americas,2,1018415,17
KR_8303995165,asia,4,1057395,18
NA1_5604612278,americas,3,1233944,21
NA1_5603027731,americas,8,1405062,24
KR_8299713346,asia,4,1070657,18
EUW1_7921108116,europe,10,1217380,21
EUW1_7921108116,europe,7,1287973,22
VN2_1504809858,sea,7,1569426,27
VN2_1435736656,sea,8,1556652,26
VN2_1495455784,sea,7,727734,13
VN2_1495455784,sea,8,931822,16
KR_8306224927,asia,8,1298267,22
VN2_1502322658,sea,3,787229,14
VN2_1507090891,sea,6,668309,12
VN2_1504423102,sea,3,1386568,24
EUW1_7917954018,europe,9,1210309,21
VN2_1500715148,sea,3,1342182,23
VN2_1508179575,sea,3,528174,9
VN2_1508179575,sea,2,2041158,35
EUW1_7916192824,europe,4,531022,9
VN2_1506300273,sea,3,1001821,17
NA1_5602508943,americas,2,1601591,27
VN2_1508153147,sea,8,1325372,23
EUW1_7918356678,europe,10,1738489,29
VN2_1507978148,sea,8,1077850,18
VN2_1507563595,sea,8,1001314,17
KR_8303540433,asia,8,1479421,25
VN2_1502189236,sea,3,2093127,35
VN2_1506204070,sea,3,816268,14
VN2_1506204070,sea,8,1393780,24
KR_8293523138,asia,2,1335421,23
VN2_1481089050,sea,8,794682,14
VN2_1507710584,sea,7,1332730,23
VN2_1506636595,sea,3,1089848,19
KR_8302613201,asia,2,1367509,23
VN2_1509098736,sea,2,922115,16
NA1_5604753687,americas,2,825913,14
NA1_5604753687,americas,5,833231,14
VN2_1503313927,sea,3,1427904,24
VN2_1486415972,sea,8,1324407,23
VN2_1506838324,sea,8,844147,15
VN2_1503203436,sea,9,1433233,24
VN2_1503203436,sea,8,1712423,29
VN2_1504237340,sea,2,1319401,22
VN2_1506228846,sea,2,1830478,31
VN2_1506420011,sea,3,1540416,26
VN2_1508119162,sea,7,1040094,18
VN2_1509234916,sea,8,950178,16
VN2_1500050669,sea,8,702920,12
NA1_5598791162,americas,7,1536013,26
NA1_5598895806,americas,7,1420933,24
EUW1_7913843261,europe,3,1142162,20
VN2_1506279377,sea,8,829943,14
VN2_1487718905,sea,8,1058711,18
VN2_1507338745,sea,8,1403185,24
VN2_1500795295,sea,6,1207804,21
VN2_1500795295,sea,3,1879335,32
VN2_1509425396,sea,3,1112575,19
VN2_1499824425,sea,7,866931,15
NA1_5602745820,americas,1,1221679,21
VN2_1507033898,sea,5,1864453,32
VN2_1455662550,sea,3,1365603,23
VN2_1455662550,sea,3,1370111,23
VN2_1455662550,sea,8,1973747,33
NA1_5602538210,americas,3,1220079,21
EUW1_7914464596,europe,3,1399668,24
VN2_1505681781,sea,1,1627550,28
VN2_1498884686,sea,7,854733,15
NA1_5604853002,americas,3,1150915,20
KR_8289841059,asia,3,1687840,29
VN2_1497725993,sea,9,1126011,19
KR_8301320958,asia,9,1021361,18
VN2_1504191150,sea,9,1125731,19
VN2_1500917227,sea,2,772858,13
VN2_1499376587,sea,3,1395642,24
VN2_1499376587,sea,8,1398280,24
VN2_1496298678,sea,3,1198512,20
VN2_1507261900,sea,7,1040044,18
VN2_1507508302,sea,9,1005985,17
KR_8305231964,asia,7,1174155,20
EUW1_7919726163,europe,4,1284079,22
VN2_1507965604,sea,7,511038,9
NA1_5603493285,americas,2,1961111,33
EUW1_7920080745,europe,3,1287309,22
VN2_1497247275,sea,3,1170049,20
VN2_1508445424,sea,4,922251,16
KR_8303602267,asia,8,840340,15
NA1_5603554263,americas,10,1654808,28
KR_8304526331,asia,8,963371,17
EUW1_7922691232,europe,3,2007697,34
VN2_1496188487,sea,8,1077166,18
VN2_1496188487,sea,7,1144412,20
EUW1_7923093422,europe,8,1241011,21
VN2_1504671520,sea,10,1503668,26
VN2_1504671520,sea,2,1793720,30
EUW1_7922056640,europe,7,1297880,22
KR_8301621310,asia,1,1079143,18
VN2_1441218998,sea,7,499802,9
VN2_1502512204,sea,3,1291231,22
VN2_1497290197,sea,3,1902470,32
VN2_1498454455,sea,2,1147364,20
NA1_5604791247,americas,6,1572865,27
VN2_1498429741,sea,8,1261921,22
VN2_1509300310,sea,7,1615938,27
KR_8294585654,asia,3,1308752,22
VN2_1505774568,sea,3,1467112,25
VN2_1502418023,sea,9,1464021,25
NA1_5602188796,americas,2,1315766,22
VN2_1491702034,sea,3,1298436,22
VN2_1503194385,sea,1,847432,15
NA1_5602780071,americas,3,857172,15
KR_8305572314,asia,8,1855797,31
EUW1_7913815664,europe,8,818672,14
EUW1_7920096024,europe,8,1557576,26
EUW1_7920096024,europe,3,2121803,36
VN2_1497587031,sea,1,1210680,21
VN2_1507611420,sea,2,620156,11
VN2_1502155796,sea,3,1359028,23
VN2_1503570697,sea,3,860494,15
VN2_1503570697,sea,8,1038120,18
KR_8299815844,asia,3,1264751,22
VN2_1505117820,sea,7,1334558,23
VN2_1506635373,sea,3,1494812,25
EUW1_7918051558,europe,10,1253303,21
VN2_1507957078,sea,3,1669694,28
VN2_1503810443,sea,7,1120421,19
NA1_5604041354,americas,8,1182517,20
KR_8305480955,asia,3,1193708,20
VN2_1504519798,sea,3,1183267,20
VN2_1509064517,sea,7,1371598,23
EUW1_7919460958,europe,8,1053553,18
EUW1_7919460958,europe,4,1884346,32
EUW1_7920034335,europe,9,1399670,24
VN2_1502883073,sea,9,1506700,26
VN2_1503410669,sea,3,998768,17
VN2_1503410669,sea,2,1151676,20
VN2_1493143590,sea,8,975194,17
EUW1_7918570207,europe,3,1466727,25
EUW1_7918570207,europe,5,1655377,28
KR_8300377320,asia,8,1698387,29
EUW1_7921295462,europe,4,1493164,25
EUW1_7921295462,europe,3,1951946,33
EUW1_7920270268,europe,8,1128359,19
EUW1_7920270268,europe,3,1523059,26
EUW1_7920791078,europe,8,1227927,21
VN2_1507685055,sea,3,1350796,23
NA1_5603574808,americas,3,1466932,25
VN2_1501037125,sea,4,1172810,20
VN2_1509347399,sea,8,929516,16
VN2_1502657894,sea,3,681675,12
VN2_1492591494,sea,2,1289394,22
VN2_1492591494,sea,3,1777903,30
NA1_5600783388,americas,8,1187753,20
VN2_1508446275,sea,5,1232779,21
VN2_1501698713,sea,7,1260548,22
VN2_1499960165,sea,8,911912,16
VN2_1505234851,sea,7,305823,6
VN2_1505234851,sea,10,738350,13
KR_8306515215,asia,8,579492,10
NA1_5597527273,americas,3,1746912,30
VN2_1504020023,sea,8,1025672,18
VN2_1504020023,sea,8,1035524,18
VN2_1504020023,sea,8,1037895,18
VN2_1505604952,sea,3,1107800,19
VN2_1507761879,sea,8,1084022,19
VN2_1507761879,sea,7,1258745,21
VN2_1492032652,sea,3,1184442,20
VN2_1492032652,sea,4,1700344,29
EUW1_7919808246,europe,4,1166383,20
VN2_1507138239,sea,9,1304766,22
KR_8304372925,asia,8,1516752,26
VN2_1505514648,sea,9,1535101,26
EUW1_7921168891,europe,10,1073084,18
EUW1_7916212414,europe,8,1813963,31
VN2_1504335019,sea,8,1536700,26
KR_8293983703,asia,4,935188,16
NA1_5602350004,americas,8,1304737,22
VN2_1481047377,sea,7,1614020,27
NA1_5604017820,americas,10,1434791,24
VN2_1495352899,sea,3,1064685,18
EUW1_7922912041,europe,7,612383,11
NA1_5601062726,americas,4,1852497,31
NA1_5599459188,americas,10,1901447,32
VN2_1497909375,sea,8,1078490,18
VN2_1508570808,sea,10,1131405,19
KR_8303504271,asia,8,1615338,27
NA1_5602731141,americas,7,751132,13
NA1_5602731141,americas,3,1337153,23
NA1_5602731141,americas,8,1428684,24
NA1_5605154159,americas,9,1397225,24
EUW1_7919276628,europe,8,1625835,28
VN2_1505803529,sea,4,713267,12
EUW1_7920813121,europe,9,1741327,30
VN2_1508032837,sea,3,876229,15
VN2_1501387367,sea,3,1464086,25
VN2_1508192081,sea,2,756507,13
VN2_1497096161,sea,8,1522860,26
EUW1_7920262630,europe,8,1003989,17
KR_8302401236,asia,5,1002719,17
EUW1_7920007914,europe,9,1021904,18
EUW1_7918434282,europe,6,1367642,23
EUW1_7921866516,europe,4,777440,13
VN2_1472206038,sea,8,979221,17
VN2_1472206038,sea,3,2152018,36
EUW1_7921911996,europe,10,654833,11
EUW1_7920555902,europe,9,1028816,18
VN2_1508168264,sea,8,1141593,20
EUW1_7922079407,europe,8,1380278,23
VN2_1490311740,sea,8,888947,15
VN2_1509142539,sea,7,1150531,20
KR_8304146427,asia,8,1357514,23
EUW1_7919306023,europe,9,1116233,19
EUW1_7918870223,europe,7,800375,14
VN2_1503060306,sea,8,1225475,21
VN2_1504444672,sea,7,1404898,24
VN2_1504444672,sea,7,1933323,33
VN2_1505562159,sea,4,756339,13
VN2_1507180459,sea,7,692978,12
VN2_1497385115,sea,8,1179067,20
VN2_1482277588,sea,8,1474705,25
VN2_1506470939,sea,8,1465022,25
VN2_1507207294,sea,3,1608769,27
NA1_5583601924,americas,8,1084961,19
VN2_1508586093,sea,3,1063217,18
NA1_5602388750,americas,1,839138,14
NA1_5602388750,americas,8,1792527,30
VN2_1504486471,sea,3,938262,16
VN2_1506577729,sea,3,1692858,29
VN2_1509249387,sea,8,582610,10
VN2_1499661315,sea,3,897455,15
VN2_1507728642,sea,3,1975161,33
VN2_1505064336,sea,3,1431127,24
EUW1_7922079452,europe,4,942978,16
EUW1_7920142971,europe,8,1508477,26
VN2_1503898963,sea,7,1835139,31
VN2_1496878761,sea,10,819985,14
VN2_1503144459,sea,4,1646025,28
EUW1_7916081239,europe,9,861023,15
KR_8291120734,asia,3,1421575,24
NA1_5602256636,americas,10,629821,11
VN2_1504472337,sea,1,1467668,25
VN2_1483274791,sea,3,1208829,21
EUW1_7921885181,europe,9,2260543,38
VN2_1504609517,sea,8,2089203,35
VN2_1504609517,sea,1,2379334,40
VN2_1504292846,sea,2,770117,13
VN2_1493888151,sea,2,513650,9
KR_8297398590,asia,2,904078,16
VN2_1503074924,sea,2,420635,8
VN2_1503074924,sea,3,872692,15
VN2_1506131841,sea,8,1179897,20
VN2_1506131841,sea,9,1408921,24
VN2_1504738393,sea,8,761346,13
KR_8304484186,asia,3,998194,17
KR_8304484186,asia,9,1211522,21
KR_8304484186,asia,3,1382975,24
VN2_1491332034,sea,6,1415463,24
NA1_5601410456,americas,8,1347330,23
NA1_5601410456,americas,10,1364529,23
VN2_1497057318,sea,8,1494768,25
VN2_1497057318,sea,4,1525121,26
VN2_1501221974,sea,4,976333,17
VN2_1505965467,sea,2,886376,15
VN2_1506428377,sea,3,1988597,34
EUW1_7922819366,europe,7,769894,13
NA1_5602213762,americas,3,673089,12
NA1_5600167031,americas,9,1408763,24
NA1_5602883311,americas,9,1128104,19
EUW1_7921278696,europe,9,1549149,26
KR_8306328328,asia,4,905788,16
KR_8306328328,asia,6,1871220,32
EUW1_7922475999,europe,8,1047233,18
KR_8305074218,asia,7,890994,15
NA1_5603864205,americas,2,1045157,18
NA1_5598880119,americas,2,1519076,26
NA1_5598880119,americas,5,1590641,27
KR_8301499831,asia,3,1462463,25
EUW1_7923029702,europe,5,854219,15
EUW1_7923029702,europe,4,1688437,29
VN2_1505847163,sea,10,1047402,18
VN2_1499593277,sea,7,1041271,18
NA1_5601501727,americas,8,1305742,22
EUW1_7921070101,europe,8,1339677,23
NA1_5596983553,americas,8,1477378,25
VN2_1502747735,sea,4,1142069,20
VN2_1503721540,sea,3,1737841,29
NA1_5593170792,americas,8,1629783,28
EUW1_7922527391,europe,4,1826918,31
VN2_1503912338,sea,4,1084212,19
VN2_1507916820,sea,7,1148320,20
VN2_1503552077,sea,2,905782,16
VN2_1498859244,sea,3,1698075,29
VN2_1497239020,sea,3,1403160,24
KR_8305563440,asia,2,1053241,18
VN2_1503527720,sea,8,1080520,19
VN2_1507012064,sea,2,1219568,21
VN2_1508985429,sea,5,899998,15
VN2_1498705450,sea,8,733314,13
VN2_1504968265,sea,3,1462937,25
KR_8286544709,asia,3,1435078,24
VN2_1507186985,sea,9,1502014,26
VN2_1501594165,sea,3,876251,15
VN2_1497380945,sea,3,1508947,26
EUW1_7923076562,europe,5,1332795,23
EUW1_7923064933,europe,5,1341692,23
KR_8278037866,asia,3,1146705,20
VN2_1504768605,sea,3,1470260,25
VN2_1504768605,sea,2,1499775,25
KR_8305168309,asia,3,833871,14
KR_8305168309,asia,3,845475,15
KR_8305168309,asia,7,1993176,34
VN2_1507712252,sea,3,600177,10
VN2_1506791928,sea,3,1388271,24
NA1_5599198351,americas,8,1468295,25
EUW1_7923179148,europe,6,994914,17
EUW1_7920695753,europe,3,855266,15
EUW1_7920695753,europe,2,1378874,23
EUW1_7920695753,europe,4,1506070,26
KR_8303400315,asia,3,1378457,23
VN2_1500719773,sea,8,1175832,20
VN2_1499191943,sea,7,1094771,19
VN2_1504461229,sea,9,1047988,18
VN2_1508585991,sea,3,1543795,26
VN2_1507914585,sea,8,1213138,21
VN2_1506577693,sea,2,1432716,24
NA1_5602446125,americas,8,1054636,18
NA1_5601474863,americas,4,1209520,21
KR_8156017167,asia,1,1276625,22
VN2_1509373636,sea,1,934612,16
EUW1_7916382460,europe,3,1280912,22
VN2_1502282796,sea,8,1079092,18
EUW1_7918383512,europe,9,1042066,18
EUW1_7918383512,europe,8,1051978,18
VN2_1506332570,sea,3,1220364,21
VN2_1487617334,sea,3,986976,17
VN2_1507773430,sea,8,742815,13
EUW1_7918779408,europe,8,1861914,32
EUW1_7919434730,europe,3,1064038,18
KR_8304708053,asia,2,1100542,19
VN2_1503151330,sea,8,1546986,26
NA1_5601480402,americas,8,903064,16
EUW1_7923182922,europe,8,766202,13
EUW1_7923182922,europe,3,1642433,28
EUW1_7920721141,europe,9,1654511,28
VN2_1504065349,sea,1,1323682,23
EUW1_7921116108,europe,6,1229990,21
KR_8301311256,asia,2,678297,12
VN2_1500208022,sea,3,1701878,29
VN2_1484045741,sea,1,1616395,27
KR_8306220538,asia,2,1246728,21
VN2_1508109729,sea,8,1346841,23
EUW1_7922246610,europe,8,1380874,24
VN2_1367546067,sea,8,1132019,19
VN2_1484472658,sea,4,681821,12
VN2_1391859593,sea,3,1645792,28
NA1_5605154358,americas,3,2004237,34
VN2_1504549477,sea,8,762589,13
VN2_1504549477,sea,8,855558,15
VN2_1484754914,sea,7,1211344,21
VN2_1500201178,sea,8,725610,13
EUW1_7920850188,europe,3,1022180,18
VN2_1492677342,sea,3,574375,10
VN2_1506910676,sea,9,1417904,24
VN2_1498014847,sea,8,1579169,27
EUW1_7923067303,europe,4,1522953,26
VN2_1504701876,sea,3,1380657,24
VN2_1504701876,sea,9,1769376,30
EUW1_7923116119,europe,3,757111,13
EUW1_7923116119,europe,10,1395643,24
KR_8286432057,asia,8,1735522,29
EUW1_7919194537,europe,3,1563472,27
KR_8303342420,asia,7,1297347,22
KR_8303342420,asia,7,1309934,22
VN2_1504545425,sea,4,738382,13
KR_8299206009,asia,2,1346213,23
VN2_1494517164,sea,8,578060,10
EUW1_7917430979,europe,3,1239264,21
VN2_1507446321,sea,5,822203,14
VN2_1505259796,sea,7,1188762,20
VN2_1501595541,sea,9,1906766,32
VN2_1505596343,sea,3,977929,17
VN2_1503029330,sea,6,1783042,30
VN2_1481634283,sea,3,613830,11
EUW1_7922008752,europe,8,1283643,22
VN2_1505314035,sea,8,984557,17
EUW1_7917224382,europe,5,882126,15
KR_8302379652,asia,8,1764104,30
VN2_1506567848,sea,8,730972,13
VN2_1492608247,sea,5,938478,16
VN2_1492608247,sea,7,1303766,22
VN2_1505334287,sea,3,1417821,24
EUW1_7922631178,europe,2,1420635,24
NA1_5602124525,americas,4,781930,14
VN2_1491788075,sea,6,1035949,18
KR_8305448802,asia,3,804866,14
VN2_1490084394,sea,2,1133637,19
VN2_1494737566,sea,7,1431088,24
NA1_5602145996,americas,3,1612272,27
NA1_5602145996,americas,7,2004676,34
VN2_1502572479,sea,8,758797,13
EUW1_7910511289,europe,3,1434883,24
NA1_5597641520,americas,6,1210051,21
VN2_1482117502,sea,7,1850586,31
VN2_1509228443,sea,8,828656,14
EUW1_7919576681,europe,8,1151845,20
VN2_1509082141,sea,2,453994,8
NA1_5594294218,americas,7,1061105,18
NA1_5604776838,americas,5,1185465,20
NA1_5604776838,americas,3,1434873,24
KR_8302363166,asia,2,959985,16
VN2_1498679531,sea,3,1119653,19
VN2_1498679531,sea,3,1121493,19
VN2_1506736359,sea,3,745360,13
KR_8301606768,asia,3,715524,12
NA1_5601040191,americas,3,707985,12
EUW1_7922285242,europe,6,899906,15
KR_8304502547,asia,9,1083866,19
VN2_1505513914,sea,8,1200765,21
VN2_1506740609,sea,3,758614,13
NA1_5603076425,americas,2,734895,13
VN2_1509176351,sea,3,707416,12
VN2_1504628264,sea,3,1690460,29
VN2_1507653484,sea,3,1701028,29
NA1_5602722735,americas,8,813144,14
EUW1_7920334459,europe,1,1637657,28
EUW1_7920334459,europe,8,1851653,31
KR_8284176972,asia,3,1467833,25
NA1_5602718083,americas,9,823384,14
KR_8289950619,asia,4,1645946,28
EUW1_7923170696,europe,4,1057773,18
NA1_5604239218,americas,8,1783099,30
NA1_5598193464,americas,5,1170325,20
NA1_5603132542,americas,8,1010043,17
VN2_1492474760,sea,3,1209993,21
VN2_1507295518,sea,3,1318896,22
EUW1_7915346453,europe,3,1294263,22
VN2_1507177812,sea,5,936505,16
KR_8303771243,asia,2,1272585,22
VN2_1505349152,sea,8,759222,13
KR_8302933944,asia,4,1230897,21
VN2_1507916992,sea,8,1225411,21
NA1_5604770755,americas,3,976440,17
NA1_5604770755,americas,7,1208801,21
VN2_1508751289,sea,8,1541310,26
VN2_1478563348,sea,9,1739230,29
VN2_1478563348,sea,3,1840189,31
EUW1_7920994840,europe,6,1201220,21
VN2_1505986143,sea,8,1209214,21
KR_8306313236,asia,7,1041696,18
EUW1_7922449730,europe,3,1412079,24
VN2_1504355546,sea,3,1282401,22
KR_8280882965,asia,9,1054520,18
NA1_5605253295,americas,4,1771525,30
NA1_5605253295,americas,8,2143846,36
VN2_1491358853,sea,3,1170623,20
VN2_1497416513,sea,3,1026225,18
EUW1_7922167754,europe,7,1105035,19
EUW1_7922167754,europe,8,1251621,21
EUW1_7922033845,europe,3,1025929,18
VN2_1506076195,sea,2,1251519,21
VN2_1506076195,sea,3,1387912,24
VN2_1498573372,sea,4,885566,15
VN2_1506047788,sea,8,1152929,20
VN2_1334900858,sea,3,1506461,26
VN2_1501468292,sea,8,1763632,30
NA1_5601518331,americas,9,961226,17
KR_8281611673,asia,3,1318435,22
VN2_1506952983,sea,8,1164051,20
VN2_1509161570,sea,2,693955,12
VN2_1509161570,sea,3,1538676,26
VN2_1483890298,sea,8,611055,11
EUW1_7919361169,europe,8,2058202,35
NA1_5604902915,americas,2,754819,13
NA1_5604902915,americas,1,791222,14
KR_8306289266,asia,6,1784504,30
VN2_1508543876,sea,9,1603653,27
VN2_1506679951,sea,3,1108509,19
NA1_5596904188,americas,3,760057,13
VN2_1509235418,sea,8,1491401,25
VN2_1509235418,sea,10,1694002,29
VN2_1507833962,sea,8,1346071,23
VN2_1452554430,sea,3,1050719,18
VN2_1503765061,sea,7,711136,12
VN2_1504184442,sea,3,1552165,26
VN2_1435929767,sea,3,1672435,28
KR_8303756574,asia,8,2198853,37
VN2_1497799407,sea,9,1179386,20
VN2_1505255532,sea,8,1280055,22
VN2_1498999616,sea,2,1081532,19
EUW1_7922038444,europe,8,1533725,26
VN2_1506158500,sea,3,719205,12
EUW1_7915215546,europe,10,2015761,34
NA1_5602436198,americas,8,1400086,24
KR_8306307038,asia,9,1298024,22
VN2_1507352165,sea,3,873994,15
VN2_1502111796,sea,8,1976386,33
VN2_1500591691,sea,7,1189101,20
VN2_1503900593,sea,7,823735,14
VN2_1503900593,sea,8,1430317,24
VN2_1502733808,sea,3,1117787,19
VN2_1507576509,sea,8,1390320,24
NA1_5604344050,americas,4,631683,11
NA1_5604344050,americas,5,957913,16
NA1_5601703041,americas,2,870519,15
VN2_1504640846,sea,2,859447,15
KR_8302956067,asia,7,958728,16
VN2_1508165137,sea,2,776884,13
NA1_5601426502,americas,8,933437,16
VN2_1509363201,sea,4,972686,17
VN2_1509363201,sea,2,1275931,22
EUW1_7920125131,europe,9,1325272,23
EUW1_7918160660,europe,2,1628191,28
NA1_5604649917,americas,8,1094413,19
NA1_5598912143,americas,3,1219743,21
VN2_1509049879,sea,8,881228,15
VN2_1505233467,sea,8,874003,15
EUW1_7916452632,europe,7,834222,14
EUW1_7916452632,europe,3,1810032,31
VN2_1484159300,sea,3,1569197,27
VN2_1503989173,sea,7,1126368,19
VN2_1504639388,sea,8,1262841,22
EUW1_7919820234,europe,1,1384452,24
KR_8306196035,asia,8,1255556,21
NA1_5604057319,americas,1,1929523,33
EUW1_7920665337,europe,8,911820,16
KR_8302926976,asia,8,1202503,21
KR_8302926976,asia,2,1544132,26
NA1_5601355665,americas,7,804813,14
KR_8303925234,asia,8,878333,15
VN2_1505479070,sea,2,1176267,20
KR_8304516628,asia,8,730812,13
VN2_1498268674,sea,3,1018643,17
VN2_1497989973,sea,9,1121350,19
VN2_1497989973,sea,8,1710106,29
VN2_1495281613,sea,3,1400398,24
NA1_5605160781,americas,7,1042671,18
VN2_1492871485,sea,3,1528052,26
NA1_5603460558,americas,5,1285877,22
KR_8260398692,asia,3,1102677,19
KR_8302447927,asia,2,654031,11
KR_8302447927,asia,4,889994,15
VN2_1507346140,sea,2,841499,15
VN2_1508435516,sea,3,1132199,19
VN2_1508435516,sea,3,1136785,19
VN2_1508435516,sea,5,1225078,21
KR_8302826608,asia,1,649138,11
NA1_5600382675,americas,2,1023958,18
VN2_1501094251,sea,7,460113,8
VN2_1499516328,sea,3,1561699,27
VN2_1500163338,sea,8,1576430,27
EUW1_7921243006,europe,8,1368257,23
KR_8306185720,asia,6,907780,16
KR_8306185720,asia,4,1522841,26
VN2_1499770258,sea,7,896102,15
VN2_1504025005,sea,7,849405,15
VN2_1506454515,sea,8,1781570,30
EUW1_7916097030,europe,8,888358,15
EUW1_7918507753,europe,4,937287,16
EUW1_7918507753,europe,2,1444075,25
VN2_1507856074,sea,9,992480,17
VN2_1505638211,sea,2,899238,15
NA1_5601493007,americas,1,1142040,20
NA1_5603441759,americas,8,1117104,19
VN2_1506674425,sea,8,537730,9
VN2_1500762668,sea,8,706787,12
VN2_1506552625,sea,3,2028605,34
VN2_1503669203,sea,3,1018755,17
VN2_1489885147,sea,10,1572331,27
EUW1_7918896332,europe,4,1122766,19
VN2_1503571509,sea,2,1203595,21
VN2_1501902494,sea,2,1615020,27
KR_8298618927,asia,9,1041009,18
EUW1_7918432055,europe,8,869904,15
NA1_5604779894,americas,10,1678466,28
VN2_1504616350,sea,2,774157,13
NA1_5602292174,americas,5,1290551,22
VN2_1508271821,sea,2,1397897,24
NA1_5599281509,americas,9,1054458,18
VN2_1498669265,sea,2,1465127,25
KR_8302145049,asia,2,1234557,21
VN2_1504260451,sea,3,1081025,19
KR_8277159023,asia,7,607539,11
VN2_1502454076,sea,8,1131878,19
VN2_1505456636,sea,3,668306,12
NA1_5597601673,americas,8,707795,12
NA1_5597601673,americas,3,919140,16
VN2_1506865049,sea,1,1032459,18
VN2_1503820594,sea,9,2068715,35
NA1_5602775267,americas,3,1118223,19
KR_8282705779,asia,3,1111819,19
VN2_1506514579,sea,3,643318,11
VN2_1504702348,sea,4,1525894,26
VN2_1509014971,sea,8,1226892,21
VN2_1505423365,sea,1,1307218,22
VN2_1506413176,sea,7,1326025,23
KR_8303657361,asia,9,1868085,32
VN2_1489929657,sea,8,1667400,28
VN2_1504672760,sea,2,484793,9
VN2_1504672760,sea,6,1899411,32
VN2_1498644192,sea,2,1051154,18
VN2_1498644192,sea,3,1607299,27
VN2_1507582636,sea,10,1622246,28
VN2_1503263813,sea,8,1441363,25
VN2_1490042939,sea,3,793284,14
VN2_1507027425,sea,3,1661160,28
VN2_1489271078,sea,3,1229938,21
VN2_1505918569,sea,8,801152,14
VN2_1505918569,sea,9,1036301,18
VN2_1502708918,sea,3,1070879,18
VN2_1507629498,sea,8,1281798,22
VN2_1506501485,sea,3,677030,12
NA1_5603347052,americas,3,950373,16
VN2_1505973284,sea,7,1730082,29
VN2_1508156066,sea,8,1811196,31
VN2_1497835891,sea,2,1381950,24
VN2_1506937135,sea,8,989891,17
KR_8304347684,asia,6,1719584,29
VN2_1506737616,sea,8,984384,17
EUW1_7922101856,europe,8,1571364,27
NA1_5603431784,americas,3,1013285,17
KR_8302685448,asia,8,851634,15
NA1_5603302091,americas,1,1459382,25
VN2_1506536060,sea,2,673523,12
NA1_5603375936,americas,3,1630803,28
KR_8292391763,asia,2,1406729,24
EUW1_7921696690,europe,5,1710569,29
NA1_5604423304,americas,5,1165028,20
VN2_1507799934,sea,3,1579606,27
VN2_1492015739,sea,3,2067228,35
NA1_5602737445,americas,10,1669507,28
KR_8303614065,asia,2,1213656,21
VN2_1503106711,sea,3,1381712,24
VN2_1505613111,sea,3,1024270,18
VN2_1504881527,sea,8,694959,12
VN2_1504881527,sea,10,729652,13
VN2_1503900934,sea,9,867420,15
VN2_1503900934,sea,8,1768713,30
EUW1_7920828527,europe,7,623935,11
VN2_1506093836,sea,10,1056823,18
VN2_1502846659,sea,3,909764,16
EUW1_7923102060,europe,1,723512,13
VN2_1508818608,sea,3,1636764,28
VN2_1503708185,sea,8,1588481,27
VN2_1483923321,sea,2,828173,14
VN2_1504568194,sea,8,1323160,23
NA1_5598401761,americas,2,1218372,21
NA1_5602076438,americas,7,644867,11
VN2_1508790759,sea,2,1150589,20
NA1_5602975909,americas,3,1446309,25
VN2_1491918156,sea,3,1243621,21
VN2_1504219629,sea,10,1926672,33
NA1_5603828446,americas,8,1067703,18
VN2_1507329325,sea,9,1804796,31
NA1_5602747479,americas,10,1480039,25
KR_8302449358,asia,8,1337262,23
VN2_1507040278,sea,9,1217550,21
NA1_5603126143,americas,8,1259693,21
VN2_1505975489,sea,8,1631643,28
VN2_1504119784,sea,8,945710,16
NA1_5604837618,americas,9,1271635,22
VN2_1504570640,sea,8,983612,17
VN2_1507537026,sea,3,1114099,19
VN2_1507964574,sea,8,1297171,22
EUW1_7910761196,europe,2,538103,9
VN2_1480619992,sea,8,952848,16
NA1_5600184010,americas,3,1605480,27
VN2_1498933767,sea,7,734373,13
VN2_1504560916,sea,3,920644,16
VN2_1500954878,sea,1,782626,14
VN2_1505974009,sea,8,1869560,32
VN2_1503481154,sea,8,1127022,19
VN2_1503481154,sea,7,1567878,27
VN2_1500556312,sea,8,994765,17
VN2_1504112790,sea,8,1060596,18
VN2_1504112790,sea,7,1448243,25
KR_8304778053,asia,8,1941815,33
VN2_1508242951,sea,3,1280546,22
VN2_1502466334,sea,1,882469,15
NA1_5603563997,americas,8,1809122,31
VN2_1508663525,sea,3,696803,12
VN2_1504643270,sea,2,788133,14
EUW1_7911650068,europe,4,1368884,23
EUW1_7917257448,europe,7,915697,16
KR_8306181454,asia,8,1595489,27
KR_8306151921,asia,6,1266352,22
VN2_1494532620,sea,6,999669,17
VN2_1502340269,sea,9,865824,15
EUW1_7922989167,europe,10,769635,13
VN2_1505067050,sea,7,1449068,25
VN2_1502855182,sea,3,1893904,32
VN2_1507300581,sea,2,907576,16
EUW1_7920268223,europe,7,1652439,28
EUW1_7920417549,europe,4,1628250,28
VN2_1501884182,sea,8,1730792,29
VN2_1508214125,sea,10,1082896,19
VN2_1506793125,sea,5,1341241,23
VN2_1503751388,sea,10,1261773,22
VN2_1508605148,sea,2,1137834,19
VN2_1508605148,sea,2,1145279,20
VN2_1506968263,sea,9,1033827,18
NA1_5604893056,americas,8,1473580,25
VN2_1507877059,sea,3,790711,14
EUW1_7922637380,europe,8,1328562,23
KR_8297365161,asia,3,794802,14
VN2_1479172313,sea,8,1014731,17
VN2_1505461700,sea,8,1986116,34
EUW1_7921161897,europe,8,1224665,21
EUW1_7921161897,europe,9,1504297,26
NA1_5602219355,americas,2,1249543,21
EUW1_7918985973,europe,7,1290643,22
EUW1_7922111803,europe,8,1453483,25
VN2_1504160531,sea,3,1500245,25
VN2_1504160531,sea,2,1510729,26
KR_8291135663,asia,9,1205034,21
VN2_1500402865,sea,3,1554733,26
NA1_5600260313,americas,5,1658079,28
NA1_5600260313,americas,7,1793136,30
NA1_5600260313,americas,2,1928282,33
VN2_1499747589,sea,3,910481,16
VN2_1507917343,sea,3,1623836,28
VN2_1496582670,sea,2,613696,11
VN2_1507993720,sea,4,673418,12
VN2_1507390152,sea,8,643135,11
EUW1_7921347546,europe,1,1667100,28
EUW1_7919599057,europe,4,719298,12
VN2_1481710490,sea,8,1171107,20
VN2_1508068043,sea,7,695262,12
NA1_5604557369,americas,2,1611129,27
VN2_1500372710,sea,7,1072048,18
NA1_5604979927,americas,7,1574909,27
NA1_5604666767,americas,3,1180330,20
KR_8300789408,asia,3,1897307,32
NA1_5602844606,americas,3,1351865,23
VN2_1506229127,sea,8,1329893,23
VN2_1505650092,sea,7,1458728,25
VN2_1501975269,sea,8,2034134,34
KR_8277134299,asia,8,1434477,24
VN2_1504235860,sea,8,1682149,29
EUW1_7918324057,europe,7,1372919,23
VN2_1507742666,sea,7,714971,12
KR_8286408068,asia,2,1563358,27
VN2_1504641468,sea,3,878821,15
VN2_1500424037,sea,3,1064694,18
EUW1_7920719584,europe,9,1191193,20
VN2_1506863449,sea,3,1799792,30
VN2_1507367962,sea,2,715425,12
VN2_1477991759,sea,3,1275994,22
VN2_1477991759,sea,3,1978752,33
EUW1_7911623549,europe,3,797232,14
NA1_5603891265,americas,9,1072449,18
NA1_5603891265,americas,3,1166220,20
VN2_1501557047,sea,3,1266161,22
VN2_1502117481,sea,8,850822,15
VN2_1502080201,sea,3,1126139,19
NA1_5603381584,americas,3,1501141,26
VN2_1501815161,sea,3,1634847,28
VN2_1497154860,sea,8,1548960,26
EUW1_7916966950,europe,8,1083885,19
VN2_1484355513,sea,8,1498727,25
VN2_1474193655,sea,8,975903,17
KR_8303157308,asia,3,1127488,19
VN2_1425115069,sea,3,1402845,24
VN2_1506107747,sea,8,1874803,32
EUW1_7919515363,europe,6,1177722,20
VN2_1496656603,sea,7,443496,8
KR_8304999171,asia,7,1165376,20
EUW1_7922709015,europe,3,788212,14
EUW1_7922709015,europe,5,1703718,29
VN2_1502681352,sea,3,1360744,23
KR_8305808559,asia,7,839216,14
VN2_1507698613,sea,7,1269616,22
VN2_1507698613,sea,8,1467111,25
VN2_1505558237,sea,8,843055,15
VN2_1508959153,sea,8,1107771,19
VN2_1498727428,sea,3,1245201,21
VN2_1498766305,sea,4,830875,14
VN2_1507280664,sea,3,863937,15
VN2_1506915986,sea,8,1170994,20
VN2_1507576303,sea,3,766924,13
KR_8301921769,asia,9,1455261,25
VN2_1509004707,sea,8,1857862,31
VN2_1503867536,sea,3,1176837,20
NA1_5600428225,americas,4,1229842,21
KR_8305468111,asia,4,957827,16
VN2_1497295929,sea,2,899649,15
VN2_1509057238,sea,2,1952052,33
VN2_1509325900,sea,3,1325795,23
NA1_5604690686,americas,9,1168004,20
NA1_5604690686,americas,10,1306012,22
VN2_1496230663,sea,3,1099639,19
VN2_1507627082,sea,8,1928810,33
KR_8303566313,asia,9,1842528,31
VN2_1502542049,sea,8,1189272,20
VN2_1493503753,sea,8,894554,15
VN2_1493503753,sea,9,1257319,21
KR_8303563090,asia,3,728606,13
VN2_1504182920,sea,8,880741,15
VN2_1507764314,sea,3,1071109,18
VN2_1507764314,sea,1,1178306,20
VN2_1508293421,sea,8,1661692,28
VN2_1508293421,sea,3,2024509,34
KR_8298904177,asia,8,554900,10
VN2_1508913292,sea,8,1456910,25
EUW1_7921831368,europe,9,1470620,25
VN2_1505573631,sea,4,1677742,28
EUW1_7920523349,europe,3,1236218,21
EUW1_7920523349,europe,8,1966477,33
KR_8297371289,asia,7,706899,12
KR_8297371289,asia,8,907430,16
KR_8235740041,asia,2,1463992,25
EUW1_7917377897,europe,8,1292084,22
VN2_1502316303,sea,6,1007024,17
VN2_1502316303,sea,6,1170706,20
VN2_1507314126,sea,3,973249,17
VN2_1505096876,sea,8,1098409,19
VN2_1507494867,sea,8,1125689,19
EUW1_7919761182,europe,3,783261,14
VN2_1505823326,sea,8,1268556,22
KR_8306345501,asia,8,1161385,20
VN2_1505055024,sea,3,1049339,18
VN2_1501166328,sea,8,669260,12
NA1_5597112597,americas,10,1892972,32
KR_8301780495,asia,8,1314084,22
NA1_5603302877,americas,3,1430389,24
EUW1_7920102084,europe,3,1200845,21
VN2_1499238811,sea,7,1132688,19
NA1_5602122718,americas,2,1616337,27
VN2_1505859864,sea,4,723493,13
KR_8304648651,asia,9,769245,13
KR_8297516516,asia,3,1275894,22
EUW1_7918651441,europe,3,824409,14
VN2_1499376470,sea,1,1307373,22
VN2_1508767777,sea,3,1163129,20
VN2_1508767777,sea,4,1529973,26
EUW1_7922618571,europe,2,843399,15
NA1_5602781045,americas,3,815029,14
VN2_1505331419,sea,4,1943253,33
VN2_1491715792,sea,3,681583,12
VN2_1489238521,sea,10,1635850,28
VN2_1508747880,sea,2,759788,13
VN2_1500767677,sea,3,694135,12
NA1_5603293299,americas,3,795304,14
VN2_1505849605,sea,5,652952,11
VN2_1504036051,sea,2,2032154,34
VN2_1508418921,sea,7,1020738,18
VN2_1505542351,sea,8,820573,14
KR_8306149114,asia,9,836086,14
VN2_1493626680,sea,3,884375,15
EUW1_7923099052,europe,1,943069,16
EUW1_7923099052,europe,5,1327813,23
VN2_1507681272,sea,3,964741,17
VN2_1506454752,sea,3,1260679,22
VN2_1501600044,sea,3,1007284,17
EUW1_7915296798,europe,9,1258672,21
VN2_1501318264,sea,8,773778,13
VN2_1502643002,sea,4,1402781,24
VN2_1502161854,sea,3,1338502,23
NA1_5604693851,americas,7,965092,17
KR_8294185712,asia,7,1660539,28
NA1_5604080287,americas,3,1452106,25
NA1_5604080287,americas,8,1474088,25
VN2_1488287077,sea,3,1071469,18
VN2_1490198124,sea,8,980978,17
EUW1_7923230512,europe,10,1614040,27
EUW1_7918309354,europe,3,1453822,25
VN2_1508676113,sea,2,747472,13
EUW1_7916432209,europe,3,1425645,24
VN2_1504550234,sea,3,992499,17
EUW1_7922235654,europe,6,1331119,23
NA1_5602074878,americas,8,1565989,27
VN2_1498467016,sea,3,789365,14
VN2_1505929928,sea,8,1992190,34
VN2_1499983006,sea,7,932989,16
EUW1_7922958076,europe,7,1176153,20
NA1_5600808259,americas,2,960625,17
NA1_5600808259,americas,3,1051498,18
KR_8305426190,asia,4,1500657,26
VN2_1508997902,sea,8,990631,17
KR_8301983661,asia,7,2043205,35
VN2_1486938440,sea,5,2083564,35
EUW1_7917364228,europe,3,1724913,29
KR_8301147544,asia,9,1171037,20
VN2_1508221143,sea,6,611015,11
EUW1_7923083732,europe,7,1235780,21
VN2_1472294038,sea,8,1026077,18
VN2_1505554930,sea,8,1270358,22
VN2_1505281659,sea,3,1161263,20
VN2_1507486407,sea,3,1293091,22
VN2_1504567932,sea,8,1071067,18
NA1_5603296934,americas,9,1166509,20
NA1_5603153895,americas,3,1669835,28
VN2_1501149920,sea,7,1071979,18
VN2_1506114376,sea,3,1180081,20
KR_8290607303,asia,3,876978,15
KR_8277064786,asia,3,975046,17
VN2_1507209975,sea,8,1430531,24
VN2_1507209975,sea,8,1563845,27
VN2_1508507704,sea,3,1059694,18
VN2_1482737155,sea,3,923471,16
VN2_1502578651,sea,3,1605126,27
VN2_1445853467,sea,3,736267,13
EUW1_7922835730,europe,8,1008428,17
VN2_1502937645,sea,8,1277177,22
VN2_1499223962,sea,3,1041043,18
VN2_1506897702,sea,8,1905803,32
NA1_5603778708,americas,3,1154900,20
EUW1_7920572680,europe,7,1628753,28
NA1_5605027309,americas,9,1112310,19
VN2_1496578531,sea,2,1008347,17
NA1_5602189333,americas,10,1027013,18
VN2_1507114957,sea,8,711590,12
NA1_5603611216,americas,8,955536,16
NA1_5603611216,americas,9,1692350,29
VN2_1502090457,sea,8,763803,13
EUW1_7917182185,europe,3,1148949,20
KR_8305345602,asia,7,808453,14
KR_8305345602,asia,3,1284079,22
VN2_1507517750,sea,5,1844774,31
NA1_5604118227,americas,9,707515,12
VN2_1397947224,sea,8,1546159,26
EUW1_7917532076,europe,1,1027322,18
EUW1_7917532076,europe,3,1914563,32
VN2_1506929675,sea,3,759720,13
EUW1_7920427257,europe,4,774764,13
EUW1_7920427257,europe,9,775432,13
EUW1_7920427257,europe,2,1064079,18
EUW1_7917085392,europe,9,1235451,21
VN2_1507068474,sea,7,1275094,22
EUW1_7922357577,europe,3,1755185,30
VN2_1507590305,sea,3,1007978,17
VN2_1498004120,sea,8,949594,16
NA1_5600354291,americas,9,739226,13
NA1_5604361738,americas,3,789048,14
VN2_1495128768,sea,10,864220,15
VN2_1505193850,sea,8,1119542,19
VN2_1504119989,sea,8,1453471,25
NA1_5603004186,americas,4,640113,11
VN2_1508352206,sea,4,1352818,23
KR_8303396346,asia,3,694818,12
EUW1_7923017609,europe,8,1818752,31
VN2_1508121408,sea,2,826181,14
NA1_5603533134,americas,8,886131,15
VN2_1501773986,sea,5,1713161,29
KR_8304633560,asia,9,1586482,27
VN2_1485237581,sea,3,1850040,31
EUW1_7911527735,europe,7,859394,15
EUW1_7911527735,europe,2,1629655,28
VN2_1500346212,sea,8,1322114,23
EUW1_7923043996,europe,10,1708075,29
EUW1_7918056515,europe,3,1589381,27
VN2_1508960943,sea,8,1280577,22
VN2_1504786789,sea,3,1016828,17
VN2_1504570448,sea,3,866817,15
EUW1_7920819631,europe,2,1598247,27
NA1_5604317534,americas,9,950493,16
NA1_5604317534,americas,3,1592860,27
VN2_1496276822,sea,3,1773186,30
NA1_5598729680,americas,2,824526,14
VN2_1493018336,sea,9,1421910,24
VN2_1508581862,sea,3,1393902,24
VN2_1496315990,sea,10,1626372,28
VN2_1494675033,sea,7,1125123,19
EUW1_7918120144,europe,8,1626368,28
KR_8303447533,asia,3,812616,14
VN2_1498235772,sea,7,1081609,19
VN2_1506557436,sea,7,984095,17
EUW1_7922104046,europe,2,1190862,20
VN2_1506310854,sea,10,928858,16
VN2_1507799411,sea,3,1580499,27
EUW1_7920976905,europe,8,1141219,20
EUW1_7920886709,europe,6,1441238,25
VN2_1483747770,sea,3,1054848,18
VN2_1483747770,sea,5,1406932,24
VN2_1496217633,sea,8,1302103,22
KR_8300924771,asia,9,876019,15
NA1_5604802175,americas,8,1632520,28
NA1_5603636383,americas,6,761130,13
VN2_1466920942,sea,3,995414,17
VN2_1497047500,sea,7,1235665,21
VN2_1500702769,sea,3,1173089,20
VN2_1500702769,sea,7,1338183,23
NA1_5602667992,americas,7,1113185,19
VN2_1491401037,sea,3,942657,16
VN2_1503987677,sea,2,766956,13
NA1_5605178469,americas,7,865298,15
VN2_1501131166,sea,3,1208059,21
VN2_1498939382,sea,4,1306495,22
VN2_1495425239,sea,2,1390757,24
EUW1_7918343344,europe,8,933412,16
VN2_1505055799,sea,3,1476087,25
EUW1_7915953217,europe,3,1269691,22
VN2_1508161140,sea,8,1524838,26
VN2_1476501739,sea,5,842525,15
VN2_1484627541,sea,3,1019899,17
NA1_5583534493,americas,9,973939,17
VN2_1504993954,sea,3,1304566,22
VN2_1501075039,sea,8,849670,15
EUW1_7919429238,europe,9,1060140,18
EUW1_7922261917,europe,10,425711,8
VN2_1504567016,sea,3,1032271,18
NA1_5604792245,americas,3,533362,9
VN2_1490387178,sea,8,1671402,28
VN2_1478732822,sea,3,1666553,28
VN2_1500000276,sea,10,1308206,22
KR_8306260884,asia,2,1473069,25
VN2_1504957549,sea,8,882101,15
VN2_1491730965,sea,9,1892714,32
VN2_1491730965,sea,3,2009914,34
NA1_5604503293,americas,7,907599,16
EUW1_7921160678,europe,3,1155457,20
EUW1_7916289719,europe,3,1616340,27
EUW1_7916289719,europe,4,2142063,36
VN2_1505827228,sea,9,1854170,31
VN2_1507470770,sea,2,1046790,18
VN2_1500784949,sea,7,1170872,20
EUW1_7915266487,europe,8,1337682,23
VN2_1505985877,sea,3,1990206,34
VN2_1508141304,sea,7,993121,17
VN2_1504022190,sea,7,1185624,20
VN2_1506799351,sea,8,801903,14
VN2_1507951902,sea,6,1007988,17
VN2_1506611346,sea,8,1971414,33
VN2_1493474002,sea,8,1146031,20
KR_8297339529,asia,8,1202034,21
VN2_1507407236,sea,3,1028048,18
VN2_1509270167,sea,8,688100,12
NA1_5598878738,americas,8,1192626,20
VN2_1506165522,sea,8,1118457,19
VN2_1476652915,sea,3,1481100,25
NA1_5600832542,americas,8,1297533,22
VN2_1504182654,sea,3,862164,15
VN2_1508870424,sea,8,624259,11
VN2_1503806242,sea,8,762726,13
VN2_1505109523,sea,3,1389234,24
VN2_1500966506,sea,7,996055,17
KR_8289639760,asia,3,1105244,19
EUW1_7921483650,europe,1,611627,11
NA1_5602031207,americas,3,955643,16
KR_8305784682,asia,7,1203622,21
VN2_1504257583,sea,3,1438199,24
KR_8305527730,asia,3,1976260,33
VN2_1504081081,sea,2,1085725,19
EUW1_7920090657,europe,7,1332688,23
EUW1_7920090657,europe,6,1609941,27
KR_8287436860,asia,3,862652,15
NA1_5602729091,americas,3,938554,16
NA1_5604735639,americas,3,1061585,18
NA1_5604735639,americas,2,1151752,20
VN2_1507375942,sea,8,1446144,25
EUW1_7905907745,europe,7,1234420,21
NA1_5604021634,americas,4,1183347,20
VN2_1506972115,sea,2,607216,11
VN2_1498883270,sea,8,1022241,18
NA1_5603410472,americas,8,1385920,24
KR_8306004316,asia,8,1722508,29
VN2_1498922377,sea,3,1509211,26
KR_8298732912,asia,3,850221,15
NA1_5603991432,americas,7,1133658,19
VN2_1506187197,sea,8,922254,16
VN2_1506784289,sea,2,1205785,21
VN2_1505553569,sea,3,1576811,27
VN2_1507118385,sea,7,909036,16
NA1_5599839462,americas,8,1002446,17
NA1_5603969355,americas,4,1804596,31
EUW1_7906352752,europe,1,1181512,20
VN2_1509418835,sea,7,763270,13
VN2_1509418835,sea,8,791528,14
NA1_5602704029,americas,3,1843616,31
VN2_1505316744,sea,3,1547847,26
VN2_1500333879,sea,10,2016274,34
VN2_1508208184,sea,8,1507629,26
VN2_1508208184,sea,3,1580958,27
VN2_1508208184,sea,3,1840009,31
EUW1_7922090654,europe,4,911946,16
EUW1_7922099455,europe,3,1917640,32
EUW1_7919667036,europe,10,1634400,28
VN2_1504312155,sea,3,919256,16
NA1_5604862098,americas,5,1389230,24
VN2_1503332848,sea,3,1136698,19
VN2_1496419408,sea,8,1203660,21
VN2_1496419408,sea,3,1586252,27
EUW1_7922934863,europe,7,1271437,22
VN2_1507155206,sea,8,1723704,29
VN2_1507250728,sea,2,618460,11
VN2_1497142459,sea,4,672608,12
VN2_1506586602,sea,7,875761,15
VN2_1494449953,sea,8,1362638,23
VN2_1495694464,sea,7,826112,14
VN2_1506083118,sea,8,1299306,22
NA1_5597709314,americas,3,1368902,23
EUW1_7916402031,europe,3,971752,17
KR_8298162338,asia,2,464152,8
KR_8298162338,asia,3,880833,15
NA1_5604556123,americas,8,1291343,22
VN2_1504637092,sea,8,952789,16
VN2_1503247115,sea,8,811956,14
VN2_1471663935,sea,10,617601,11
VN2_1471663935,sea,9,846814,15
KR_8303094202,asia,2,989798,17
EUW1_7920608704,europe,8,1677452,28
EUW1_7922179986,europe,2,1384084,24
KR_8305498676,asia,4,1091640,19
KR_8305498676,asia,8,1148445,20
VN2_1508308781,sea,8,1157081,20
VN2_1497387228,sea,9,1239089,21
KR_8304394118,asia,3,1923953,33
KR_8290809148,asia,8,1031378,18
KR_8290809148,asia,3,1331753,23
VN2_1504343005,sea,8,698195,12
VN2_1499703274,sea,3,1542395,26
KR_8278381593,asia,9,1235498,21
VN2_1470948912,sea,8,1182396,20
VN2_1508151018,sea,8,1227836,21
VN2_1508936275,sea,3,647407,11
NA1_5602678280,americas,8,1362652,23
NA1_5600219632,americas,10,654195,11
NA1_5600219632,americas,5,1328314,23
EUW1_7919740691,europe,2,716592,12
EUW1_7919740691,europe,8,765499,13
VN2_1507246863,sea,1,873916,15
VN2_1507246863,sea,3,1186002,20
KR_8302371733,asia,3,786702,14
VN2_1428098934,sea,2,1473490,25
NA1_5601612573,americas,10,1048888,18
VN2_1502918807,sea,8,1634208,28
VN2_1488253209,sea,3,1348443,23
VN2_1502288519,sea,3,797408,14
VN2_1502288519,sea,1,1098092,19
VN2_1507058053,sea,8,850936,15
EUW1_7916449286,europe,7,930649,16
NA1_5604125971,americas,10,1968933,33
VN2_1494831120,sea,3,954186,16
VN2_1493876216,sea,10,1603967,27
VN2_1492027826,sea,3,1051748,18
VN2_1492027826,sea,3,1086181,19
VN2_1492724278,sea,3,727450,13
KR_8302954380,asia,3,675313,12
KR_8303961513,asia,9,1573675,27
VN2_1504139346,sea,8,1335622,23
VN2_1504784797,sea,4,1065610,18
NA1_5604587465,americas,7,1243693,21
EUW1_7919062023,europe,3,1439620,24
VN2_1497411984,sea,2,908110,16
VN2_1507013973,sea,6,998165,17
NA1_5600122957,americas,1,1092996,19
VN2_1508932791,sea,2,1418362,24
KR_8289368576,asia,4,742612,13
VN2_1506144431,sea,9,603085,11
VN2_1501821709,sea,3,846801,15
KR_8305667201,asia,4,936362,16
KR_8305667201,asia,3,1465109,25
KR_8305345031,asia,8,886981,15
VN2_1493805183,sea,6,802654,14
EUW1_7919738275,europe,5,1667083,28
EUW1_7919738275,europe,3,1871719,32
EUW1_7919738275,europe,8,1945004,33
VN2_1499153024,sea,3,794126,14
VN2_1504197977,sea,3,1876610,32
VN2_1500099358,sea,3,649698,11
NA1_5604803890,americas,5,1116004,19
NA1_5604026601,americas,8,752963,13
KR_8304571053,asia,7,961903,17
EUW1_7921533623,europe,9,1452793,25
KR_8306539544,asia,9,868182,15
KR_8306539544,asia,9,872155,15
NA1_5602537923,americas,7,1334186,23
EUW1_7920091095,europe,2,1009662,17
EUW1_7920091095,europe,9,1453020,25
KR_8300281941,asia,8,1844162,31
NA1_5603994917,americas,3,1484396,25
KR_8300683775,asia,9,1025251,18
NA1_5604142935,americas,8,1239102,21
VN2_1506094483,sea,3,1026374,18
NA1_5605122365,americas,3,1274297,22
VN2_1508152614,sea,10,1604739,27
VN2_1502235742,sea,8,867880,15
EUW1_7922491300,europe,8,1700450,29
NA1_5602392210,americas,8,2210344,37
VN2_1489546215,sea,3,954640,16
VN2_1497063907,sea,8,1046546,18
VN2_1497063907,sea,7,1173359,20
EUW1_7921337996,europe,7,1586941,27
EUW1_7921365342,europe,9,1774649,30
VN2_1507384395,sea,2,1303932,22
EUW1_7917337583,europe,8,919182,16
EUW1_7917337583,europe,9,1058793,18
NA1_5593628659,americas,8,1164155,20
EUW1_7922782043,europe,3,1188617,20
NA1_5600861291,americas,2,899160,15
NA1_5600861291,americas,8,1204793,21
NA1_5602667954,americas,8,1039124,18
NA1_5602667954,americas,1,1534829,26
VN2_1507418521,sea,7,1576232,27
VN2_1507998192,sea,9,1783955,30
VN2_1503932770,sea,3,1197553,20
VN2_1502123957,sea,3,1180767,20
VN2_1503549539,sea,3,1225577,21
VN2_1504486621,sea,8,1765767,30
EUW1_7922096812,europe,8,1045239,18
EUW1_7922273915,europe,7,1769573,30
VN2_1495826456,sea,7,844291,15
NA1_5604730073,americas,3,1671441,28
VN2_1506383942,sea,8,929738,16
EUW1_7918468564,europe,2,1217624,21
EUW1_7918949036,europe,8,1061199,18
NA1_5605096421,americas,7,1286971,22
KR_8304577817,asia,3,1586306,27
EUW1_7919107482,europe,5,1164104,20
VN2_1499506781,sea,8,1103712,19
VN2_1506511071,sea,8,709083,12
NA1_5604645124,americas,3,1305077,22
EUW1_7922676792,europe,9,938854,16
EUW1_7922676792,europe,2,1634443,28
EUW1_7922676792,europe,8,1836795,31
VN2_1497595602,sea,3,443845,8
NA1_5604023282,americas,3,1289229,22
VN2_1504065646,sea,7,1587824,27
VN2_1507712332,sea,8,733369,13
NA1_5604971428,americas,8,796525,14
NA1_5599462308,americas,3,713890,12
EUW1_7921445312,europe,3,1095631,19
VN2_1505747378,sea,5,1768509,30
VN2_1508129745,sea,3,1024268,18
EUW1_7919043788,europe,4,1447725,25
VN2_1378369414,sea,9,1077226,18
VN2_1508810713,sea,3,1406031,24
NA1_5602330360,americas,2,798926,14
VN2_1506850738,sea,9,929239,16
VN2_1505314660,sea,3,1525850,26
NA1_5603163807,americas,10,1485382,25
VN2_1504070841,sea,2,1227331,21
VN2_1502153571,sea,2,1495936,25
VN2_1507036454,sea,3,1146867,20
VN2_1471920875,sea,8,387342,7
EUW1_7915078182,europe,8,937677,16
VN2_1506733104,sea,2,912195,16
EUW1_7921285002,europe,4,1138235,19
KR_8301178008,asia,6,1229150,21
VN2_1505978140,sea,3,1445823,25
EUW1_7921600203,europe,3,1713473,29
VN2_1497288580,sea,8,937801,16
VN2_1484705373,sea,4,1664948,28
NA1_5597558833,americas,7,950434,16
VN2_1509184337,sea,3,1982471,34
VN2_1508136948,sea,10,890813,15
VN2_1509361664,sea,8,1181088,20
KR_8258804658,asia,8,905659,16
NA1_5603396263,americas,8,1327303,23
KR_8302971564,asia,3,1397159,24
KR_8302971564,asia,8,1694046,29
EUW1_7916336841,europe,8,1346013,23
VN2_1486618944,sea,3,1205097,21
KR_8304038052,asia,7,682603,12
VN2_1504634029,sea,3,1624698,28
VN2_1506196172,sea,7,909305,16
KR_8303496327,asia,8,848989,15
VN2_1507805992,sea,8,788952,14
EUW1_7921265120,europe,8,1084395,19
EUW1_7921265120,europe,9,1339071,23
EUW1_7919985950,europe,10,855749,15
VN2_1503501539,sea,3,1651595,28
KR_8304740813,asia,4,1180956,20
KR_8306142213,asia,4,771377,13
VN2_1502099274,sea,3,1128278,19
VN2_1503845091,sea,7,1128635,19
VN2_1504273728,sea,3,899569,15
KR_8298564931,asia,2,1016889,17
VN2_1506884886,sea,8,1360880,23
EUW1_7921081209,europe,8,922035,16
VN2_1506836852,sea,4,1602820,27
VN2_1506771100,sea,6,1224123,21
VN2_1503202122,sea,9,1299145,22
VN2_1503246814,sea,3,1154030,20
NA1_5603615205,americas,10,937803,16
KR_8305174100,asia,8,1661025,28
NA1_5603373219,americas,9,1946379,33
VN2_1490306373,sea,3,1574677,27
EUW1_7915417680,europe,3,1434276,24
VN2_1499161488,sea,7,1110327,19
VN2_1507679507,sea,7,1236994,21
VN2_1501400399,sea,8,1501752,26
VN2_1508699807,sea,3,926606,16
EUW1_7922270662,europe,3,955570,16
KR_8293361005,asia,8,1426813,24
VN2_1490970935,sea,8,1400984,24
NA1_5603322580,americas,7,812229,14
EUW1_7923075570,europe,8,1484932,25
VN2_1496129694,sea,7,563767,10
VN2_1506246485,sea,8,1531398,26
EUW1_7923237324,europe,7,1488203,25
EUW1_7923237324,europe,8,1796125,30
VN2_1505803241,sea,8,1207570,21
VN2_1508814664,sea,9,1280888,22
VN2_1505494048,sea,5,944349,16
NA1_5600835078,americas,4,1767918,30
NA1_5600835078,americas,3,1771926,30
VN2_1505185164,sea,7,1087206,19
VN2_1505353827,sea,3,1107076,19
NA1_5604138731,americas,4,863682,15
NA1_5604138731,americas,7,1379953,23
VN2_1506503877,sea,2,850584,15
EUW1_7922595852,europe,7,1101096,19
EUW1_7921642614,europe,10,1391617,24
VN2_1498565527,sea,8,1130030,19
KR_8300439503,asia,9,1254771,21
KR_8300439503,asia,8,1417206,24
VN2_1507500968,sea,3,1597518,27
VN2_1503913597,sea,1,1754166,30
VN2_1507908297,sea,8,1503421,26
KR_8301610605,asia,3,1606744,27
VN2_1509152274,sea,8,926457,16
VN2_1505547362,sea,8,2068899,35
VN2_1507645828,sea,9,1355770,23
VN2_1500816160,sea,2,1507139,26
KR_8306465427,asia,1,1090883,19
NA1_5601821487,americas,8,1081644,19
VN2_1508893455,sea,3,2225072,38
VN2_1506947203,sea,8,1667966,28
EUW1_7922234508,europe,8,1416234,24
VN2_1505601433,sea,2,741930,13
VN2_1502566115,sea,7,821380,14
VN2_1483912555,sea,2,1357371,23
VN2_1501158278,sea,7,636368,11
VN2_1500832181,sea,7,683737,12
NA1_5601379113,americas,8,1405274,24
NA1_5600794831,americas,8,1392553,24
VN2_1508847041,sea,8,1210986,21
VN2_1508847041,sea,5,1849608,31
EUW1_7922918229,europe,8,1225674,21
VN2_1504648973,sea,3,826205,14
VN2_1476392850,sea,6,919027,16
NA1_5604906132,americas,7,777096,13
NA1_5602781015,americas,10,1079035,18
NA1_5598205972,americas,8,1200459,21
VN2_1507015514,sea,8,1058725,18
VN2_1508499300,sea,8,1023803,18
VN2_1505213241,sea,7,862344,15
NA1_5595840530,americas,8,1683507,29
NA1_5595840530,americas,10,1963931,33
NA1_5600264952,americas,10,1674080,28
EUW1_7916425900,europe,8,1276048,22
EUW1_7916425900,europe,7,1558173,26
VN2_1508746937,sea,8,1277431,22
NA1_5605154826,americas,6,1066276,18
NA1_5603791448,americas,4,963411,17
VN2_1503915779,sea,8,1266011,22
NA1_5602667579,americas,3,852577,15
VN2_1506129830,sea,2,292653,5
VN2_1505919906,sea,9,812084,14
EUW1_7922810794,europe,5,1385624,24
VN2_1506121390,sea,2,679004,12
NA1_5603280050,americas,4,770891,13
VN2_1502977076,sea,8,1103271,19
VN2_1509483665,sea,3,1274531,22
VN2_1507227336,sea,3,1450150,25
VN2_1490491593,sea,8,1614640,27
EUW1_7921379775,europe,8,1054107,18
EUW1_7921379775,europe,6,1325068,23
KR_8305119277,asia,4,1276555,22
VN2_1501157260,sea,10,1363824,23
VN2_1505502642,sea,7,1535713,26
VN2_1504439663,sea,3,848390,15
VN2_1504439663,sea,4,1120859,19
VN2_1499921472,sea,8,1176037,20
NA1_5599167372,americas,8,1126443,19
EUW1_7916442106,europe,8,1311471,22
VN2_1508678677,sea,2,759312,13
KR_8293945282,asia,3,885730,15
NA1_5603980128,americas,8,1227860,21
EUW1_7921273485,europe,4,1233351,21
EUW1_7914368675,europe,7,1234732,21
VN2_1501283630,sea,3,1691007,29
VN2_1504869808,sea,7,1908181,32
VN2_1501526999,sea,8,1829695,31
KR_8301752101,asia,3,1161571,20
VN2_1502291047,sea,2,1655323,28
NA1_5604685872,americas,8,865864,15
VN2_1507942707,sea,7,778400,13
VN2_1494601997,sea,7,1372696,23
NA1_5603212463,americas,7,1917237,32
NA1_5602087087,americas,3,1409106,24
NA1_5604644400,americas,8,1591272,27
NA1_5605195174,americas,7,1282649,22
VN2_1509117412,sea,3,1148692,20
VN2_1509117412,sea,3,1163666,20
NA1_5602075346,americas,8,1490928,25
VN2_1505952510,sea,8,1370320,23
VN2_1485117211,sea,5,1497598,25
VN2_1508131652,sea,2,1013563,17
VN2_1500047171,sea,2,1527370,26
KR_8306275415,asia,8,1429930,24
VN2_1502383370,sea,3,1761120,30
VN2_1503547800,sea,8,592818,10
KR_8306200350,asia,8,1185679,20
VN2_1504156290,sea,7,880091,15
VN2_1502797396,sea,3,1312846,22
VN2_1480664204,sea,5,1087669,19
VN2_1477657892,sea,8,1481010,25
KR_8298766370,asia,9,1226115,21
KR_8305970533,asia,9,982786,17
KR_8305970533,asia,8,1807622,31
VN2_1474039625,sea,2,852119,15
VN2_1507305628,sea,2,1103413,19
VN2_1507305628,sea,3,1382752,24
VN2_1507288068,sea,2,1259018,21
NA1_5603802751,americas,10,2071290,35
NA1_5602369475,americas,8,1030195,18
VN2_1506615854,sea,8,921294,16
VN2_1506615854,sea,8,934166,16
VN2_1499923985,sea,8,1299455,22
VN2_1495337153,sea,10,978656,17
NA1_5604366154,americas,3,1599366,27
VN2_1507791689,sea,3,1883904,32
EUW1_7917507789,europe,8,1022177,18
EUW1_7917507789,europe,3,1151130,20
NA1_5603987192,americas,3,1069514,18
VN2_1502669574,sea,4,1307854,22
EUW1_7919974478,europe,8,890792,15
EUW1_7919974478,europe,4,962770,17
EUW1_7920793777,europe,8,1654688,28
EUW1_7920793777,europe,7,1709089,29
VN2_1500508225,sea,6,820005,14
NA1_5602637362,americas,3,1232253,21
EUW1_7919133147,europe,2,1370496,23
NA1_5601463888,americas,8,1501650,26
EUW1_7916363101,europe,3,1052989,18
EUW1_7916363101,europe,2,1062224,18
VN2_1499297314,sea,2,829587,14
VN2_1504109633,sea,2,1729481,29
EUW1_7918111778,europe,1,868148,15
EUW1_7918111778,europe,2,984731,17
VN2_1484200564,sea,3,1910397,32
VN2_1507291528,sea,3,1841293,31
VN2_1506627907,sea,8,1271731,22
EUW1_7920797212,europe,3,1252641,21
KR_8301431776,asia,8,1004789,17
NA1_5604222863,americas,5,896781,15
VN2_1497922045,sea,3,912801,16
NA1_5594919815,americas,3,753469,13
VN2_1495518484,sea,8,1583895,27
VN2_1509149408,sea,9,1366901,23
VN2_1509231376,sea,1,1147669,20
KR_8303455557,asia,2,1352656,23
VN2_1505495394,sea,8,788471,14
VN2_1508396929,sea,8,1342677,23
NA1_5604356319,americas,10,1488002,25
VN2_1503251182,sea,3,1228456,21
NA1_5604684610,americas,10,1316685,22
NA1_5604684610,americas,9,1331830,23
KR_8305223920,asia,8,1305261,22
KR_8305223920,asia,9,1619484,27
VN2_1508916690,sea,7,1390570,24
VN2_1504385112,sea,8,816635,14
EUW1_7921587609,europe,7,1400430,24
VN2_1500973486,sea,8,736946,13
KR_8305951501,asia,3,863103,15
VN2_1506896788,sea,7,531788,9
VN2_1504037878,sea,7,1024134,18
VN2_1504037919,sea,3,1289761,22
VN2_1503193788,sea,8,1131386,19
VN2_1504182555,sea,4,1492528,25
VN2_1476543078,sea,3,766547,13
NA1_5605243894,americas,3,1919161,32
NA1_5605243894,americas,10,2059265,35
NA1_5604358232,americas,7,1271154,22
VN2_1507910073,sea,8,1359256,23
VN2_1506838429,sea,10,1040913,18
VN2_1506838429,sea,7,1141365,20
VN2_1508125637,sea,6,1074131,18
VN2_1479593257,sea,3,1310438,22
EUW1_7921285545,europe,3,792737,14
VN2_1480615704,sea,3,782854,14
KR_8306175368,asia,4,1090993,19
VN2_1491948881,sea,3,1204026,21
VN2_1503322927,sea,3,781773,14
VN2_1484677171,sea,3,857274,15
NA1_5601990942,americas,10,2023288,34
EUW1_7922024360,europe,8,1324179,23
NA1_5600133311,americas,8,1090211,19
VN2_1508115666,sea,3,1273668,22
VN2_1334817424,sea,10,926610,16
KR_8305967559,asia,3,848042,15
VN2_1498741588,sea,3,734089,13
VN2_1505357829,sea,8,1327330,23
VN2_1508180757,sea,10,1666619,28
KR_8302092985,asia,2,1836623,31
NA1_5598227087,americas,5,1421599,24
VN2_1508415145,sea,7,1102995,19
EUW1_7922341333,europe,1,1025967,18
EUW1_7922341333,europe,3,1311291,22
EUW1_7922631856,europe,8,844308,15
EUW1_7923271893,europe,9,1207835,21
VN2_1506846914,sea,3,1224715,21
KR_8302224117,asia,3,1756898,30
VN2_1487707144,sea,4,760761,13
VN2_1487707144,sea,3,1888209,32
VN2_1498909881,sea,8,976792,17
VN2_1499988753,sea,4,858427,15
NA1_5582898871,americas,8,991087,17
VN2_1508798280,sea,5,1075259,18
VN2_1508804755,sea,8,823531,14
VN2_1498664737,sea,3,1575288,27
KR_8293464854,asia,8,1005681,17
EUW1_7916839364,europe,4,1421747,24
KR_8300349447,asia,8,1819953,31
NA1_5600909468,americas,8,1774706,30
EUW1_7922235617,europe,1,1065780,18
NA1_5603116383,americas,3,1128316,19
EUW1_7923251872,europe,7,846372,15
VN2_1500086606,sea,2,1183316,20
VN2_1500086606,sea,9,1921963,33
VN2_1507404078,sea,5,985047,17
EUW1_7919397663,europe,3,938725,16
EUW1_7919397663,europe,5,1187837,20
EUW1_7913442810,europe,2,947276,16
VN2_1501921375,sea,2,1499630,25
VN2_1501921375,sea,3,1949763,33
EUW1_7922932012,europe,8,927724,16
KR_8304430635,asia,8,934305,16
VN2_1506938979,sea,1,806693,14
VN2_1506938979,sea,8,1874447,32
KR_8298645163,asia,8,950582,16
VN2_1502788935,sea,8,647560,11
KR_8305879536,asia,8,1669995,28
VN2_1506925155,sea,3,974764,17
NA1_5605230165,americas,3,1240380,21
KR_8305136396,asia,3,1318197,22
KR_8305136396,asia,2,1328310,23
KR_8295226734,asia,8,1718896,29
KR_8295226734,asia,4,1877675,32
VN2_1476879865,sea,10,1201212,21
VN2_1501218028,sea,3,1866015,32
VN2_1505350777,sea,8,1530363,26
VN2_1508541489,sea,8,1534248,26
EUW1_7922894502,europe,6,873180,15
EUW1_7922894502,europe,8,921697,16
VN2_1497819790,sea,3,1742521,30
VN2_1508753358,sea,4,1176141,20
VN2_1500922846,sea,8,1337679,23
VN2_1507405782,sea,8,967742,17
VN2_1509221996,sea,8,1769089,30
VN2_1490861684,sea,3,1491664,25
KR_8305701202,asia,8,1474743,25
VN2_1504604554,sea,2,1412068,24
VN2_1507426315,sea,3,1057015,18
NA1_5604542951,americas,8,1177904,20
VN2_1505770442,sea,2,882997,15
VN2_1505770442,sea,8,1356888,23
VN2_1504617037,sea,8,1113451,19
VN2_1501186475,sea,7,755263,13
VN2_1501635604,sea,3,886850,15
VN2_1489434804,sea,8,1260348,21
VN2_1501617689,sea,7,1394980,24
VN2_1493042649,sea,6,948767,16
VN2_1501685613,sea,7,704489,12
VN2_1497143159,sea,8,1230431,21
VN2_1506890094,sea,3,676804,12
VN2_1506890094,sea,8,1269794,22
VN2_1506890094,sea,2,1553209,26
VN2_1499933596,sea,7,1576738,27
VN2_1498427232,sea,3,2108824,36
NA1_5602002290,americas,4,1506036,26
EUW1_7921257612,europe,3,941945,16
NA1_5602702504,americas,3,793489,14
VN2_1503170504,sea,8,736356,13
VN2_1508985483,sea,8,725683,13
NA1_5603681499,americas,3,1831730,31
VN2_1506196187,sea,3,820160,14
VN2_1507304586,sea,2,1512753,26
NA1_5575307702,americas,10,1104779,19
NA1_5575307702,americas,1,1573342,27
VN2_1507790527,sea,3,1496592,25
EUW1_7923012512,europe,3,1349227,23
VN2_1507329968,sea,2,864257,15
VN2_1503591989,sea,3,638865,11
VN2_1498597285,sea,2,1406751,24
KR_8304658588,asia,3,1248560,21
VN2_1500049088,sea,3,892850,15
VN2_1486345874,sea,4,661208,12
VN2_1498107712,sea,6,1004699,17
NA1_5604307773,americas,8,1208056,21
EUW1_7918099912,europe,3,1229792,21
EUW1_7920152757,europe,2,1435749,24
KR_8297733153,asia,3,1510053,26
VN2_1505520678,sea,8,2111512,36
NA1_5600367083,americas,2,737817,13
NA1_5600367083,americas,10,1731467,29
NA1_5598220876,americas,8,859099,15
VN2_1505854640,sea,7,1468587,25
VN2_1485945778,sea,3,1898928,32
NA1_5594356359,americas,8,1273051,22
VN2_1509258604,sea,3,815145,14
EUW1_7919827043,europe,7,772562,13
VN2_1506678905,sea,3,855947,15
EUW1_7918216475,europe,3,1181539,20
VN2_1496763927,sea,3,1310817,22
VN2_1507323177,sea,6,1375670,23
EUW1_7920210578,europe,10,1490257,25
NA1_5599609962,americas,8,1091912,19
VN2_1507650882,sea,3,1700261,29
VN2_1505489832,sea,8,1225387,21
VN2_1505905774,sea,8,1104367,19
VN2_1504494722,sea,7,1033502,18
EUW1_7920109564,europe,3,1200823,21
EUW1_7920109564,europe,4,1575905,27
NA1_5600291309,americas,2,1147339,20
VN2_1503169600,sea,9,1724896,29
NA1_5604743986,americas,5,2163234,37
EUW1_7920918078,europe,9,1783101,30
VN2_1508541502,sea,7,871245,15
KR_8301620560,asia,1,1273173,22
VN2_1501489349,sea,3,1451710,25
VN2_1505057923,sea,4,823051,14
NA1_5602492670,americas,8,1032942,18
VN2_1505284210,sea,5,1835125,31
EUW1_7920308859,europe,4,905346,16
EUW1_7917950904,europe,2,1378467,23
VN2_1504334158,sea,8,1373472,23
VN2_1507873280,sea,6,1098142,19
EUW1_7921619298,europe,7,1178890,20
EUW1_7921619298,europe,3,1546190,26
EUW1_7917815050,europe,10,900404,16
VN2_1508856765,sea,9,1115559,19
VN2_1508856765,sea,7,1482364,25
NA1_5600763458,americas,3,731476,13
VN2_1505291885,sea,8,671910,12
VN2_1506800421,sea,3,1110495,19
VN2_1480924513,sea,8,1230091,21
VN2_1480924513,sea,4,1546818,26
VN2_1504961121,sea,10,436916,8
VN2_1493867200,sea,3,1320190,22
VN2_1507341442,sea,8,1084423,19
KR_8304979793,asia,7,1190582,20
EUW1_7916482761,europe,2,1340127,23
EUW1_7916482761,europe,4,1413510,24
VN2_1508090747,sea,3,1026426,18
KR_8300203141,asia,2,2138252,36
EUW1_7922817282,europe,3,1130199,19
VN2_1504084737,sea,8,773453,13
VN2_1367600072,sea,8,1008757,17
EUW1_7920133737,europe,8,897079,15
VN2_1504610305,sea,8,814150,14
VN2_1505110112,sea,2,1613243,27
EUW1_7919868983,europe,8,722577,13
EUW1_7917512814,europe,4,216708,4
VN2_1494785155,sea,3,1932590,33
EUW1_7922500391,europe,2,1231809,21
VN2_1505069363,sea,7,1135451,19
VN2_1506907210,sea,8,1056581,18
VN2_1501599215,sea,8,876333,15
EUW1_7917314036,europe,3,812365,14
VN2_1507444589,sea,6,919275,16
VN2_1508363857,sea,7,729608,13
VN2_1495262118,sea,2,1569849,27
KR_8305200627,asia,3,1091708,19
KR_8287750845,asia,4,919905,16
VN2_1506306481,sea,1,1454418,25
EUW1_7918540400,europe,4,1235525,21
KR_8296258951,asia,3,975215,17
VN2_1506874980,sea,3,1279191,22
VN2_1500131568,sea,9,1618345,27
VN2_1500131568,sea,9,1767436,30
NA1_5602765586,americas,8,1724383,29
EUW1_7916219180,europe,8,1297685,22
VN2_1501220722,sea,3,1763893,30
VN2_1503808819,sea,5,493500,9
EUW1_7921810426,europe,9,1494427,25
EUW1_7921810426,europe,9,1519760,26
EUW1_7921810426,europe,8,1717873,29
KR_8302810370,asia,9,1453124,25
VN2_1506850062,sea,10,1538532,26
NA1_5603046425,americas,8,921126,16
NA1_5603046425,americas,7,1499961,25
VN2_1507916923,sea,3,1225876,21
VN2_1498192426,sea,8,1056441,18
VN2_1506154379,sea,3,1037260,18
VN2_1508370495,sea,3,1170697,20
VN2_1506766996,sea,1,767749,13
KR_8285847449,asia,10,747327,13
VN2_1506738367,sea,8,1091443,19
VN2_1495583492,sea,4,1070663,18
VN2_1507759106,sea,3,866020,15
NA1_5603984429,americas,2,1292738,22
VN2_1508508685,sea,3,1065334,18
NA1_5605147159,americas,8,1814687,31
KR_8304452239,asia,8,1872578,32
KR_8305605274,asia,8,1534782,26
NA1_5603582282,americas,3,1426432,24
VN2_1504050377,sea,8,1269300,22
VN2_1501313665,sea,3,627937,11
VN2_1501313665,sea,1,1147893,20
VN2_1506053010,sea,8,664201,12
VN2_1505526073,sea,9,1346484,23
NA1_5583576300,americas,2,952384,16
KR_8305334140,asia,6,1317499,22
EUW1_7923016390,europe,7,1258622,21
VN2_1507178627,sea,8,1303470,22
VN2_1467994845,sea,3,1853192,31
EUW1_7923139207,europe,3,559547,10
NA1_5600152964,americas,9,1366697,23
VN2_1508050223,sea,9,1504814,26
VN2_1499867815,sea,9,1324374,23
VN2_1508000805,sea,8,725851,13
VN2_1505881018,sea,2,716806,12
NA1_5603323036,americas,1,1368965,23
NA1_5603323036,americas,9,1563710,27
KR_8305423841,asia,9,1331274,23
VN2_1504983472,sea,3,1553003,26
EUW1_7916617671,europe,10,939343,16
EUW1_7916617671,europe,7,1303784,22
KR_8306332092,asia,9,1185437,20
VN2_1503328736,sea,8,999448,17
VN2_1502843831,sea,2,1619730,27
EUW1_7921088075,europe,4,1351771,23
KR_8304479720,asia,4,1520704,26
VN2_1500911280,sea,2,697458,12
VN2_1507872232,sea,7,730908,13
VN2_1493631934,sea,1,917216,16
VN2_1498726718,sea,6,698585,12
VN2_1493596193,sea,8,1420825,24
KR_8292479013,asia,7,1694711,29
EUW1_7921015011,europe,8,1393372,24
VN2_1501605044,sea,8,1320939,23
NA1_5596492461,americas,7,1725643,29
VN2_1508489802,sea,8,960012,16
KR_8288250658,asia,9,1695278,29
VN2_1502149248,sea,8,791820,14
EUW1_7922421133,europe,8,1415265,24
VN2_1507182965,sea,8,1430032,24
VN2_1505965827,sea,8,1482009,25
VN2_1505238731,sea,8,1491862,25
NA1_5594306558,americas,4,945184,16
EUW1_7919952338,europe,8,936961,16
EUW1_7919952338,europe,4,1226707,21
VN2_1501092763,sea,8,1680686,29
VN2_1484810784,sea,7,1027716,18
KR_8305473670,asia,3,1251129,21
NA1_5604171383,americas,8,1459860,25
NA1_5604171383,americas,4,2207528,37
VN2_1493989554,sea,2,749109,13
EUW1_7920049276,europe,5,1141569,20
EUW1_7919478608,europe,10,889508,15
VN2_1506463481,sea,8,1456328,25
EUW1_7917518501,europe,8,760903,13
NA1_5600294428,americas,8,1639803,28
VN2_1506790139,sea,8,2004510,34
VN2_1497012596,sea,5,1985201,34
EUW1_7920868037,europe,3,1671031,28
VN2_1471274960,sea,7,1724856,29
EUW1_7920424368,europe,3,1353363,23
VN2_1505740131,sea,3,1323014,23
NA1_5601518290,americas,10,1412050,24
VN2_1492038470,sea,8,1034452,18
VN2_1492038470,sea,3,1849932,31
NA1_5604747592,americas,8,1376770,23
NA1_5604747592,americas,6,1682398,29
KR_8294149027,asia,9,853800,15
KR_8292682284,asia,4,1723400,29
KR_8292682284,asia,7,2074898,35
EUW1_7920171344,europe,8,937176,16
KR_8301733195,asia,9,921892,16
KR_8301733195,asia,2,1492340,25
VN2_1509101880,sea,8,788097,14
VN2_1506657316,sea,2,861734,15
NA1_5601429838,americas,9,1191181,20
VN2_1509127789,sea,9,1230157,21
KR_8306254918,asia,3,787024,14
EUW1_7917428704,europe,6,807771,14
VN2_1509386610,sea,2,1026068,18
EUW1_7922284744,europe,8,1748140,30
EUW1_7918007348,europe,7,1400857,24
EUW1_7921380783,europe,3,907398,16
EUW1_7921380783,europe,8,1254931,21
NA1_5601425391,americas,8,1823734,31
VN2_1505438021,sea,8,1422217,24
KR_8290918979,asia,3,1901556,32
VN2_1506139146,sea,2,1962691,33
VN2_1506405397,sea,3,1127105,19
VN2_1493417182,sea,2,1294249,22
EUW1_7923089001,europe,8,975437,17
VN2_1497807554,sea,7,1001815,17
VN2_1506898779,sea,5,2016752,34
VN2_1508762647,sea,5,1685485,29
VN2_1508762647,sea,3,1690728,29
VN2_1502025821,sea,8,1362656,23
VN2_1499153515,sea,8,760744,13
VN2_1461318963,sea,8,816875,14
VN2_1505314028,sea,10,1458446,25
VN2_1506589271,sea,3,1120250,19
EUW1_7921196968,europe,4,1194464,20
NA1_5600966693,americas,7,653094,11
NA1_5604111388,americas,2,1203788,21
NA1_5604088240,americas,3,1153855,20
VN2_1502921720,sea,3,1362875,23
VN2_1502341980,sea,8,1400231,24
NA1_5594330779,americas,3,821292,14
VN2_1497741784,sea,7,786197,14
KR_8299903825,asia,9,1034821,18
EUW1_7921754220,europe,8,1349689,23
VN2_1503913035,sea,2,2245624,38
VN2_1505301838,sea,3,1206577,21
VN2_1505301838,sea,5,1392221,24
VN2_1492742363,sea,2,1551572,26
VN2_1505903998,sea,8,1129497,19
EUW1_7920145495,europe,4,1711417,29
VN2_1506166769,sea,7,888471,15
VN2_1506207214,sea,8,516729,9
VN2_1505193301,sea,4,986017,17
VN2_1496864098,sea,8,1037220,18
NA1_5604121612,americas,3,1218999,21
VN2_1506452741,sea,8,1211652,21
VN2_1450230009,sea,3,562044,10
VN2_1504782242,sea,8,1693787,29
NA1_5604733198,americas,9,1616619,27
VN2_1507231501,sea,7,1175681,20
EUW1_7920934093,europe,2,783828,14
KR_8299848236,asia,3,1031493,18
EUW1_7922563488,europe,3,1034032,18
VN2_1508503891,sea,7,1249368,21
EUW1_7923033438,europe,7,1541025,26
NA1_5602907130,americas,8,1390148,24
VN2_1507684987,sea,8,1681608,29
VN2_1499065963,sea,9,784537,14
VN2_1504002536,sea,8,726161,13
KR_8297738997,asia,8,1692504,29
VN2_1498362728,sea,7,1394507,24
VN2_1498362728,sea,7,1417320,24
NA1_5603426810,americas,10,1734087,29
VN2_1508196918,sea,2,1128513,19
VN2_1484950458,sea,2,1797992,30
NA1_5602756893,americas,9,1802771,31
EUW1_7919098805,europe,8,1654216,28
VN2_1506740616,sea,2,1103806,19
NA1_5600817673,americas,3,1503464,26
NA1_5600855146,americas,5,1376225,23
NA1_5600764909,americas,4,1302384,22
VN2_1507574764,sea,3,793114,14
VN2_1504217312,sea,3,1374398,23
VN2_1509268981,sea,3,710306,12
NA1_5604957172,americas,8,735064,13
VN2_1506682866,sea,3,901975,16
VN2_1506682866,sea,8,1675998,28
NA1_5604183231,americas,9,1603084,27
VN2_1507926863,sea,3,1568070,27
NA1_5605133149,americas,8,1305494,22
NA1_5601465078,americas,3,894223,15
VN2_1494584259,sea,8,1752670,30
KR_8305018803,asia,3,1544892,26
VN2_1504664937,sea,8,1331771,23
VN2_1507878905,sea,8,978180,17
VN2_1507096995,sea,3,1546060,26
KR_8300134014,asia,8,982364,17
VN2_1507122712,sea,8,771558,13
VN2_1507122712,sea,9,1009982,17
EUW1_7917314667,europe,8,1371785,23
VN2_1503284912,sea,3,1451396,25
VN2_1503284912,sea,5,1491752,25
VN2_1508160303,sea,9,881083,15
VN2_1509098150,sea,3,883857,15
VN2_1502845271,sea,8,1150692,20
VN2_1504568144,sea,7,676310,12
VN2_1504568144,sea,5,1513157,26
VN2_1503987764,sea,3,1494717,25
NA1_5604575892,americas,2,882533,15
NA1_5604575892,americas,8,1208008,21
VN2_1501021045,sea,3,877145,15
KR_8302793697,asia,7,567618,10
VN2_1503728490,sea,8,1303889,22
NA1_5603140650,americas,2,793849,14
NA1_5603140650,americas,3,980277,17
NA1_5604714922,americas,8,727498,13
NA1_5604633941,americas,2,630126,11
EUW1_7917535122,europe,3,2079998,35
KR_8303951365,asia,8,929017,16
VN2_1498796967,sea,6,823012,14
VN2_1506570854,sea,8,1163774,20
VN2_1503865564,sea,2,961354,17
NA1_5604414532,americas,10,1592337,27
NA1_5604414532,americas,5,1634076,28
VN2_1505457593,sea,7,838431,14
VN2_1505457593,sea,8,1530543,26
NA1_5604138267,americas,8,909300,16
VN2_1507615865,sea,3,1550351,26
KR_8306250172,asia,4,1127412,19
VN2_1505170781,sea,10,994528,17
VN2_1503205215,sea,3,1205715,21
NA1_5599576937,americas,5,1947112,33
VN2_1491226835,sea,3,1057323,18
VN2_1507456975,sea,1,977694,17
VN2_1501258813,sea,6,1113452,19
VN2_1501258813,sea,10,1514334,26
VN2_1501036915,sea,3,656938,11
VN2_1501028784,sea,4,1213402,21
NA1_5604562203,americas,7,1393400,24
VN2_1507890362,sea,2,890343,15
EUW1_7914443686,europe,2,869076,15
VN2_1505504994,sea,3,1644505,28
VN2_1506807801,sea,3,1618646,27
VN2_1506656854,sea,3,1074763,18
EUW1_7922789501,europe,3,1052700,18
VN2_1502411662,sea,3,1198459,20
VN2_1507313632,sea,3,1381404,24
VN2_1483929510,sea,8,813092,14
NA1_5605194066,americas,9,1193911,20
VN2_1504098806,sea,9,1442497,25
EUW1_7923004767,europe,4,1779365,30
NA1_5604075257,americas,8,1513201,26
NA1_5602589577,americas,2,693089,12
VN2_1499083642,sea,3,782987,14
VN2_1499083642,sea,10,1382508,24
EUW1_7917208347,europe,6,1259755,21
VN2_1508831295,sea,2,1156436,20
KR_8304978063,asia,3,1149433,20
VN2_1501502625,sea,8,1059989,18
VN2_1502914508,sea,2,203834,4
KR_8302307162,asia,3,846644,15
VN2_1504082529,sea,8,931276,16
KR_8303619753,asia,9,905859,16
NA1_5603197015,americas,2,608993,11
VN2_1508521965,sea,8,1553949,26
NA1_5600984515,americas,5,1084404,19
VN2_1506768706,sea,8,1252654,21
VN2_1492315037,sea,8,669235,12
NA1_5603148362,americas,6,1575500,27
VN2_1490514785,sea,7,1298495,22
KR_8304466031,asia,3,770799,13
KR_8304466031,asia,2,1330347,23
VN2_1506617009,sea,3,1323108,23
VN2_1486890538,sea,2,1587825,27
VN2_1383264625,sea,8,826664,14
NA1_5601341628,americas,9,1325087,23
NA1_5601341628,americas,7,1446698,25
KR_8301951693,asia,8,1019506,17
EUW1_7917837542,europe,9,1895124,32
NA1_5604443183,americas,5,933858,16
NA1_5601489500,americas,8,795642,14
NA1_5604450632,americas,8,1014549,17
VN2_1484899402,sea,8,1399854,24
VN2_1492603589,sea,5,949218,16
NA1_5604665364,americas,10,940290,16
NA1_5604665364,americas,8,1313307,22
EUW1_7919538365,europe,8,2130797,36
VN2_1507823716,sea,9,494461,9
NA1_5605172309,americas,4,1176242,20
KR_8304833870,asia,2,1421549,24
NA1_5603006062,americas,3,673119,12
VN2_1498316102,sea,2,1179618,20
VN2_1498316102,sea,8,1362939,23
VN2_1502682084,sea,8,676447,12
VN2_1502682084,sea,7,1117255,19
VN2_1504959565,sea,3,1749669,30
VN2_1505632443,sea,1,870587,15
VN2_1505632443,sea,7,1206049,21
EUW1_7923049321,europe,8,1365936,23
VN2_1484829940,sea,8,1219813,21
VN2_1493918656,sea,3,1036835,18
NA1_5602159415,americas,1,1233955,21
VN2_1505970944,sea,8,822583,14
VN2_1507611859,sea,9,1573919,27
KR_8303562869,asia,2,1208766,21
NA1_5602562813,americas,10,967346,17
VN2_1507342395,sea,3,1106817,19
VN2_1506572919,sea,5,903014,16
EUW1_7918976812,europe,4,1337210,23
VN2_1507777854,sea,4,832695,14
NA1_5604121312,americas,6,1894669,32
KR_8302048010,asia,8,1373244,23
EUW1_7920117427,europe,3,1365096,23
VN2_1501861573,sea,4,1656314,28
NA1_5604598270,americas,9,1829182,31
VN2_1499294220,sea,7,570959,10
VN2_1499294220,sea,8,797487,14
KR_8298514299,asia,3,1005628,17
VN2_1507522216,sea,8,830644,14
VN2_1508159858,sea,3,1397524,24
VN2_1499524109,sea,8,1308819,22
NA1_5602403922,americas,6,1350682,23
VN2_1506936637,sea,8,1080511,19
EUW1_7916783296,europe,2,886199,15
VN2_1502464133,sea,8,1458521,25
NA1_5605050251,americas,4,2040211,34
VN2_1507334271,sea,8,1198536,20
VN2_1504659860,sea,3,843902,15
VN2_1505154005,sea,3,904724,16
VN2_1500928852,sea,3,696505,12
VN2_1493922942,sea,7,1440679,25
EUW1_7916922131,europe,3,892187,15
NA1_5604703728,americas,4,857003,15
NA1_5593734857,americas,2,1243072,21
VN2_1507207340,sea,2,627858,11
VN2_1507107276,sea,8,1445339,25
EUW1_7922075672,europe,8,640831,11
VN2_1501070717,sea,8,1126023,19
VN2_1490363801,sea,3,822554,14
KR_8303100366,asia,9,970961,17
VN2_1503608661,sea,3,1077151,18
VN2_1501462625,sea,8,809772,14
EUW1_7920206414,europe,5,1251241,21
VN2_1499389490,sea,4,1191429,20
KR_8275854000,asia,3,1181698,20
NA1_5603426746,americas,8,838479,14
VN2_1501345259,sea,3,988586,17
VN2_1505722602,sea,9,1105921,19
KR_8294191616,asia,8,1040090,18
VN2_1507630949,sea,3,1305979,22
VN2_1505952081,sea,8,759951,13
VN2_1501165290,sea,3,997153,17
VN2_1502824519,sea,9,1399542,24
NA1_5601437408,americas,7,1733337,29
VN2_1492131858,sea,8,1833338,31
VN2_1479226216,sea,8,1348807,23
VN2_1506600492,sea,1,1788984,30
VN2_1504466647,sea,8,1946142,33
VN2_1500780106,sea,8,1532198,26
VN2_1464613137,sea,3,889586,15
VN2_1501290074,sea,8,1589206,27
VN2_1491239170,sea,9,1714742,29
NA1_5598998436,americas,7,1659366,28
NA1_5598190349,americas,4,1574156,27
KR_8300170882,asia,9,559155,10
VN2_1505385719,sea,4,1001226,17
VN2_1508230977,sea,7,957192,16
NA1_5599107442,americas,10,1611514,27
EUW1_7921725073,europe,8,730936,13
VN2_1506632777,sea,3,877353,15
NA1_5602463105,americas,8,1001821,17
VN2_1501663916,sea,3,446917,8
NA1_5601396042,americas,9,1362478,23
VN2_1507949384,sea,7,842487,15
VN2_1482050041,sea,8,1920175,32
KR_8306396203,asia,2,1812715,31
VN2_1500081203,sea,2,1055758,18
EUW1_7920778487,europe,8,1548049,26
VN2_1507677452,sea,8,2022515,34
KR_8303842271,asia,6,1155946,20
VN2_1506996014,sea,5,1450764,25
NA1_5563165402,americas,1,932134,16
NA1_5563165402,americas,8,1445205,25
NA1_5563165402,americas,2,1461889,25
NA1_5600429972,americas,7,897236,15
VN2_1498784092,sea,8,2050957,35
VN2_1498784092,sea,9,2052894,35
EUW1_7918659375,europe,3,1276013,22
VN2_1503571051,sea,7,1027804,18
VN2_1502992722,sea,3,820372,14
EUW1_7921845551,europe,8,1203591,21
EUW1_7921774859,europe,3,900553,16
VN2_1506415269,sea,2,667228,12
VN2_1495582328,sea,7,1004836,17
VN2_1509342263,sea,7,1049877,18
VN2_1506669789,sea,8,1278253,22
VN2_1501546901,sea,8,849905,15
VN2_1506875897,sea,7,1582323,27
VN2_1481667702,sea,5,1577070,27
VN2_1500821529,sea,3,1533299,26
KR_8305142581,asia,7,1419337,24
VN2_1495835976,sea,5,1549357,26
VN2_1505297029,sea,3,838858,14
VN2_1505297029,sea,8,1771414,30
NA1_5602810592,americas,9,855451,15
VN2_1505138861,sea,8,1601050,27
NA1_5604139728,americas,8,870520,15
EUW1_7921174050,europe,3,1110960,19
EUW1_7921174050,europe,9,1529228,26
VN2_1508698657,sea,3,1636132,28
EUW1_7911710205,europe,2,1094713,19
VN2_1502382085,sea,3,1478328,25
EUW1_7922127039,europe,8,1146375,20
VN2_1488638301,sea,7,667016,12
NA1_5603298540,americas,3,1648713,28
NA1_5602446666,americas,1,1119942,19
VN2_1502677280,sea,8,727719,13
KR_8302550432,asia,9,1795694,30
NA1_5603115836,americas,3,1040601,18
VN2_1483179123,sea,8,755330,13
VN2_1495311429,sea,8,819385,14
VN2_1502512741,sea,3,964823,17
VN2_1480221934,sea,2,1176415,20
VN2_1495947991,sea,3,1641770,28
VN2_1507275116,sea,8,1897444,32
VN2_1500416863,sea,5,1171224,20
EUW1_7913541788,europe,9,1005665,17
VN2_1506708383,sea,3,1130138,19
NA1_5604600214,americas,1,821701,14
EUW1_7921707910,europe,3,847237,15
EUW1_7921707910,europe,3,1355046,23
VN2_1508117993,sea,7,1838931,31
VN2_1508873359,sea,3,1468490,25
VN2_1503020833,sea,3,1022816,18
KR_8304917004,asia,3,1270721,22
KR_8304917004,asia,7,2251654,38
KR_8304685190,asia,8,1922763,33
NA1_5602962282,americas,2,1668655,28
VN2_1500061198,sea,8,818611,14
VN2_1507699790,sea,3,1360515,23
VN2_1493120161,sea,3,943359,16
NA1_5600952184,americas,7,1527548,26
VN2_1502311849,sea,8,1102155,19
EUW1_7913496607,europe,3,1482776,25
KR_8303653421,asia,7,1416659,24
VN2_1499652054,sea,8,1561763,27
KR_8299798527,asia,7,1495559,25
VN2_1500981474,sea,7,1114323,19
NA1_5604330829,americas,3,1285164,22
NA1_5604330829,americas,8,1506696,26
NA1_5604330829,americas,5,1506763,26
VN2_1504847060,sea,4,1173940,20
NA1_5604364203,americas,8,1374777,23
VN2_1505944366,sea,3,1231967,21
VN2_1502406104,sea,4,1445148,25
VN2_1485172297,sea,8,736111,13
VN2_1496091522,sea,3,1304689,22
VN2_1506755567,sea,8,907843,16
NA1_5602920597,americas,8,1456396,25
VN2_1490617276,sea,3,1212646,21
VN2_1502908417,sea,8,657854,11
VN2_1504942747,sea,8,2013250,34
VN2_1503716599,sea,8,1017383,17
VN2_1500786162,sea,10,1093887,19
VN2_1507980079,sea,3,1219053,21
VN2_1506470392,sea,2,765749,13
VN2_1492290802,sea,8,1079627,18
VN2_1502325942,sea,8,797189,14
VN2_1503941825,sea,7,1289332,22
VN2_1502256090,sea,3,1038152,18
VN2_1504423053,sea,3,1743343,30
KR_8304675652,asia,3,1606714,27
VN2_1500100002,sea,3,1570084,27
VN2_1494302774,sea,8,1602525,27
VN2_1497270773,sea,8,1265437,22
VN2_1506845496,sea,8,911488,16
VN2_1481713709,sea,8,1470122,25
VN2_1477046271,sea,8,1190645,20
VN2_1504097750,sea,8,1340094,23
NA1_5601172748,americas,2,726334,13
VN2_1505722280,sea,2,412168,7
VN2_1508194829,sea,7,1595344,27
VN2_1500484389,sea,3,1186563,20
VN2_1500484389,sea,4,1552224,26
VN2_1506840976,sea,8,2162502,37
NA1_5602078781,americas,5,1572482,27
NA1_5602078781,americas,8,1611382,27
VN2_1506005400,sea,4,1515674,26
VN2_1474414115,sea,3,1364458,23
VN2_1474414115,sea,8,1509816,26
VN2_1503523021,sea,3,1022358,18
VN2_1505662637,sea,10,1128635,19
NA1_5604081943,americas,8,953700,16
KR_8303004404,asia,8,1901748,32
VN2_1506795228,sea,3,1262579,22
VN2_1499600875,sea,3,1233163,21
EUW1_7918222803,europe,3,1362323,23
EUW1_7920081197,europe,8,1367852,23
VN2_1505096569,sea,6,682901,12
VN2_1509147369,sea,3,1128217,19
KR_8304606397,asia,2,623981,11
VN2_1506999806,sea,3,1247773,21
VN2_1491049962,sea,8,1041165,18
KR_8305533367,asia,3,1066754,18
VN2_1482174933,sea,3,765180,13
VN2_1507790892,sea,2,1666722,28
NA1_5603425244,americas,3,858467,15
NA1_5603425244,americas,5,1011572,17
EUW1_7917656225,europe,1,1108974,19
VN2_1499324820,sea,3,682713,12
VN2_1505436906,sea,8,1844736,31
VN2_1505177572,sea,9,1247578,21
VN2_1508762207,sea,10,1914044,32
VN2_1508762207,sea,10,1925565,33
VN2_1506873484,sea,9,1250610,21
VN2_1508352180,sea,4,1314669,22
VN2_1506525336,sea,8,1767441,30
NA1_5600815281,americas,6,1742528,30
VN2_1502865140,sea,8,1308524,22
VN2_1497141933,sea,8,1524434,26
VN2_1499651902,sea,3,1196664,20
VN2_1505518926,sea,8,842478,15
VN2_1494494309,sea,8,1351176,23
VN2_1492860193,sea,7,1349107,23
VN2_1506929195,sea,8,999973,17
NA1_5600871250,americas,6,1606599,27
NA1_5600237625,americas,8,1562767,27
KR_8276014023,asia,1,1192078,20
NA1_5602821308,americas,3,1317341,22
VN2_1508250459,sea,8,1511272,26
VN2_1506860513,sea,3,948691,16
VN2_1493043107,sea,3,882481,15
KR_8303886823,asia,7,1583643,27
NA1_5603673445,americas,3,1003126,17
NA1_5602760464,americas,2,611810,11
VN2_1502112376,sea,8,920994,16
VN2_1502480586,sea,3,1588821,27
VN2_1505472413,sea,3,892140,15
VN2_1503443571,sea,3,1189899,20
VN2_1501451619,sea,7,1058632,18
VN2_1501451619,sea,1,1579820,27
VN2_1503826197,sea,3,1745822,30
VN2_1502095204,sea,8,670662,12
VN2_1505026353,sea,6,1524603,26
VN2_1492417405,sea,7,1228303,21
EUW1_7923071814,europe,8,878283,15
VN2_1503599982,sea,8,1515971,26
VN2_1507810905,sea,2,1762679,30
VN2_1501523181,sea,4,1751038,30
NA1_5599985729,americas,4,1638118,28
VN2_1505151630,sea,3,2222179,38
EUW1_7921262210,europe,1,1312120,22
VN2_1424104616,sea,10,634918,11
VN2_1499338738,sea,3,1361914,23
VN2_1499338738,sea,9,1697793,29
EUW1_7923203137,europe,2,890677,15
EUW1_7923203137,europe,9,2054518,35
NA1_5598247479,americas,2,1446154,25
VN2_1502331747,sea,9,1920741,33
EUW1_7921364346,europe,4,357746,6
VN2_1505410066,sea,3,1154737,20
NA1_5603301323,americas,5,1804042,31
VN2_1487561708,sea,8,1278392,22
KR_8305280279,asia,8,903672,16
VN2_1506811194,sea,3,612005,11
VN2_1469603665,sea,3,1090674,19
VN2_1503999164,sea,8,1221119,21
VN2_1507959106,sea,8,1071497,18
VN2_1507959106,sea,4,1912919,32
KR_8300734498,asia,4,1527357,26
VN2_1497343163,sea,3,854297,15
VN2_1505097643,sea,8,1607190,27
NA1_5604731404,americas,3,1657996,28
VN2_1506515663,sea,8,952686,16
VN2_1506113388,sea,8,1234720,21
EUW1_7918424043,europe,3,826105,14
VN2_1496840075,sea,8,1261053,22
VN2_1492634067,sea,7,1554692,26
VN2_1507308953,sea,7,630886,11
VN2_1507208252,sea,2,882655,15
VN2_1507208252,sea,3,940407,16
VN2_1506311499,sea,3,1633357,28
VN2_1497299060,sea,3,816167,14
VN2_1508624802,sea,3,1202030,21
NA1_5603531275,americas,4,1445650,25
VN2_1506582163,sea,3,636249,11
VN2_1497488246,sea,7,1669510,28
VN2_1502128580,sea,7,1207974,21
VN2_1501627858,sea,3,1051879,18
VN2_1501503693,sea,7,1688922,29
EUW1_7923049739,europe,3,1745147,30
VN2_1501282079,sea,8,1591378,27
KR_8302854862,asia,4,813801,14
KR_8302854862,asia,7,1353776,23
VN2_1506024362,sea,9,1696296,29
VN2_1505263589,sea,8,864244,15
VN2_1487915545,sea,8,1287434,22
NA1_5602677816,americas,5,1538396,26
VN2_1501279539,sea,3,918742,16
VN2_1505429291,sea,3,1758994,30
EUW1_7917500287,europe,3,880437,15
EUW1_7917500287,europe,2,1002850,17
EUW1_7921987274,europe,3,1322770,23
VN2_1505066190,sea,2,1345266,23
VN2_1508872331,sea,2,1026793,18
VN2_1507544853,sea,3,693748,12
NA1_5604083176,americas,1,915429,16
KR_8306268908,asia,8,1422309,24
VN2_1506913420,sea,3,1239696,21
NA1_5602503209,americas,9,2077054,35
EUW1_7918013789,europe,7,1220425,21
EUW1_7918013789,europe,1,1916694,32
VN2_1505344264,sea,3,1384739,24
VN2_1505228821,sea,3,1153184,20
VN2_1504870421,sea,3,732546,13
VN2_1505612361,sea,8,876085,15
NA1_5601464769,americas,8,1160190,20
EUW1_7920974390,europe,3,885393,15
EUW1_7920974390,europe,2,1002293,17
EUW1_7922571978,europe,3,2021005,34
VN2_1502990335,sea,8,1686456,29
VN2_1484958900,sea,3,1019667,17
VN2_1499251014,sea,8,884675,15
VN2_1508471334,sea,8,1136608,19
VN2_1506864661,sea,8,1707037,29
VN2_1507738657,sea,4,1030739,18
VN2_1507738657,sea,3,1333156,23
EUW1_7918785108,europe,9,1391225,24
EUW1_7922862171,europe,3,1546911,26
VN2_1503467892,sea,8,1656203,28
VN2_1494483252,sea,8,1218459,21
VN2_1506656668,sea,3,1145187,20
VN2_1505913200,sea,8,721217,13
VN2_1505833056,sea,8,944012,16
VN2_1507090207,sea,8,1189877,20
VN2_1502526896,sea,3,1041593,18
NA1_5602932923,americas,3,859198,15
NA1_5604858255,americas,8,1654453,28
VN2_1505542259,sea,8,1173872,20
VN2_1485185749,sea,8,1178955,20
VN2_1505718870,sea,3,1347088,23
VN2_1505718870,sea,2,1376759,23
NA1_5601382463,americas,8,1773381,30
EUW1_7917140765,europe,3,760678,13
VN2_1505759261,sea,8,938326,16
NA1_5604245082,americas,8,725890,13
VN2_1507387735,sea,3,1158506,20
VN2_1507973246,sea,6,921227,16
KR_8294319287,asia,2,999236,17
VN2_1503441342,sea,3,1850965,31
VN2_1505355897,sea,3,1762039,30
NA1_5604268688,americas,7,759519,13
VN2_1507644237,sea,3,1367274,23
VN2_1505116442,sea,3,857876,15
VN2_1503222012,sea,8,1185429,20
VN2_1507679840,sea,1,656852,11
NA1_5603492497,americas,1,810818,14
NA1_5604822043,americas,8,1064874,18
VN2_1504153066,sea,7,856200,15
KR_8306495770,asia,8,1335856,23
VN2_1506146985,sea,8,1474256,25
NA1_5604825571,americas,3,1208479,21
VN2_1503974815,sea,4,763337,13
VN2_1503974815,sea,3,790705,14
VN2_1503974815,sea,4,857401,15
VN2_1495435748,sea,9,1073258,18
NA1_5603411889,americas,3,980427,17
KR_8304554476,asia,4,1037477,18
KR_8304554476,asia,9,1573537,27
EUW1_7920485730,europe,3,803258,14
NA1_5604027569,americas,8,1298711,22
KR_8306208966,asia,2,1039617,18
NA1_5603129461,americas,7,1237628,21
KR_8295418398,asia,4,2236758,38
VN2_1491757817,sea,8,856648,15
EUW1_7922204398,europe,3,825836,14
NA1_5601390341,americas,3,1052018,18
NA1_5603069760,americas,8,795887,14
VN2_1497868282,sea,3,1131315,19
EUW1_7919782896,europe,3,915821,16
EUW1_7916328888,europe,3,1568326,27
NA1_5602440405,americas,7,1331774,23
NA1_5600831886,americas,7,938613,16
NA1_5600831886,americas,2,1097864,19
NA1_5600840415,americas,4,930320,16
VN2_1476157646,sea,6,1463801,25
KR_8297355010,asia,7,1828068,31
EUW1_7919440262,europe,2,1898549,32
EUW1_7920695310,europe,7,1252466,21
VN2_1506540447,sea,8,1194706,20
VN2_1496807503,sea,8,1929617,33
VN2_1497559887,sea,10,566835,10
NA1_5602032272,americas,10,1677805,28
NA1_5602032272,americas,4,1789551,30
EUW1_7918198664,europe,8,1033520,18
EUW1_7921574715,europe,8,1290117,22
VN2_1508378815,sea,3,1575739,27
KR_8305093925,asia,7,740196,13
KR_8305093925,asia,8,1952534,33
KR_8305093925,asia,3,1962140,33
EUW1_7913875429,europe,7,1187076,20
EUW1_7921325997,europe,4,1268911,22
VN2_1505157561,sea,4,2027791,34
KR_8306491653,asia,9,1058386,18
VN2_1505372390,sea,2,1005669,17
NA1_5600882558,americas,3,1203285,21
KR_8306282602,asia,2,1297488,22
VN2_1500109292,sea,7,1242409,21
VN2_1484259620,sea,8,952594,16
KR_8305380197,asia,3,1358621,23
VN2_1503763279,sea,8,786371,14
VN2_1508650356,sea,3,1620211,27
VN2_1508322623,sea,3,874504,15
VN2_1486496253,sea,8,884404,15
EUW1_7919607993,europe,9,1183697,20
EUW1_7919607993,europe,3,2149541,36
VN2_1504372998,sea,8,1353183,23
VN2_1504372998,sea,8,1519116,26
VN2_1509273441,sea,3,1016596,17
VN2_1507117950,sea,7,1493137,25
NA1_5604264026,americas,3,1476897,25
EUW1_7912520480,europe,3,1728251,29
EUW1_7922329601,europe,7,856953,15
VN2_1476994438,sea,8,765810,13
EUW1_7919243410,europe,4,1153460,20
VN2_1493938568,sea,5,812129,14
NA1_5604803591,americas,9,977700,17
EUW1_7921078590,europe,3,982103,17
VN2_1507968822,sea,8,1418108,24
VN2_1485634103,sea,3,815224,14
VN2_1503543397,sea,8,1828489,31
VN2_1503543397,sea,9,1837236,31
VN2_1507618147,sea,3,1823674,31
EUW1_7922301703,europe,9,1382001,24
NA1_5604963798,americas,9,795454,14
VN2_1508629143,sea,8,802851,14
VN2_1508629143,sea,7,804030,14
KR_8304928724,asia,3,914632,16
KR_8304754821,asia,4,866195,15
KR_8301940623,asia,3,1145120,20
VN2_1504197761,sea,2,1166043,20
NA1_5604804534,americas,8,1148244,20
KR_8305113008,asia,9,1336699,23
KR_8305113008,asia,7,1460058,25
VN2_1483364779,sea,8,1507953,26
VN2_1483364779,sea,8,1681498,29
KR_8306206997,asia,3,1325901,23
VN2_1484710877,sea,8,692587,12
VN2_1503811021,sea,8,1373738,23
VN2_1503811021,sea,9,1431085,24
VN2_1508586845,sea,9,1846952,31
VN2_1498459787,sea,2,1277896,22
VN2_1498459787,sea,8,1679112,28
VN2_1508206372,sea,3,1188777,20
NA1_5603957180,americas,4,1444375,25
EUW1_7919469853,europe,1,685144,12
VN2_1506972730,sea,1,983190,17
VN2_1505715368,sea,3,696478,12
EUW1_7917355477,europe,8,1124914,19
NA1_5598959394,americas,3,927576,16
VN2_1506498235,sea,7,713114,12
VN2_1507743264,sea,8,1079719,18
VN2_1504897896,sea,2,1211210,21
VN2_1489621883,sea,3,820544,14
NA1_5601469415,americas,3,1039973,18
VN2_1508326354,sea,8,1415662,24
NA1_5601526113,americas,10,1763444,30
VN2_1502571618,sea,8,1442508,25
EUW1_7920215539,europe,10,1839063,31
EUW1_7920215539,europe,9,2347371,40
EUW1_7919382518,europe,2,1205449,21
EUW1_7920821995,europe,7,1171343,20
VN2_1500956187,sea,8,1356883,23
VN2_1505343036,sea,7,1559708,26
VN2_1458122426,sea,8,1006426,17
EUW1_7922503865,europe,8,1488089,25
VN2_1499245814,sea,8,1093304,19
VN2_1489867839,sea,7,799145,14
EUW1_7921032580,europe,3,717334,12
VN2_1508528148,sea,5,1777096,30
VN2_1501847056,sea,3,1015039,17
VN2_1499779396,sea,5,1072405,18
EUW1_7918585252,europe,4,1901186,32
VN2_1507100455,sea,7,1098933,19
KR_8303713971,asia,3,1062735,18
VN2_1507267933,sea,7,1008569,17
VN2_1507909242,sea,3,615644,11
VN2_1425560362,sea,7,1444531,25
VN2_1503534893,sea,8,686328,12
VN2_1501000127,sea,7,1621281,28
VN2_1501566200,sea,8,646822,11
VN2_1501566200,sea,7,683423,12
EUW1_7919426058,europe,5,1365793,23
EUW1_7922373752,europe,4,1476500,25
KR_8305805976,asia,2,1383761,24
EUW1_7919081464,europe,10,1512013,26
NA1_5602859150,americas,2,1685410,29
VN2_1494543081,sea,3,1423479,24
VN2_1432950368,sea,7,703015,12
VN2_1508012213,sea,3,523198,9
NA1_5604553862,americas,9,1372357,23
NA1_5604553862,americas,8,1435076,24
NA1_5601481429,americas,9,681460,12
KR_8305277305,asia,2,947451,16
VN2_1503738230,sea,5,1088179,19
VN2_1505021740,sea,1,867798,15
NA1_5603442820,americas,3,1423028,24
VN2_1505918919,sea,4,708100,12
VN2_1505918919,sea,8,1366162,23
VN2_1508324422,sea,2,1273296,22
NA1_5602706238,americas,8,837952,14
VN2_1502241313,sea,3,710779,12
VN2_1506598155,sea,2,1004799,17
VN2_1506598155,sea,2,1091395,19
VN2_1507709699,sea,8,738003,13
VN2_1505991748,sea,3,1172090,20
VN2_1480215244,sea,3,1579866,27
NA1_5602083744,americas,6,1611253,27
VN2_1497348547,sea,7,1299447,22
NA1_5603351247,americas,5,1422995,24
KR_8306440709,asia,8,969231,17
VN2_1504598485,sea,8,1012401,17
VN2_1499665308,sea,7,1161880,20
VN2_1484319660,sea,8,1244085,21
VN2_1504763881,sea,7,1081677,19
NA1_5604220849,americas,2,1473960,25
NA1_5604199226,americas,5,1248297,21
VN2_1507127894,sea,5,1572636,27
VN2_1509217140,sea,8,1280555,22
VN2_1509217140,sea,9,1284430,22
VN2_1503786302,sea,1,820666,14
NA1_5599550572,americas,8,710102,12
VN2_1490186668,sea,7,698666,12
EUW1_7915249288,europe,8,1350828,23
VN2_1498420816,sea,8,1741024,30
NA1_5604145348,americas,1,1567044,27
VN2_1504571554,sea,1,1415414,24
VN2_1504571554,sea,1,1419756,24
VN2_1492828194,sea,7,1686141,29
VN2_1508461401,sea,8,924073,16
VN2_1509476557,sea,8,1374574,23
VN2_1503302712,sea,1,1826764,31
KR_8305121648,asia,7,1511406,26
NA1_5601457326,americas,7,1337698,23
VN2_1507383567,sea,4,1928796,33
VN2_1507383567,sea,3,2034650,34
VN2_1506594729,sea,8,1449699,25
VN2_1503293599,sea,6,1734968,29
VN2_1505806126,sea,4,1619108,27
EUW1_7921575119,europe,8,1309137,22
NA1_5604282048,americas,9,1114236,19
NA1_5602066281,americas,8,1289617,22
NA1_5600692270,americas,3,1499266,25
KR_8304921981,asia,3,1531444,26
EUW1_7921999727,europe,8,1062408,18
NA1_5604823764,americas,9,1804567,31
EUW1_7921870286,europe,3,1157943,20
VN2_1504410945,sea,8,1438629,24
NA1_5601766848,americas,3,1220484,21
NA1_5601766848,americas,9,1236180,21
VN2_1506136477,sea,3,997047,17
VN2_1495503936,sea,2,1199083,20
VN2_1491877888,sea,10,1259497,21
KR_8295678617,asia,9,1910170,32
VN2_1507484181,sea,3,1233055,21
NA1_5604263428,americas,4,1279726,22
VN2_1503221996,sea,2,956106,16
EUW1_7919838567,europe,9,1106076,19
VN2_1508858662,sea,3,1575881,27
VN2_1505884831,sea,2,1495898,25
NA1_5604954029,americas,3,1392788,24
KR_8305408450,asia,3,1126622,19
NA1_5604269323,americas,10,1167381,20
VN2_1506788231,sea,4,954444,16
NA1_5601549618,americas,3,1345667,23
VN2_1507978386,sea,3,1588796,27
VN2_1495717650,sea,2,1046101,18
VN2_1492686269,sea,3,1195588,20
VN2_1492686269,sea,8,1955415,33
KR_8299227507,asia,8,1140292,19
EUW1_7916267210,europe,2,743013,13
EUW1_7916267210,europe,4,1179815,20
EUW1_7916267210,europe,3,1288797,22
VN2_1496110627,sea,7,769163,13
EUW1_7920428989,europe,3,1527875,26
KR_8281516938,asia,2,1385622,24
KR_8293562683,asia,8,1087799,19
NA1_5600619126,americas,10,1203446,21
VN2_1504654761,sea,4,1079196,18
VN2_1480949978,sea,6,1637934,28
VN2_1496024886,sea,8,1124388,19
VN2_1504115466,sea,3,1315532,22
VN2_1504115466,sea,4,1548094,26
EUW1_7923133052,europe,8,1584566,27
EUW1_7923133052,europe,8,1723283,29
EUW1_7923153145,europe,8,1171844,20
VN2_1509414460,sea,3,1172515,20
VN2_1501346378,sea,8,929825,16
NA1_5604457610,americas,3,1081002,19
VN2_1499739699,sea,2,1525782,26
NA1_5604127939,americas,3,1593198,27
KR_8304509480,asia,3,1898614,32
VN2_1507843002,sea,8,1536145,26
VN2_1502591295,sea,3,907573,16
KR_8304665454,asia,8,729320,13
VN2_1494628058,sea,2,1274315,22
EUW1_7922534498,europe,6,1272728,22
NA1_5601467930,americas,10,1552820,26
VN2_1506857020,sea,2,893199,15
VN2_1501825153,sea,2,560414,10
NA1_5604677527,americas,8,1429106,24
VN2_1507889559,sea,8,890158,15
VN2_1508811350,sea,7,1497661,25
VN2_1505679944,sea,7,895352,15
KR_8304564375,asia,7,1460540,25
VN2_1505524425,sea,7,1235115,21
VN2_1508058054,sea,7,1326009,23
NA1_5604208761,americas,7,1071323,18
KR_8297566221,asia,2,1120427,19
EUW1_7922906000,europe,7,1337149,23
VN2_1484717192,sea,3,827923,14
VN2_1508781733,sea,3,1210677,21
VN2_1505356668,sea,8,1437157,24
VN2_1501528311,sea,3,907607,16
KR_8304527294,asia,8,1132362,19
VN2_1502394027,sea,9,1699656,29
KR_8305077100,asia,2,1120672,19
NA1_5603489584,americas,8,1535774,26
KR_8304907661,asia,4,1212905,21
NA1_5602701841,americas,3,2208302,37
VN2_1497372304,sea,8,1245370,21
KR_8303538304,asia,7,1287853,22
VN2_1509274333,sea,3,1513522,26
VN2_1491710872,sea,7,1532613,26
EUW1_7913306494,europe,8,671676,12
VN2_1501450136,sea,8,791262,14
KR_8304636151,asia,7,1462287,25
VN2_1507332339,sea,3,754620,13
NA1_5603500442,americas,3,1426444,24
VN2_1503417210,sea,2,406263,7
VN2_1499919509,sea,4,1509933,26
VN2_1490726507,sea,3,850574,15
EUW1_7917257687,europe,8,792024,14
EUW1_7923094469,europe,5,1070652,18
VN2_1497350886,sea,3,886961,15
VN2_1474958185,sea,8,1316072,22
VN2_1503954067,sea,8,1229832,21
KR_8305374768,asia,3,968674,17
VN2_1500586596,sea,4,771709,13
VN2_1500586596,sea,8,1248341,21
VN2_1507426440,sea,7,565795,10
VN2_1507039863,sea,2,1122001,19
VN2_1506519007,sea,7,1622047,28
KR_8306304322,asia,2,233110,4
VN2_1507793637,sea,1,1580568,27
VN2_1509410405,sea,7,990132,17
KR_8276138496,asia,7,1456340,25
VN2_1501705904,sea,3,1219666,21
VN2_1509044874,sea,8,1187433,20
VN2_1497136391,sea,3,1430567,24
VN2_1497136391,sea,2,1736058,29
VN2_1486301172,sea,7,1053561,18
EUW1_7917068151,europe,4,1624292,28
VN2_1489285929,sea,2,1671311,28
VN2_1504613332,sea,8,1169945,20
KR_8305724082,asia,3,1059040,18
VN2_1497648820,sea,8,857327,15
VN2_1506794057,sea,3,1123073,19
NA1_5604163197,americas,3,1503348,26
KR_8301725559,asia,8,1558971,26
KR_8301725559,asia,7,1798474,30
KR_8306192938,asia,2,583167,10
KR_8306192938,asia,4,1135882,19
KR_8306192938,asia,7,1501598,26
VN2_1505061318,sea,8,1030908,18
VN2_1504844718,sea,4,1056025,18
VN2_1503913792,sea,9,794350,14
VN2_1503970533,sea,7,1361538,23
KR_8305668216,asia,8,463943,8
VN2_1501067113,sea,2,341524,6
VN2_1501067113,sea,2,671979,12
NA1_5604826735,americas,8,754029,13
NA1_5604619461,americas,4,1607712,27
KR_8304517081,asia,3,1712344,29
VN2_1495611048,sea,2,763367,13
VN2_1495611048,sea,3,1131846,19
VN2_1508114859,sea,8,690638,12
NA1_5604499431,americas,7,981066,17
VN2_1507144770,sea,7,1062007,18
VN2_1507514323,sea,7,1166986,20
VN2_1500158895,sea,2,1700643,29
VN2_1503758469,sea,6,1621415,28
KR_8288885670,asia,4,951116,16
KR_8288885670,asia,3,1130398,19
VN2_1504715445,sea,7,1739950,29
NA1_5603355699,americas,7,1381047,24
KR_8306253641,asia,3,1278752,22
VN2_1505378069,sea,5,1687255,29
VN2_1505210625,sea,7,955472,16
NA1_5601881348,americas,7,799366,14
VN2_1497260786,sea,8,1130228,19
NA1_5602132368,americas,4,1133097,19
VN2_1504465013,sea,3,1372237,23
VN2_1489152345,sea,4,1596600,27
VN2_1489152345,sea,7,1660825,28
KR_8290959174,asia,3,1273210,22
VN2_1477104320,sea,2,783096,14
NA1_5604393585,americas,8,1683170,29
VN2_1508513458,sea,10,1454238,25
VN2_1505981905,sea,2,986991,17
EUW1_7914306078,europe,7,824499,14
EUW1_7914306078,europe,4,1828341,31
KR_8306165206,asia,3,1743441,30
VN2_1509070284,sea,3,641755,11
VN2_1507852086,sea,9,2173136,37
VN2_1506030595,sea,8,1012829,17
EUW1_7922130320,europe,7,1083387,19
VN2_1498489880,sea,2,976692,17
VN2_1501295203,sea,7,1537282,26
EUW1_7922278643,europe,8,1335099,23
NA1_5603443974,americas,10,1612252,27
KR_8306335133,asia,8,879422,15
KR_8303880003,asia,2,1334716,23
NA1_5602934572,americas,3,1169502,20
VN2_1506018333,sea,3,1162656,20
VN2_1496554930,sea,3,1393733,24
VN2_1503620323,sea,2,218421,4
VN2_1505779866,sea,8,812640,14
KR_8286482022,asia,1,913181,16
VN2_1509081392,sea,3,1565300,27
VN2_1486062096,sea,8,1833802,31
VN2_1502353672,sea,8,799510,14
KR_8299589098,asia,7,1128294,19
VN2_1503086700,sea,8,786195,14
KR_8299191813,asia,4,1459360,25
EUW1_7921343375,europe,3,1323627,23
KR_8306421377,asia,8,1049279,18
NA1_5602159249,americas,10,1850947,31
VN2_1503174615,sea,7,1086935,19
NA1_5602015092,americas,7,836043,14
NA1_5602015092,americas,8,909373,16
KR_8290946898,asia,3,703140,12
VN2_1500086262,sea,1,1541317,26
VN2_1483829610,sea,2,1178602,20
KR_8303478880,asia,8,637677,11
VN2_1495110937,sea,10,1158592,20
VN2_1508341362,sea,7,1061547,18
EUW1_7919162758,europe,5,784535,14
VN2_1507150743,sea,3,881300,15
VN2_1501214069,sea,3,1212039,21
VN2_1492894673,sea,8,1439114,24
VN2_1500813099,sea,8,936471,16
VN2_1507163061,sea,3,638233,11
NA1_5602066554,americas,9,1256058,21
VN2_1499860299,sea,2,1418361,24
EUW1_7921537941,europe,2,1126892,19
VN2_1490758783,sea,2,1441320,25
VN2_1508520175,sea,8,1499879,25
NA1_5602010806,americas,1,1109069,19
VN2_1481824726,sea,2,1593376,27
VN2_1490999681,sea,9,1583359,27
VN2_1503989828,sea,8,1490625,25
EUW1_7920267553,europe,8,1951306,33
VN2_1505360647,sea,9,685579,12
KR_8306054711,asia,8,792042,14
NA1_5601527230,americas,8,1756522,30
VN2_1508144608,sea,3,758807,13
VN2_1507874780,sea,3,1387581,24
VN2_1503258989,sea,2,759071,13
VN2_1503258989,sea,2,1644190,28
VN2_1508021349,sea,4,1707033,29
EUW1_7921150944,europe,3,1260527,22
EUW1_7921150944,europe,9,1479289,25
VN2_1498836735,sea,7,1382771,24
VN2_1505950840,sea,3,652858,11
VN2_1505950840,sea,1,1121236,19
VN2_1502800316,sea,3,878751,15
NA1_5603337398,americas,10,1195115,20
NA1_5603337398,americas,1,2181231,37
VN2_1506712351,sea,2,664085,12
VN2_1506712351,sea,3,787113,14
VN2_1506284653,sea,3,1473085,25
VN2_1503773510,sea,3,759573,13
VN2_1507921984,sea,8,915668,16
KR_8306113327,asia,8,1260918,22
EUW1_7918519167,europe,9,662059,12
NA1_5604648385,americas,8,1381880,24
NA1_5604068688,americas,3,1220461,21
EUW1_7922534119,europe,6,704543,12
VN2_1506213561,sea,8,1159595,20
VN2_1507735043,sea,8,1402063,24
VN2_1507735043,sea,8,1408542,24
EUW1_7918568738,europe,3,1726042,29
NA1_5600869609,americas,4,1447622,25
VN2_1501070961,sea,1,1097580,19
EUW1_7915037183,europe,4,1711738,29
VN2_1506958012,sea,9,1128248,19
VN2_1504780335,sea,3,1795227,30
VN2_1506845695,sea,2,1420613,24
VN2_1489216405,sea,3,1292357,22
NA1_5603102556,americas,9,1018710,17
VN2_1503837851,sea,8,1970568,33
NA1_5602967958,americas,1,1169140,20
NA1_5602967958,americas,7,1179448,20
VN2_1504371014,sea,3,737188,13
KR_8304948820,asia,4,1273512,22
EUW1_7922789816,europe,6,1398611,24
VN2_1507237908,sea,8,678535,12
EUW1_7912547348,europe,7,2043348,35
EUW1_7922107027,europe,7,1138020,19
KR_8303984322,asia,2,1577884,27
NA1_5605159617,americas,3,2035804,34
VN2_1505290465,sea,9,853368,15
VN2_1505290465,sea,7,1328151,23
VN2_1467967601,sea,3,933177,16
KR_8305060417,asia,10,1504888,26
NA1_5602536295,americas,8,1055652,18
EUW1_7919706380,europe,8,823825,14
VN2_1506547603,sea,2,1854733,31
EUW1_7919829775,europe,5,1204553,21
VN2_1488851611,sea,7,1673958,28
VN2_1500952819,sea,8,1148184,20
VN2_1507753402,sea,9,1833568,31
VN2_1507470386,sea,3,807127,14
VN2_1502207017,sea,8,970174,17
KR_8304073467,asia,8,1182062,20
KR_8287701949,asia,2,927864,16
EUW1_7922243722,europe,3,924052,16
EUW1_7922243722,europe,8,1198700,20
EUW1_7922243722,europe,7,1643647,28
VN2_1502400181,sea,2,1216063,21
KR_8299687443,asia,3,1623891,28
KR_8300873384,asia,3,859954,15
VN2_1499787790,sea,7,1164296,20
EUW1_7921888128,europe,7,1852079,31
VN2_1507296029,sea,7,696163,12
VN2_1506593481,sea,7,718774,12
VN2_1502336116,sea,3,704156,12
KR_8303253019,asia,8,1071440,18
KR_8303253019,asia,3,1163477,20
KR_8303253019,asia,7,1760602,30
KR_8305390941,asia,3,730395,13
VN2_1509079596,sea,7,1168393,20
VN2_1492896453,sea,2,1303258,22
VN2_1506684183,sea,8,1299081,22
KR_8305746375,asia,9,1366469,23
NA1_5601522337,americas,2,904144,16
NA1_5601522337,americas,3,984843,17
VN2_1506946427,sea,8,1663862,28
VN2_1507363459,sea,3,1947258,33
VN2_1503548390,sea,7,692548,12
VN2_1504310990,sea,3,1264622,22
EUW1_7922509484,europe,4,780653,14
NA1_5602192174,americas,3,753128,13
VN2_1507075711,sea,9,1298531,22
EUW1_7920334374,europe,8,1199850,20
VN2_1502831341,sea,8,1948241,33
EUW1_7919928123,europe,3,777772,13
EUW1_7922072419,europe,8,1509018,26
EUW1_7920957006,europe,8,1820720,31
VN2_1505011324,sea,1,773599,13
VN2_1502490072,sea,2,778200,13
VN2_1500833788,sea,8,1804742,31
VN2_1505412463,sea,1,1176244,20
EUW1_7917940921,europe,5,1551823,26
EUW1_7922268884,europe,9,1704927,29
EUW1_7922268884,europe,8,1748072,30
VN2_1486416502,sea,8,1789102,30
VN2_1500887311,sea,7,918960,16
VN2_1500887311,sea,8,1124989,19
NA1_5602656821,americas,7,1507718,26
VN2_1506177316,sea,10,1414234,24
VN2_1506350914,sea,8,1080067,18
EUW1_7921405285,europe,3,676032,12
KR_8303016824,asia,8,1438353,24
KR_8306196833,asia,8,868043,15
VN2_1506765501,sea,5,1556691,26
VN2_1493482864,sea,3,1227834,21
VN2_1503037022,sea,3,728199,13
VN2_1478927353,sea,10,1274919,22
VN2_1502661914,sea,1,1249270,21
NA1_5604086218,americas,8,1182366,20
VN2_1508088156,sea,8,1365972,23
KR_8303774974,asia,8,1460432,25
KR_8303774974,asia,9,1550795,26
VN2_1491057572,sea,3,738362,13
NA1_5604784438,americas,7,1227605,21
VN2_1507967920,sea,8,1527182,26
VN2_1362821491,sea,7,483905,9
VN2_1495341831,sea,7,620416,11
KR_8301852177,asia,9,932796,16
NA1_5602424080,americas,3,2035865,34
KR_8305376639,asia,7,1193709,20
VN2_1499570851,sea,3,1172220,20
VN2_1504612740,sea,8,430975,8
KR_8302654034,asia,8,1128281,19
EUW1_7922056312,europe,8,1883441,32
KR_8304576011,asia,3,873076,15
NA1_5603266982,americas,7,599637,10
VN2_1504544437,sea,7,511846,9
EUW1_7921427944,europe,3,1318209,22
VN2_1508170827,sea,8,1736679,29
KR_8306304978,asia,2,1070615,18
NA1_5594983931,americas,8,1341529,23
NA1_5597722152,americas,3,1178765,20
VN2_1507421626,sea,7,1005634,17
VN2_1507421626,sea,7,1008272,17
VN2_1494328577,sea,3,1193424,20
VN2_1505947835,sea,5,711502,12
VN2_1501871834,sea,3,1528142,26
VN2_1496760181,sea,4,2215415,37
VN2_1495789997,sea,4,1621424,28
VN2_1506376578,sea,4,1566008,27
VN2_1502414806,sea,7,1002062,17
VN2_1506690098,sea,1,2008648,34
EUW1_7923094845,europe,7,1035344,18
VN2_1507951036,sea,4,1252432,21
NA1_5601734819,americas,10,853002,15
VN2_1508152722,sea,8,1006276,17
VN2_1477694977,sea,8,1597731,27
EUW1_7917821597,europe,9,1495833,25
NA1_5604051329,americas,5,672763,12
VN2_1491029471,sea,8,1106588,19
VN2_1498468773,sea,6,773203,13
VN2_1506388617,sea,8,1557667,26
NA1_5594934843,americas,8,1280941,22
VN2_1505602583,sea,8,1184998,20
VN2_1509220515,sea,8,1846829,31
VN2_1499253069,sea,10,1394727,24
KR_8303317478,asia,3,1430515,24
NA1_5603519104,americas,3,1154881,20
VN2_1501733185,sea,10,1315340,22
VN2_1501733185,sea,8,1498543,25
NA1_5601942486,americas,3,1361382,23
NA1_5601942486,americas,10,1641670,28
VN2_1504863811,sea,3,1649102,28
VN2_1509263645,sea,8,879249,15
VN2_1509263645,sea,7,1082795,19
KR_8304758969,asia,9,1431564,24
EUW1_7917085023,europe,4,1895105,32
VN2_1500120987,sea,7,1004211,17
KR_8306270048,asia,8,1252787,21
KR_8306059499,asia,9,1640726,28
VN2_1505789751,sea,7,989642,17
VN2_1344958185,sea,8,754239,13
VN2_1505416056,sea,8,1454309,25
VN2_1505969042,sea,3,1443565,25
EUW1_7920751246,europe,3,903037,16
KR_8304924081,asia,3,864420,15
EUW1_7920025479,europe,8,738068,13
EUW1_7923173864,europe,8,1148779,20
VN2_1504888187,sea,3,1491768,25
EUW1_7910392260,europe,7,886057,15
KR_8306201828,asia,8,639113,11
KR_8305532428,asia,3,680412,12
VN2_1505261856,sea,3,1254541,21
VN2_1487334629,sea,8,901133,16
NA1_5602858905,americas,9,1024706,18
KR_8300518266,asia,9,1040209,18
EUW1_7923228074,europe,3,1031105,18
VN2_1508053294,sea,6,1884510,32
VN2_1503009143,sea,7,1235095,21
NA1_5602057333,americas,2,422263,8
KR_8300259438,asia,3,1150379,20
VN2_1425500849,sea,8,792101,14
EUW1_7923045571,europe,8,1413937,24
VN2_1503924066,sea,3,1624961,28
NA1_5602890279,americas,5,1528412,26
VN2_1508850599,sea,8,1220907,21
EUW1_7922270469,europe,8,1713815,29
VN2_1498446233,sea,3,1636600,28
KR_8306535098,asia,3,1385975,24
VN2_1506262367,sea,2,1756022,30
EUW1_7916185322,europe,3,1892835,32
VN2_1505058467,sea,3,1576589,27
VN2_1504271187,sea,9,1080445,19
VN2_1500227138,sea,7,838956,14
VN2_1505977753,sea,8,1408831,24
KR_8292248549,asia,8,1921341,33
KR_8306133829,asia,3,942214,16
KR_8306133829,asia,8,967536,17
VN2_1502569391,sea,8,1242550,21
VN2_1490172340,sea,8,1497216,25
VN2_1498050260,sea,3,1036053,18
VN2_1503316710,sea,2,532581,9
VN2_1509274247,sea,8,1719016,29
EUW1_7918492322,europe,2,972664,17
EUW1_7918492322,europe,3,1271846,22
EUW1_7918492322,europe,10,1428834,24
VN2_1505343549,sea,7,888926,15
VN2_1498676119,sea,4,2349320,40
VN2_1499965962,sea,3,1552078,26
KR_8304962578,asia,4,1287943,22
VN2_1484709807,sea,8,1395096,24
VN2_1507351772,sea,8,909460,16
VN2_1508983193,sea,8,1156613,20
VN2_1500325895,sea,2,870779,15
VN2_1505482589,sea,3,996007,17
EUW1_7911698626,europe,8,1431740,24
EUW1_7911698626,europe,9,1760652,30
EUW1_7911582603,europe,7,1422732,24
VN2_1508655851,sea,7,803111,14
VN2_1504188682,sea,9,1306183,22
VN2_1509109941,sea,8,1585905,27
VN2_1504303916,sea,2,741135,13
VN2_1508574954,sea,3,757214,13
VN2_1506666438,sea,8,1579308,27
KR_8304821631,asia,7,633310,11
VN2_1506465596,sea,8,1552433,26
VN2_1504915301,sea,9,1434487,24
NA1_5600752681,americas,9,1076907,18
VN2_1505989300,sea,8,1181054,20
VN2_1505707173,sea,8,1474760,25
VN2_1498008475,sea,8,907660,16
KR_8304745770,asia,6,1047791,18
VN2_1508506976,sea,3,1825253,31
VN2_1491043817,sea,8,1518127,26
VN2_1500166598,sea,7,705786,12
NA1_5602272593,americas,3,1474637,25
VN2_1504220455,sea,2,1496583,25
EUW1_7919867217,europe,8,702561,12
EUW1_7920718010,europe,1,1693151,29
VN2_1501811420,sea,3,1493507,25
VN2_1461081074,sea,8,1329430,23
EUW1_7921608343,europe,7,1083068,19
VN2_1504051758,sea,8,886810,15
NA1_5604074770,americas,3,818914,14
VN2_1501373535,sea,9,1088227,19
NA1_5603271932,americas,2,1095797,19
NA1_5603271932,americas,1,1431619,24
NA1_5604713471,americas,3,744095,13
VN2_1500873689,sea,9,1085348,19
VN2_1498682656,sea,7,992750,17
KR_8305080524,asia,3,1234126,21
KR_8305080524,asia,9,1663143,28
VN2_1501893996,sea,8,1404133,24
VN2_1496644560,sea,2,970907,17
VN2_1509113500,sea,7,728611,13
NA1_5600791669,americas,9,1312773,22
NA1_5600791669,americas,8,2174299,37
VN2_1507522607,sea,2,1184739,20
KR_8303345951,asia,3,1213949,21
KR_8303345951,asia,4,1310779,22
VN2_1503550726,sea,3,1276808,22
VN2_1503576435,sea,2,865318,15
NA1_5604797622,americas,8,1217342,21
EUW1_7910367176,europe,8,802715,14
EUW1_7910367176,europe,7,968859,17
NA1_5604834198,americas,3,2087120,35
VN2_1499336924,sea,3,1212378,21
VN2_1505971513,sea,8,1397378,24
EUW1_7918267947,europe,8,1435696,24
NA1_5604666802,americas,8,1401477,24
VN2_1506044443,sea,7,1285650,22
VN2_1506426914,sea,9,1148445,20
VN2_1506426914,sea,8,1487458,25
NA1_5604180908,americas,10,904567,16
NA1_5604180908,americas,5,1328581,23
EUW1_7916487612,europe,3,791005,14
EUW1_7917805399,europe,1,1333718,23
VN2_1498978063,sea,10,1353331,23
EUW1_7921433444,europe,2,1130641,19
VN2_1490429935,sea,8,1507407,26
VN2_1507076237,sea,3,1527900,26
VN2_1502418602,sea,8,1204946,21
VN2_1507986569,sea,2,647002,11
VN2_1507986569,sea,8,1023647,18
VN2_1505925920,sea,8,1407063,24
EUW1_7916110112,europe,3,1160859,20
EUW1_7916110112,europe,4,1297515,22
EUW1_7920143021,europe,4,1094435,19
VN2_1500477850,sea,8,660614,12
VN2_1506340458,sea,3,854619,15
KR_8300353389,asia,8,904820,16
NA1_5603620197,americas,5,1739390,29
NA1_5603620197,americas,3,1799002,30
VN2_1501779904,sea,8,1720070,29
VN2_1509348187,sea,8,1190737,20
VN2_1506998192,sea,2,1204707,21
VN2_1506998192,sea,9,1715166,29
VN2_1502268583,sea,2,828882,14
VN2_1506488705,sea,3,763742,13
EUW1_7919279906,europe,8,874732,15
EUW1_7919279906,europe,10,1156264,20
VN2_1504153188,sea,3,836798,14
VN2_1506898085,sea,8,1079883,18
VN2_1494068868,sea,2,431670,8
VN2_1460134606,sea,2,796602,14
VN2_1460134606,sea,3,855224,15
VN2_1497126151,sea,3,882527,15
VN2_1504472424,sea,2,1013329,17
VN2_1505205999,sea,2,1390512,24
VN2_1499979015,sea,8,994191,17
VN2_1474982641,sea,6,1128914,19
VN2_1504097844,sea,8,878694,15
VN2_1503968933,sea,3,1296091,22
VN2_1496450349,sea,7,884403,15
VN2_1502717916,sea,8,1048300,18
VN2_1506955434,sea,3,2000054,34
VN2_1506955434,sea,6,2029548,34
VN2_1503224896,sea,7,1338933,23
KR_8293454581,asia,8,682914,12
KR_8293454581,asia,8,828721,14
NA1_5602579338,americas,8,819492,14
VN2_1506247701,sea,4,1034542,18
VN2_1504429369,sea,3,1212054,21
VN2_1402100941,sea,3,678443,12
VN2_1497857043,sea,8,1555893,26
NA1_5603936376,americas,9,1262830,22
NA1_5603936376,americas,7,1440225,24
EUW1_7920431835,europe,6,912278,16
EUW1_7920431835,europe,7,1298166,22
NA1_5604175254,americas,3,791434,14
NA1_5597506896,americas,8,1695893,29
EUW1_7922490514,europe,2,1424657,24
EUW1_7922490514,europe,9,1764342,30
VN2_1425047512,sea,8,1230126,21
EUW1_7921779260,europe,6,2014377,34
EUW1_7921779260,europe,6,2018585,34
VN2_1508553877,sea,8,1104177,19
KR_8285617644,asia,3,1892034,32
VN2_1498363068,sea,8,1769602,30
VN2_1499946556,sea,8,1806537,31
KR_8299210768,asia,8,768081,13
KR_8306243945,asia,2,291528,5
KR_8306243945,asia,8,1402947,24
VN2_1507373618,sea,8,998783,17
VN2_1507976757,sea,7,852331,15
NA1_5602052703,americas,4,1601461,27
NA1_5602052703,americas,6,1988697,34
NA1_5601176187,americas,10,1402526,24
VN2_1496063879,sea,3,1499424,25
VN2_1507915360,sea,10,1294466,22
VN2_1506281025,sea,8,869887,15
KR_8305799722,asia,2,717881,12
EUW1_7923170534,europe,8,1865565,32
EUW1_7921304904,europe,8,1060354,18
VN2_1505130847,sea,3,728871,13
NA1_5604979642,americas,8,1342067,23
EUW1_7906482983,europe,3,1044061,18
EUW1_7917608406,europe,9,881387,15
VN2_1487497493,sea,8,841308,15
VN2_1482322228,sea,8,1492871,25
VN2_1504828437,sea,4,1336460,23
VN2_1501093319,sea,8,1653386,28
VN2_1509364437,sea,5,1237250,21
EUW1_7918626428,europe,7,1001004,17
NA1_5602707362,americas,8,1620157,27
VN2_1508710084,sea,8,964425,17
VN2_1501015244,sea,5,1086748,19
VN2_1495567023,sea,3,1285297,22
EUW1_7915795290,europe,3,1122553,19
VN2_1508208903,sea,10,1282776,22
EUW1_7918579895,europe,2,1135851,19
NA1_5602341304,americas,8,1044409,18
NA1_5602341304,americas,1,1836535,31
VN2_1498606302,sea,6,762245,13
NA1_5600485350,americas,8,1303638,22
NA1_5600485350,americas,2,1753210,30
NA1_5600485350,americas,4,1770962,30
KR_8302716883,asia,3,1597738,27
VN2_1507856871,sea,7,1783421,30
VN2_1494209736,sea,7,586044,10
VN2_1499920518,sea,9,1974587,33
NA1_5603975538,americas,8,1284880,22
EUW1_7918748342,europe,2,1661744,28
VN2_1503649330,sea,8,1436769,24
EUW1_7919525280,europe,8,1811140,31
EUW1_7922467581,europe,1,1427762,24
VN2_1494603162,sea,7,614675,11
VN2_1494603162,sea,8,769083,13
NA1_5605031560,americas,2,1019575,17
NA1_5604523776,americas,5,1621202,28
VN2_1505406443,sea,3,1596536,27
VN2_1506759630,sea,9,1095570,19
NA1_5602510695,americas,3,1096053,19
NA1_5601086689,americas,7,1362289,23
VN2_1503059589,sea,8,850793,15
VN2_1500456097,sea,3,759142,13
VN2_1504457543,sea,7,1236448,21
KR_8303839406,asia,7,1161908,20
NA1_5604098224,americas,7,775633,13
VN2_1506488576,sea,3,837278,14
EUW1_7919536275,europe,1,1125120,19
VN2_1508665636,sea,8,895090,15
VN2_1508065122,sea,8,1501157,26
VN2_1493014270,sea,5,1418304,24
VN2_1483918632,sea,2,620996,11
VN2_1505001622,sea,10,1055665,18
KR_8300354650,asia,9,1641778,28
NA1_5600481580,americas,6,862692,15
NA1_5600481580,americas,8,1160094,20
NA1_5600481580,americas,8,1449938,25
EUW1_7922076282,europe,8,1960464,33
EUW1_7922076282,europe,8,1983784,34
VN2_1499723782,sea,9,1082371,19
VN2_1503971679,sea,6,1700392,29
VN2_1503715341,sea,3,873701,15
VN2_1503715341,sea,8,1383071,24
VN2_1505162461,sea,10,1209328,21
VN2_1476817379,sea,5,1791491,30
VN2_1504598400,sea,10,1307642,22
KR_8301738821,asia,1,809992,14
VN2_1505906789,sea,8,1771031,30
EUW1_7918517929,europe,8,1617230,27
VN2_1486073365,sea,3,1331890,23
VN2_1502609987,sea,8,967087,17
KR_8303444847,asia,8,1064049,18
NA1_5599085619,americas,7,996893,17
VN2_1401144562,sea,7,1278451,22
NA1_5597661215,americas,8,1086200,19
VN2_1503440126,sea,6,1284376,22
VN2_1500117230,sea,3,1124762,19
KR_8303673308,asia,7,1808703,31
NA1_5602638712,americas,2,1331035,23
EUW1_7922607656,europe,7,920558,16
EUW1_7922607656,europe,4,1188661,20
VN2_1503070691,sea,3,521484,9
EUW1_7921905548,europe,3,1274548,22
EUW1_7921905548,europe,3,1277687,22
VN2_1503796244,sea,3,613247,11
NA1_5604995662,americas,5,814723,14
VN2_1500181705,sea,3,1281305,22
EUW1_7922320970,europe,2,999045,17
VN2_1433908777,sea,3,2066629,35
VN2_1503882026,sea,8,1197128,20
VN2_1508130465,sea,2,1627732,28
EUW1_7919274376,europe,3,796700,14
VN2_1506302365,sea,9,713912,12
VN2_1505748088,sea,1,1235563,21
NA1_5603588605,americas,5,1600732,27
KR_8305251196,asia,3,1297621,22
KR_8304731545,asia,9,709175,12
VN2_1485574833,sea,3,1184574,20
VN2_1485574833,sea,3,1298140,22
VN2_1507803661,sea,10,936311,16
KR_8258549785,asia,8,1029555,18
VN2_1505580717,sea,8,1085473,19
NA1_5601556130,americas,3,679477,12
VN2_1499398944,sea,9,1409130,24
VN2_1499398944,sea,3,1499944,25
VN2_1503853506,sea,7,907509,16
VN2_1398455741,sea,8,1183958,20
VN2_1454484591,sea,3,1033774,18
VN2_1506097813,sea,7,863841,15
KR_8305754051,asia,3,1048052,18
KR_8299413483,asia,9,1128505,19
NA1_5597851852,americas,2,1001413,17
NA1_5597851852,americas,8,1878282,32
NA1_5602115029,americas,8,1440725,25
VN2_1509033748,sea,4,2148649,36
VN2_1507275392,sea,2,881704,15
VN2_1507275392,sea,3,1528196,26
KR_8306028903,asia,2,1292064,22
VN2_1498860487,sea,3,1125827,19
VN2_1505866288,sea,7,872669,15
VN2_1505866288,sea,8,1145304,20
EUW1_7916249343,europe,8,1607342,27
NA1_5597512673,americas,7,1699060,29
NA1_5597512673,americas,8,1981753,34
VN2_1505099339,sea,3,868243,15
VN2_1500783928,sea,8,1520418,26
VN2_1504836926,sea,2,734966,13
VN2_1504836926,sea,4,1002757,17
VN2_1486267367,sea,8,1449356,25
VN2_1507886950,sea,1,1121995,19
VN2_1506189405,sea,3,845625,15
EUW1_7923230829,europe,6,1128357,19
VN2_1508305777,sea,3,1018900,17
EUW1_7921803246,europe,6,1235552,21
NA1_5603346737,americas,7,1947776,33
VN2_1506284239,sea,8,1795844,30
KR_8304988259,asia,8,839651,14
KR_8304988259,asia,2,870490,15
VN2_1504580878,sea,2,871750,15
VN2_1497364025,sea,8,1221650,21
EUW1_7921883844,europe,9,753173,13
EUW1_7921883844,europe,9,999573,17
EUW1_7921883844,europe,8,1459902,25
VN2_1505189984,sea,8,1659517,28
VN2_1507922524,sea,9,1425747,24
NA1_5604507037,americas,6,1383239,24
NA1_5604507037,americas,7,1475767,25
NA1_5604507037,americas,5,1769834,30
VN2_1502620862,sea,4,2276998,38
KR_8304379152,asia,7,789607,14
EUW1_7919894663,europe,8,1335497,23
VN2_1496676005,sea,10,1565775,27
VN2_1504681683,sea,9,824795,14
EUW1_7917347819,europe,7,729356,13
VN2_1492341326,sea,2,1091182,19
NA1_5602580041,americas,8,1405871,24
NA1_5602640566,americas,4,756092,13
NA1_5602640566,americas,7,1194368,20
VN2_1507171889,sea,7,1602293,27
VN2_1506453402,sea,2,979519,17
EUW1_7922313671,europe,3,709013,12
VN2_1504986826,sea,3,1518614,26
VN2_1500128506,sea,4,882840,15
VN2_1498488419,sea,8,1443496,25
NA1_5603261360,americas,7,784973,14
VN2_1503767649,sea,4,750725,13
NA1_5604525386,americas,8,943390,16
VN2_1504659604,sea,5,681731,12
VN2_1500141472,sea,7,1008365,17
VN2_1502623935,sea,2,1011242,17
NA1_5602138141,americas,6,1427319,24
VN2_1477357952,sea,8,1153066,20
KR_8306318273,asia,3,884387,15
VN2_1494424211,sea,8,1323732,23
KR_8304043654,asia,8,980268,17
VN2_1505032664,sea,10,1154018,20
VN2_1507115209,sea,8,1133187,19
VN2_1507128514,sea,1,444078,8
KR_8304804654,asia,3,1864464,32
EUW1_7921822816,europe,8,1071397,18
EUW1_7921822816,europe,6,1251155,21
VN2_1507262322,sea,1,1390146,24
VN2_1457325067,sea,3,815578,14
VN2_1506769002,sea,3,1207061,21
VN2_1507908502,sea,2,1568646,27
VN2_1507908502,sea,2,1762511,30
VN2_1490872755,sea,7,921472,16
NA1_5604168488,americas,5,2009787,34
NA1_5604168488,americas,4,2189556,37
VN2_1505384427,sea,4,824746,14
VN2_1501023894,sea,3,1039240,18
VN2_1501136747,sea,8,972946,17
VN2_1504306762,sea,3,833279,14
VN2_1504306762,sea,4,1228468,21
VN2_1502742149,sea,3,1521111,26
VN2_1500923297,sea,8,1702618,29
VN2_1500923297,sea,9,1722248,29
VN2_1506902695,sea,10,790651,14
NA1_5602117563,americas,5,1518896,26
VN2_1502553936,sea,2,1532087,26
NA1_5603403937,americas,5,1941654,33
EUW1_7922598626,europe,2,1281132,22
VN2_1481514979,sea,7,1309312,22
KR_8304854707,asia,7,1556262,26
VN2_1491834815,sea,3,1411984,24
KR_8303108550,asia,4,1319598,22
KR_8303108550,asia,3,1352252,23
KR_8303108550,asia,3,1489676,25
NA1_5603935233,americas,7,885188,15
VN2_1506258617,sea,5,1254503,21
VN2_1484827587,sea,8,1927339,33
VN2_1501649960,sea,8,1389989,24
VN2_1503945559,sea,6,1506903,26
VN2_1507844392,sea,3,765569,13
NA1_5600219347,americas,8,1427459,24
VN2_1497663408,sea,8,1498987,25
NA1_5602651594,americas,9,1592947,27
NA1_5602651594,americas,7,1828378,31
VN2_1501853166,sea,8,1578101,27
NA1_5604887163,americas,10,1457785,25
KR_8304492474,asia,8,994635,17
VN2_1474249397,sea,3,582976,10
VN2_1501029402,sea,8,1609281,27
VN2_1499996863,sea,4,1237838,21
VN2_1499996863,sea,3,1237938,21
KR_8300728672,asia,4,961752,17
VN2_1501987364,sea,3,1152868,20
VN2_1502648076,sea,2,1509454,26
KR_8306350063,asia,4,850465,15
VN2_1504655741,sea,9,733156,13
VN2_1508917869,sea,7,846464,15
EUW1_7905412463,europe,2,1446898,25
VN2_1503825881,sea,8,1113000,19
NA1_5599178167,americas,10,1132023,19
EUW1_7917481891,europe,1,1170200,20
VN2_1504125811,sea,10,589117,10
NA1_5602082638,americas,8,1715147,29
EUW1_7917252679,europe,3,1903192,32
VN2_1503965192,sea,3,1030956,18
VN2_1491884009,sea,1,1326117,23
VN2_1491884009,sea,8,1624676,28
VN2_1504993806,sea,9,1913935,32
EUW1_7920500510,europe,4,1043571,18
VN2_1501217945,sea,6,768041,13
VN2_1505902149,sea,9,903571,16
NA1_5605007576,americas,8,842147,15
NA1_5603462589,americas,7,950151,16
VN2_1505760098,sea,3,1165594,20
NA1_5601004336,americas,7,1457127,25
VN2_1509227794,sea,3,1401479,24
VN2_1507816407,sea,3,1283319,22
VN2_1507997166,sea,3,1484212,25
EUW1_7919896004,europe,9,1592597,27
EUW1_7915200090,europe,5,1730078,29
KR_8305226445,asia,9,1074838,18
KR_8303673597,asia,9,1654260,28
EUW1_7923149208,europe,3,946687,16
VN2_1508252862,sea,8,1324552,23
VN2_1506811868,sea,3,885277,15
VN2_1485021552,sea,2,704941,12
VN2_1490164057,sea,7,1072327,18
VN2_1503437517,sea,8,1245682,21
KR_8305473645,asia,8,1683597,29
EUW1_7917362034,europe,3,1001417,17
EUW1_7922745098,europe,5,1569956,27
VN2_1486163315,sea,3,1454388,25
NA1_5602821352,americas,8,1709480,29
VN2_1496108676,sea,3,594406,10
VN2_1507372717,sea,3,1652411,28
KR_8306047721,asia,8,1456627,25
EUW1_7923200083,europe,8,1746995,30
KR_8301623721,asia,8,1281407,22
VN2_1499614181,sea,3,1132368,19
VN2_1499614181,sea,8,1480398,25
VN2_1506846355,sea,7,680799,12
VN2_1472667174,sea,3,1683808,29
VN2_1501550389,sea,2,1586113,27
EUW1_7920107236,europe,2,799341,14
EUW1_7921545956,europe,4,1154139,20
EUW1_7918408505,europe,4,1806684,31
VN2_1506399142,sea,3,1331318,23
EUW1_7922849190,europe,8,794964,14
KR_8302662780,asia,8,1382978,24
KR_8305270683,asia,7,1646520,28
VN2_1501750176,sea,8,1460567,25
NA1_5602929372,americas,3,931459,16
KR_8305501948,asia,2,881029,15
VN2_1501345266,sea,3,1724844,29
EUW1_7917459843,europe,1,1585631,27
KR_8297295960,asia,2,463330,8
EUW1_7918234717,europe,9,2449024,41
VN2_1484818383,sea,3,1270608,22
VN2_1484818383,sea,3,1396265,24
VN2_1506089358,sea,3,1156892,20
EUW1_7916901796,europe,3,765263,13
VN2_1506989767,sea,8,1255953,21
VN2_1507091431,sea,3,1091124,19
VN2_1502796869,sea,3,829208,14
KR_8305079763,asia,9,1260813,22
NA1_5599515689,americas,2,812539,14
NA1_5604162808,americas,6,1438711,24
NA1_5601647617,americas,9,841204,15
EUW1_7917392740,europe,4,1733241,29
VN2_1506763433,sea,9,1541589,26
VN2_1507541904,sea,2,1038028,18
KR_8305475214,asia,4,1152044,20
VN2_1509252763,sea,3,760987,13
VN2_1505962435,sea,2,693068,12
KR_8300430717,asia,9,1051806,18
VN2_1506556503,sea,3,1363446,23
VN2_1484557161,sea,3,1727293,29
VN2_1507331988,sea,8,1655034,28
VN2_1507331988,sea,3,1894741,32
VN2_1466306512,sea,8,933963,16
VN2_1466306512,sea,7,1037855,18
NA1_5597951062,americas,8,1186724,20
VN2_1503478377,sea,8,848528,15
VN2_1506967245,sea,8,1154951,20
VN2_1505148239,sea,2,1365137,23
NA1_5604206296,americas,4,1074817,18
VN2_1495187080,sea,2,1466975,25
VN2_1495187080,sea,3,1561734,27
VN2_1495187080,sea,8,1971394,33
KR_8305818803,asia,2,1511816,26
VN2_1500672403,sea,8,1255596,21
NA1_5603370996,americas,3,1670580,28
VN2_1499803774,sea,8,1435145,24
KR_8302124959,asia,4,954612,16
VN2_1506126528,sea,2,695917,12
VN2_1506126528,sea,5,724662,13
VN2_1502046737,sea,2,1365715,23
VN2_1485271032,sea,8,1557200,26
VN2_1505065700,sea,3,1046185,18
VN2_1504685384,sea,9,503623,9
VN2_1504685384,sea,8,1040211,18
KR_8306334429,asia,8,1084820,19
VN2_1500238425,sea,3,1290220,22
VN2_1507947123,sea,4,1023449,18
VN2_1499229128,sea,3,1101999,19
EUW1_7919240521,europe,9,1256411,21
VN2_1498361789,sea,8,1254867,21
VN2_1507779990,sea,3,1531298,26
KR_8305348239,asia,7,1566592,27
VN2_1502405932,sea,7,1265377,22
NA1_5604736107,americas,8,1031530,18
VN2_1504578066,sea,3,848207,15
VN2_1503613581,sea,2,1078264,18
NA1_5603348542,americas,3,1040003,18
VN2_1502719173,sea,3,1783387,30
VN2_1506348415,sea,3,900718,16
VN2_1503957283,sea,8,963888,17
VN2_1509161806,sea,8,1252641,21
VN2_1505043083,sea,8,1361012,23
VN2_1503224774,sea,3,1200336,20
VN2_1497887738,sea,3,1012245,17
VN2_1506504362,sea,8,833976,14
VN2_1488932453,sea,3,699083,12
VN2_1504601885,sea,5,1815218,31
KR_8302955362,asia,2,754153,13
VN2_1506622254,sea,2,668208,12
VN2_1498610953,sea,3,1604929,27
VN2_1503576981,sea,8,1236243,21
EUW1_7917546599,europe,3,822091,14
VN2_1504673651,sea,3,900640,16
VN2_1489681265,sea,8,1282881,22
VN2_1491205742,sea,2,1216372,21
EUW1_7914938273,europe,8,1315727,22
EUW1_7914377280,europe,3,1014685,17
NA1_5604692563,americas,10,780354,14
VN2_1508387484,sea,2,1124496,19
VN2_1507652639,sea,9,1537955,26
VN2_1505756960,sea,8,2050946,35
KR_8303601545,asia,3,1031645,18
VN2_1507923119,sea,3,953995,16
NA1_5602692340,americas,1,1262935,22
EUW1_7921303652,europe,4,1008371,17
KR_8301969151,asia,3,1536259,26
VN2_1497634606,sea,5,732827,13
VN2_1497634606,sea,8,2050976,35
EUW1_7921230501,europe,1,1617805,27
VN2_1503845108,sea,3,1502947,26
VN2_1504034415,sea,7,749846,13
VN2_1497393404,sea,3,1140553,20
VN2_1505926281,sea,3,796075,14
KR_8304875354,asia,3,650140,11
VN2_1506020951,sea,7,953201,16
VN2_1506020951,sea,9,1739982,29
NA1_5604742064,americas,4,1526646,26
VN2_1507660096,sea,3,1105296,19
EUW1_7922906517,europe,10,1629848,28
VN2_1467064732,sea,9,1689075,29
NA1_5597650574,americas,8,1732663,29
VN2_1506688163,sea,4,1035961,18
VN2_1503935763,sea,7,884055,15
VN2_1503935763,sea,9,1168344,20
VN2_1503935763,sea,9,1560074,26
VN2_1508254808,sea,8,1394587,24
VN2_1507791485,sea,7,1773241,30
NA1_5596366506,americas,3,2116776,36
EUW1_7922382850,europe,3,1235430,21
VN2_1498904977,sea,3,1297577,22
VN2_1501397474,sea,8,721560,13
KR_8290937324,asia,7,1116268,19
KR_8290937324,asia,9,1387161,24
VN2_1493982238,sea,3,1694435,29
VN2_1508167596,sea,8,1317565,22
VN2_1489603828,sea,8,1626937,28
EUW1_7920165322,europe,5,1050941,18
EUW1_7916272973,europe,7,581979,10
NA1_5601026869,americas,7,851695,15
VN2_1501244605,sea,9,1749994,30
VN2_1502716577,sea,8,1177635,20
EUW1_7923028647,europe,7,1442924,25
VN2_1508322106,sea,3,1042109,18
VN2_1508322106,sea,2,1229626,21
NA1_5603489412,americas,10,1237641,21
VN2_1495810845,sea,8,913477,16
EUW1_7922904521,europe,8,1466941,25
KR_8301360141,asia,4,871483,15
VN2_1506746766,sea,6,765539,13
VN2_1504160835,sea,9,1234408,21
VN2_1507943149,sea,4,1082108,19
EUW1_7922985655,europe,9,1027444,18
NA1_5599687931,americas,2,743224,13
NA1_5602805364,americas,8,1240843,21
VN2_1505522473,sea,4,1251672,21
VN2_1505522473,sea,8,1270070,22
EUW1_7918085993,europe,3,1652315,28
VN2_1504245513,sea,3,1058933,18
KR_8300357526,asia,3,850544,15
EUW1_7915666370,europe,8,1565860,27
VN2_1503723954,sea,4,967673,17
VN2_1504937512,sea,2,671535,12
VN2_1504937512,sea,3,686477,12
NA1_5602713274,americas,8,769132,13
VN2_1501253913,sea,9,1050522,18
KR_8303826063,asia,8,1071691,18
VN2_1502234587,sea,6,1790269,30
VN2_1502105356,sea,4,1392921,24
VN2_1505489979,sea,8,839053,14
VN2_1505489979,sea,3,1492132,25
NA1_5602990968,americas,9,1275079,22
NA1_5602990968,americas,3,1982466,34
VN2_1508080163,sea,7,926150,16
EUW1_7922568027,europe,4,931584,16
NA1_5603636469,americas,8,1826474,31
EUW1_7921092399,europe,2,1156006,20
EUW1_7921092399,europe,1,1798177,30
KR_8298570135,asia,2,1216800,21
KR_8298570135,asia,8,1259498,21
EUW1_7921398361,europe,8,1584753,27
NA1_5601316192,americas,8,1221484,21
NA1_5604632000,americas,10,1013641,17
NA1_5604632000,americas,5,1453851,25
KR_8298403182,asia,8,1625202,28
VN2_1505261449,sea,2,921733,16
EUW1_7922576302,europe,2,1005328,17
EUW1_7922576302,europe,4,1030398,18
VN2_1507060257,sea,3,1396207,24
VN2_1508695224,sea,10,1248092,21
VN2_1507800075,sea,7,1400270,24
VN2_1501081020,sea,3,1567463,27
VN2_1499239813,sea,8,658673,11
VN2_1507170146,sea,4,711053,12
VN2_1508238797,sea,3,1326375,23
EUW1_7917661750,europe,4,1431802,24
VN2_1505533945,sea,3,786045,14
VN2_1502327858,sea,8,1409377,24
NA1_5554389690,americas,3,1713780,29
VN2_1497950255,sea,2,1207897,21
NA1_5602292589,americas,6,1941730,33
VN2_1506275798,sea,9,1933938,33
NA1_5602334027,americas,2,1278692,22
VN2_1493217396,sea,4,1224147,21
KR_8300209614,asia,8,1311421,22
NA1_5601483554,americas,4,1155331,20
VN2_1506816121,sea,3,1479582,25
EUW1_7921356961,europe,8,1162836,20
VN2_1502650725,sea,3,866200,15
VN2_1505287998,sea,7,840398,15
VN2_1490354174,sea,2,1117136,19
VN2_1506798063,sea,3,981518,17
NA1_5599629010,americas,3,619402,11
NA1_5599629010,americas,2,727323,13
EUW1_7921886346,europe,1,1038472,18
VN2_1499885557,sea,8,1338165,23
NA1_5598806905,americas,3,1029516,18
NA1_5598806905,americas,4,1094623,19
KR_8305025510,asia,3,1531225,26
KR_8305025510,asia,4,1737108,29
VN2_1491126714,sea,3,1366520,23
EUW1_7922315381,europe,8,1071038,18
VN2_1501740973,sea,8,784661,14
NA1_5600308310,americas,8,1600819,27
EUW1_7919781499,europe,2,1331410,23
EUW1_7919781499,europe,6,2025888,34
VN2_1506868046,sea,8,1889721,32
VN2_1496609971,sea,2,1635437,28
VN2_1509362978,sea,2,955450,16
EUW1_7922252712,europe,7,1151060,20
NA1_5604705969,americas,10,1322481,23
VN2_1491423670,sea,8,873773,15
VN2_1491423670,sea,8,1201143,21
VN2_1507645456,sea,3,1239084,21
VN2_1491812255,sea,3,1133133,19
KR_8306209566,asia,2,1233115,21
KR_8305263798,asia,8,1074325,18
VN2_1496091510,sea,10,1494591,25
VN2_1502552424,sea,10,820178,14
EUW1_7920182435,europe,9,1359529,23
NA1_5604811531,americas,8,915315,16
NA1_5604811531,americas,2,1529402,26
KR_8301292398,asia,3,1397977,24
NA1_5603989958,americas,3,882626,15
VN2_1505107944,sea,3,1296878,22
VN2_1495875726,sea,7,791404,14
NA1_5597274780,americas,8,1252378,21
VN2_1491481506,sea,1,1064843,18
EUW1_7921571553,europe,8,1213380,21
VN2_1507192839,sea,2,629541,11
VN2_1483453154,sea,8,701698,12
VN2_1483453154,sea,3,1631176,28
VN2_1505457193,sea,2,658714,11
VN2_1505457193,sea,8,1026667,18
EUW1_7921271944,europe,8,1146406,20
VN2_1372148945,sea,7,1238378,21
VN2_1483869427,sea,3,1367029,23
NA1_5604100114,americas,8,1723934,29
NA1_5603110353,americas,8,826226,14
KR_8306230400,asia,7,800603,14
KR_8306230400,asia,2,1940262,33
VN2_1507325074,sea,8,939355,16
NA1_5603362748,americas,3,1136227,19
NA1_5603880456,americas,5,1443792,25
VN2_1493221194,sea,8,812863,14
NA1_5604583136,americas,10,1436891,24
VN2_1501386115,sea,4,1458863,25
KR_8304383655,asia,3,706108,12
VN2_1497246943,sea,3,1444358,25
EUW1_7921829946,europe,3,1079220,18
EUW1_7918144318,europe,7,2042385,35
NA1_5604583683,americas,2,1633778,28
VN2_1500008917,sea,7,1541155,26
VN2_1505892411,sea,8,1697494,29
VN2_1499865629,sea,6,1108112,19
VN2_1496602543,sea,8,923060,16
VN2_1506460337,sea,7,1701288,29
VN2_1506460337,sea,7,1741279,30
VN2_1496047101,sea,7,1105363,19
VN2_1496047101,sea,8,1205607,21
VN2_1509449538,sea,3,825299,14
EUW1_7915255994,europe,8,1097486,19
VN2_1497276326,sea,7,928217,16
VN2_1503142832,sea,8,837740,14
NA1_5595867517,americas,3,646829,11
VN2_1500324406,sea,8,793768,14
VN2_1503955418,sea,3,1376302,23
NA1_5603987025,americas,3,708798,12
NA1_5602222957,americas,3,1230835,21
KR_8303961171,asia,8,1406711,24
VN2_1505192776,sea,2,1603910,27
VN2_1505192776,sea,4,1696665,29
EUW1_7919347981,europe,5,1915786,32
EUW1_7915230324,europe,3,1348800,23
NA1_5605176396,americas,5,1059875,18
NA1_5605176396,americas,8,1486407,25
KR_8304786959,asia,2,1483460,25
VN2_1504919964,sea,5,373873,7
VN2_1509306720,sea,2,830770,14
VN2_1505339195,sea,2,811358,14
KR_8275928935,asia,3,1154205,20
NA1_5604728180,americas,3,1508974,26
VN2_1503764930,sea,7,1069292,18
VN2_1503764930,sea,7,2025797,34
KR_8306026764,asia,8,781113,14
NA1_5603473535,americas,7,907865,16
VN2_1500062584,sea,3,917600,16
NA1_5604152518,americas,3,1167264,20
KR_8304644250,asia,9,1054339,18
VN2_1506846246,sea,2,1213508,21
VN2_1504170011,sea,8,1724545,29
VN2_1503486817,sea,8,1755316,30
VN2_1506303154,sea,9,1536368,26
VN2_1502559992,sea,3,1255858,21
KR_8306342117,asia,8,589164,10
VN2_1504675490,sea,2,1021778,18
NA1_5603760318,americas,8,1491648,25
NA1_5603760318,americas,3,1808709,31
NA1_5603372329,americas,8,1439068,24
VN2_1506805469,sea,2,1049283,18
EUW1_7923026073,europe,3,1371234,23
EUW1_7923026073,europe,8,1586353,27
KR_8292610955,asia,9,745366,13
VN2_1505013379,sea,3,994003,17
VN2_1502520154,sea,2,644079,11
VN2_1502520154,sea,8,791303,14
VN2_1501871850,sea,7,1183485,20
VN2_1506501023,sea,3,2260109,38
VN2_1477665395,sea,8,1217810,21
NA1_5603733730,americas,8,787246,14
NA1_5603733730,americas,10,1482166,25
EUW1_7916765851,europe,1,1228377,21
VN2_1479978877,sea,2,565612,10
NA1_5605154846,americas,8,1032391,18
NA1_5605154846,americas,4,1331386,23
NA1_5602684741,americas,3,914611,16
NA1_5602684741,americas,9,1281703,22
NA1_5602684741,americas,8,1708199,29
NA1_5602820213,americas,3,732057,13
NA1_5602820213,americas,5,1720379,29
EUW1_7920322847,europe,3,1483050,25
VN2_1481411945,sea,6,862509,15
NA1_5601075814,americas,7,884067,15
KR_8302794070,asia,8,1167242,20
NA1_5604678436,americas,3,1061683,18
VN2_1504541928,sea,4,883937,15
VN2_1502743453,sea,8,1459866,25
VN2_1501596635,sea,8,957617,16
VN2_1506252353,sea,3,368621,7
VN2_1506252353,sea,3,1693357,29
KR_8303341968,asia,8,967913,17
NA1_5604079912,americas,3,865244,15
KR_8306449264,asia,3,1466602,25
VN2_1502457118,sea,3,885549,15
VN2_1493977147,sea,8,1560954,27
KR_8304901243,asia,2,1399392,24
VN2_1452602435,sea,8,934977,16
VN2_1500539293,sea,8,906851,16
NA1_5603570812,americas,3,1317883,22
NA1_5601586697,americas,5,816274,14
KR_8304845843,asia,3,1576061,27
EUW1_7922571032,europe,7,1186757,20
EUW1_7917353545,europe,8,1481661,25
KR_8305249841,asia,3,1351363,23
KR_8305249841,asia,2,1576452,27
VN2_1507092435,sea,8,1240658,21
VN2_1464362066,sea,7,1303558,22
VN2_1493250229,sea,3,1035193,18
VN2_1509279471,sea,2,611885,11
VN2_1509279471,sea,8,925237,16
NA1_5602955820,americas,2,989939,17
NA1_5602955820,americas,5,1207978,21
EUW1_7917230582,europe,3,1443820,25
VN2_1508852681,sea,3,1560386,26
VN2_1509122441,sea,2,1084203,19
NA1_5602229786,americas,8,1143594,20
KR_8302286276,asia,2,811389,14
NA1_5605102848,americas,7,1458019,25
EUW1_7922873835,europe,8,1243031,21
EUW1_7922873835,europe,2,1492909,25
EUW1_7923196439,europe,8,1662826,28
VN2_1494395208,sea,3,1259956,21
VN2_1502528559,sea,3,1816694,31
VN2_1497905166,sea,1,1155751,20
NA1_5604193118,americas,3,1498543,25
VN2_1505211138,sea,3,1342346,23
EUW1_7914724036,europe,2,1509879,26
EUW1_7920396436,europe,8,524474,9
NA1_5603609358,americas,8,848152,15
VN2_1505893793,sea,3,1337964,23
VN2_1501351098,sea,8,1351820,23
VN2_1507136951,sea,3,1766726,30
VN2_1502895976,sea,1,789088,14
NA1_5604761939,americas,2,1026351,18
NA1_5604761939,americas,5,1518742,26
VN2_1499038724,sea,3,1319404,22
VN2_1503171914,sea,2,849514,15
VN2_1503171914,sea,8,1508498,26
VN2_1506571264,sea,1,782716,14
KR_8305457080,asia,4,1442952,25
VN2_1491521373,sea,2,698731,12
VN2_1502520094,sea,3,989751,17
EUW1_7923127902,europe,8,1101930,19
EUW1_7923127902,europe,10,1126276,19
EUW1_7918238533,europe,8,738199,13
KR_8294363518,asia,9,1644863,28
VN2_1497200278,sea,9,1521239,26
VN2_1497200278,sea,3,1718261,29
VN2_1505734589,sea,3,880102,15
VN2_1509496178,sea,9,1142707,20
NA1_5604105850,americas,2,1781663,30
NA1_5604456036,americas,5,1573645,27
VN2_1498588898,sea,10,1274069,22
VN2_1496152696,sea,8,1534453,26
VN2_1506031444,sea,3,1624939,28
VN2_1507356321,sea,3,613618,11
VN2_1507356321,sea,3,957588,16
VN2_1500223278,sea,3,787452,14
NA1_5603931595,americas,1,1472757,25
VN2_1504697018,sea,3,1313798,22
VN2_1505625695,sea,4,1499349,25
NA1_5600197642,americas,5,1618294,27
VN2_1505865642,sea,6,1088759,19
VN2_1504667777,sea,2,1925903,33
VN2_1506974399,sea,3,1487383,25
EUW1_7905356978,europe,6,1682906,29
VN2_1506321727,sea,2,1339252,23
NA1_5603558888,americas,7,786015,14
NA1_5603078767,americas,2,1320654,23
VN2_1505399366,sea,3,878573,15
KR_8294142272,asia,8,914235,16
KR_8294142272,asia,7,1390154,24
VN2_1502171469,sea,3,736804,13
VN2_1504975594,sea,8,1635989,28
VN2_1507156835,sea,8,1264895,22
VN2_1507156835,sea,8,1541129,26
VN2_1506553100,sea,7,1801613,31
VN2_1504550494,sea,3,1297674,22
VN2_1497788171,sea,7,694475,12
VN2_1503457219,sea,3,769873,13
NA1_5593462754,americas,3,1223529,21
EUW1_7917512334,europe,9,1263156,22
NA1_5604627120,americas,3,855226,15
VN2_1502566710,sea,4,618257,11
VN2_1506873828,sea,4,1931003,33
VN2_1506873828,sea,4,1964823,33
NA1_5604005407,americas,9,798093,14
NA1_5603502109,americas,8,1033858,18
KR_8303629453,asia,3,1208442,21
KR_8303629453,asia,1,1244990,21
VN2_1470534066,sea,2,1511647,26
EUW1_7922125826,europe,7,693186,12
KR_8304051565,asia,3,757344,13
VN2_1507204891,sea,3,625293,11
VN2_1507204891,sea,3,702753,12
VN2_1503560178,sea,7,1631627,28
VN2_1496788849,sea,2,1221361,21
VN2_1502839004,sea,8,871739,15
NA1_5604231815,americas,4,818700,14
EUW1_7918252299,europe,9,1177893,20
NA1_5602687583,americas,9,1335695,23
VN2_1508465561,sea,8,694430,12
VN2_1490812348,sea,3,2273111,38
VN2_1509131034,sea,9,710379,12
NA1_5600548368,americas,7,999354,17
NA1_5600548368,americas,3,1132456,19
EUW1_7921144156,europe,9,692890,12
KR_8301740790,asia,5,1157709,20
KR_8301740790,asia,1,1412063,24
VN2_1505909531,sea,2,1565779,27
EUW1_7922159853,europe,6,793488,14
VN2_1508121950,sea,8,912725,16
VN2_1498969084,sea,9,789344,14
VN2_1498969084,sea,10,1141764,20
KR_8291206430,asia,3,1327587,23
EUW1_7922465177,europe,4,1198112,20
VN2_1490141632,sea,9,2027026,34
KR_8303485065,asia,1,847135,15
VN2_1504770877,sea,2,1480482,25
VN2_1506861054,sea,8,1352533,23
VN2_1504668216,sea,8,971282,17
VN2_1506400239,sea,7,1549685,26
VN2_1506894260,sea,9,1644868,28
VN2_1506322121,sea,3,767208,13
VN2_1488088507,sea,7,1240324,21
VN2_1488088507,sea,8,1379360,23
VN2_1474052731,sea,8,1141551,20
VN2_1507821945,sea,3,1172617,20
NA1_5604556881,americas,5,1315900,22
NA1_5604556881,americas,3,1375119,23
EUW1_7907174387,europe,8,1403541,24
EUW1_7917444769,europe,8,840937,15
EUW1_7917444769,europe,3,1291245,22
NA1_5604548224,americas,8,702029,12
KR_8299245238,asia,2,818383,14
KR_8299245238,asia,9,886433,15
VN2_1461287603,sea,8,1049575,18
VN2_1461287603,sea,7,1583528,27
VN2_1492906109,sea,8,1121454,19
EUW1_7922230082,europe,3,1625327,28
EUW1_7921907747,europe,6,829941,14
VN2_1501043098,sea,2,696830,12
VN2_1501043098,sea,9,1882377,32
VN2_1504894854,sea,3,1474545,25
NA1_5604811482,americas,3,1086754,19
VN2_1492225697,sea,6,846472,15
NA1_5598264791,americas,3,423425,8
NA1_5603397060,americas,2,1181587,20
VN2_1502641910,sea,2,1072593,18
VN2_1502627574,sea,3,1237022,21
VN2_1431492337,sea,8,1157895,20
VN2_1503895740,sea,7,1052960,18
VN2_1503895740,sea,8,1577752,27
VN2_1507433364,sea,7,1091558,19
NA1_5603954350,americas,8,886808,15
VN2_1504698135,sea,7,861656,15
VN2_1482416709,sea,4,730953,13
KR_8303848796,asia,9,884271,15
VN2_1503656088,sea,10,722800,13
VN2_1503656088,sea,2,1695714,29
VN2_1499279711,sea,2,1268229,22
VN2_1498657278,sea,8,708422,12
VN2_1502181245,sea,3,1053696,18
VN2_1504067727,sea,4,948392,16
VN2_1504067727,sea,3,1360764,23
VN2_1504067727,sea,8,1639106,28
VN2_1504563749,sea,3,1266477,22
VN2_1504563749,sea,4,1480642,25
VN2_1503678738,sea,3,1558758,26
VN2_1503214964,sea,8,1926564,33
VN2_1506362750,sea,3,1767214,30
NA1_5597308375,americas,1,832110,14
KR_8306285605,asia,3,1422106,24
VN2_1500119384,sea,3,1349873,23
VN2_1504740889,sea,8,685755,12
EUW1_7923254158,europe,4,815789,14
VN2_1505501477,sea,3,918538,16
KR_8294845560,asia,2,987278,17
KR_8294845560,asia,8,1567574,27
KR_8306529028,asia,4,1087128,19
VN2_1505320656,sea,8,878746,15
VN2_1505320656,sea,10,1129852,19
VN2_1505378264,sea,2,812730,14
NA1_5599116698,americas,7,968547,17
VN2_1503518493,sea,8,1542601,26
NA1_5605186664,americas,6,981400,17
VN2_1503904516,sea,4,1625166,28
KR_8303705215,asia,5,1714635,29
EUW1_7921442987,europe,8,1740953,30
EUW1_7920334728,europe,8,1533364,26
VN2_1488386184,sea,8,849070,15
NA1_5605175113,americas,7,1194766,20
KR_8306399064,asia,2,1203001,21
KR_8306399064,asia,4,1517220,26
VN2_1504548546,sea,10,985928,17
VN2_1500112198,sea,2,1615773,27
VN2_1505151747,sea,3,1129489,19
VN2_1509210574,sea,3,1253164,21
VN2_1509210574,sea,2,1269238,22
VN2_1491454609,sea,8,1367243,23
EUW1_7922229641,europe,8,856428,15
VN2_1477049050,sea,3,1253691,21
NA1_5604786788,americas,3,1865742,32
EUW1_7921506112,europe,6,912256,16
VN2_1483798211,sea,3,1122822,19
VN2_1483798211,sea,3,1134519,19
KR_8305756621,asia,4,945004,16
KR_8305756621,asia,9,1291155,22
EUW1_7915898291,europe,7,785364,14
VN2_1496680279,sea,2,1518823,26
VN2_1507405841,sea,3,1701682,29
EUW1_7921015763,europe,2,1341939,23
KR_8305048817,asia,7,429644,8
VN2_1504529604,sea,3,1679380,28
KR_8302899714,asia,7,1300275,22
VN2_1505857875,sea,8,1097165,19
VN2_1497332242,sea,1,1697491,29
VN2_1506490528,sea,3,728281,13
KR_8302425192,asia,3,1064793,18
NA1_5602732523,americas,3,1464955,25
NA1_5602732523,americas,8,2044583,35
VN2_1504147923,sea,3,820614,14
KR_8280290225,asia,2,1470370,25
NA1_5600982629,americas,7,1101023,19
VN2_1507346117,sea,8,1326240,23
KR_8305612360,asia,4,748861,13
KR_8305612360,asia,8,1707487,29
NA1_5604135812,americas,7,337988,6
VN2_1501843268,sea,8,1592255,27
VN2_1501843268,sea,8,1949379,33
EUW1_7921306599,europe,2,1721051,29
EUW1_7918077168,europe,3,1304352,22
EUW1_7918077168,europe,5,1417236,24
EUW1_7920031672,europe,3,795102,14
VN2_1504205698,sea,5,2004253,34
VN2_1504136403,sea,3,1195269,20
KR_8306272286,asia,9,1234837,21
KR_8305018610,asia,4,884337,15
NA1_5602734891,americas,7,1285362,22
KR_8302634236,asia,3,720628,13
KR_8303590626,asia,3,1263255,22
VN2_1507767182,sea,3,1538200,26
KR_8303358652,asia,3,960709,17
EUW1_7921794426,europe,8,1293104,22
VN2_1506922183,sea,3,960070,16
VN2_1490817141,sea,2,1201986,21
VN2_1497335629,sea,3,1357797,23
KR_8277326081,asia,3,1820553,31
VN2_1497131450,sea,1,1233334,21
NA1_5602782019,americas,4,737619,13
VN2_1505397301,sea,8,744511,13
KR_8306204925,asia,3,1253473,21
VN2_1507390597,sea,3,1463922,25
EUW1_7917913267,europe,4,1499802,25
NA1_5601832576,americas,5,1035875,18
VN2_1505580589,sea,8,1151414,20
VN2_1505723528,sea,9,787179,14
VN2_1504190134,sea,7,828982,14
NA1_5604042037,americas,7,1721331,29
VN2_1501708384,sea,5,571332,10
VN2_1501708384,sea,9,1445468,25
VN2_1508084120,sea,8,1577659,27
VN2_1505265314,sea,3,1338067,23
VN2_1487179544,sea,8,1138270,19
EUW1_7917462412,europe,5,1199222,20
EUW1_7917462412,europe,3,1570591,27
NA1_5602732876,americas,6,1130111,19
VN2_1481890029,sea,8,1495573,25
VN2_1502623084,sea,8,741091,13
EUW1_7921196434,europe,9,1991401,34
NA1_5603730234,americas,8,912098,16
NA1_5603730234,americas,9,1202138,21
NA1_5598808124,americas,8,1234843,21
NA1_5604902535,americas,10,1372772,23
VN2_1503342040,sea,7,1148163,20
VN2_1495090729,sea,8,1062986,18
VN2_1503973252,sea,2,1045521,18
VN2_1507873305,sea,3,775012,13
NA1_5600172501,americas,4,1857561,31
VN2_1493510649,sea,3,607755,11
NA1_5602465704,americas,8,1305827,22
NA1_5603411153,americas,2,557273,10
KR_8303244788,asia,2,629772,11
EUW1_7921187719,europe,3,769937,13
NA1_5604831387,americas,8,929265,16
EUW1_7910497563,europe,2,904972,16
EUW1_7910497563,europe,2,907110,16
EUW1_7910497563,europe,4,1751040,30
EUW1_7921008686,europe,4,1578005,27
EUW1_7919096419,europe,8,1145758,20
VN2_1502524148,sea,8,973678,17
VN2_1490406268,sea,3,870914,15
NA1_5600549125,americas,3,1576430,27
EUW1_7923027500,europe,3,945505,16
VN2_1508951722,sea,8,1364488,23
VN2_1500435644,sea,2,1158713,20
EUW1_7922341126,europe,9,1575594,27
NA1_5604010150,americas,2,762712,13
VN2_1504653543,sea,3,788593,14
VN2_1495616846,sea,2,874733,15
NA1_5601610151,americas,1,1794528,30
NA1_5604827231,americas,8,1409514,24
NA1_5604827231,americas,10,1936392,33
VN2_1505285327,sea,8,796344,14
VN2_1505285327,sea,3,1680590,29
VN2_1506294075,sea,4,1127458,19
VN2_1494967894,sea,3,1123179,19
KR_8303687356,asia,8,809415,14
KR_8303687356,asia,9,2033059,34
VN2_1506852451,sea,7,908205,16
VN2_1506852451,sea,10,1055279,18
NA1_5602900214,americas,3,1006916,17
NA1_5602900214,americas,9,1501470,26
KR_8304939138,asia,3,577766,10
VN2_1494847345,sea,2,984991,17
VN2_1507002147,sea,4,1284908,22
EUW1_7917279882,europe,4,987680,17
NA1_5604067254,americas,10,1781879,30
VN2_1505626124,sea,3,1302514,22
VN2_1502478951,sea,8,1209601,21
KR_8296279915,asia,2,1264942,22
KR_8296279915,asia,3,1720987,29
KR_8296279915,asia,6,1978432,33
VN2_1502554532,sea,3,1032901,18
EUW1_7917972159,europe,5,1729806,29
NA1_5601502041,americas,3,1793075,30
KR_8303585674,asia,8,1148871,20
KR_8303585674,asia,7,1179796,20
NA1_5604366022,americas,3,1644709,28
KR_8296038366,asia,3,1769669,30
NA1_5593605605,americas,7,853130,15
NA1_5593605605,americas,8,1206341,21
EUW1_7921660153,europe,8,835282,14
EUW1_7921660153,europe,9,1272920,22
VN2_1503418343,sea,8,733850,13
VN2_1495268068,sea,3,965551,17
VN2_1478303345,sea,3,1681158,29
VN2_1507602313,sea,1,1459082,25
VN2_1497453664,sea,8,875238,15
VN2_1481860907,sea,3,809154,14
VN2_1503813250,sea,8,1768405,30
VN2_1507584198,sea,3,690577,12
VN2_1506613408,sea,7,1280769,22
EUW1_7921365800,europe,9,825096,14
VN2_1498345716,sea,8,1217047,21
VN2_1470095342,sea,3,1015115,17
VN2_1498968430,sea,3,882905,15
EUW1_7915052392,europe,3,758923,13
EUW1_7915052392,europe,1,1221489,21
VN2_1502696353,sea,7,1222353,21
VN2_1490124176,sea,7,1553300,26
VN2_1508180471,sea,8,1279422,22
VN2_1503784979,sea,9,1054630,18
NA1_5601089512,americas,8,1565862,27
VN2_1503538651,sea,2,781254,14
EUW1_7916803389,europe,2,1376086,23
VN2_1506667499,sea,3,1117500,19
VN2_1506744982,sea,8,833464,14
VN2_1493112994,sea,4,679031,12
EUW1_7922449990,europe,5,1638552,28
EUW1_7922449990,europe,9,2020482,34
VN2_1493805237,sea,3,1106405,19
EUW1_7915110313,europe,3,830666,14
VN2_1507277863,sea,7,1518455,26
VN2_1507277863,sea,7,1851499,31
VN2_1498268905,sea,7,845511,15
VN2_1503710492,sea,3,1267086,22
KR_8305176526,asia,3,1222758,21
KR_8305176526,asia,8,1701628,29
VN2_1496376512,sea,3,1208465,21
NA1_5603305167,americas,3,1984100,34
VN2_1507087626,sea,3,1230020,21
VN2_1508667264,sea,2,1167675,20
VN2_1507702620,sea,9,1203457,21
NA1_5604879229,americas,6,1235369,21
EUW1_7922736082,europe,8,1354456,23
VN2_1486785319,sea,1,1698875,29
KR_8306242343,asia,4,1408542,24
VN2_1507743577,sea,8,745386,13
EUW1_7922238583,europe,8,1216532,21
EUW1_7922238583,europe,9,1752014,30
NA1_5601027464,americas,3,902181,16
VN2_1500929518,sea,7,738738,13
KR_8300474471,asia,3,1148442,20
KR_8305177580,asia,3,1895140,32
KR_8305177580,asia,4,1945026,33
EUW1_7922070655,europe,4,1832505,31
EUW1_7905326617,europe,3,1179117,20
VN2_1507861675,sea,7,1672737,28
VN2_1507861675,sea,7,1676444,28
KR_8299869525,asia,2,1781133,30
VN2_1501562061,sea,9,1440718,25
VN2_1507390418,sea,3,994012,17
VN2_1505801022,sea,2,1269447,22
VN2_1494714483,sea,3,1540829,26
NA1_5602816549,americas,6,1176601,20
VN2_1506552123,sea,3,1070499,18
EUW1_7922175980,europe,2,894251,15
VN2_1502679731,sea,10,567877,10
VN2_1507979445,sea,3,2039165,34
EUW1_7917476024,europe,10,1088307,19
VN2_1502283113,sea,9,1849668,31
EUW1_7921333821,europe,7,839824,14
VN2_1498473007,sea,7,654536,11
VN2_1498473007,sea,8,805752,14
VN2_1505311997,sea,8,1660819,28
VN2_1495775714,sea,3,1248998,21
KR_8286246383,asia,8,985998,17
NA1_5600875398,americas,3,1284644,22
EUW1_7922549817,europe,6,1244933,21
VN2_1505674650,sea,3,1530699,26
VN2_1505568575,sea,8,1006953,17
VN2_1495404102,sea,4,1349661,23
VN2_1507178021,sea,2,1142023,20
VN2_1497225136,sea,8,850319,15
VN2_1497225136,sea,5,866536,15
KR_8306387325,asia,2,1138290,19
EUW1_7918066342,europe,9,473964,8
VN2_1500248693,sea,9,1249104,21
VN2_1484931104,sea,2,695150,12
NA1_5604067513,americas,3,789822,14
NA1_5604529598,americas,6,1337184,23
EUW1_7921249472,europe,2,904023,16
EUW1_7920110372,europe,8,1615434,27
VN2_1508857144,sea,1,1558066,26
NA1_5602245794,americas,10,1423722,24
EUW1_7919676917,europe,7,989721,17
VN2_1508806722,sea,3,1629449,28
EUW1_7919179535,europe,7,2052528,35
VN2_1506724413,sea,3,1628416,28
NA1_5602100131,americas,9,1465879,25
VN2_1507862966,sea,2,666095,12
EUW1_7915404984,europe,8,1006507,17
EUW1_7918176970,europe,9,1429792,24
VN2_1504487544,sea,5,1597325,27
EUW1_7918988033,europe,3,1074317,18
VN2_1506926812,sea,8,935061,16
VN2_1509188590,sea,1,1712191,29
VN2_1508768746,sea,8,1383936,24
NA1_5602575365,americas,8,983114,17
VN2_1500506779,sea,2,1738344,29
NA1_5601477925,americas,6,1265619,22
NA1_5601783375,americas,3,1046641,18
NA1_5603390243,americas,8,1534521,26
VN2_1494683674,sea,8,1058676,18
VN2_1334854422,sea,10,1479759,25
EUW1_7922175527,europe,7,893622,15
VN2_1509157147,sea,8,1139409,19
EUW1_7916378202,europe,9,815134,14
EUW1_7916378202,europe,1,1234771,21
NA1_5605034971,americas,2,681847,12
VN2_1506555317,sea,8,1922660,33
NA1_5604568355,americas,3,701450,12
VN2_1462084239,sea,8,1227798,21
NA1_5600347789,americas,1,1049158,18
EUW1_7920902741,europe,6,968726,17
EUW1_7920902741,europe,9,1161083,20
EUW1_7920902741,europe,7,1621690,28
EUW1_7920902741,europe,7,1698574,29
EUW1_7920902741,europe,2,1811231,31
VN2_1507319866,sea,4,940143,16
VN2_1505650799,sea,9,902511,16
NA1_5603300026,americas,5,1031683,18
VN2_1492094353,sea,3,1643286,28
VN2_1492094353,sea,3,1658967,28
VN2_1499654628,sea,3,1589570,27
VN2_1506863958,sea,6,858715,15
KR_8297530829,asia,8,1901450,32
EUW1_7916390578,europe,10,1348954,23
KR_8302235539,asia,8,1034117,18
KR_8300767398,asia,3,1511139,26
KR_8279755707,asia,8,1089030,19
EUW1_7916384827,europe,3,1285769,22
KR_8306010953,asia,7,685287,12
KR_8306010953,asia,3,1219742,21
VN2_1501763036,sea,3,1853528,31
VN2_1503862187,sea,8,1257955,21
VN2_1504859482,sea,7,1521962,26
VN2_1509220493,sea,2,814816,14
VN2_1493615226,sea,3,834914,14
KR_8278332540,asia,2,588185,10
KR_8306141845,asia,2,818674,14
EUW1_7922612338,europe,8,1259700,21
EUW1_7922612338,europe,3,1500679,26
VN2_1507109599,sea,5,689340,12
VN2_1507109599,sea,3,1101940,19
KR_8304182802,asia,9,1276523,22
VN2_1506069434,sea,3,1020885,18
VN2_1500894662,sea,3,901563,16
EUW1_7918174938,europe,8,1991006,34
VN2_1500725155,sea,8,1306993,22
VN2_1503745135,sea,5,657827,11
EUW1_7922834009,europe,8,1473351,25
VN2_1500868895,sea,2,1222792,21
VN2_1506573814,sea,2,1546604,26
KR_8303439676,asia,4,1379539,23
VN2_1507885735,sea,3,1175329,20
VN2_1501364442,sea,8,1065724,18
NA1_5602295161,americas,3,1701989,29
NA1_5604677804,americas,8,1624403,28
EUW1_7922733477,europe,8,834662,14
EUW1_7922733477,europe,3,1842465,31
NA1_5601427680,americas,8,1360290,23
VN2_1506951279,sea,9,1368412,23
VN2_1507986985,sea,7,1314409,22
KR_8305907265,asia,8,995904,17
VN2_1494738615,sea,4,728629,13
VN2_1502268364,sea,3,1645046,28
VN2_1500193018,sea,8,1368391,23
VN2_1500193018,sea,3,1559939,26
VN2_1500193018,sea,6,1570986,27
VN2_1505848376,sea,8,1487002,25
NA1_5600808242,americas,2,1074116,18
VN2_1501038743,sea,8,1104052,19
VN2_1508061461,sea,2,1024601,18
VN2_1489477527,sea,3,551418,10
VN2_1483767453,sea,3,1305943,22
KR_8306236808,asia,3,1299959,22
VN2_1502749879,sea,3,723658,13
VN2_1500983734,sea,3,1000184,17
VN2_1500983734,sea,8,1472869,25
VN2_1504534617,sea,8,1440034,24
VN2_1501300716,sea,5,1159435,20
VN2_1508246528,sea,3,1648941,28
NA1_5605205586,americas,3,966747,17
VN2_1497881044,sea,3,793127,14
EUW1_7920822869,europe,4,1602692,27
EUW1_7921881278,europe,8,1146203,20
VN2_1503620694,sea,2,1361994,23
EUW1_7915278279,europe,8,648237,11
VN2_1509028669,sea,1,1076586,18
KR_8306267682,asia,3,1581826,27
NA1_5602645433,americas,2,809876,14
KR_8303507961,asia,7,1956365,33
VN2_1503807452,sea,8,866420,15
VN2_1503807452,sea,10,1185377,20
KR_8300586857,asia,4,1220330,21
KR_8303263649,asia,9,1856561,31
NA1_5602561268,americas,5,1580856,27
VN2_1481764820,sea,3,916671,16
VN2_1503881019,sea,5,568929,10
VN2_1503881019,sea,2,1168619,20
EUW1_7916247233,europe,2,1133130,19
EUW1_7918151989,europe,9,1725971,29
VN2_1500061915,sea,3,1258705,21
VN2_1502256683,sea,4,1426099,24
VN2_1503893009,sea,8,1372349,23
NA1_5600394341,americas,6,1341935,23
EUW1_7921694106,europe,8,784786,14
KR_8302412842,asia,4,1156031,20
VN2_1507899626,sea,3,1046161,18
NA1_5603447296,americas,3,1169528,20
VN2_1501032330,sea,4,1538849,26
NA1_5603350730,americas,7,660561,12
NA1_5604703162,americas,3,2032765,34
VN2_1506783946,sea,8,644380,11
VN2_1507145235,sea,7,1547277,26
VN2_1507931503,sea,3,764460,13
VN2_1501744209,sea,8,1261830,22
KR_8292627909,asia,7,1007133,17
KR_8292627909,asia,3,1692775,29
KR_8292627909,asia,2,1905776,32
EUW1_7912476197,europe,2,1378986,23
NA1_5603503353,americas,2,873991,15
NA1_5603503353,americas,4,1031344,18
VN2_1507976614,sea,3,1220868,21
NA1_5604818259,americas,3,1556628,26
EUW1_7921720668,europe,3,1137768,19
EUW1_7922264543,europe,8,1314799,22
VN2_1503801273,sea,9,2009273,34
VN2_1501208814,sea,3,648030,11
VN2_1507501315,sea,2,1442316,25
NA1_5604305414,americas,2,1155505,20
NA1_5603739484,americas,9,1209267,21
KR_8305146771,asia,9,1154720,20
KR_8305173518,asia,3,978847,17
KR_8302047528,asia,9,1908317,32
VN2_1505024480,sea,8,1455274,25
VN2_1499041398,sea,3,987956,17
VN2_1499041398,sea,1,1569221,27
VN2_1508256309,sea,3,1326992,23
NA1_5600852944,americas,8,918397,16
NA1_5600852944,americas,6,2039135,34
EUW1_7920021266,europe,9,1546790,26
VN2_1504517244,sea,4,999709,17
KR_8305416332,asia,7,794796,14
VN2_1497788403,sea,8,1176154,20
VN2_1503834405,sea,6,981901,17
KR_8303661849,asia,2,936659,16
VN2_1508184793,sea,2,1611564,27
KR_8306251335,asia,2,462893,8
VN2_1506847283,sea,10,730806,13
VN2_1506847283,sea,1,1218826,21
VN2_1507213281,sea,1,990440,17
VN2_1503077548,sea,3,1554445,26
VN2_1504542429,sea,8,1149695,20
EUW1_7919827666,europe,3,864709,15
VN2_1505340430,sea,4,1510923,26
VN2_1500716391,sea,8,1246635,21
VN2_1508527053,sea,3,1451541,25
VN2_1502331113,sea,4,1673979,28
EUW1_7921556715,europe,4,1607594,27
EUW1_7921556715,europe,7,1757771,30
VN2_1496526101,sea,8,1436609,24
VN2_1484722623,sea,2,1063506,18
VN2_1507786979,sea,8,1324910,23
VN2_1506124532,sea,8,1476157,25
KR_8301949796,asia,9,972995,17
VN2_1495772027,sea,8,1265134,22
VN2_1504171975,sea,8,1084794,19
KR_8298048900,asia,8,1349337,23
VN2_1490813208,sea,1,806275,14
NA1_5604120239,americas,3,502247,9
NA1_5604120239,americas,5,603862,11
VN2_1508298227,sea,1,859827,15
NA1_5604209538,americas,8,1108146,19
VN2_1504620164,sea,4,503497,9
NA1_5598411078,americas,3,1368105,23
VN2_1504995335,sea,3,1102292,19
NA1_5604851855,americas,2,1552496,26
VN2_1507310851,sea,8,1448186,25
NA1_5597378111,americas,7,1432628,24
VN2_1492155694,sea,3,988278,17
VN2_1492097822,sea,6,834208,14
NA1_5603463619,americas,4,1040702,18
KR_8306153609,asia,3,929160,16
NA1_5602678120,americas,8,1105866,19
NA1_5604778617,americas,3,886376,15
NA1_5600923589,americas,3,1524490,26
VN2_1507393933,sea,8,738792,13
KR_8284022026,asia,8,966378,17
VN2_1485065519,sea,3,1316104,22
VN2_1506642202,sea,8,1127370,19
VN2_1504513247,sea,3,1190853,20
VN2_1503648150,sea,8,1066817,18
VN2_1504389561,sea,3,843479,15
VN2_1508731919,sea,3,652372,11
NA1_5603303778,americas,2,958038,16
EUW1_7918570481,europe,8,1046103,18
VN2_1495682077,sea,3,1535831,26
NA1_5605119085,americas,3,1339752,23
NA1_5604602349,americas,5,1812549,31
VN2_1504354670,sea,2,815033,14
VN2_1506497390,sea,9,1552904,26
VN2_1465961140,sea,8,1408190,24
VN2_1465961140,sea,8,1583716,27
VN2_1503686720,sea,8,1698125,29
NA1_5604576115,americas,5,1292441,22
VN2_1505571764,sea,8,1103988,19
VN2_1457522651,sea,8,1006825,17
NA1_5601957946,americas,5,1031395,18
NA1_5601957946,americas,2,1134732,19
VN2_1502632725,sea,3,1126594,19
VN2_1496970121,sea,8,1002197,17
EUW1_7918147137,europe,4,707567,12
EUW1_7918147137,europe,3,1027068,18
NA1_5601717842,americas,2,1117240,19
EUW1_7919828907,europe,3,1349289,23
VN2_1489388460,sea,8,1103801,19
VN2_1495882508,sea,8,910688,16
NA1_5602290283,americas,8,1615757,27
EUW1_7922193550,europe,9,1140001,19
VN2_1502962275,sea,8,1499168,25
NA1_5602095914,americas,2,1717136,29
EUW1_7921860024,europe,8,1748316,30
KR_8304415887,asia,2,1637419,28
KR_8301999395,asia,2,1683048,29
VN2_1507308460,sea,8,1101231,19
EUW1_7921051660,europe,9,1939832,33
NA1_5604206563,americas,3,1325249,23
EUW1_7915966547,europe,6,1275766,22
VN2_1506637171,sea,8,1680996,29
KR_8304342589,asia,8,787725,14
VN2_1506515393,sea,8,995138,17
VN2_1505864906,sea,2,775541,13
VN2_1493830204,sea,3,1256566,21
EUW1_7914782705,europe,3,714499,12
VN2_1498424926,sea,3,816809,14
VN2_1504932979,sea,7,800605,14
VN2_1504932979,sea,3,1275115,22
KR_8291039429,asia,3,1051415,18
VN2_1505098833,sea,4,897738,15
EUW1_7919917120,europe,8,727692,13
EUW1_7916817740,europe,3,679745,12
EUW1_7916817740,europe,2,1207503,21
VN2_1490205417,sea,8,1252882,21
VN2_1503711467,sea,1,711539,12
VN2_1506251169,sea,6,1712249,29
KR_8294502965,asia,2,1678877,28
VN2_1509307998,sea,7,1125122,19
VN2_1500087431,sea,8,1459804,25
VN2_1474478211,sea,8,1182476,20
KR_8297425511,asia,3,1153623,20
EUW1_7906353829,europe,2,1233450,21
KR_8303494134,asia,2,1407835,24
VN2_1507262476,sea,3,1210591,21
EUW1_7914652664,europe,5,1336560,23
VN2_1476595692,sea,3,821673,14
VN2_1497038375,sea,4,1264528,22
VN2_1329095321,sea,3,1428766,24
EUW1_7912445506,europe,7,1745107,30
VN2_1507644766,sea,2,774183,13
VN2_1505421294,sea,3,651259,11
VN2_1501818371,sea,2,845976,15
EUW1_7922391675,europe,3,1557339,26
VN2_1507418100,sea,3,1236628,21
VN2_1508918137,sea,3,1039948,18
KR_8305806600,asia,8,705315,12
KR_8300311863,asia,3,929760,16
VN2_1502972903,sea,3,1329979,23
NA1_5593608383,americas,8,1351809,23
NA1_5604147450,americas,9,1477162,25
VN2_1503143570,sea,8,1255491,21
NA1_5600157024,americas,3,1162806,20
VN2_1504777990,sea,3,1544701,26
VN2_1503512840,sea,8,502465,9
VN2_1502480858,sea,5,1335831,23
KR_8306523217,asia,2,2058773,35
VN2_1502788711,sea,8,934906,16
VN2_1507581728,sea,7,607521,11
VN2_1507581728,sea,8,1251372,21
EUW1_7922686905,europe,7,1261969,22
EUW1_7921805580,europe,2,550134,10
NA1_5601249027,americas,3,1303407,22
NA1_5604685754,americas,5,1807480,31
NA1_5601372086,americas,8,1798021,30
NA1_5599553788,americas,8,814143,14
VN2_1503964467,sea,8,1838531,31
VN2_1507607510,sea,3,973084,17
VN2_1474293283,sea,7,1068280,18
KR_8299090143,asia,1,887781,15
VN2_1494816374,sea,3,1416021,24
EUW1_7915079562,europe,3,1100582,19
EUW1_7921684107,europe,3,759374,13
VN2_1506684970,sea,2,1407358,24
KR_8303772899,asia,7,720694,13
KR_8303772899,asia,8,1954408,33
VN2_1500401088,sea,7,983841,17
KR_8305152059,asia,8,1012993,17
VN2_1492748735,sea,3,1484218,25
VN2_1507208428,sea,3,1594154,27
VN2_1497403156,sea,3,1198950,20
VN2_1501273525,sea,2,1197972,20
EUW1_7915717602,europe,6,1181324,20
EUW1_7921262956,europe,8,1416844,24
EUW1_7922560113,europe,3,1050909,18
KR_8302895356,asia,3,1292419,22
VN2_1493498352,sea,2,1240129,21
VN2_1506832029,sea,2,810225,14
EUW1_7922143995,europe,9,1270744,22
EUW1_7922143995,europe,4,1885999,32
VN2_1507988350,sea,8,1340051,23
VN2_1476239350,sea,8,1689283,29
VN2_1500108566,sea,2,1556941,26
KR_8305378205,asia,8,1102831,19
VN2_1495675264,sea,9,2044007,35
EUW1_7915587397,europe,9,1505847,26
NA1_5598821579,americas,6,1070365,18
NA1_5602535766,americas,3,856252,15
VN2_1505775382,sea,7,1499472,25
EUW1_7919722864,europe,3,1769444,30
EUW1_7921849592,europe,10,1077386,18
EUW1_7921849592,europe,7,1516726,26
KR_8304713422,asia,9,1610207,27
KR_8304332657,asia,2,1236778,21
EUW1_7920923594,europe,2,1081507,19
NA1_5604140563,americas,3,736063,13
NA1_5600203202,americas,9,863542,15
VN2_1493995559,sea,2,1139481,19
EUW1_7919867742,europe,8,1664838,28
EUW1_7919867742,europe,8,1668346,28
VN2_1503921373,sea,10,360910,7
VN2_1488615681,sea,8,1348527,23
VN2_1509454476,sea,8,644010,11
VN2_1494845779,sea,8,1855776,31
EUW1_7922212067,europe,4,596293,10
EUW1_7922212067,europe,8,1106303,19
EUW1_7922212067,europe,10,1420365,24
VN2_1499285606,sea,8,2093150,35
VN2_1460981523,sea,3,555477,10
VN2_1504041120,sea,2,1099952,19
NA1_5604785275,americas,9,1848218,31
NA1_5605073947,americas,5,1028705,18
NA1_5605073947,americas,4,1153920,20
NA1_5603964312,americas,8,1429336,24
NA1_5603964312,americas,7,1492140,25
VN2_1507840991,sea,8,878003,15
VN2_1504682638,sea,8,1162826,20
NA1_5603203374,americas,2,735948,13
VN2_1501343692,sea,3,1465173,25
EUW1_7919892139,europe,1,1647611,28
EUW1_7919892139,europe,4,1845264,31
VN2_1498486225,sea,7,1105185,19
VN2_1504316417,sea,1,767066,13
NA1_5599951688,americas,4,2000644,34
EUW1_7922242256,europe,3,1374621,23
VN2_1494795438,sea,2,1325007,23
VN2_1502781900,sea,8,1099732,19
VN2_1502781900,sea,3,1569123,27
NA1_5603984303,americas,3,1379766,23
NA1_5601665909,americas,4,561888,10
NA1_5597346460,americas,7,1248610,21
KR_8303066185,asia,8,1507100,26
NA1_5604446023,americas,8,818925,14
VN2_1503252011,sea,8,1243215,21
VN2_1497836292,sea,3,1052082,18
VN2_1509007271,sea,3,1162853,20
EUW1_7917486106,europe,2,596344,10
VN2_1492388504,sea,6,1283104,22
KR_8305984801,asia,7,1120242,19
VN2_1507203248,sea,3,1501889,26
VN2_1496499996,sea,2,1378242,23
VN2_1502306662,sea,3,906401,16
NA1_5602177935,americas,3,850576,15
VN2_1500443648,sea,8,1387210,24
VN2_1508276456,sea,9,1361872,23
NA1_5599684164,americas,2,1268600,22
VN2_1508159956,sea,4,657085,11
EUW1_7922930869,europe,3,1789049,30
KR_8304675878,asia,3,1405890,24
VN2_1477561989,sea,7,944883,16
VN2_1508044599,sea,8,1133075,19
VN2_1498535997,sea,9,1210182,21
VN2_1501176246,sea,7,791088,14
VN2_1506023971,sea,1,1109602,19
VN2_1506477353,sea,8,754943,13
VN2_1504586851,sea,8,1028119,18
VN2_1492533260,sea,4,1968499,33
KR_8304365956,asia,7,1634826,28
NA1_5603375019,americas,9,1284646,22
VN2_1497750106,sea,8,893580,15
VN2_1490355922,sea,8,1592183,27
VN2_1499086014,sea,8,1150280,20
VN2_1499086014,sea,3,1357646,23
EUW1_7922009381,europe,5,1050665,18
EUW1_7919289330,europe,7,882255,15
EUW1_7919289330,europe,10,1033514,18
EUW1_7918102674,europe,7,691439,12
VN2_1505305388,sea,2,1358467,23
KR_8306403029,asia,3,1836331,31
VN2_1507520934,sea,8,931917,16
NA1_5604621824,americas,8,914659,16
NA1_5604621824,americas,3,1284320,22
EUW1_7921517532,europe,8,1235150,21
EUW1_7921085129,europe,3,964873,17
EUW1_7922401932,europe,7,1681652,29
EUW1_7922401932,europe,8,1785804,30
VN2_1508402538,sea,8,622242,11
EUW1_7917005310,europe,3,1512418,26
VN2_1505092692,sea,6,1426242,24
VN2_1504448191,sea,8,1302619,22
VN2_1506721637,sea,8,1276430,22
VN2_1503006156,sea,8,1208216,21
VN2_1509436619,sea,8,1259975,21
EUW1_7920653780,europe,8,815121,14
VN2_1505448767,sea,3,1348714,23
VN2_1505448767,sea,7,1590579,27
VN2_1502713877,sea,8,1189253,20
VN2_1507805799,sea,3,1549568,26
VN2_1507805799,sea,8,2101713,36
KR_8240841247,asia,8,832117,14
VN2_1505685676,sea,8,2129581,36
VN2_1507250178,sea,5,1021834,18
EUW1_7922063613,europe,1,1074752,18
NA1_5603903760,americas,4,2410651,41
EUW1_7918391946,europe,1,1362094,23
VN2_1507905923,sea,2,1760758,30
NA1_5604764215,americas,3,886225,15
VN2_1505860528,sea,8,1449284,25
VN2_1496378971,sea,8,1213640,21
EUW1_7919736312,europe,8,1179706,20
NA1_5604151170,americas,8,1646852,28
VN2_1494843377,sea,3,1766710,30
VN2_1505548097,sea,2,1109844,19
NA1_5603337218,americas,3,896868,15
VN2_1491941461,sea,7,1424016,24
NA1_5604437669,americas,3,2059332,35
KR_8302332076,asia,4,1451404,25
EUW1_7915682269,europe,9,1520395,26
EUW1_7915682269,europe,8,1636071,28
VN2_1505096717,sea,3,676410,12
VN2_1498654628,sea,7,450249,8
VN2_1462216195,sea,10,722627,13
VN2_1501574168,sea,3,1553517,26
EUW1_7919110833,europe,9,1459121,25
EUW1_7919110833,europe,8,2120014,36
EUW1_7913601408,europe,9,1157665,20
VN2_1506618801,sea,8,1960921,33
KR_8278357811,asia,8,951186,16
VN2_1509069447,sea,6,1741906,30
VN2_1508990055,sea,3,705668,12
KR_8306124448,asia,9,1228120,21
KR_8306124448,asia,8,1248503,21
KR_8303432481,asia,3,980886,17
KR_8304143928,asia,8,1489741,25
VN2_1501447187,sea,8,1461700,25
VN2_1506377722,sea,3,1007640,17
EUW1_7920378809,europe,8,931421,16
NA1_5604167324,americas,6,1343890,23
NA1_5604167324,americas,1,1666288,28
VN2_1508968841,sea,3,1082928,19
KR_8303431821,asia,9,1200321,20
VN2_1503339330,sea,3,1449687,25
VN2_1498777581,sea,2,1386183,24
VN2_1502594210,sea,3,1732102,29
KR_8305215154,asia,9,744406,13
NA1_5604425538,americas,2,884460,15
EUW1_7918879272,europe,8,777554,13
VN2_1506687674,sea,7,1363708,23
EUW1_7917518490,europe,10,1103606,19
VN2_1506361952,sea,8,988621,17
VN2_1503694437,sea,4,1322152,23
VN2_1434166892,sea,7,1146844,20
EUW1_7922198727,europe,2,880021,15
VN2_1503684391,sea,9,1225168,21
EUW1_7917809757,europe,10,1140816,20
EUW1_7917809757,europe,7,1160251,20
VN2_1505009460,sea,8,1821007,31
VN2_1498282642,sea,4,850626,15
NA1_5597216106,americas,9,771172,13
KR_8303740907,asia,3,682047,12
KR_8303740907,asia,7,1444048,25
KR_8303740907,asia,4,1533311,26
VN2_1504038739,sea,8,1320255,22
VN2_1498816939,sea,8,625756,11
KR_8304407251,asia,9,1252136,21
KR_8304407251,asia,7,1410680,24
NA1_5597160619,americas,2,1136734,19
VN2_1495262276,sea,7,726984,13
VN2_1498498127,sea,2,805616,14
VN2_1500071010,sea,7,1165153,20
VN2_1500071010,sea,10,1281274,22
EUW1_7915483086,europe,5,1295649,22
VN2_1492633717,sea,7,750962,13
VN2_1508198048,sea,8,1148898,20
NA1_5604336216,americas,10,1276408,22
VN2_1508272338,sea,2,780796,14
VN2_1491101114,sea,1,808025,14
VN2_1505941440,sea,3,705339,12
VN2_1506571969,sea,8,1208820,21
EUW1_7915580450,europe,8,964634,17
VN2_1500852618,sea,3,1312873,22
VN2_1507092159,sea,2,1290424,22
VN2_1489243060,sea,8,1896250,32
NA1_5604531327,americas,8,1049110,18
NA1_5604717133,americas,8,1144135,20
VN2_1507076140,sea,2,844735,15
VN2_1505456023,sea,3,1101922,19
NA1_5602762320,americas,9,1332634,23
VN2_1506624428,sea,8,1153844,20
VN2_1508005349,sea,3,1952595,33
VN2_1461226851,sea,3,1088924,19
EUW1_7922247489,europe,8,1275368,22
VN2_1492008065,sea,3,1337048,23
KR_8303736799,asia,1,1569749,27
KR_8303736799,asia,1,1577342,27
KR_8303736799,asia,3,1848009,31
EUW1_7921482364,europe,7,1095195,19
NA1_5604907627,americas,2,855511,15
VN2_1508449494,sea,8,902854,16
VN2_1506315519,sea,2,958443,16
NA1_5605063705,americas,2,1101777,19
KR_8296059726,asia,9,559162,10
VN2_1506498414,sea,3,764740,13
KR_8297158785,asia,7,1617737,27
KR_8304407784,asia,3,931241,16
VN2_1503833998,sea,9,1742030,30
VN2_1505335004,sea,3,1509060,26
VN2_1506791302,sea,2,850095,15
VN2_1506100049,sea,3,1108798,19
VN2_1498650810,sea,8,568869,10
NA1_5600757553,americas,3,1532001,26
VN2_1501928739,sea,5,1072023,18
VN2_1498612318,sea,1,1656735,28
VN2_1509025252,sea,2,1208986,21
VN2_1507231135,sea,8,1079811,18
NA1_5598479626,americas,8,967663,17
VN2_1483767175,sea,3,857394,15
VN2_1500940926,sea,2,708482,12
VN2_1504184613,sea,8,1977182,33
KR_8302941784,asia,8,1279090,22
VN2_1490903360,sea,7,1411244,24
EUW1_7922997633,europe,4,1787842,30
EUW1_7922997633,europe,3,1909955,32
KR_8303547882,asia,8,1232019,21
VN2_1504271459,sea,3,1212968,21
VN2_1496795970,sea,4,1057423,18
EUW1_7923136490,europe,6,1937202,33
VN2_1502536004,sea,9,801843,14
VN2_1505697409,sea,4,948595,16
VN2_1504002957,sea,2,1172304,20
VN2_1506881901,sea,3,952507,16
VN2_1506881901,sea,2,1391943,24
KR_8306274832,asia,8,1279841,22
VN2_1503343096,sea,2,590410,10
VN2_1506700691,sea,8,1347595,23
VN2_1495768983,sea,3,1754139,30
VN2_1506027411,sea,3,869281,15
EUW1_7920936439,europe,4,774864,13
NA1_5604825822,americas,9,883897,15
VN2_1506830645,sea,3,1607932,27
KR_8290751633,asia,7,1709202,29
NA1_5597005829,americas,9,1741476,30
VN2_1498616193,sea,7,994980,17
EUW1_7922873301,europe,9,1370233,23
VN2_1497316413,sea,2,808376,14
VN2_1504068165,sea,3,1058429,18
VN2_1504068165,sea,7,1375862,23
VN2_1495042586,sea,8,1081722,19
KR_8291187082,asia,8,824988,14
VN2_1492054796,sea,8,1519954,26
VN2_1500375955,sea,3,818167,14
VN2_1508003638,sea,7,1056846,18
VN2_1490280108,sea,2,855361,15
NA1_5604771332,americas,6,894148,15
VN2_1506232076,sea,3,747244,13
VN2_1120712504,sea,2,1141074,20
VN2_1507234375,sea,2,1525083,26
VN2_1508008499,sea,7,889147,15
VN2_1504053908,sea,3,942302,16
NA1_5603454879,americas,8,709257,12
KR_8300248799,asia,6,896363,15
NA1_5602652396,americas,8,1550322,26
KR_8304435497,asia,7,658441,11
EUW1_7917862106,europe,5,1547184,26
KR_8304532699,asia,8,1233076,21
NA1_5604883975,americas,8,1461273,25
EUW1_7922553729,europe,7,1876154,32
VN2_1498454731,sea,3,1362984,23
KR_8303790002,asia,2,1464363,25
NA1_5604436788,americas,3,1666890,28
VN2_1507374449,sea,8,730293,13
KR_8303083734,asia,7,1070497,18
KR_8303083734,asia,3,1172047,20
NA1_5602094522,americas,6,1989547,34
VN2_1508105962,sea,2,655022,11
VN2_1499572826,sea,3,1166666,20
VN2_1493158769,sea,3,1448860,25
VN2_1509102171,sea,5,1620574,28
VN2_1506856370,sea,3,665842,12
KR_8300498488,asia,3,670995,12
VN2_1504271810,sea,3,815437,14
KR_8297679028,asia,8,1239857,21
VN2_1484470731,sea,7,850037,15
KR_8303618533,asia,8,1556788,26
KR_8305218019,asia,8,1371437,23
VN2_1474705982,sea,8,1062968,18
VN2_1474705982,sea,3,1596335,27
VN2_1474705982,sea,3,1622724,28
KR_8301872685,asia,4,1835934,31
VN2_1496618270,sea,3,1032361,18
VN2_1507583090,sea,3,1248970,21
KR_8304316382,asia,8,809883,14
VN2_1504600294,sea,8,761674,13
VN2_1507301260,sea,3,1619839,27
KR_8304996178,asia,8,785436,14
VN2_1501267084,sea,7,745348,13
VN2_1501107161,sea,10,578685,10
VN2_1501107161,sea,8,902218,16
VN2_1493517243,sea,8,855018,15
VN2_1508272652,sea,2,1304511,22
VN2_1499148093,sea,3,1771843,30
VN2_1507449932,sea,3,962758,17
VN2_1493036579,sea,7,475372,8
VN2_1493036579,sea,7,1832978,31
KR_8304236963,asia,3,1557991,26
VN2_1505361920,sea,3,1340322,23
EUW1_7915040016,europe,3,1103610,19
NA1_5602827707,americas,8,965029,17
NA1_5602827707,americas,8,970213,17
NA1_5602978519,americas,3,1082716,19
VN2_1493733616,sea,2,959056,16
VN2_1495882175,sea,3,690244,12
VN2_1495882175,sea,8,1143898,20
VN2_1503616341,sea,3,880931,15
VN2_1496661400,sea,2,1363680,23
VN2_1496661400,sea,2,1495683,25
VN2_1496661400,sea,2,1499523,25
VN2_1487546535,sea,2,398716,7
VN2_1491313009,sea,10,1196877,20
VN2_1501999522,sea,3,1314106,22
EUW1_7922853436,europe,8,614842,11
VN2_1502303412,sea,2,694911,12
KR_8302321590,asia,9,1457481,25
VN2_1502465255,sea,8,1219487,21
NA1_5604233814,americas,8,1165369,20
VN2_1500426951,sea,2,1318196,22
NA1_5602043386,americas,2,1302504,22
KR_8306257540,asia,8,1012951,17
KR_8305029173,asia,8,1781067,30
VN2_1508412208,sea,8,736992,13
KR_8302863358,asia,4,1168852,20
EUW1_7916247956,europe,6,650297,11
EUW1_7916247956,europe,6,755676,13
KR_8301390871,asia,8,1279614,22
KR_8301390871,asia,4,1923266,33
EUW1_7922223203,europe,8,913897,16
EUW1_7922149366,europe,1,1034483,18
NA1_5604075827,americas,1,792317,14
VN2_1504588025,sea,3,1271086,22
EUW1_7922044368,europe,7,790684,14
EUW1_7922044368,europe,5,1799056,30
VN2_1502175401,sea,3,1316103,22
VN2_1507388583,sea,8,1581490,27
EUW1_7921372600,europe,3,795044,14
VN2_1504653896,sea,9,1400839,24
EUW1_7916973423,europe,3,1005077,17
KR_8304661442,asia,7,1011966,17
VN2_1498065609,sea,3,1244576,21
VN2_1506201159,sea,3,891874,15
EUW1_7922722840,europe,5,1769737,30
EUW1_7922722840,europe,1,1834277,31
VN2_1490961461,sea,8,1494760,25
VN2_1502859844,sea,3,891551,15
NA1_5603528170,americas,10,1328158,23
NA1_5597874430,americas,3,1048743,18
VN2_1493429543,sea,3,920759,16
NA1_5603755487,americas,7,1388716,24
VN2_1501896390,sea,8,1225645,21
VN2_1507366426,sea,8,1113070,19
VN2_1484874438,sea,3,2026910,34
VN2_1499029122,sea,3,1583927,27
EUW1_7922028178,europe,3,1727784,29
VN2_1507740709,sea,3,2063121,35
VN2_1493223484,sea,1,1452561,25
VN2_1504539564,sea,7,993197,17
NA1_5600946606,americas,4,2033536,34
VN2_1506856531,sea,3,597086,10
VN2_1494564755,sea,8,1051832,18
VN2_1496991739,sea,2,1575917,27
VN2_1506447705,sea,2,1603395,27
VN2_1508324093,sea,3,1285095,22
VN2_1483728210,sea,8,528290,9
VN2_1507184520,sea,3,1749467,30
VN2_1505192924,sea,1,1350512,23
VN2_1509423230,sea,3,1342079,23
VN2_1506456547,sea,3,1252276,21
VN2_1506456547,sea,7,1856952,31
VN2_1504006090,sea,3,1533606,26
EUW1_7922284391,europe,3,1069783,18
EUW1_7923069244,europe,8,855724,15
VN2_1507834514,sea,7,636134,11
VN2_1505365898,sea,3,699624,12
VN2_1501340857,sea,2,1174227,20
VN2_1501340857,sea,5,1696411,29
EUW1_7916198941,europe,8,848111,15
VN2_1505197733,sea,2,1131430,19
VN2_1506335792,sea,9,741545,13
KR_8301882533,asia,4,1081378,19
VN2_1493843469,sea,3,1485213,25
VN2_1493843469,sea,7,1696368,29
VN2_1486983509,sea,2,1339037,23
VN2_1506241934,sea,3,1769870,30
VN2_1507520238,sea,9,1520814,26
VN2_1505512357,sea,8,793659,14
VN2_1471057811,sea,7,1261811,22
EUW1_7920023213,europe,7,690497,12
NA1_5603309443,americas,3,1294149,22
EUW1_7922463899,europe,8,907149,16
VN2_1505356649,sea,3,929163,16
NA1_5603823354,americas,10,874928,15
KR_8305117192,asia,4,1309611,22
VN2_1500155141,sea,8,1200131,20
VN2_1504219246,sea,8,1079069,18
VN2_1502368533,sea,3,723769,13
VN2_1496674217,sea,8,758070,13
VN2_1504600640,sea,8,2051634,35
KR_8305433445,asia,9,1297807,22
KR_8303710031,asia,8,913678,16
EUW1_7921533890,europe,8,803844,14
EUW1_7921533890,europe,10,1676190,28
VN2_1507724608,sea,7,1143207,20
NA1_5604108971,americas,8,1443417,25
VN2_1504092467,sea,3,1232977,21
EUW1_7918363393,europe,1,919421,16
VN2_1509136760,sea,2,1169507,20
VN2_1506718391,sea,3,1102903,19
KR_8304578241,asia,4,1202298,21
EUW1_7915284653,europe,3,1487006,25
EUW1_7917981229,europe,1,1095583,19
EUW1_7917981229,europe,1,1312542,22
NA1_5604707466,americas,3,625718,11
EUW1_7922378004,europe,2,844812,15
VN2_1506969954,sea,6,922773,16
VN2_1506710441,sea,6,1006199,17
VN2_1505178811,sea,8,1282090,22
EUW1_7916549501,europe,3,1183303,20
EUW1_7917109826,europe,3,1136232,19
VN2_1485021822,sea,3,777630,13
VN2_1485021822,sea,8,1241643,21
VN2_1499744189,sea,8,1019022,17
KR_8306082637,asia,2,1469008,25
VN2_1507232520,sea,2,871862,15
EUW1_7923051885,europe,3,1205158,21
VN2_1493567163,sea,3,1539777,26
VN2_1502788835,sea,8,1195765,20
VN2_1508602390,sea,3,1199541,20
VN2_1506669145,sea,8,1331242,23
VN2_1500537942,sea,9,1318374,22
NA1_5604564112,americas,10,1838492,31
VN2_1506589504,sea,8,1279195,22
VN2_1504134620,sea,3,789423,14
KR_8305709607,asia,2,674872,12
NA1_5602414264,americas,2,1296033,22
VN2_1497610180,sea,5,1694307,29
EUW1_7922302926,europe,8,1698253,29
NA1_5603969905,americas,8,1564449,27
VN2_1482215141,sea,7,939228,16
VN2_1508178841,sea,2,1166373,20
VN2_1508123685,sea,8,1794699,30
VN2_1499892637,sea,2,1188690,20
NA1_5604233527,americas,3,1634429,28
VN2_1493213148,sea,3,1332309,23
KR_8305083273,asia,8,1286337,22
KR_8305083273,asia,9,1311416,22
NA1_5602711345,americas,7,376479,7
NA1_5602685457,americas,8,888387,15
VN2_1508776355,sea,8,1326020,23
NA1_5603262651,americas,3,1209321,21
VN2_1505472197,sea,8,1327678,23
NA1_5605156795,americas,1,812859,14
NA1_5605156795,americas,8,1687636,29
EUW1_7921622442,europe,4,2296239,39
KR_8235342399,asia,7,1224201,21
VN2_1489939657,sea,3,930339,16
VN2_1503017593,sea,8,934398,16
VN2_1506696286,sea,9,1134610,19
VN2_1506073174,sea,10,915081,16
VN2_1507054008,sea,8,1942898,33
VN2_1499525833,sea,3,822684,14
VN2_1509132513,sea,8,703030,12
NA1_5602565790,americas,1,1154880,20
VN2_1495578583,sea,7,734194,13
VN2_1495578583,sea,1,1297126,22
EUW1_7920039516,europe,7,1710308,29
EUW1_7920039516,europe,6,1955894,33
VN2_1498586529,sea,3,1295033,22
VN2_1508902893,sea,8,1672604,28
EUW1_7919909579,europe,3,1479208,25
VN2_1507102537,sea,8,1544597,26
VN2_1508064980,sea,5,1096792,19
EUW1_7922558575,europe,3,1557453,26
VN2_1507799128,sea,2,961742,17
VN2_1503205856,sea,2,1032089,18
VN2_1504990335,sea,2,1304288,22
VN2_1504990335,sea,8,1868999,32
VN2_1506971530,sea,8,1771696,30
KR_8294496674,asia,3,1064321,18
EUW1_7918109320,europe,8,1408620,24
KR_8306366003,asia,3,1165217,20
VN2_1504460511,sea,5,822547,14
VN2_1500542580,sea,10,1470480,25
EUW1_7922059610,europe,8,854399,15
VN2_1504483024,sea,8,1091959,19
NA1_5603404004,americas,8,1328511,23
EUW1_7916395280,europe,8,1063324,18
VN2_1508690083,sea,3,854091,15
VN2_1508690083,sea,2,869191,15
KR_8292644710,asia,3,1059822,18
KR_8304574632,asia,9,881006,15
KR_8304657785,asia,3,1498682,25
NA1_5600774642,americas,5,1518619,26
KR_8303047987,asia,8,1627753,28
VN2_1506860556,sea,2,693056,12
VN2_1509464132,sea,4,1568196,27
EUW1_7921915730,europe,9,1286207,22
EUW1_7921915730,europe,2,1425808,24
VN2_1508093302,sea,8,677651,12
VN2_1504343081,sea,8,1981018,34
VN2_1481619102,sea,8,1180290,20
VN2_1481619102,sea,9,1261968,22
VN2_1479194952,sea,3,780827,14
VN2_1494046895,sea,2,847720,15
KR_8304966012,asia,3,909810,16
VN2_1507857549,sea,3,1692553,29
VN2_1487227897,sea,2,1347157,23
EUW1_7919048494,europe,6,1281303,22
EUW1_7922686617,europe,2,1524006,26
VN2_1507045506,sea,7,1451953,25
VN2_1504016272,sea,1,1629769,28
VN2_1498486503,sea,8,1133474,19
VN2_1496028047,sea,8,1476038,25
KR_8304382528,asia,8,852456,15
EUW1_7918417624,europe,5,789280,14
NA1_5594592060,americas,8,1387166,24
NA1_5602669740,americas,1,1940386,33
NA1_5604624399,americas,3,751600,13
NA1_5602764655,americas,7,1377791,23
VN2_1509403885,sea,2,813398,14
NA1_5602002961,americas,3,766832,13
NA1_5602624630,americas,7,1943392,33
VN2_1498644428,sea,8,1435960,24
VN2_1504409247,sea,8,955685,16
NA1_5601451178,americas,3,1184336,20
NA1_5604194193,americas,8,1202477,21
